model_display,dataset,performance_group,rank_within_group,sample_name,spot_recognition_mean,dice_mean,iou_mean,rmse_mean
multi-output BCE/MSE Loss,Al,best 10,1,sample_018877,0.9862655401229858,0.99756121635437,0.9951344728469848,0.023665377870202
multi-output BCE/MSE Loss,Al,best 10,2,sample_019399,0.9862579107284546,0.996468424797058,0.99297297000885,0.0180840902030468
multi-output BCE/MSE Loss,Al,best 10,3,sample_018971,0.9849109649658204,0.998198390007019,0.9964033365249634,0.0200646854937076
multi-output BCE/MSE Loss,Al,best 10,4,sample_023573,0.98458331823349,0.9942592978477478,0.988606572151184,0.0151860816404223
multi-output BCE/MSE Loss,Al,best 10,5,sample_023009,0.9831509590148926,0.9934926629066468,0.9870885610580444,0.0205778107047081
multi-output BCE/MSE Loss,Al,best 10,6,sample_025990,0.9822500944137572,0.9968267679214478,0.9936752319335938,0.0297868475317955
multi-output BCE/MSE Loss,Al,best 10,7,sample_025237,0.9821705222129822,0.9961189031600952,0.9922677874565125,0.0202019847929477
multi-output BCE/MSE Loss,Al,best 10,8,sample_023199,0.9800782203674316,0.9924465417861938,0.9850445985794068,0.0251794029027223
multi-output BCE/MSE Loss,Al,best 10,9,sample_024743,0.9799702763557434,0.9977364540100098,0.9954841136932372,0.0225165747106075
multi-output BCE/MSE Loss,Al,best 10,10,sample_024693,0.97950541973114,0.9981200695037842,0.9962473511695862,0.0235765092074871
multi-output BCE/MSE Loss,Al,worst 10,1,sample_023920,0.4281611144542694,0.4042764008045196,0.2668357193470001,0.0265213716775178
multi-output BCE/MSE Loss,Al,worst 10,2,sample_020979,0.4667021632194519,0.5854794979095459,0.4698582291603088,0.3148780167102813
multi-output BCE/MSE Loss,Al,worst 10,3,sample_024794,0.4734979271888733,0.492252379655838,0.4847412109375,0.0614121481776237
multi-output BCE/MSE Loss,Al,worst 10,4,sample_019559,0.4956755638122558,0.4991382360458374,0.4982794523239136,0.0308987665921449
multi-output BCE/MSE Loss,Al,worst 10,5,sample_018518,0.5068908929824829,0.548850417137146,0.4153955280780792,0.2609342634677887
multi-output BCE/MSE Loss,Al,worst 10,6,sample_018297,0.5172855854034424,0.4995322823524475,0.4990654289722442,0.0855862572789192
multi-output BCE/MSE Loss,Al,worst 10,7,sample_021666,0.5201307535171509,0.5230754613876343,0.4099292457103729,0.2656931579113006
multi-output BCE/MSE Loss,Al,worst 10,8,sample_025056,0.5270155668258667,0.5113242864608765,0.3517308533191681,0.1617863625288009
multi-output BCE/MSE Loss,Al,worst 10,9,sample_021466,0.5290866494178772,0.5440342426300049,0.373742938041687,0.2250779569149017
multi-output BCE/MSE Loss,Al,worst 10,10,sample_023303,0.5395220518112183,0.5142049193382263,0.4394811391830444,0.1543616950511932
multi-output BCE/MSE Loss,Al_big_grains,best 10,1,sample_007139,0.9811785221099854,0.9944760203361512,0.9890196323394777,0.0156659092754125
multi-output BCE/MSE Loss,Al_big_grains,best 10,2,sample_000600,0.9795550107955932,0.9925557374954224,0.9852227568626404,0.0254155285656452
multi-output BCE/MSE Loss,Al_big_grains,best 10,3,sample_000082,0.9784269332885742,0.992113709449768,0.9843573570251464,0.0196265839040279
multi-output BCE/MSE Loss,Al_big_grains,best 10,4,sample_001694,0.9769824147224426,0.9933353662490844,0.9867636561393738,0.0250418353825807
multi-output BCE/MSE Loss,Al_big_grains,best 10,5,sample_003374,0.9763095378875732,0.9919175505638124,0.9839736223220824,0.0201538056135177
multi-output BCE/MSE Loss,Al_big_grains,best 10,6,sample_003239,0.9754632711410522,0.9889601469039916,0.978164553642273,0.0154232289642095
multi-output BCE/MSE Loss,Al_big_grains,best 10,7,sample_002706,0.9742701649665833,0.9899855256080629,0.980181097984314,0.0236830227077007
multi-output BCE/MSE Loss,Al_big_grains,best 10,8,sample_006131,0.9727056622505188,0.9903606176376344,0.9809218645095824,0.024746473878622
multi-output BCE/MSE Loss,Al_big_grains,best 10,9,sample_000673,0.9713728427886964,0.9850994348526,0.9708907604217528,0.0167156141251325
multi-output BCE/MSE Loss,Al_big_grains,best 10,10,sample_003532,0.9699587821960448,0.991670548915863,0.9835244417190552,0.030440179631114
multi-output BCE/MSE Loss,Al_big_grains,worst 10,1,sample_003554,0.4137881100177765,0.539176881313324,0.3881622552871704,0.1191328018903732
multi-output BCE/MSE Loss,Al_big_grains,worst 10,2,sample_003453,0.4175404906272888,0.461831122636795,0.3401398360729217,0.1501576155424118
multi-output BCE/MSE Loss,Al_big_grains,worst 10,3,sample_001231,0.4266987442970276,0.5104422569274902,0.3838172554969787,0.2331407219171524
multi-output BCE/MSE Loss,Al_big_grains,worst 10,4,sample_003811,0.4504865109920501,0.5034242868423462,0.3638067841529846,0.0942675098776817
multi-output BCE/MSE Loss,Al_big_grains,worst 10,5,sample_007934,0.4602550268173218,0.4704499542713165,0.4441978335380554,0.0556542500853538
multi-output BCE/MSE Loss,Al_big_grains,worst 10,6,sample_002461,0.4636809229850769,0.598763108253479,0.4409271478652954,0.3007072806358337
multi-output BCE/MSE Loss,Al_big_grains,worst 10,7,sample_005415,0.4697601199150085,0.4412645101547241,0.3909409940242767,0.0496797859668731
multi-output BCE/MSE Loss,Al_big_grains,worst 10,8,sample_006323,0.4902573823928833,0.4935856461524963,0.3419764637947082,0.1859698891639709
multi-output BCE/MSE Loss,Al_big_grains,worst 10,9,sample_004284,0.4961385130882263,0.4909197390079498,0.4821633994579315,0.0504592470824718
multi-output BCE/MSE Loss,Al_big_grains,worst 10,10,sample_008764,0.5011215209960938,0.4906321167945862,0.4816088378429413,0.016066126525402
multi-output BCE/MSE Loss,Al_deformed_LoG,best 10,1,sample_011525,0.9527513384819032,0.9862003326416016,0.9729328155517578,0.0213513765484094
multi-output BCE/MSE Loss,Al_deformed_LoG,best 10,2,sample_014617,0.9520313739776612,0.9839380979537964,0.9685845375061036,0.020670935511589
multi-output BCE/MSE Loss,Al_deformed_LoG,best 10,3,sample_014311,0.9440738558769226,0.9789878129959106,0.9592368602752686,0.0320011153817176
multi-output BCE/MSE Loss,Al_deformed_LoG,best 10,4,sample_017475,0.9414777159690856,0.991471230983734,0.9831233024597168,0.0623518750071525
multi-output BCE/MSE Loss,Al_deformed_LoG,best 10,5,sample_013481,0.938735008239746,0.977291226387024,0.9562155604362488,0.0396742634475231
multi-output BCE/MSE Loss,Al_deformed_LoG,best 10,6,sample_010441,0.9264910221099854,0.9698977470397948,0.9423759579658508,0.0270246379077434
multi-output BCE/MSE Loss,Al_deformed_LoG,best 10,7,sample_012645,0.9201964139938354,0.9605441689491272,0.9260053038597108,0.041829839348793
multi-output BCE/MSE Loss,Al_deformed_LoG,best 10,8,sample_015303,0.91914302110672,0.9842753410339355,0.9693351984024048,0.034984927624464
multi-output BCE/MSE Loss,Al_deformed_LoG,best 10,9,sample_015150,0.9189081192016602,0.9601923823356628,0.9250308275222778,0.0396142676472663
multi-output BCE/MSE Loss,Al_deformed_LoG,best 10,10,sample_015192,0.9148727655410768,0.9601831436157228,0.925382137298584,0.0283165145665407
multi-output BCE/MSE Loss,Al_deformed_LoG,worst 10,1,sample_015690,0.4555847644805908,0.4149203300476074,0.3263922035694122,0.0894429162144661
multi-output BCE/MSE Loss,Al_deformed_LoG,worst 10,2,sample_014190,0.4952132999897003,0.4887437522411346,0.3978402316570282,0.1834559440612793
multi-output BCE/MSE Loss,Al_deformed_LoG,worst 10,3,sample_010447,0.498234361410141,0.4940322637557983,0.4060302376747131,0.2006933540105819
multi-output BCE/MSE Loss,Al_deformed_LoG,worst 10,4,sample_016589,0.4985278248786926,0.4477276504039764,0.3120777606964111,0.0960151106119155
multi-output BCE/MSE Loss,Al_deformed_LoG,worst 10,5,sample_014355,0.5055573582649231,0.4579954743385315,0.367515504360199,0.1007366180419921
multi-output BCE/MSE Loss,Al_deformed_LoG,worst 10,6,sample_011894,0.512001633644104,0.511894702911377,0.3575239777565002,0.1168002635240554
multi-output BCE/MSE Loss,Al_deformed_LoG,worst 10,7,sample_016172,0.5146669745445251,0.5153934359550476,0.3713569939136505,0.2236957252025604
multi-output BCE/MSE Loss,Al_deformed_LoG,worst 10,8,sample_009777,0.5152816772460938,0.5051302313804626,0.3455772399902344,0.1738186180591583
multi-output BCE/MSE Loss,Al_deformed_LoG,worst 10,9,sample_013620,0.5164472460746765,0.5329363346099854,0.3897075653076172,0.2619915604591369
multi-output BCE/MSE Loss,Al_deformed_LoG,worst 10,10,sample_016500,0.5198736190795898,0.5627429485321045,0.4102275371551513,0.1507478058338165
multi-output BCE/MSE Loss,Al_small_grains,best 10,1,sample_030055,0.9662126302719116,0.973683536052704,0.9496003985404968,0.020072940737009
multi-output BCE/MSE Loss,Al_small_grains,best 10,2,sample_028474,0.9357928037643432,0.980253279209137,0.961624264717102,0.0409515798091888
multi-output BCE/MSE Loss,Al_small_grains,best 10,3,sample_034394,0.9322805404663086,0.9619063138961792,0.9284610748291016,0.0342340469360351
multi-output BCE/MSE Loss,Al_small_grains,best 10,4,sample_027167,0.931441605091095,0.9678469896316528,0.937776267528534,0.0759627968072891
multi-output BCE/MSE Loss,Al_small_grains,best 10,5,sample_028680,0.9282571077346802,0.975868821144104,0.9533933401107788,0.1064500659704208
multi-output BCE/MSE Loss,Al_small_grains,best 10,6,sample_030341,0.9219321608543396,0.9627662897109984,0.9291666746139526,0.0424424260854721
multi-output BCE/MSE Loss,Al_small_grains,best 10,7,sample_026763,0.9208571314811708,0.9453014135360718,0.8963301181793213,0.0436010845005512
multi-output BCE/MSE Loss,Al_small_grains,best 10,8,sample_030962,0.9186621904373168,0.9559341669082642,0.9185569286346436,0.030649809166789
multi-output BCE/MSE Loss,Al_small_grains,best 10,9,sample_034690,0.9157354831695556,0.9681563377380372,0.9384567737579346,0.1080637723207473
multi-output BCE/MSE Loss,Al_small_grains,best 10,10,sample_026914,0.9099097847938538,0.977195143699646,0.9554072618484496,0.1199134066700935
multi-output BCE/MSE Loss,Al_small_grains,worst 10,1,sample_030707,0.4113005697727203,0.4514454305171966,0.3809987306594848,0.2099834829568863
multi-output BCE/MSE Loss,Al_small_grains,worst 10,2,sample_029671,0.4495911002159118,0.5249999761581421,0.3882353007793426,0.1884902715682983
multi-output BCE/MSE Loss,Al_small_grains,worst 10,3,sample_032305,0.4638201892375946,0.4576271176338196,0.421875,0.1869146227836609
multi-output BCE/MSE Loss,Al_small_grains,worst 10,4,sample_032258,0.4781645834445953,0.6119055151939392,0.4816272258758545,0.2761448919773102
multi-output BCE/MSE Loss,Al_small_grains,worst 10,5,sample_032968,0.5033868551254272,0.5205301642417908,0.3967444002628326,0.223603218793869
multi-output BCE/MSE Loss,Al_small_grains,worst 10,6,sample_032154,0.5081467628479004,0.6185548901557922,0.4477934837341308,0.2334679216146469
multi-output BCE/MSE Loss,Al_small_grains,worst 10,7,sample_033861,0.5143633484840393,0.5203719735145569,0.3578805923461914,0.1748097389936447
multi-output BCE/MSE Loss,Al_small_grains,worst 10,8,sample_029551,0.5147436857223511,0.6293073892593384,0.4610159993171692,0.208337664604187
multi-output BCE/MSE Loss,Al_small_grains,worst 10,9,sample_033907,0.5192897915840149,0.5175065994262695,0.3495722115039825,0.1464721858501434
multi-output BCE/MSE Loss,Al_small_grains,worst 10,10,sample_034570,0.5256760120391846,0.5916023254394531,0.4247618913650512,0.2158623486757278
multi-output BCE/MSE Loss,Cu,best 10,1,sample_036584,0.8725650906562805,0.9167158603668212,0.8475978374481201,0.0726381987333297
multi-output BCE/MSE Loss,Cu,best 10,2,sample_037993,0.8666368722915649,0.959937572479248,0.9232271909713744,0.1019212454557418
multi-output BCE/MSE Loss,Cu,best 10,3,sample_036301,0.8609035015106201,0.9147413969039916,0.8430555462837219,0.0900916308164596
multi-output BCE/MSE Loss,Cu,best 10,4,sample_036578,0.8567875027656555,0.9313292503356934,0.873852550983429,0.1237028464674949
multi-output BCE/MSE Loss,Cu,best 10,5,sample_043683,0.8506121039390564,0.8947983980178833,0.8105319142341614,0.0905234068632125
multi-output BCE/MSE Loss,Cu,best 10,6,sample_041658,0.8466916084289551,0.88526451587677,0.7944096326828003,0.0898412093520164
multi-output BCE/MSE Loss,Cu,best 10,7,sample_038778,0.8458825945854187,0.9113461375236512,0.8371325731277466,0.0853092223405838
multi-output BCE/MSE Loss,Cu,best 10,8,sample_041146,0.8432329893112183,0.9125313758850098,0.8395986557006836,0.1512858569622039
multi-output BCE/MSE Loss,Cu,best 10,9,sample_035853,0.8401674032211304,0.9259226322174072,0.8647902011871338,0.100054532289505
multi-output BCE/MSE Loss,Cu,best 10,10,sample_043499,0.8373972177505493,0.8906253576278687,0.804233193397522,0.0819030627608299
multi-output BCE/MSE Loss,Cu,worst 10,1,sample_041726,0.4199258387088775,0.4813977181911468,0.3581766784191131,0.1842156797647476
multi-output BCE/MSE Loss,Cu,worst 10,2,sample_037718,0.4322538375854492,0.4950649440288543,0.4059694111347198,0.1958913505077362
multi-output BCE/MSE Loss,Cu,worst 10,3,sample_040416,0.4569206833839416,0.5035263299942017,0.3641649186611175,0.1506900787353515
multi-output BCE/MSE Loss,Cu,worst 10,4,sample_044428,0.4739782810211181,0.5557677745819092,0.4014438390731811,0.1374522149562835
multi-output BCE/MSE Loss,Cu,worst 10,5,sample_040148,0.4749792814254761,0.4612109959125519,0.3586963415145874,0.1956395208835601
multi-output BCE/MSE Loss,Cu,worst 10,6,sample_039816,0.4768421649932861,0.5648148059844971,0.4196065366268158,0.1870280355215072
multi-output BCE/MSE Loss,Cu,worst 10,7,sample_036542,0.4794753789901733,0.4910823702812195,0.3365088999271393,0.2117280215024948
multi-output BCE/MSE Loss,Cu,worst 10,8,sample_036080,0.4804178476333618,0.5744739770889282,0.4351032972335815,0.1965631246566772
multi-output BCE/MSE Loss,Cu,worst 10,9,sample_042613,0.4842035174369812,0.5192072987556458,0.3858857750892639,0.1398585438728332
multi-output BCE/MSE Loss,Cu,worst 10,10,sample_037028,0.4916554689407348,0.5981671214103699,0.4432355761528015,0.1865510642528534
multi-output BCE/MSE Loss,IN718_twins,best 10,1,sample_053205,0.986829400062561,0.9977864027023317,0.9955825805664062,0.0210844874382019
multi-output BCE/MSE Loss,IN718_twins,best 10,2,sample_045996,0.9861702919006348,0.9992175102233888,0.9984363317489624,0.0223610643297433
multi-output BCE/MSE Loss,IN718_twins,best 10,3,sample_044855,0.984176218509674,0.9995578527450562,0.99911630153656,0.0290251746773719
multi-output BCE/MSE Loss,IN718_twins,best 10,4,sample_046042,0.9837340712547302,0.9991547465324402,0.998310923576355,0.0257493443787097
multi-output BCE/MSE Loss,IN718_twins,best 10,5,sample_048186,0.9835510849952698,0.998510241508484,0.9970252513885498,0.0280265323817729
multi-output BCE/MSE Loss,IN718_twins,best 10,6,sample_045372,0.9827276468276978,0.9972318410873412,0.9944801330566406,0.0288754440844059
multi-output BCE/MSE Loss,IN718_twins,best 10,7,sample_048727,0.9824298620224,0.9991731643676758,0.9983478784561156,0.0306110680103302
multi-output BCE/MSE Loss,IN718_twins,best 10,8,sample_046024,0.9819061756134032,0.995659589767456,0.991378903388977,0.0265991874039173
multi-output BCE/MSE Loss,IN718_twins,best 10,9,sample_051534,0.9814451336860656,0.9988418817520142,0.997686505317688,0.0342447981238365
multi-output BCE/MSE Loss,IN718_twins,best 10,10,sample_049197,0.9811898469924928,0.9982935190200806,0.9965928792953492,0.0266601182520389
multi-output BCE/MSE Loss,IN718_twins,worst 10,1,sample_049582,0.4898740947246551,0.540522575378418,0.3963775634765625,0.2897587418556213
multi-output BCE/MSE Loss,IN718_twins,worst 10,2,sample_051829,0.533315896987915,0.5250185132026672,0.4395691156387329,0.2446888983249664
multi-output BCE/MSE Loss,IN718_twins,worst 10,3,sample_051295,0.5432090759277344,0.6109894514083862,0.4609127342700958,0.2673437595367431
multi-output BCE/MSE Loss,IN718_twins,worst 10,4,sample_046448,0.5501246452331543,0.5497276782989502,0.4288524985313415,0.1673362106084823
multi-output BCE/MSE Loss,IN718_twins,worst 10,5,sample_052895,0.5523949861526489,0.5347409844398499,0.3682551980018616,0.226375862956047
multi-output BCE/MSE Loss,IN718_twins,worst 10,6,sample_052370,0.5650089979171753,0.545279860496521,0.3808015882968902,0.1112109497189521
multi-output BCE/MSE Loss,IN718_twins,worst 10,7,sample_048316,0.5676481127738953,0.5204606056213379,0.3720009624958038,0.1063583642244339
multi-output BCE/MSE Loss,IN718_twins,worst 10,8,sample_046672,0.5681424736976624,0.6063399314880371,0.45758718252182,0.1829383671283722
multi-output BCE/MSE Loss,IN718_twins,worst 10,9,sample_046568,0.5719894170761108,0.6703795194625854,0.5223677158355713,0.2801775932312011
multi-output BCE/MSE Loss,IN718_twins,worst 10,10,sample_044998,0.5722410678863525,0.6019116044044495,0.513303279876709,0.2696041166782379
multi-output BCE/MSE Loss,Iron,best 10,1,sample_064046,0.95964378118515,0.9819443225860596,0.9645712375640868,0.0376691743731498
multi-output BCE/MSE Loss,Iron,best 10,2,sample_063042,0.9501979947090148,0.9788190126419068,0.9587817192077636,0.0198285281658172
multi-output BCE/MSE Loss,Iron,best 10,3,sample_066640,0.947665810585022,0.9676233530044556,0.9381711483001708,0.0122309271246194
multi-output BCE/MSE Loss,Iron,best 10,4,sample_065922,0.9475441575050354,0.9722487330436708,0.946547269821167,0.0233096256852149
multi-output BCE/MSE Loss,Iron,best 10,5,sample_066035,0.9469306468963624,0.980766534805298,0.9625848531723022,0.0337871313095092
multi-output BCE/MSE Loss,Iron,best 10,6,sample_068148,0.9457069635391236,0.9828088283538818,0.9663131237030028,0.0597740672528743
multi-output BCE/MSE Loss,Iron,best 10,7,sample_068283,0.9419400691986084,0.9747841358184814,0.9516311883926392,0.0143041759729385
multi-output BCE/MSE Loss,Iron,best 10,8,sample_063565,0.9408344030380248,0.9688379764556884,0.9406853318214417,0.0164982657879591
multi-output BCE/MSE Loss,Iron,best 10,9,sample_070566,0.93987774848938,0.9788668155670166,0.9590986967086792,0.0140926288440823
multi-output BCE/MSE Loss,Iron,best 10,10,sample_066269,0.938285231590271,0.9717863202095032,0.9458837509155272,0.0185547098517417
multi-output BCE/MSE Loss,Iron,worst 10,1,sample_066538,0.2883644700050354,0.3284309208393097,0.2299887090921402,0.1440350413322448
multi-output BCE/MSE Loss,Iron,worst 10,2,sample_062402,0.3448354005813598,0.3739495873451233,0.2986577153205871,0.1669875681400299
multi-output BCE/MSE Loss,Iron,worst 10,3,sample_063514,0.3844126760959625,0.4260773062705993,0.3160539269447326,0.1929957568645477
multi-output BCE/MSE Loss,Iron,worst 10,4,sample_064987,0.3921367526054382,0.4188775420188904,0.3604038655757904,0.1232900172472
multi-output BCE/MSE Loss,Iron,worst 10,5,sample_068129,0.4104194045066833,0.442629873752594,0.3498851656913757,0.1822977364063263
multi-output BCE/MSE Loss,Iron,worst 10,6,sample_068301,0.4566059708595276,0.4068376421928406,0.3113795220851898,0.0935011357069015
multi-output BCE/MSE Loss,Iron,worst 10,7,sample_067959,0.4707352221012115,0.5089049935340881,0.3736239969730377,0.2818759083747864
multi-output BCE/MSE Loss,Iron,worst 10,8,sample_064909,0.4712529182434082,0.5251563787460327,0.3688671886920929,0.110784113407135
multi-output BCE/MSE Loss,Iron,worst 10,9,sample_067182,0.4757786095142364,0.4938980638980865,0.4879432618618011,0.1132304668426513
multi-output BCE/MSE Loss,Iron,worst 10,10,sample_070247,0.4839942455291748,0.506411075592041,0.3672612309455871,0.1325604617595672
multi-output BCE/MSE Loss,Iron_deformed,best 10,1,sample_061724,0.9612216353416444,0.9840079545974731,0.9685324430465698,0.0344277694821357
multi-output BCE/MSE Loss,Iron_deformed,best 10,2,sample_058255,0.9435451626777648,0.9909266233444214,0.9820414781570436,0.051904235035181
multi-output BCE/MSE Loss,Iron_deformed,best 10,3,sample_054288,0.9401162266731262,0.9651747345924376,0.9327640533447266,0.047988973557949
multi-output BCE/MSE Loss,Iron_deformed,best 10,4,sample_057903,0.9394882917404176,0.9682360887527466,0.9397934675216676,0.0386974774301052
multi-output BCE/MSE Loss,Iron_deformed,best 10,5,sample_062042,0.9383490681648254,0.9711906909942628,0.9444411993026732,0.0407527647912502
multi-output BCE/MSE Loss,Iron_deformed,best 10,6,sample_060408,0.932960033416748,0.9613990783691406,0.9278374314308168,0.0161649249494075
multi-output BCE/MSE Loss,Iron_deformed,best 10,7,sample_060167,0.932004690170288,0.9726415872573853,0.9474171996116638,0.0178543478250503
multi-output BCE/MSE Loss,Iron_deformed,best 10,8,sample_060753,0.92910498380661,0.9726576805114746,0.947741687297821,0.036036230623722
multi-output BCE/MSE Loss,Iron_deformed,best 10,9,sample_053449,0.9290987253189088,0.9750492572784424,0.951331377029419,0.090488962829113
multi-output BCE/MSE Loss,Iron_deformed,best 10,10,sample_060669,0.928652048110962,0.970915913581848,0.944345474243164,0.0628161653876304
multi-output BCE/MSE Loss,Iron_deformed,worst 10,1,sample_057519,0.4583762884140014,0.4159883558750152,0.3389072120189667,0.0743606686592102
multi-output BCE/MSE Loss,Iron_deformed,worst 10,2,sample_057275,0.4709125161170959,0.4765875935554504,0.4205798506736755,0.1184658259153366
multi-output BCE/MSE Loss,Iron_deformed,worst 10,3,sample_057701,0.4754783809185028,0.5282682180404663,0.3798195123672485,0.2382861971855163
multi-output BCE/MSE Loss,Iron_deformed,worst 10,4,sample_057772,0.482243150472641,0.4930997788906097,0.4863874316215515,0.1639858037233352
multi-output BCE/MSE Loss,Iron_deformed,worst 10,5,sample_061207,0.4823304712772369,0.5697343349456787,0.3984230160713196,0.1829345226287841
multi-output BCE/MSE Loss,Iron_deformed,worst 10,6,sample_059784,0.4838215410709381,0.4768637418746948,0.4557739496231079,0.0576793923974037
multi-output BCE/MSE Loss,Iron_deformed,worst 10,7,sample_061433,0.4875402152538299,0.4856503903865814,0.4721014499664306,0.0767207071185112
multi-output BCE/MSE Loss,Iron_deformed,worst 10,8,sample_055978,0.4920599460601806,0.4847291707992553,0.3900134563446045,0.1974737793207168
multi-output BCE/MSE Loss,Iron_deformed,worst 10,9,sample_058796,0.4943355321884155,0.5022963285446167,0.4339035153388977,0.2353857904672622
multi-output BCE/MSE Loss,Iron_deformed,worst 10,10,sample_054384,0.5050461292266846,0.4861883521080017,0.3894781470298767,0.191301941871643
multi-output BCE/MSE Loss,Ti7Al,best 10,1,sample_077653,0.992109477519989,0.9996614456176758,0.9993233680725098,0.009423654526472
multi-output BCE/MSE Loss,Ti7Al,best 10,2,sample_079138,0.9913161993026732,0.9994103312492372,0.9988220930099488,0.0076824626885354
multi-output BCE/MSE Loss,Ti7Al,best 10,3,sample_074943,0.9720141887664796,0.9828176498413086,0.9662301540374756,0.0192902311682701
multi-output BCE/MSE Loss,Ti7Al,best 10,4,sample_076527,0.9711351990699768,0.9840694665908812,0.9688208103179932,0.0206996537744998
multi-output BCE/MSE Loss,Ti7Al,best 10,5,sample_079592,0.9682034254074096,0.9868612289428712,0.9741487503051758,0.0239260420203208
multi-output BCE/MSE Loss,Ti7Al,best 10,6,sample_071760,0.9678720235824584,0.9779081344604492,0.9571695327758788,0.0138366688042879
multi-output BCE/MSE Loss,Ti7Al,best 10,7,sample_074934,0.96534264087677,0.967600166797638,0.9385337829589844,0.0120922178030014
multi-output BCE/MSE Loss,Ti7Al,best 10,8,sample_075456,0.9649773836135864,0.9760810136795044,0.953589677810669,0.0122072007507085
multi-output BCE/MSE Loss,Ti7Al,best 10,9,sample_079924,0.9645233154296876,0.987155556678772,0.9746394157409668,0.0202570855617523
multi-output BCE/MSE Loss,Ti7Al,best 10,10,sample_075881,0.9644629955291748,0.9862309098243712,0.9729628562927246,0.0191063378006219
multi-output BCE/MSE Loss,Ti7Al,worst 10,1,sample_078401,0.3501311242580414,0.3613527119159698,0.2818691730499267,0.1137889921665191
multi-output BCE/MSE Loss,Ti7Al,worst 10,2,sample_075562,0.36934894323349,0.4854550957679748,0.32053342461586,0.211249828338623
multi-output BCE/MSE Loss,Ti7Al,worst 10,3,sample_071288,0.3986802995204925,0.3950207531452179,0.3264746367931366,0.0767001062631607
multi-output BCE/MSE Loss,Ti7Al,worst 10,4,sample_073424,0.4020957350730896,0.3957746624946594,0.3275058269500732,0.1051383316516876
multi-output BCE/MSE Loss,Ti7Al,worst 10,5,sample_077500,0.415264755487442,0.4237910211086273,0.3365329504013061,0.1252951920032501
multi-output BCE/MSE Loss,Ti7Al,worst 10,6,sample_073381,0.4221752285957336,0.3991019427776336,0.3320878744125366,0.0509549677371978
multi-output BCE/MSE Loss,Ti7Al,worst 10,7,sample_073778,0.4284835457801819,0.398687869310379,0.3315148949623108,0.0720788091421127
multi-output BCE/MSE Loss,Ti7Al,worst 10,8,sample_075665,0.4301693141460418,0.4243512451648712,0.2915076613426208,0.1313366293907165
multi-output BCE/MSE Loss,Ti7Al,worst 10,9,sample_076792,0.4381890892982483,0.4794847369194031,0.4605866074562073,0.2168973982334137
multi-output BCE/MSE Loss,Ti7Al,worst 10,10,sample_071488,0.4404401779174804,0.4652751684188843,0.4298727810382843,0.107939213514328
multi-output BCE/MSE Loss small Dataset,Al,best 10,1,sample_018877,0.9775567054748536,0.9931466579437256,0.9864003658294678,0.0348302572965621
multi-output BCE/MSE Loss small Dataset,Al,best 10,2,sample_024590,0.9701181650161744,0.9927209615707396,0.9855732917785645,0.0304443314671516
multi-output BCE/MSE Loss small Dataset,Al,best 10,3,sample_020897,0.9693603515625,0.991159200668335,0.982494592666626,0.0262183547019958
multi-output BCE/MSE Loss small Dataset,Al,best 10,4,sample_022079,0.968058466911316,0.9919977188110352,0.984149694442749,0.0341567583382129
multi-output BCE/MSE Loss small Dataset,Al,best 10,5,sample_026149,0.96693754196167,0.9909241199493408,0.9820115566253662,0.0382357873022556
multi-output BCE/MSE Loss small Dataset,Al,best 10,6,sample_023748,0.9659600257873536,0.990243911743164,0.9806763529777528,0.0400531068444252
multi-output BCE/MSE Loss small Dataset,Al,best 10,7,sample_025544,0.9642984867095948,0.9874060750007628,0.9752789735794068,0.0393410176038742
multi-output BCE/MSE Loss small Dataset,Al,best 10,8,sample_026445,0.9626079201698304,0.98241126537323,0.9657374620437622,0.0365118570625782
multi-output BCE/MSE Loss small Dataset,Al,best 10,9,sample_023009,0.9624682068824768,0.9805752038955688,0.9619011878967284,0.0404659248888492
multi-output BCE/MSE Loss small Dataset,Al,best 10,10,sample_023937,0.9617868661880492,0.9820508360862732,0.9648243188858032,0.0463771969079971
multi-output BCE/MSE Loss small Dataset,Al,worst 10,1,sample_024794,0.3092789351940155,0.3886605203151703,0.3121275603771209,0.2289916574954986
multi-output BCE/MSE Loss small Dataset,Al,worst 10,2,sample_019375,0.4112393856048584,0.5052956342697144,0.3771964311599731,0.3183523118495941
multi-output BCE/MSE Loss small Dataset,Al,worst 10,3,sample_020976,0.4200286269187927,0.3952919244766235,0.2913505434989929,0.1718456149101257
multi-output BCE/MSE Loss small Dataset,Al,worst 10,4,sample_022862,0.4267080724239349,0.4089404940605163,0.291677862405777,0.2665556073188782
multi-output BCE/MSE Loss small Dataset,Al,worst 10,5,sample_022762,0.427327036857605,0.3998920917510986,0.3045674562454223,0.1646146029233932
multi-output BCE/MSE Loss small Dataset,Al,worst 10,6,sample_019026,0.4432179927825928,0.4201925992965698,0.3122361898422241,0.2454505562782287
multi-output BCE/MSE Loss small Dataset,Al,worst 10,7,sample_023573,0.4460323452949524,0.4513784945011139,0.3560773134231567,0.212306797504425
multi-output BCE/MSE Loss small Dataset,Al,worst 10,8,sample_019559,0.4497775435447693,0.4830870032310486,0.4389163851737976,0.2525118887424469
multi-output BCE/MSE Loss small Dataset,Al,worst 10,9,sample_026164,0.4567744731903076,0.4483477175235748,0.4063680469989776,0.1541486978530883
multi-output BCE/MSE Loss small Dataset,Al,worst 10,10,sample_026341,0.4598255753517151,0.502610445022583,0.3833290040493011,0.2033264636993408
multi-output BCE/MSE Loss small Dataset,Al_big_grains,best 10,1,sample_004721,0.916924238204956,0.9584245085716248,0.922298789024353,0.0807417333126068
multi-output BCE/MSE Loss small Dataset,Al_big_grains,best 10,2,sample_008799,0.91688072681427,0.9486832022666932,0.903893232345581,0.0474819466471672
multi-output BCE/MSE Loss small Dataset,Al_big_grains,best 10,3,sample_007140,0.9160693883895874,0.9340009093284608,0.8822743892669678,0.0349927991628646
multi-output BCE/MSE Loss small Dataset,Al_big_grains,best 10,4,sample_003422,0.904625415802002,0.9341119527816772,0.8763795495033264,0.0570100247859954
multi-output BCE/MSE Loss small Dataset,Al_big_grains,best 10,5,sample_006310,0.8862111568450928,0.9282389879226683,0.8662227988243103,0.0777171030640602
multi-output BCE/MSE Loss small Dataset,Al_big_grains,best 10,6,sample_001429,0.8771587610244751,0.9468810558319092,0.9004402160644531,0.1158508509397506
multi-output BCE/MSE Loss small Dataset,Al_big_grains,best 10,7,sample_000120,0.8705581426620483,0.9538974761962892,0.9118704795837402,0.086000919342041
multi-output BCE/MSE Loss small Dataset,Al_big_grains,best 10,8,sample_007396,0.8627133369445801,0.9108515977859496,0.8408787250518799,0.0797895342111587
multi-output BCE/MSE Loss small Dataset,Al_big_grains,best 10,9,sample_003760,0.8592724800109863,0.9027241468429564,0.826957106590271,0.0901371389627456
multi-output BCE/MSE Loss small Dataset,Al_big_grains,best 10,10,sample_004840,0.8557878732681274,0.8846938610076904,0.7967442274093628,0.0546014606952667
multi-output BCE/MSE Loss small Dataset,Al_big_grains,worst 10,1,sample_005000,0.3050114214420318,0.3457192778587341,0.2618503868579864,0.1379528492689132
multi-output BCE/MSE Loss small Dataset,Al_big_grains,worst 10,2,sample_002862,0.3399071991443634,0.3715964257717132,0.2602066695690155,0.1489747464656829
multi-output BCE/MSE Loss small Dataset,Al_big_grains,worst 10,3,sample_008190,0.3824434280395508,0.4202235043048858,0.3542608916759491,0.1402113437652588
multi-output BCE/MSE Loss small Dataset,Al_big_grains,worst 10,4,sample_005706,0.3878262042999267,0.4262460470199585,0.3651964664459228,0.1429087668657302
multi-output BCE/MSE Loss small Dataset,Al_big_grains,worst 10,5,sample_006980,0.3878850936889648,0.4278454780578613,0.3580460846424103,0.1147662177681922
multi-output BCE/MSE Loss small Dataset,Al_big_grains,worst 10,6,sample_004241,0.3900133669376373,0.4470959305763244,0.3994436860084533,0.2332924604415893
multi-output BCE/MSE Loss small Dataset,Al_big_grains,worst 10,7,sample_004506,0.3944800198078155,0.4022296667098999,0.3306989073753357,0.1257218420505523
multi-output BCE/MSE Loss small Dataset,Al_big_grains,worst 10,8,sample_002976,0.3954496383666992,0.4348389506340027,0.3492603600025177,0.1396621316671371
multi-output BCE/MSE Loss small Dataset,Al_big_grains,worst 10,9,sample_003554,0.3957310318946838,0.5159882307052612,0.3640804886817932,0.1279907077550888
multi-output BCE/MSE Loss small Dataset,Al_big_grains,worst 10,10,sample_000227,0.3979735970497131,0.4105928838253021,0.31189626455307,0.0721807777881622
multi-output BCE/MSE Loss small Dataset,Al_deformed_LoG,best 10,1,sample_010246,0.8581200838088989,0.9111760258674622,0.8385976552963257,0.0761704593896865
multi-output BCE/MSE Loss small Dataset,Al_deformed_LoG,best 10,2,sample_011138,0.8565536737442017,0.9018275737762452,0.8262510299682617,0.0497895702719688
multi-output BCE/MSE Loss small Dataset,Al_deformed_LoG,best 10,3,sample_011689,0.8487639427185059,0.9084303379058838,0.832373857498169,0.1127535328269004
multi-output BCE/MSE Loss small Dataset,Al_deformed_LoG,best 10,4,sample_012417,0.8481067419052124,0.9210929870605468,0.8544740676879883,0.0960080921649932
multi-output BCE/MSE Loss small Dataset,Al_deformed_LoG,best 10,5,sample_011676,0.8439104557037354,0.9161136150360109,0.8452334403991699,0.1097339540719986
multi-output BCE/MSE Loss small Dataset,Al_deformed_LoG,best 10,6,sample_011166,0.8401338458061218,0.9011125564575196,0.8314176201820374,0.0860300809144973
multi-output BCE/MSE Loss small Dataset,Al_deformed_LoG,best 10,7,sample_015415,0.834028422832489,0.9030620455741882,0.8323307633399963,0.1331224590539932
multi-output BCE/MSE Loss small Dataset,Al_deformed_LoG,best 10,8,sample_017304,0.8337112069129944,0.8990612626075745,0.8234366774559021,0.1090208888053894
multi-output BCE/MSE Loss small Dataset,Al_deformed_LoG,best 10,9,sample_017018,0.8293781280517578,0.9007331132888794,0.8261290192604065,0.0800589025020599
multi-output BCE/MSE Loss small Dataset,Al_deformed_LoG,best 10,10,sample_012260,0.8293218612670898,0.8656492233276367,0.7650260329246521,0.1200805455446243
multi-output BCE/MSE Loss small Dataset,Al_deformed_LoG,worst 10,1,sample_012556,0.3863418400287628,0.4099378883838653,0.3473684191703796,0.2819588780403137
multi-output BCE/MSE Loss small Dataset,Al_deformed_LoG,worst 10,2,sample_015711,0.3877246081829071,0.3870129883289337,0.3156779706478119,0.2738926112651825
multi-output BCE/MSE Loss small Dataset,Al_deformed_LoG,worst 10,3,sample_012530,0.3891755938529968,0.3775216042995453,0.3032407462596893,0.2834087610244751
multi-output BCE/MSE Loss small Dataset,Al_deformed_LoG,worst 10,4,sample_009000,0.3896694481372833,0.3965908586978912,0.3199142217636108,0.2690971493721008
multi-output BCE/MSE Loss small Dataset,Al_deformed_LoG,worst 10,5,sample_012420,0.3902183771133423,0.4488817751407623,0.4072463810443878,0.2219032347202301
multi-output BCE/MSE Loss small Dataset,Al_deformed_LoG,worst 10,6,sample_014393,0.3918814957141876,0.3978102207183838,0.3303030431270599,0.2250585556030273
multi-output BCE/MSE Loss small Dataset,Al_deformed_LoG,worst 10,7,sample_015792,0.3933135271072387,0.3798701167106628,0.3062827289104461,0.2605743110179901
multi-output BCE/MSE Loss small Dataset,Al_deformed_LoG,worst 10,8,sample_014143,0.395510733127594,0.3733396232128143,0.2960406243801117,0.2219165414571762
multi-output BCE/MSE Loss small Dataset,Al_deformed_LoG,worst 10,9,sample_009798,0.3997423648834228,0.3698630034923553,0.29347825050354,0.2154881358146667
multi-output BCE/MSE Loss small Dataset,Al_deformed_LoG,worst 10,10,sample_016367,0.4004318714141845,0.3925729393959045,0.3231441080570221,0.280697613954544
multi-output BCE/MSE Loss small Dataset,Al_small_grains,best 10,1,sample_029807,0.9384732842445374,0.9607545137405396,0.9244868159294128,0.0465904027223587
multi-output BCE/MSE Loss small Dataset,Al_small_grains,best 10,2,sample_029306,0.8855551481246948,0.931640923023224,0.8727213144302368,0.0682424157857894
multi-output BCE/MSE Loss small Dataset,Al_small_grains,best 10,3,sample_030962,0.8748999834060669,0.8871872425079346,0.8128902316093445,0.0385482087731361
multi-output BCE/MSE Loss small Dataset,Al_small_grains,best 10,4,sample_029656,0.8613908290863037,0.918163001537323,0.8487739562988281,0.0836103111505508
multi-output BCE/MSE Loss small Dataset,Al_small_grains,best 10,5,sample_032451,0.8593041300773621,0.9400513768196106,0.8868998289108276,0.1441315114498138
multi-output BCE/MSE Loss small Dataset,Al_small_grains,best 10,6,sample_030579,0.8513624668121338,0.9534226655960084,0.9110971689224244,0.1421112120151519
multi-output BCE/MSE Loss small Dataset,Al_small_grains,best 10,7,sample_028784,0.8510407209396362,0.9256287813186646,0.8616379499435425,0.1489406377077102
multi-output BCE/MSE Loss small Dataset,Al_small_grains,best 10,8,sample_026687,0.8422717452049255,0.9121440052986144,0.8391366600990295,0.0811170265078544
multi-output BCE/MSE Loss small Dataset,Al_small_grains,best 10,9,sample_034235,0.8304294347763062,0.928957223892212,0.8700447678565979,0.1277650296688079
multi-output BCE/MSE Loss small Dataset,Al_small_grains,best 10,10,sample_028953,0.822399377822876,0.8821784257888794,0.7937928438186646,0.0926951467990875
multi-output BCE/MSE Loss small Dataset,Al_small_grains,worst 10,1,sample_033404,0.3325672745704651,0.3564691841602325,0.2616607844829559,0.1740294396877288
multi-output BCE/MSE Loss small Dataset,Al_small_grains,worst 10,2,sample_026825,0.364368587732315,0.4451219439506531,0.4010989069938659,0.2911315262317657
multi-output BCE/MSE Loss small Dataset,Al_small_grains,worst 10,3,sample_034354,0.3741983771324157,0.4590163826942444,0.4242424368858337,0.2826417684555053
multi-output BCE/MSE Loss small Dataset,Al_small_grains,worst 10,4,sample_031633,0.3878474831581116,0.4595516622066498,0.4098356664180755,0.2448854446411132
multi-output BCE/MSE Loss small Dataset,Al_small_grains,worst 10,5,sample_031517,0.3988195061683655,0.3810741603374481,0.3078512251377105,0.2145619094371795
multi-output BCE/MSE Loss small Dataset,Al_small_grains,worst 10,6,sample_033488,0.3990662097930908,0.3774856925010681,0.2973324656486511,0.2557314932346344
multi-output BCE/MSE Loss small Dataset,Al_small_grains,worst 10,7,sample_026683,0.4043797850608825,0.3938679099082947,0.3096154034137726,0.2811684310436249
multi-output BCE/MSE Loss small Dataset,Al_small_grains,worst 10,8,sample_028565,0.4066029489040375,0.4316831827163696,0.3797909319400787,0.2105952203273773
multi-output BCE/MSE Loss small Dataset,Al_small_grains,worst 10,9,sample_028914,0.4124482870101928,0.3764367699623108,0.3018433153629303,0.2885201275348663
multi-output BCE/MSE Loss small Dataset,Al_small_grains,worst 10,10,sample_035053,0.4134600162506103,0.4967042207717895,0.3939466476440429,0.2170548886060714
multi-output BCE/MSE Loss small Dataset,Cu,best 10,1,sample_042391,0.8879574537277222,0.960544228553772,0.9242672324180604,0.1180438473820686
multi-output BCE/MSE Loss small Dataset,Cu,best 10,2,sample_040988,0.8305872678756714,0.905509352684021,0.8273357152938843,0.119128406047821
multi-output BCE/MSE Loss small Dataset,Cu,best 10,3,sample_040148,0.8250682353973389,0.866924524307251,0.779897928237915,0.0960704088211059
multi-output BCE/MSE Loss small Dataset,Cu,best 10,4,sample_040400,0.8053876161575317,0.901686668395996,0.8220657110214233,0.0608229488134384
multi-output BCE/MSE Loss small Dataset,Cu,best 10,5,sample_037993,0.7803988456726074,0.8267128467559814,0.7222980260848999,0.0859844908118248
multi-output BCE/MSE Loss small Dataset,Cu,best 10,6,sample_036343,0.7701666951179504,0.8938174843788147,0.813340425491333,0.1522254943847656
multi-output BCE/MSE Loss small Dataset,Cu,best 10,7,sample_041274,0.7701222896575928,0.8439972400665283,0.7383772134780884,0.1402174085378646
multi-output BCE/MSE Loss small Dataset,Cu,best 10,8,sample_040162,0.756279706954956,0.7916561365127563,0.6785127520561218,0.0902935117483139
multi-output BCE/MSE Loss small Dataset,Cu,best 10,9,sample_039796,0.7463529706001282,0.7874564528465271,0.6706475019454956,0.0562678128480911
multi-output BCE/MSE Loss small Dataset,Cu,best 10,10,sample_041794,0.7378526926040649,0.8706841468811035,0.7826278805732727,0.0817754566669464
multi-output BCE/MSE Loss small Dataset,Cu,worst 10,1,sample_044105,0.2711609303951263,0.2823858261108398,0.1967532485723495,0.1125607118010521
multi-output BCE/MSE Loss small Dataset,Cu,worst 10,2,sample_038443,0.3431929349899292,0.3789198398590088,0.2890955209732055,0.2052616477012634
multi-output BCE/MSE Loss small Dataset,Cu,worst 10,3,sample_036185,0.3704680800437927,0.392307698726654,0.322784811258316,0.1891531646251678
multi-output BCE/MSE Loss small Dataset,Cu,worst 10,4,sample_042230,0.3721392154693603,0.4138817489147186,0.3530701696872711,0.2644333839416504
multi-output BCE/MSE Loss small Dataset,Cu,worst 10,5,sample_039918,0.3723234534263611,0.4193548262119293,0.3611111044883728,0.278005987405777
multi-output BCE/MSE Loss small Dataset,Cu,worst 10,6,sample_044277,0.3749630749225616,0.3905109465122223,0.3203592896461487,0.2683486044406891
multi-output BCE/MSE Loss small Dataset,Cu,worst 10,7,sample_043186,0.3750306069850921,0.4300588071346283,0.358452558517456,0.244370698928833
multi-output BCE/MSE Loss small Dataset,Cu,worst 10,8,sample_037631,0.3769916594028473,0.4530830979347229,0.4142156839370727,0.264948695898056
multi-output BCE/MSE Loss small Dataset,Cu,worst 10,9,sample_043549,0.3810808956623077,0.3470149338245392,0.2657142877578735,0.1991394013166427
multi-output BCE/MSE Loss small Dataset,Cu,worst 10,10,sample_043866,0.3843252658843994,0.3841269910335541,0.311855673789978,0.3120595514774322
multi-output BCE/MSE Loss small Dataset,IN718_twins,best 10,1,sample_051181,0.983104944229126,0.996223211288452,0.9924753904342652,0.0231781434267759
multi-output BCE/MSE Loss small Dataset,IN718_twins,best 10,2,sample_047224,0.9786245822906494,0.9941136837005616,0.9883352518081664,0.0344346091151237
multi-output BCE/MSE Loss small Dataset,IN718_twins,best 10,3,sample_048915,0.9783663749694824,0.9933754205703736,0.9868942499160768,0.0300702098757028
multi-output BCE/MSE Loss small Dataset,IN718_twins,best 10,4,sample_049893,0.9772015810012816,0.9977810382843018,0.995573878288269,0.0379862114787101
multi-output BCE/MSE Loss small Dataset,IN718_twins,best 10,5,sample_052044,0.9750990271568298,0.9921359419822692,0.9844343066215516,0.0320476740598678
multi-output BCE/MSE Loss small Dataset,IN718_twins,best 10,6,sample_046568,0.9725279211997986,0.997650384902954,0.9953118562698364,0.0294021070003509
multi-output BCE/MSE Loss small Dataset,IN718_twins,best 10,7,sample_045654,0.9716971516609192,0.9927365779876708,0.9855968952178956,0.0373818427324295
multi-output BCE/MSE Loss small Dataset,IN718_twins,best 10,8,sample_051295,0.9711081981658936,0.9940469264984132,0.9881725311279296,0.0284258164465427
multi-output BCE/MSE Loss small Dataset,IN718_twins,best 10,9,sample_048466,0.97013521194458,0.9930318593978882,0.9861755967140198,0.0342173688113689
multi-output BCE/MSE Loss small Dataset,IN718_twins,best 10,10,sample_051019,0.9700794816017152,0.9917169809341432,0.983586609363556,0.0334355197846889
multi-output BCE/MSE Loss small Dataset,IN718_twins,worst 10,1,sample_050363,0.381558358669281,0.4382958114147186,0.3437349796295166,0.2164815366268158
multi-output BCE/MSE Loss small Dataset,IN718_twins,worst 10,2,sample_049458,0.4137912690639496,0.4391126632690429,0.3607431948184967,0.3235540986061096
multi-output BCE/MSE Loss small Dataset,IN718_twins,worst 10,3,sample_046448,0.4234259724617004,0.4913015067577362,0.3820966482162475,0.2454301416873932
multi-output BCE/MSE Loss small Dataset,IN718_twins,worst 10,4,sample_053151,0.4267108142375946,0.5198805928230286,0.3678357601165771,0.2694807052612304
multi-output BCE/MSE Loss small Dataset,IN718_twins,worst 10,5,sample_045433,0.4389472901821136,0.4528607726097107,0.3302728235721588,0.2333757281303405
multi-output BCE/MSE Loss small Dataset,IN718_twins,worst 10,6,sample_045372,0.4393463730812073,0.4574702978134155,0.3547206521034241,0.3402275443077087
multi-output BCE/MSE Loss small Dataset,IN718_twins,worst 10,7,sample_046913,0.4453101754188537,0.4962441325187683,0.3664469718933105,0.3406925499439239
multi-output BCE/MSE Loss small Dataset,IN718_twins,worst 10,8,sample_049015,0.4488828182220459,0.4232918620109558,0.334235817193985,0.1815388053655624
multi-output BCE/MSE Loss small Dataset,IN718_twins,worst 10,9,sample_047510,0.4531165063381195,0.4227162301540375,0.3002069890499115,0.2769169807434082
multi-output BCE/MSE Loss small Dataset,IN718_twins,worst 10,10,sample_052981,0.4590919017791748,0.4965203404426574,0.3772576153278351,0.3041778206825256
multi-output BCE/MSE Loss small Dataset,Iron,best 10,1,sample_064046,0.9132229089736938,0.945112943649292,0.8959547281265259,0.0659890696406364
multi-output BCE/MSE Loss small Dataset,Iron,best 10,2,sample_066506,0.8807309865951538,0.951386034488678,0.909172534942627,0.0446119457483291
multi-output BCE/MSE Loss small Dataset,Iron,best 10,3,sample_064907,0.8794840574264526,0.8940536379814148,0.8102856874465942,0.0629918202757835
multi-output BCE/MSE Loss small Dataset,Iron,best 10,4,sample_066498,0.8644453287124634,0.8880932331085205,0.8059152364730835,0.0794832780957222
multi-output BCE/MSE Loss small Dataset,Iron,best 10,5,sample_065731,0.8535218238830566,0.8731133937835693,0.778200089931488,0.0674816146492958
multi-output BCE/MSE Loss small Dataset,Iron,best 10,6,sample_068264,0.8415111303329468,0.8841651678085327,0.7993783950805664,0.0791611447930336
multi-output BCE/MSE Loss small Dataset,Iron,best 10,7,sample_063986,0.8278922438621521,0.8830333352088928,0.7938467264175415,0.1201441437005996
multi-output BCE/MSE Loss small Dataset,Iron,best 10,8,sample_066167,0.8199374675750732,0.8545671701431274,0.7575670480728149,0.1090059429407119
multi-output BCE/MSE Loss small Dataset,Iron,best 10,9,sample_068117,0.8157788515090942,0.8815698027610779,0.7964285612106323,0.1024553924798965
multi-output BCE/MSE Loss small Dataset,Iron,best 10,10,sample_064829,0.8090538382530212,0.8618888854980469,0.7750627398490906,0.0641958117485046
multi-output BCE/MSE Loss small Dataset,Iron,worst 10,1,sample_069133,0.236623466014862,0.2444376647472381,0.1617587804794311,0.1704130470752716
multi-output BCE/MSE Loss small Dataset,Iron,worst 10,2,sample_064567,0.3440895080566406,0.2895073592662811,0.2037370502948761,0.0626409873366355
multi-output BCE/MSE Loss small Dataset,Iron,worst 10,3,sample_067665,0.3581149280071258,0.4008464515209198,0.3297182321548462,0.1193436235189437
multi-output BCE/MSE Loss small Dataset,Iron,worst 10,4,sample_069918,0.3605446219444275,0.4034063220024109,0.3380913436412811,0.1157392933964729
multi-output BCE/MSE Loss small Dataset,Iron,worst 10,5,sample_065314,0.3624382019042969,0.3745042383670807,0.2993659377098083,0.0799241587519645
multi-output BCE/MSE Loss small Dataset,Iron,worst 10,6,sample_063929,0.3731808364391327,0.3760381639003753,0.2948131263256073,0.1898272633552551
multi-output BCE/MSE Loss small Dataset,Iron,worst 10,7,sample_070184,0.3793399333953857,0.4078490436077118,0.2929108440876007,0.1275007873773574
multi-output BCE/MSE Loss small Dataset,Iron,worst 10,8,sample_069963,0.3825445771217346,0.4289455413818359,0.3156138956546783,0.1039125621318817
multi-output BCE/MSE Loss small Dataset,Iron,worst 10,9,sample_066179,0.3855562806129455,0.4398216903209686,0.3925729393959045,0.2583025395870209
multi-output BCE/MSE Loss small Dataset,Iron,worst 10,10,sample_066538,0.3869625329971313,0.4170936048030853,0.3242017328739166,0.117256611585617
multi-output BCE/MSE Loss small Dataset,Iron_deformed,best 10,1,sample_060126,0.8764580488204956,0.930398404598236,0.8734229803085327,0.0692832618951797
multi-output BCE/MSE Loss small Dataset,Iron_deformed,best 10,2,sample_061698,0.8517340421676636,0.8920387625694275,0.8080309629440308,0.0966026708483696
multi-output BCE/MSE Loss small Dataset,Iron_deformed,best 10,3,sample_057378,0.8506970405578613,0.8697106838226318,0.7750091552734375,0.0814979821443557
multi-output BCE/MSE Loss small Dataset,Iron_deformed,best 10,4,sample_061827,0.8377218842506409,0.9112801551818848,0.8431164026260376,0.1477819979190826
multi-output BCE/MSE Loss small Dataset,Iron_deformed,best 10,5,sample_060863,0.8354900479316711,0.9159242510795592,0.8457739949226379,0.179895743727684
multi-output BCE/MSE Loss small Dataset,Iron_deformed,best 10,6,sample_056006,0.8308864831924438,0.8923889994621277,0.8057037591934204,0.1020005345344543
multi-output BCE/MSE Loss small Dataset,Iron_deformed,best 10,7,sample_054650,0.8138337731361389,0.8800966739654541,0.7886441946029663,0.0866767764091491
multi-output BCE/MSE Loss small Dataset,Iron_deformed,best 10,8,sample_053335,0.8009362816810608,0.8637097477912903,0.7646411657333374,0.0873226523399353
multi-output BCE/MSE Loss small Dataset,Iron_deformed,best 10,9,sample_053370,0.7949590682983398,0.8571499586105347,0.7524230480194092,0.0816574245691299
multi-output BCE/MSE Loss small Dataset,Iron_deformed,best 10,10,sample_054288,0.7949583530426025,0.8350377082824707,0.7174791097640991,0.1009839326143264
multi-output BCE/MSE Loss small Dataset,Iron_deformed,worst 10,1,sample_055274,0.3792054653167724,0.4407078325748443,0.3024601638317108,0.1593506336212158
multi-output BCE/MSE Loss small Dataset,Iron_deformed,worst 10,2,sample_057050,0.3802010715007782,0.407582938671112,0.3440000116825104,0.254753053188324
multi-output BCE/MSE Loss small Dataset,Iron_deformed,worst 10,3,sample_060701,0.3810585737228393,0.4411085546016693,0.39462810754776,0.2386426031589508
multi-output BCE/MSE Loss small Dataset,Iron_deformed,worst 10,4,sample_060909,0.3982282280921936,0.4322769343852997,0.3751516938209533,0.1497023254632949
multi-output BCE/MSE Loss small Dataset,Iron_deformed,worst 10,5,sample_057772,0.3994212746620178,0.497932493686676,0.3460780680179596,0.3321486711502075
multi-output BCE/MSE Loss small Dataset,Iron_deformed,worst 10,6,sample_054828,0.4007894098758697,0.4695667624473572,0.3194988369941711,0.2899039387702942
multi-output BCE/MSE Loss small Dataset,Iron_deformed,worst 10,7,sample_058305,0.4032310247421264,0.4238410592079162,0.3678160905838012,0.2968704104423523
multi-output BCE/MSE Loss small Dataset,Iron_deformed,worst 10,8,sample_057909,0.4098899364471435,0.4962595105171203,0.3496996164321899,0.2168488502502441
multi-output BCE/MSE Loss small Dataset,Iron_deformed,worst 10,9,sample_054612,0.4102686643600464,0.3806818127632141,0.307339459657669,0.1971425712108612
multi-output BCE/MSE Loss small Dataset,Iron_deformed,worst 10,10,sample_053604,0.411089688539505,0.3857142925262451,0.3139534890651703,0.2698949873447418
multi-output BCE/MSE Loss small Dataset,Ti7Al,best 10,1,sample_072121,0.8749548196792603,0.877112090587616,0.7853614091873169,0.0416436567902565
multi-output BCE/MSE Loss small Dataset,Ti7Al,best 10,2,sample_077316,0.8733140230178833,0.9061893820762634,0.8348913788795471,0.0377955362200737
multi-output BCE/MSE Loss small Dataset,Ti7Al,best 10,3,sample_071573,0.8628625273704529,0.918970227241516,0.8501306772232056,0.035836573690176
multi-output BCE/MSE Loss small Dataset,Ti7Al,best 10,4,sample_076483,0.8516272306442261,0.911790132522583,0.8382962942123413,0.0878969505429267
multi-output BCE/MSE Loss small Dataset,Ti7Al,best 10,5,sample_078368,0.8476088047027588,0.907732367515564,0.8387628793716431,0.0405874848365783
multi-output BCE/MSE Loss small Dataset,Ti7Al,best 10,6,sample_079397,0.8435348868370056,0.8707756996154785,0.7714468240737915,0.067771166563034
multi-output BCE/MSE Loss small Dataset,Ti7Al,best 10,7,sample_076108,0.8406053185462952,0.8648473024368286,0.7753051519393921,0.0661318898200988
multi-output BCE/MSE Loss small Dataset,Ti7Al,best 10,8,sample_076888,0.8358674645423889,0.8325539827346802,0.7135573625564575,0.0449921563267707
multi-output BCE/MSE Loss small Dataset,Ti7Al,best 10,9,sample_073451,0.8273968696594238,0.8669453859329224,0.7699679136276245,0.0427557341754436
multi-output BCE/MSE Loss small Dataset,Ti7Al,best 10,10,sample_071602,0.8111094236373901,0.8609720468521118,0.7588611841201782,0.0624475330114364
multi-output BCE/MSE Loss small Dataset,Ti7Al,worst 10,1,sample_079437,0.335238516330719,0.3697886168956756,0.2921054363250732,0.1172546744346618
multi-output BCE/MSE Loss small Dataset,Ti7Al,worst 10,2,sample_076423,0.3359360694885254,0.365566074848175,0.282206654548645,0.1072941422462463
multi-output BCE/MSE Loss small Dataset,Ti7Al,worst 10,3,sample_079572,0.3515945076942444,0.4185115098953247,0.3476915061473846,0.1308604776859283
multi-output BCE/MSE Loss small Dataset,Ti7Al,worst 10,4,sample_076790,0.3610940873622894,0.3780691027641296,0.3014805912971496,0.117872767150402
multi-output BCE/MSE Loss small Dataset,Ti7Al,worst 10,5,sample_079059,0.3803263902664184,0.3880324959754944,0.3006861805915832,0.1081752181053161
multi-output BCE/MSE Loss small Dataset,Ti7Al,worst 10,6,sample_072494,0.3820977509021759,0.4490682482719421,0.3589201867580414,0.1084193885326385
multi-output BCE/MSE Loss small Dataset,Ti7Al,worst 10,7,sample_071205,0.3827728927135467,0.4043932259082794,0.3118879795074463,0.1798431426286697
multi-output BCE/MSE Loss small Dataset,Ti7Al,worst 10,8,sample_075149,0.3834303617477417,0.4406826198101043,0.3727211058139801,0.1156599223613739
multi-output BCE/MSE Loss small Dataset,Ti7Al,worst 10,9,sample_075011,0.3919537663459778,0.4766426086425781,0.3815348744392395,0.1318623572587967
multi-output BCE/MSE Loss small Dataset,Ti7Al,worst 10,10,sample_074369,0.3937945365905761,0.368393212556839,0.2773402631282806,0.0792154669761657
multi-output Tversky Loss,Al,best 10,1,sample_024836,0.980074405670166,0.9961644411087036,0.9923656582832336,0.0236247479915618
multi-output Tversky Loss,Al,best 10,2,sample_024693,0.9799079895019532,0.996296525001526,0.9926208257675172,0.0260027702897787
multi-output Tversky Loss,Al,best 10,3,sample_019073,0.9798431992530824,0.9944393038749696,0.9889414310455322,0.0241331551223993
multi-output Tversky Loss,Al,best 10,4,sample_023573,0.9793472290039062,0.9945234060287476,0.9891290068626404,0.0253711901605129
multi-output Tversky Loss,Al,best 10,5,sample_018065,0.9793045520782472,0.9936804175376892,0.987462878227234,0.0218164678663015
multi-output Tversky Loss,Al,best 10,6,sample_024827,0.9791672825813292,0.9955164194107056,0.991097092628479,0.0303596630692482
multi-output Tversky Loss,Al,best 10,7,sample_024743,0.9789773225784302,0.9945148825645448,0.9890934228897096,0.0242483951151371
multi-output Tversky Loss,Al,best 10,8,sample_024795,0.9785538911819458,0.9925580024719238,0.9852835536003112,0.0228950940072536
multi-output Tversky Loss,Al,best 10,9,sample_024920,0.978070855140686,0.9956884384155272,0.991417407989502,0.0236396342515945
multi-output Tversky Loss,Al,best 10,10,sample_017827,0.9780004024505616,0.9953119158744812,0.9906675815582277,0.0262225233018398
multi-output Tversky Loss,Al,worst 10,1,sample_018971,0.4732826948165893,0.448954313993454,0.298391729593277,0.1697543263435363
multi-output Tversky Loss,Al,worst 10,2,sample_019559,0.491008847951889,0.4991998970508575,0.4984023571014404,0.01704703271389
multi-output Tversky Loss,Al,worst 10,3,sample_024238,0.6419275999069214,0.6836059093475342,0.5243152976036072,0.1771373450756073
multi-output Tversky Loss,Al,worst 10,4,sample_018498,0.731726884841919,0.7808411717414856,0.6580079793930054,0.102659948170185
multi-output Tversky Loss,Al,worst 10,5,sample_026539,0.8181796669960022,0.9707708358764648,0.9442694187164308,0.0335194021463394
multi-output Tversky Loss,Al,worst 10,6,sample_024794,0.8308118581771851,0.9852304458618164,0.970954656600952,0.1104756668210029
multi-output Tversky Loss,Al,worst 10,7,sample_024055,0.8482580184936523,0.8922362327575684,0.8081974983215332,0.0553093701601028
multi-output Tversky Loss,Al,worst 10,8,sample_020404,0.8701921701431274,0.9785190224647522,0.9581580758094788,0.0409145876765251
multi-output Tversky Loss,Al,worst 10,9,sample_020703,0.8821656703948975,0.9804575443267822,0.9618414044380188,0.1120670884847641
multi-output Tversky Loss,Al,worst 10,10,sample_023511,0.8873751163482666,0.9499484300613404,0.9063519835472108,0.0417593382298946
multi-output Tversky Loss,Al_big_grains,best 10,1,sample_008710,0.990971863269806,0.9984952807426452,0.9969996213912964,0.0102431885898113
multi-output Tversky Loss,Al_big_grains,best 10,2,sample_006744,0.9772292375564576,0.9921978712081908,0.9845346212387084,0.017549280077219
multi-output Tversky Loss,Al_big_grains,best 10,3,sample_000240,0.9768708348274232,0.990451991558075,0.98109370470047,0.0216936282813549
multi-output Tversky Loss,Al_big_grains,best 10,4,sample_005907,0.9763263463974,0.9902222752571106,0.9806358814239502,0.0200796946883201
multi-output Tversky Loss,Al_big_grains,best 10,5,sample_007139,0.9762315154075624,0.990364909172058,0.980914831161499,0.0195475313812494
multi-output Tversky Loss,Al_big_grains,best 10,6,sample_002782,0.9761860966682434,0.9895578622817992,0.9793390035629272,0.0195162910968065
multi-output Tversky Loss,Al_big_grains,best 10,7,sample_000609,0.9751803874969482,0.9898033142089844,0.9799001216888428,0.0210334323346614
multi-output Tversky Loss,Al_big_grains,best 10,8,sample_001956,0.975158393383026,0.9927159547805786,0.9855571985244752,0.0253089964389801
multi-output Tversky Loss,Al_big_grains,best 10,9,sample_000672,0.9750216603279114,0.9883102178573608,0.9769515991210938,0.0125245889648795
multi-output Tversky Loss,Al_big_grains,best 10,10,sample_000082,0.9747651815414428,0.990264654159546,0.9807218313217164,0.0229785852134227
multi-output Tversky Loss,Al_big_grains,worst 10,1,sample_001810,0.4890300929546356,0.4987515807151794,0.4975094199180603,0.0563262514770031
multi-output Tversky Loss,Al_big_grains,worst 10,2,sample_000445,0.4900459051132202,0.4976472854614258,0.495316594839096,0.0829943045973777
multi-output Tversky Loss,Al_big_grains,worst 10,3,sample_000639,0.5549413561820984,0.6418738961219788,0.5033363103866577,0.1779579520225525
multi-output Tversky Loss,Al_big_grains,worst 10,4,sample_003731,0.5584836006164551,0.5925052762031555,0.5369320511817932,0.1595959812402725
multi-output Tversky Loss,Al_big_grains,worst 10,5,sample_007472,0.5995714068412781,0.7022794485092163,0.541739821434021,0.0719417408108711
multi-output Tversky Loss,Al_big_grains,worst 10,6,sample_007968,0.6571784019470215,0.7223870754241943,0.5681520700454712,0.2452020943164825
multi-output Tversky Loss,Al_big_grains,worst 10,7,sample_004241,0.721817672252655,0.7716040015220642,0.6284445524215698,0.121220588684082
multi-output Tversky Loss,Al_big_grains,worst 10,8,sample_008005,0.7292553782463074,0.7892190217971802,0.6535447835922241,0.1287047713994979
multi-output Tversky Loss,Al_big_grains,worst 10,9,sample_001159,0.7293685674667358,0.8684126138687134,0.7769944667816162,0.0733416453003883
multi-output Tversky Loss,Al_big_grains,worst 10,10,sample_001299,0.7332130670547485,0.8505467176437378,0.7647885084152222,0.0810828655958175
multi-output Tversky Loss,Al_deformed_LoG,best 10,1,sample_014314,0.9719064235687256,0.9830617904663086,0.9666904211044312,0.0173948369920253
multi-output Tversky Loss,Al_deformed_LoG,best 10,2,sample_011676,0.970718264579773,0.9811789989471436,0.9631277918815612,0.0199149213731288
multi-output Tversky Loss,Al_deformed_LoG,best 10,3,sample_014924,0.970699906349182,0.9843501448631288,0.9692124128341676,0.0162153746932744
multi-output Tversky Loss,Al_deformed_LoG,best 10,4,sample_009474,0.9700557589530944,0.9824161529541016,0.96568763256073,0.0219347160309553
multi-output Tversky Loss,Al_deformed_LoG,best 10,5,sample_009695,0.9691666960716248,0.983230471611023,0.9670404195785522,0.0251449979841709
multi-output Tversky Loss,Al_deformed_LoG,best 10,6,sample_012128,0.9685013294219972,0.9789661169052124,0.9589253664016724,0.0144248707219958
multi-output Tversky Loss,Al_deformed_LoG,best 10,7,sample_014143,0.968291401863098,0.97978013753891,0.9603667259216307,0.0239577796310186
multi-output Tversky Loss,Al_deformed_LoG,best 10,8,sample_015821,0.9680578112602234,0.9784151315689088,0.957795262336731,0.0173213928937912
multi-output Tversky Loss,Al_deformed_LoG,best 10,9,sample_017173,0.9678345918655396,0.9805876612663268,0.9621298909187316,0.0167432688176631
multi-output Tversky Loss,Al_deformed_LoG,best 10,10,sample_013093,0.9676573276519777,0.9776675701141356,0.956324815750122,0.020228799432516
multi-output Tversky Loss,Al_deformed_LoG,worst 10,1,sample_010082,0.8541344404220581,0.928240954875946,0.8663390278816223,0.100203588604927
multi-output Tversky Loss,Al_deformed_LoG,worst 10,2,sample_009435,0.8577483892440796,0.944480299949646,0.8952895998954773,0.1009734123945236
multi-output Tversky Loss,Al_deformed_LoG,worst 10,3,sample_012373,0.8737505674362183,0.9181420803070068,0.8491364121437073,0.0652862191200256
multi-output Tversky Loss,Al_deformed_LoG,worst 10,4,sample_012216,0.87577223777771,0.9360193610191344,0.8804013729095459,0.0890062376856803
multi-output Tversky Loss,Al_deformed_LoG,worst 10,5,sample_011927,0.8761004209518433,0.9228943586349488,0.8573207855224609,0.0781814604997634
multi-output Tversky Loss,Al_deformed_LoG,worst 10,6,sample_012855,0.8780934810638428,0.9279352426528932,0.8659567832946777,0.0684518739581108
multi-output Tversky Loss,Al_deformed_LoG,worst 10,7,sample_016560,0.8802137970924377,0.9748388528823853,0.950978934764862,0.0650033727288246
multi-output Tversky Loss,Al_deformed_LoG,worst 10,8,sample_010427,0.881218433380127,0.9048639535903932,0.8262577056884766,0.0672240555286407
multi-output Tversky Loss,Al_deformed_LoG,worst 10,9,sample_010066,0.8837819695472717,0.9339765906333924,0.8761358261108398,0.0793281495571136
multi-output Tversky Loss,Al_deformed_LoG,worst 10,10,sample_009448,0.8848205208778381,0.9104437232017516,0.8357646465301514,0.0618414841592311
multi-output Tversky Loss,Al_small_grains,best 10,1,sample_030055,0.9728028774261476,0.987062394618988,0.9745126962661744,0.0275418236851692
multi-output Tversky Loss,Al_small_grains,best 10,2,sample_035302,0.9715397357940674,0.9857336282730104,0.9718908071517944,0.0286869332194328
multi-output Tversky Loss,Al_small_grains,best 10,3,sample_032968,0.967107892036438,0.9754713773727416,0.952366054058075,0.0220200903713703
multi-output Tversky Loss,Al_small_grains,best 10,4,sample_035390,0.964455246925354,0.9780796766281128,0.9572418928146362,0.0301543436944484
multi-output Tversky Loss,Al_small_grains,best 10,5,sample_031478,0.9636387825012208,0.9764525890350342,0.9541949033737184,0.0322245322167873
multi-output Tversky Loss,Al_small_grains,best 10,6,sample_032604,0.9635945558547974,0.9779387712478638,0.9570854306221008,0.0269273351877927
multi-output Tversky Loss,Al_small_grains,best 10,7,sample_033488,0.9627397060394288,0.9738751649856568,0.9490926265716552,0.0298663824796676
multi-output Tversky Loss,Al_small_grains,best 10,8,sample_031355,0.9606599807739258,0.9712579250335692,0.9441361427307128,0.0269098039716482
multi-output Tversky Loss,Al_small_grains,best 10,9,sample_030579,0.9606516361236572,0.9737497568130492,0.9490194320678712,0.0252342876046895
multi-output Tversky Loss,Al_small_grains,best 10,10,sample_033335,0.9603581428527832,0.9730970859527588,0.9476039409637452,0.0271902717649936
multi-output Tversky Loss,Al_small_grains,worst 10,1,sample_033796,0.4931340515613556,0.5181959271430969,0.4352064728736877,0.1829737722873687
multi-output Tversky Loss,Al_small_grains,worst 10,2,sample_027971,0.5962444543838501,0.6577441096305847,0.4900327920913696,0.2341290265321731
multi-output Tversky Loss,Al_small_grains,worst 10,3,sample_030707,0.6603130102157593,0.7335149049758911,0.5868682861328125,0.1502070277929306
multi-output Tversky Loss,Al_small_grains,worst 10,4,sample_034420,0.722618579864502,0.8165042400360107,0.693885326385498,0.1196076422929763
multi-output Tversky Loss,Al_small_grains,worst 10,5,sample_034131,0.7349643707275391,0.8276833295822144,0.724085807800293,0.1833518892526626
multi-output Tversky Loss,Al_small_grains,worst 10,6,sample_028382,0.7973438501358032,0.8710384368896484,0.7789696455001831,0.0755840465426445
multi-output Tversky Loss,Al_small_grains,worst 10,7,sample_027792,0.8100084066390991,0.9518873691558838,0.9086727499961852,0.0361538045108318
multi-output Tversky Loss,Al_small_grains,worst 10,8,sample_034052,0.8321945667266846,0.896073579788208,0.8175859451293945,0.0471295453608036
multi-output Tversky Loss,Al_small_grains,worst 10,9,sample_027058,0.8357536792755127,0.9463084936141968,0.8980900049209595,0.10013098269701
multi-output Tversky Loss,Al_small_grains,worst 10,10,sample_027589,0.8467174768447876,0.8905411958694458,0.8055334091186523,0.0847057104110717
multi-output Tversky Loss,Cu,best 10,1,sample_042391,0.96285879611969,0.9732223749160768,0.9478662014007568,0.0251669865101575
multi-output Tversky Loss,Cu,best 10,2,sample_037001,0.9623652696609496,0.9676153659820556,0.9376252293586732,0.0147411283105611
multi-output Tversky Loss,Cu,best 10,3,sample_040988,0.9608980417251588,0.9701273441314696,0.9420654773712158,0.0202770717442035
multi-output Tversky Loss,Cu,best 10,4,sample_043667,0.9574130773544312,0.9667865037918092,0.9357379078865052,0.0302077755331993
multi-output Tversky Loss,Cu,best 10,5,sample_042097,0.9561315774917604,0.9608200192451476,0.9246363043785096,0.0171509534120559
multi-output Tversky Loss,Cu,best 10,6,sample_037395,0.955864191055298,0.9653003811836244,0.932957410812378,0.0293993726372718
multi-output Tversky Loss,Cu,best 10,7,sample_036022,0.954885482788086,0.9609978199005128,0.9251470565795898,0.0153624583035707
multi-output Tversky Loss,Cu,best 10,8,sample_038119,0.9545600414276124,0.9613156318664552,0.9255461096763612,0.0254255104809999
multi-output Tversky Loss,Cu,best 10,9,sample_035746,0.9544315338134766,0.963587522506714,0.9297369718551636,0.0205523297190666
multi-output Tversky Loss,Cu,best 10,10,sample_043694,0.9541426301002502,0.960451364517212,0.9242008924484252,0.0314664877951145
multi-output Tversky Loss,Cu,worst 10,1,sample_043225,0.4914700090885162,0.6746772527694702,0.5104527473449707,0.3645434081554413
multi-output Tversky Loss,Cu,worst 10,2,sample_036381,0.586990475654602,0.7663350105285645,0.6289215683937073,0.2663676738739013
multi-output Tversky Loss,Cu,worst 10,3,sample_037718,0.7359902858734131,0.8622166514396667,0.769216775894165,0.0623131617903709
multi-output Tversky Loss,Cu,worst 10,4,sample_041240,0.7651223540306091,0.890776515007019,0.803317666053772,0.0757177323102951
multi-output Tversky Loss,Cu,worst 10,5,sample_039559,0.7651858925819397,0.9129528999328612,0.839929461479187,0.0889293849468231
multi-output Tversky Loss,Cu,worst 10,6,sample_037721,0.7687746286392212,0.8010203838348389,0.6795311570167542,0.101107507944107
multi-output Tversky Loss,Cu,worst 10,7,sample_040309,0.7733613848686218,0.9114552736282348,0.8376307487487793,0.0704002305865287
multi-output Tversky Loss,Cu,worst 10,8,sample_038171,0.7783454656600952,0.949759840965271,0.9043335318565368,0.1710980832576751
multi-output Tversky Loss,Cu,worst 10,9,sample_036301,0.7791870832443237,0.8490644693374634,0.7377232313156128,0.1298884898424148
multi-output Tversky Loss,Cu,worst 10,10,sample_039525,0.7828415632247925,0.9604944586753844,0.9240000247955322,0.1370134800672531
multi-output Tversky Loss,IN718_twins,best 10,1,sample_049582,0.9832607507705688,0.9988685846328736,0.997739851474762,0.0223491359502077
multi-output Tversky Loss,IN718_twins,best 10,2,sample_047544,0.9825329780578612,0.99676775932312,0.9935572147369384,0.0194600038230419
multi-output Tversky Loss,IN718_twins,best 10,3,sample_049720,0.9822814464569092,0.9989193677902222,0.9978411197662354,0.0247876998037099
multi-output Tversky Loss,IN718_twins,best 10,4,sample_046070,0.9821428060531616,0.997903287410736,0.9958158731460572,0.0219274349510669
multi-output Tversky Loss,IN718_twins,best 10,5,sample_050981,0.982024908065796,0.9969806671142578,0.9939796328544616,0.0251114331185817
multi-output Tversky Loss,IN718_twins,best 10,6,sample_045737,0.9818782806396484,0.9969106316566468,0.9938415288925172,0.0263652987778186
multi-output Tversky Loss,IN718_twins,best 10,7,sample_045237,0.9817996621131896,0.9964274764060974,0.9928865432739258,0.0192122031003236
multi-output Tversky Loss,IN718_twins,best 10,8,sample_047139,0.981766939163208,0.9986536502838136,0.997310996055603,0.0284085236489772
multi-output Tversky Loss,IN718_twins,best 10,9,sample_047142,0.9817640781402588,0.9982792139053344,0.9965648651123048,0.0265907160937786
multi-output Tversky Loss,IN718_twins,best 10,10,sample_051362,0.981603980064392,0.9976084232330322,0.9952324628829956,0.0194529276341199
multi-output Tversky Loss,IN718_twins,worst 10,1,sample_051940,0.503898561000824,0.5585404634475708,0.4211497008800506,0.3172043859958648
multi-output Tversky Loss,IN718_twins,worst 10,2,sample_052044,0.5400629043579102,0.5624908804893494,0.4657894074916839,0.3014333844184875
multi-output Tversky Loss,IN718_twins,worst 10,3,sample_049435,0.5550358891487122,0.6091330051422119,0.4380540549755096,0.2654930055141449
multi-output Tversky Loss,IN718_twins,worst 10,4,sample_053080,0.591404914855957,0.5965158939361572,0.4251428842544555,0.1789943426847458
multi-output Tversky Loss,IN718_twins,worst 10,5,sample_052708,0.650007426738739,0.6886234283447266,0.525408923625946,0.2648079395294189
multi-output Tversky Loss,IN718_twins,worst 10,6,sample_052172,0.6915335655212402,0.6988222599029541,0.5382629036903381,0.1201408505439758
multi-output Tversky Loss,IN718_twins,worst 10,7,sample_048738,0.7378337383270264,0.7510044574737549,0.6015035510063171,0.0657283067703247
multi-output Tversky Loss,IN718_twins,worst 10,8,sample_047951,0.7478486895561218,0.7787157893180847,0.6379439234733582,0.1305917203426361
multi-output Tversky Loss,IN718_twins,worst 10,9,sample_049312,0.7546231150627136,0.7887826561927795,0.651889979839325,0.1351872980594635
multi-output Tversky Loss,IN718_twins,worst 10,10,sample_049849,0.7758491039276123,0.8448630571365356,0.7389706373214722,0.2206979691982269
multi-output Tversky Loss,Iron,best 10,1,sample_064309,0.970300018787384,0.9800137281417848,0.9609163999557496,0.0204290263354778
multi-output Tversky Loss,Iron,best 10,2,sample_064046,0.96854829788208,0.9876259565353394,0.9755554795265198,0.0309447459876537
multi-output Tversky Loss,Iron,best 10,3,sample_064568,0.9673765301704408,0.984567642211914,0.969612956047058,0.0192841533571481
multi-output Tversky Loss,Iron,best 10,4,sample_067106,0.9667989611625672,0.974650263786316,0.9506616592407228,0.0134223038330674
multi-output Tversky Loss,Iron,best 10,5,sample_064668,0.9666723012924194,0.979321539402008,0.9594815969467164,0.0225192811340093
multi-output Tversky Loss,Iron,best 10,6,sample_064907,0.9645551443099976,0.9800295829772948,0.9609030485153198,0.0288481190800666
multi-output Tversky Loss,Iron,best 10,7,sample_065195,0.9640374779701232,0.9732547402381896,0.9479910135269164,0.0202580150216817
multi-output Tversky Loss,Iron,best 10,8,sample_069933,0.9640353322029114,0.977461576461792,0.9559294581413268,0.0259829945862293
multi-output Tversky Loss,Iron,best 10,9,sample_069264,0.9633451700210572,0.9757291078567504,0.953092098236084,0.0131266936659812
multi-output Tversky Loss,Iron,best 10,10,sample_064181,0.963190734386444,0.9757647514343262,0.9529997706413268,0.0141322147101163
multi-output Tversky Loss,Iron,worst 10,1,sample_066140,0.5114235281944275,0.6832271814346313,0.5421187877655029,0.2505425810813904
multi-output Tversky Loss,Iron,worst 10,2,sample_066301,0.5618026256561279,0.7863297462463379,0.6717007756233215,0.2688133716583252
multi-output Tversky Loss,Iron,worst 10,3,sample_068992,0.6647762656211853,0.7326487898826599,0.5974366664886475,0.1630094647407531
multi-output Tversky Loss,Iron,worst 10,4,sample_063389,0.7669448852539062,0.8662304878234863,0.7848540544509888,0.0467007830739021
multi-output Tversky Loss,Iron,worst 10,5,sample_064347,0.7813197374343872,0.7901756763458252,0.6591793298721313,0.0604902356863021
multi-output Tversky Loss,Iron,worst 10,6,sample_063951,0.7841656804084778,0.90947425365448,0.8396943807601929,0.139808714389801
multi-output Tversky Loss,Iron,worst 10,7,sample_064556,0.7852951884269714,0.8417713642120361,0.756651759147644,0.0131616266444325
multi-output Tversky Loss,Iron,worst 10,8,sample_062967,0.7936244010925293,0.9489334225654602,0.9039812684059144,0.0788189321756362
multi-output Tversky Loss,Iron,worst 10,9,sample_068538,0.8022869825363159,0.9661940336227416,0.9346910119056702,0.0897340252995491
multi-output Tversky Loss,Iron,worst 10,10,sample_064543,0.8059577941894531,0.9505847096443176,0.906015694141388,0.0701620504260063
multi-output Tversky Loss,Iron_deformed,best 10,1,sample_055953,0.9651964902877808,0.975921094417572,0.9530903100967408,0.0101989973336458
multi-output Tversky Loss,Iron_deformed,best 10,2,sample_054288,0.963564157485962,0.9736585021018982,0.9486702680587769,0.0222193710505962
multi-output Tversky Loss,Iron_deformed,best 10,3,sample_057584,0.963342785835266,0.9752413034439088,0.9517035484313964,0.0168490968644619
multi-output Tversky Loss,Iron_deformed,best 10,4,sample_061881,0.9632556438446044,0.9739930629730223,0.949317455291748,0.0250669419765472
multi-output Tversky Loss,Iron_deformed,best 10,5,sample_060043,0.9630513191223145,0.9726415872573853,0.9467782974243164,0.0148737337440252
multi-output Tversky Loss,Iron_deformed,best 10,6,sample_053335,0.962209701538086,0.973326563835144,0.9480390548706056,0.019211946055293
multi-output Tversky Loss,Iron_deformed,best 10,7,sample_060569,0.9613395929336548,0.9769920110702516,0.9550210237503052,0.0209069736301898
multi-output Tversky Loss,Iron_deformed,best 10,8,sample_054521,0.9613059163093568,0.9700071811676024,0.9417680501937866,0.020147169008851
multi-output Tversky Loss,Iron_deformed,best 10,9,sample_060831,0.961048424243927,0.9758256077766418,0.9528603553771972,0.026795033365488
multi-output Tversky Loss,Iron_deformed,best 10,10,sample_061758,0.9605113863945008,0.97038596868515,0.9426084756851196,0.0254237130284309
multi-output Tversky Loss,Iron_deformed,worst 10,1,sample_057275,0.4377136826515198,0.468410313129425,0.4405750930309295,0.1308973878622055
multi-output Tversky Loss,Iron_deformed,worst 10,2,sample_058762,0.6426726579666138,0.7163758873939514,0.5594487190246582,0.1402720808982849
multi-output Tversky Loss,Iron_deformed,worst 10,3,sample_061725,0.6660724878311157,0.7664285898208618,0.6215962171554565,0.1957488507032394
multi-output Tversky Loss,Iron_deformed,worst 10,4,sample_057439,0.6668500304222107,0.6447916626930237,0.47805917263031,0.0925283282995224
multi-output Tversky Loss,Iron_deformed,worst 10,5,sample_059535,0.7215249538421631,0.8257104754447937,0.7062580585479736,0.1557146906852722
multi-output Tversky Loss,Iron_deformed,worst 10,6,sample_059576,0.7602951526641846,0.8642539381980896,0.7640984058380127,0.1310389041900634
multi-output Tversky Loss,Iron_deformed,worst 10,7,sample_059722,0.7740013599395752,0.839308500289917,0.7446887493133545,0.0536528825759887
multi-output Tversky Loss,Iron_deformed,worst 10,8,sample_060839,0.7769016623497009,0.83154296875,0.7117056846618652,0.0855877250432968
multi-output Tversky Loss,Iron_deformed,worst 10,9,sample_058305,0.7805336117744446,0.8498605489730835,0.7398679256439209,0.1751950234174728
multi-output Tversky Loss,Iron_deformed,worst 10,10,sample_055515,0.7826200723648071,0.9272018671035768,0.867856502532959,0.0509307123720645
multi-output Tversky Loss,Ti7Al,best 10,1,sample_079138,0.9911455512046814,0.998064398765564,0.9961438179016112,0.0069658448919653
multi-output Tversky Loss,Ti7Al,best 10,2,sample_077653,0.990885615348816,0.9983130693435668,0.996637523174286,0.0097683975473046
multi-output Tversky Loss,Ti7Al,best 10,3,sample_079448,0.9753108024597168,0.9905657768249512,0.9813108444213868,0.0165905952453613
multi-output Tversky Loss,Ti7Al,best 10,4,sample_071760,0.975264012813568,0.9897373914718628,0.979720175266266,0.0152418864890933
multi-output Tversky Loss,Ti7Al,best 10,5,sample_078873,0.9725308418273926,0.9836441874504088,0.967888593673706,0.0158182103186845
multi-output Tversky Loss,Ti7Al,best 10,6,sample_074550,0.9724037051200868,0.9862807989120485,0.9729330539703368,0.0188652612268924
multi-output Tversky Loss,Ti7Al,best 10,7,sample_073407,0.9722360968589784,0.9847170114517212,0.9700218439102172,0.0150828789919614
multi-output Tversky Loss,Ti7Al,best 10,8,sample_075119,0.9717490673065186,0.9834680557250975,0.967717170715332,0.0140506923198699
multi-output Tversky Loss,Ti7Al,best 10,9,sample_076045,0.9716520309448242,0.988418459892273,0.9771105647087096,0.0173535980284214
multi-output Tversky Loss,Ti7Al,best 10,10,sample_075665,0.9715368747711182,0.9831409454345704,0.96712726354599,0.0110068302601575
multi-output Tversky Loss,Ti7Al,worst 10,1,sample_078672,0.39978688955307,0.3704636693000793,0.242164134979248,0.1349132359027862
multi-output Tversky Loss,Ti7Al,worst 10,2,sample_079887,0.4053845107555389,0.4521474838256836,0.4126543998718261,0.2017643451690673
multi-output Tversky Loss,Ti7Al,worst 10,3,sample_073272,0.4606172442436218,0.4166925847530365,0.2782127857208252,0.124135784804821
multi-output Tversky Loss,Ti7Al,worst 10,4,sample_078131,0.4815503656864166,0.5504040122032166,0.3900672197341919,0.2358172833919525
multi-output Tversky Loss,Ti7Al,worst 10,5,sample_075274,0.4848494529724121,0.5403565764427185,0.3708088994026184,0.1081113740801811
multi-output Tversky Loss,Ti7Al,worst 10,6,sample_077570,0.5185304880142212,0.5579969882965088,0.4032182395458221,0.148089200258255
multi-output Tversky Loss,Ti7Al,worst 10,7,sample_078009,0.5228045582771301,0.5441691875457764,0.3804383873939514,0.1381303071975708
multi-output Tversky Loss,Ti7Al,worst 10,8,sample_076699,0.5325864553451538,0.6987912654876709,0.5410040616989136,0.1887102127075195
multi-output Tversky Loss,Ti7Al,worst 10,9,sample_073381,0.5875246524810791,0.613548755645752,0.5615590214729309,0.0267961919307708
multi-output Tversky Loss,Ti7Al,worst 10,10,sample_072952,0.6549556255340576,0.770127534866333,0.6422677040100098,0.1695445328950882
multi-output Tversky Loss ReduceLROnPlateau,Al,best 10,1,sample_024827,0.98284649848938,0.9908366203308104,0.9818423986434937,0.0183935090899467
multi-output Tversky Loss ReduceLROnPlateau,Al,best 10,2,sample_024836,0.981513738632202,0.9905019402503968,0.981190264225006,0.0153489420190453
multi-output Tversky Loss ReduceLROnPlateau,Al,best 10,3,sample_019073,0.9814709424972534,0.9896440505981444,0.9795105457305908,0.0162471551448106
multi-output Tversky Loss ReduceLROnPlateau,Al,best 10,4,sample_023573,0.9800387024879456,0.9889399409294128,0.978142499923706,0.0172684174031019
multi-output Tversky Loss ReduceLROnPlateau,Al,best 10,5,sample_024693,0.9799378514289856,0.9872221946716307,0.974804162979126,0.0156852286309003
multi-output Tversky Loss ReduceLROnPlateau,Al,best 10,6,sample_023009,0.9795992374420166,0.9859850406646729,0.9723873138427734,0.01795195043087
multi-output Tversky Loss ReduceLROnPlateau,Al,best 10,7,sample_022095,0.979411244392395,0.9902755618095398,0.9807706475257874,0.0232254080474376
multi-output Tversky Loss ReduceLROnPlateau,Al,best 10,8,sample_025254,0.9781196713447572,0.9852137565612792,0.9709056615829468,0.0190868098288774
multi-output Tversky Loss ReduceLROnPlateau,Al,best 10,9,sample_024743,0.9778352379798888,0.9875479936599731,0.9754042625427246,0.017581820487976
multi-output Tversky Loss ReduceLROnPlateau,Al,best 10,10,sample_018971,0.9772899150848388,0.9850398302078248,0.970542311668396,0.0184223670512437
multi-output Tversky Loss ReduceLROnPlateau,Al,worst 10,1,sample_026164,0.4311233758926391,0.39107745885849,0.30087411403656,0.2236707657575607
multi-output Tversky Loss ReduceLROnPlateau,Al,worst 10,2,sample_023199,0.4669862687587738,0.502856969833374,0.3757238984107971,0.3022059202194214
multi-output Tversky Loss ReduceLROnPlateau,Al,worst 10,3,sample_019559,0.4824424982070923,0.4920724034309387,0.4843922853469848,0.0253325533121824
multi-output Tversky Loss ReduceLROnPlateau,Al,worst 10,4,sample_026539,0.798416256904602,0.9401962757110596,0.8909753561019897,0.0354679748415946
multi-output Tversky Loss ReduceLROnPlateau,Al,worst 10,5,sample_020404,0.7997035980224609,0.9718085527420044,0.9453927874565125,0.1168908178806305
multi-output Tversky Loss ReduceLROnPlateau,Al,worst 10,6,sample_025384,0.8017361164093018,0.8529515266418457,0.7639768123626709,0.0164361279457807
multi-output Tversky Loss ReduceLROnPlateau,Al,worst 10,7,sample_023511,0.8053813576698303,0.8627629280090332,0.7769190073013306,0.0403600297868251
multi-output Tversky Loss ReduceLROnPlateau,Al,worst 10,8,sample_019796,0.8243245482444763,0.811897873878479,0.6966931819915771,0.0884264409542083
multi-output Tversky Loss ReduceLROnPlateau,Al,worst 10,9,sample_024794,0.8291286826133728,0.9779521226882936,0.9571452140808104,0.1024542301893234
multi-output Tversky Loss ReduceLROnPlateau,Al,worst 10,10,sample_022545,0.8302314877510071,0.9682741165161132,0.9385436177253724,0.110344760119915
multi-output Tversky Loss ReduceLROnPlateau,Al_big_grains,best 10,1,sample_008710,0.9870372414588928,0.9895541667938232,0.9795358180999756,0.0072579882107675
multi-output Tversky Loss ReduceLROnPlateau,Al_big_grains,best 10,2,sample_000043,0.9810010194778442,0.9897772073745728,0.9797697067260742,0.017730463296175
multi-output Tversky Loss ReduceLROnPlateau,Al_big_grains,best 10,3,sample_000600,0.9785748720169068,0.9929845333099364,0.9860668778419496,0.0276546254754066
multi-output Tversky Loss ReduceLROnPlateau,Al_big_grains,best 10,4,sample_005907,0.9784135818481444,0.984510600566864,0.9695030450820924,0.012817969545722
multi-output Tversky Loss ReduceLROnPlateau,Al_big_grains,best 10,5,sample_007139,0.9774088859558104,0.9848693609237672,0.9701921939849854,0.0132358493283391
multi-output Tversky Loss ReduceLROnPlateau,Al_big_grains,best 10,6,sample_001956,0.9769253134727478,0.9913507103919984,0.9828606843948364,0.021265123039484
multi-output Tversky Loss ReduceLROnPlateau,Al_big_grains,best 10,7,sample_000240,0.9761077165603638,0.9861898422241212,0.9727692008018494,0.0185552537441253
multi-output Tversky Loss ReduceLROnPlateau,Al_big_grains,best 10,8,sample_002782,0.9756057262420654,0.983307123184204,0.9671911001205444,0.014594548381865
multi-output Tversky Loss ReduceLROnPlateau,Al_big_grains,best 10,9,sample_000116,0.9753485918045044,0.9876227378845216,0.9755594730377196,0.0169098116457462
multi-output Tversky Loss ReduceLROnPlateau,Al_big_grains,best 10,10,sample_006744,0.9747509956359864,0.9843374490737916,0.9691597819328308,0.0139346020296216
multi-output Tversky Loss ReduceLROnPlateau,Al_big_grains,worst 10,1,sample_003501,0.2610694169998169,0.32455575466156,0.2139424681663513,0.2521749436855316
multi-output Tversky Loss ReduceLROnPlateau,Al_big_grains,worst 10,2,sample_001810,0.4895938634872436,0.4957155585289001,0.4915039241313934,0.0515496619045734
multi-output Tversky Loss ReduceLROnPlateau,Al_big_grains,worst 10,3,sample_000445,0.4933041930198669,0.4918760657310486,0.4840118885040283,0.0772126615047454
multi-output Tversky Loss ReduceLROnPlateau,Al_big_grains,worst 10,4,sample_001897,0.5407081246376038,0.6797087788581848,0.5238342881202698,0.3043938279151916
multi-output Tversky Loss ReduceLROnPlateau,Al_big_grains,worst 10,5,sample_007445,0.5483430624008179,0.4927691519260406,0.3778499960899353,0.0694326311349868
multi-output Tversky Loss ReduceLROnPlateau,Al_big_grains,worst 10,6,sample_008276,0.6077809929847717,0.6198791861534119,0.4501152038574219,0.0755234360694885
multi-output Tversky Loss ReduceLROnPlateau,Al_big_grains,worst 10,7,sample_007825,0.6390897631645203,0.7725387811660767,0.6296064257621765,0.133160650730133
multi-output Tversky Loss ReduceLROnPlateau,Al_big_grains,worst 10,8,sample_003894,0.6489304304122925,0.7218014001846313,0.630476713180542,0.0714613273739814
multi-output Tversky Loss ReduceLROnPlateau,Al_big_grains,worst 10,9,sample_002692,0.6747910380363464,0.7342931628227234,0.6508648991584778,0.0333315916359424
multi-output Tversky Loss ReduceLROnPlateau,Al_big_grains,worst 10,10,sample_005458,0.6946887969970703,0.7869585752487183,0.6881244778633118,0.0250274613499641
multi-output Tversky Loss ReduceLROnPlateau,Al_deformed_LoG,best 10,1,sample_009695,0.970445156097412,0.9747356176376344,0.9507379531860352,0.0156638268381357
multi-output Tversky Loss ReduceLROnPlateau,Al_deformed_LoG,best 10,2,sample_014924,0.9696975946426392,0.9761786460876464,0.9534691572189332,0.0118631785735487
multi-output Tversky Loss ReduceLROnPlateau,Al_deformed_LoG,best 10,3,sample_009474,0.96787029504776,0.9728270769119264,0.9471665620803832,0.0162736810743808
multi-output Tversky Loss ReduceLROnPlateau,Al_deformed_LoG,best 10,4,sample_014314,0.9658325910568236,0.9673516750335692,0.936887264251709,0.0121645964682102
multi-output Tversky Loss ReduceLROnPlateau,Al_deformed_LoG,best 10,5,sample_009394,0.9650999903678894,0.966349482536316,0.9348911046981812,0.0164195280522108
multi-output Tversky Loss ReduceLROnPlateau,Al_deformed_LoG,best 10,6,sample_015046,0.9634050130844116,0.9695984721183776,0.9410369992256165,0.0152461268007755
multi-output Tversky Loss ReduceLROnPlateau,Al_deformed_LoG,best 10,7,sample_017475,0.962643265724182,0.9624243974685668,0.9279590845108032,0.0123748118057847
multi-output Tversky Loss ReduceLROnPlateau,Al_deformed_LoG,best 10,8,sample_017173,0.9621618390083312,0.96525639295578,0.9330410361289978,0.0118648521602153
multi-output Tversky Loss ReduceLROnPlateau,Al_deformed_LoG,best 10,9,sample_013093,0.9618272185325624,0.9616068601608276,0.9260578155517578,0.0133698089048266
multi-output Tversky Loss ReduceLROnPlateau,Al_deformed_LoG,best 10,10,sample_017010,0.9618114233016968,0.9668477177619934,0.9360741376876832,0.0116021819412708
multi-output Tversky Loss ReduceLROnPlateau,Al_deformed_LoG,worst 10,1,sample_009530,0.777979850769043,0.8470728993415833,0.7352268695831299,0.1141113340854644
multi-output Tversky Loss ReduceLROnPlateau,Al_deformed_LoG,worst 10,2,sample_012855,0.7824745774269104,0.913204789161682,0.8408199548721313,0.1382067650556564
multi-output Tversky Loss ReduceLROnPlateau,Al_deformed_LoG,worst 10,3,sample_015385,0.8069134950637817,0.8858540058135986,0.7953554391860962,0.1381254494190216
multi-output Tversky Loss ReduceLROnPlateau,Al_deformed_LoG,worst 10,4,sample_011684,0.8150899410247803,0.9327847957611084,0.8740376830101013,0.1055298447608947
multi-output Tversky Loss ReduceLROnPlateau,Al_deformed_LoG,worst 10,5,sample_009448,0.8233389854431152,0.8947044610977173,0.8094757795333862,0.1191316992044448
multi-output Tversky Loss ReduceLROnPlateau,Al_deformed_LoG,worst 10,6,sample_014205,0.824138879776001,0.9189263582229614,0.850013017654419,0.1118754744529724
multi-output Tversky Loss ReduceLROnPlateau,Al_deformed_LoG,worst 10,7,sample_010082,0.8288542032241821,0.9110217094421388,0.8367270231246948,0.1137315928936004
multi-output Tversky Loss ReduceLROnPlateau,Al_deformed_LoG,worst 10,8,sample_009435,0.8297029733657837,0.9280015230178832,0.8659560680389404,0.1144817993044853
multi-output Tversky Loss ReduceLROnPlateau,Al_deformed_LoG,worst 10,9,sample_010066,0.8305121064186096,0.9170417785644532,0.8467941284179688,0.1238068342208862
multi-output Tversky Loss ReduceLROnPlateau,Al_deformed_LoG,worst 10,10,sample_016560,0.8316859006881714,0.955819845199585,0.9154037833213806,0.085209384560585
multi-output Tversky Loss ReduceLROnPlateau,Al_small_grains,best 10,1,sample_030055,0.9784238934516908,0.9851276874542236,0.9707390069961548,0.0162844602018594
multi-output Tversky Loss ReduceLROnPlateau,Al_small_grains,best 10,2,sample_035302,0.971191704273224,0.9807321429252625,0.9622244834899902,0.0234763845801353
multi-output Tversky Loss ReduceLROnPlateau,Al_small_grains,best 10,3,sample_032968,0.9662659168243408,0.9724104404449464,0.9464356899261476,0.0171584300696849
multi-output Tversky Loss ReduceLROnPlateau,Al_small_grains,best 10,4,sample_035390,0.9632629156112672,0.9696063995361328,0.9412115216255188,0.0225261636078357
multi-output Tversky Loss ReduceLROnPlateau,Al_small_grains,best 10,5,sample_028985,0.9619685411453248,0.9718153476715088,0.9452841281890868,0.0191723480820655
multi-output Tversky Loss ReduceLROnPlateau,Al_small_grains,best 10,6,sample_026712,0.9613301753997804,0.9643677473068236,0.931214451789856,0.0198035892099142
multi-output Tversky Loss ReduceLROnPlateau,Al_small_grains,best 10,7,sample_031478,0.961315929889679,0.9696689248085022,0.9413820505142212,0.0267453901469707
multi-output Tversky Loss ReduceLROnPlateau,Al_small_grains,best 10,8,sample_032772,0.9613068103790284,0.9666441679000854,0.9355339407920836,0.0271789953112602
multi-output Tversky Loss ReduceLROnPlateau,Al_small_grains,best 10,9,sample_028153,0.9611247777938844,0.9623112678527832,0.9277173280715942,0.0181852243840694
multi-output Tversky Loss ReduceLROnPlateau,Al_small_grains,best 10,10,sample_030962,0.960626780986786,0.9651663899421692,0.933583438396454,0.0145786888897418
multi-output Tversky Loss ReduceLROnPlateau,Al_small_grains,worst 10,1,sample_033817,0.7472710609436035,0.9154070019721984,0.8457507491111755,0.1545788347721099
multi-output Tversky Loss ReduceLROnPlateau,Al_small_grains,worst 10,2,sample_032838,0.7627891302108765,0.8222744464874268,0.7008299827575684,0.14801687002182
multi-output Tversky Loss ReduceLROnPlateau,Al_small_grains,worst 10,3,sample_030707,0.7667548656463623,0.8755750060081482,0.780967116355896,0.1561770886182785
multi-output Tversky Loss ReduceLROnPlateau,Al_small_grains,worst 10,4,sample_033929,0.7709048986434937,0.9071608781814576,0.8392646312713623,0.0511173643171787
multi-output Tversky Loss ReduceLROnPlateau,Al_small_grains,worst 10,5,sample_028382,0.7891480922698975,0.8438955545425415,0.7440325021743774,0.0719079226255416
multi-output Tversky Loss ReduceLROnPlateau,Al_small_grains,worst 10,6,sample_034563,0.7969927191734314,0.8305690288543701,0.7243303060531616,0.0531501024961471
multi-output Tversky Loss ReduceLROnPlateau,Al_small_grains,worst 10,7,sample_033404,0.8031229972839355,0.938955783843994,0.8871258497238159,0.0663639307022094
multi-output Tversky Loss ReduceLROnPlateau,Al_small_grains,worst 10,8,sample_029777,0.8178908228874207,0.8732752799987793,0.7850897312164307,0.0205716155469417
multi-output Tversky Loss ReduceLROnPlateau,Al_small_grains,worst 10,9,sample_027792,0.8187133073806763,0.924261510372162,0.8623406887054443,0.0258825756609439
multi-output Tversky Loss ReduceLROnPlateau,Al_small_grains,worst 10,10,sample_028202,0.8237361311912537,0.860291600227356,0.7759077548980713,0.0396371223032474
multi-output Tversky Loss ReduceLROnPlateau,Cu,best 10,1,sample_042391,0.9638022184371948,0.965855836868286,0.933997392654419,0.0167089346796274
multi-output Tversky Loss ReduceLROnPlateau,Cu,best 10,2,sample_040988,0.962669849395752,0.9629545211791992,0.9286643266677856,0.0130783226341009
multi-output Tversky Loss ReduceLROnPlateau,Cu,best 10,3,sample_043694,0.960157036781311,0.9606157541275024,0.924562931060791,0.0212920140475034
multi-output Tversky Loss ReduceLROnPlateau,Cu,best 10,4,sample_037001,0.9596741795539856,0.9588291645050048,0.9213852882385254,0.0105121973901987
multi-output Tversky Loss ReduceLROnPlateau,Cu,best 10,5,sample_043667,0.959469735622406,0.9596933722496032,0.922526717185974,0.0192049536854028
multi-output Tversky Loss ReduceLROnPlateau,Cu,best 10,6,sample_038119,0.956677496433258,0.9557481408119202,0.9152806997299194,0.0170730836689472
multi-output Tversky Loss ReduceLROnPlateau,Cu,best 10,7,sample_042097,0.9556028842926024,0.9570109844207764,0.9176978468894958,0.0149017730727791
multi-output Tversky Loss ReduceLROnPlateau,Cu,best 10,8,sample_035746,0.9536960124969482,0.9527984857559204,0.9099553823471068,0.0124163143336772
multi-output Tversky Loss ReduceLROnPlateau,Cu,best 10,9,sample_040279,0.9531872868537904,0.9507559537887572,0.906863808631897,0.0155896926298737
multi-output Tversky Loss ReduceLROnPlateau,Cu,best 10,10,sample_044389,0.9525508880615234,0.9499003887176514,0.90488600730896,0.0211060270667076
multi-output Tversky Loss ReduceLROnPlateau,Cu,worst 10,1,sample_043225,0.4772026538848877,0.6598966121673584,0.4942324757575989,0.3694493174552917
multi-output Tversky Loss ReduceLROnPlateau,Cu,worst 10,2,sample_038471,0.6487708687782288,0.7601233720779419,0.6413337588310242,0.1904214322566986
multi-output Tversky Loss ReduceLROnPlateau,Cu,worst 10,3,sample_041248,0.6568425893783569,0.7977406978607178,0.6656676530838013,0.2406308501958847
multi-output Tversky Loss ReduceLROnPlateau,Cu,worst 10,4,sample_036644,0.6826382875442505,0.8074740171432495,0.6818104982376099,0.1940977722406387
multi-output Tversky Loss ReduceLROnPlateau,Cu,worst 10,5,sample_038171,0.7272769212722778,0.8767027854919434,0.7824859619140625,0.1726645827293396
multi-output Tversky Loss ReduceLROnPlateau,Cu,worst 10,6,sample_042221,0.7303063869476318,0.8179850578308105,0.6922008991241455,0.1604773551225662
multi-output Tversky Loss ReduceLROnPlateau,Cu,worst 10,7,sample_040031,0.7322858572006226,0.9187387228012084,0.8497825860977173,0.1741148084402084
multi-output Tversky Loss ReduceLROnPlateau,Cu,worst 10,8,sample_043738,0.7323791980743408,0.8846838474273682,0.7933050990104675,0.1238599866628646
multi-output Tversky Loss ReduceLROnPlateau,Cu,worst 10,9,sample_043627,0.7413806915283203,0.8634669184684753,0.7597402334213257,0.194684699177742
multi-output Tversky Loss ReduceLROnPlateau,Cu,worst 10,10,sample_042550,0.7505285739898682,0.8381385803222656,0.725663959980011,0.1724055558443069
multi-output Tversky Loss ReduceLROnPlateau,IN718_twins,best 10,1,sample_049582,0.9879316091537476,0.9972290992736816,0.9944735765457152,0.0137275904417037
multi-output Tversky Loss ReduceLROnPlateau,IN718_twins,best 10,2,sample_045737,0.9865929484367372,0.9956513047218324,0.9913402795791626,0.0171220954507589
multi-output Tversky Loss ReduceLROnPlateau,IN718_twins,best 10,3,sample_047139,0.9857504367828368,0.9966146945953368,0.9932535886764526,0.0180262681096792
multi-output Tversky Loss ReduceLROnPlateau,IN718_twins,best 10,4,sample_045148,0.9852155447006226,0.9953604340553284,0.9907643795013428,0.0207278598099946
multi-output Tversky Loss ReduceLROnPlateau,IN718_twins,best 10,5,sample_047723,0.9846463203430176,0.9946659803390504,0.9893887639045716,0.0174322146922349
multi-output Tversky Loss ReduceLROnPlateau,IN718_twins,best 10,6,sample_050890,0.9846444129943848,0.9963759183883668,0.9927881956100464,0.0223545208573341
multi-output Tversky Loss ReduceLROnPlateau,IN718_twins,best 10,7,sample_051591,0.9844741821289062,0.9946154356002808,0.989289402961731,0.0214426778256893
multi-output Tversky Loss ReduceLROnPlateau,IN718_twins,best 10,8,sample_051926,0.9843950271606444,0.992612361907959,0.985336184501648,0.0197482891380786
multi-output Tversky Loss ReduceLROnPlateau,IN718_twins,best 10,9,sample_047444,0.984333038330078,0.993759036064148,0.987596035003662,0.0259741432964801
multi-output Tversky Loss ReduceLROnPlateau,IN718_twins,best 10,10,sample_052895,0.983965277671814,0.992193341255188,0.9845218062400818,0.018959330394864
multi-output Tversky Loss ReduceLROnPlateau,IN718_twins,worst 10,1,sample_053146,0.6466492414474487,0.6083458662033081,0.4885769486427307,0.1380181163549423
multi-output Tversky Loss ReduceLROnPlateau,IN718_twins,worst 10,2,sample_049705,0.7065064907073975,0.7315136790275574,0.5866971015930176,0.104929432272911
multi-output Tversky Loss ReduceLROnPlateau,IN718_twins,worst 10,3,sample_048546,0.726721465587616,0.7853231430053711,0.6472694277763367,0.1522724330425262
multi-output Tversky Loss ReduceLROnPlateau,IN718_twins,worst 10,4,sample_049474,0.7690832614898682,0.8063238859176636,0.6774635314941406,0.1229457855224609
multi-output Tversky Loss ReduceLROnPlateau,IN718_twins,worst 10,5,sample_049115,0.7898672819137573,0.8924981951713562,0.8068129420280457,0.1189648658037185
multi-output Tversky Loss ReduceLROnPlateau,IN718_twins,worst 10,6,sample_045691,0.7946522831916809,0.8035362362861633,0.6860683560371399,0.1216288730502128
multi-output Tversky Loss ReduceLROnPlateau,IN718_twins,worst 10,7,sample_045372,0.8109778165817261,0.8339074850082397,0.7166340351104736,0.151565745472908
multi-output Tversky Loss ReduceLROnPlateau,IN718_twins,worst 10,8,sample_047462,0.830696165561676,0.8305785655975342,0.7220155596733093,0.0878565236926078
multi-output Tversky Loss ReduceLROnPlateau,IN718_twins,worst 10,9,sample_050328,0.8484190702438354,0.9042797088623048,0.8256036043167114,0.1083091497421264
multi-output Tversky Loss ReduceLROnPlateau,IN718_twins,worst 10,10,sample_044855,0.8656126856803894,0.8980292677879333,0.8160121440887451,0.0953529179096221
multi-output Tversky Loss ReduceLROnPlateau,Iron,best 10,1,sample_064907,0.9725194573402404,0.9825071096420288,0.9656286239624025,0.0204322189092636
multi-output Tversky Loss ReduceLROnPlateau,Iron,best 10,2,sample_066685,0.9671610593795776,0.9763606190681458,0.9539817571640016,0.0145762721076607
multi-output Tversky Loss ReduceLROnPlateau,Iron,best 10,3,sample_064046,0.9666033983230592,0.9801080226898192,0.9610163569450378,0.026534516364336
multi-output Tversky Loss ReduceLROnPlateau,Iron,best 10,4,sample_063988,0.9663698673248292,0.9685848951339722,0.939419150352478,0.0164731070399284
multi-output Tversky Loss ReduceLROnPlateau,Iron,best 10,5,sample_067355,0.9647541046142578,0.9660699367523192,0.934463381767273,0.0164869781583547
multi-output Tversky Loss ReduceLROnPlateau,Iron,best 10,6,sample_070996,0.9633926153182985,0.9689580798149108,0.9402535557746888,0.0171674452722072
multi-output Tversky Loss ReduceLROnPlateau,Iron,best 10,7,sample_065195,0.963149905204773,0.9659136533737184,0.9341552257537842,0.0146623738110065
multi-output Tversky Loss ReduceLROnPlateau,Iron,best 10,8,sample_063110,0.9623634815216064,0.96571683883667,0.9337459802627563,0.0216282457113266
multi-output Tversky Loss ReduceLROnPlateau,Iron,best 10,9,sample_064309,0.9622354507446288,0.968373954296112,0.9387160539627076,0.0220588091760873
multi-output Tversky Loss ReduceLROnPlateau,Iron,best 10,10,sample_063598,0.9620380401611328,0.9620205163955688,0.9268497824668884,0.0152090210467576
multi-output Tversky Loss ReduceLROnPlateau,Iron,worst 10,1,sample_062506,0.5827078819274902,0.7123671770095825,0.5549397468566895,0.2113073766231537
multi-output Tversky Loss ReduceLROnPlateau,Iron,worst 10,2,sample_070356,0.5895971655845642,0.7193539142608643,0.610649824142456,0.2367037981748581
multi-output Tversky Loss ReduceLROnPlateau,Iron,worst 10,3,sample_063272,0.6281499862670898,0.6838926672935486,0.5269607305526733,0.0624459534883499
multi-output Tversky Loss ReduceLROnPlateau,Iron,worst 10,4,sample_066538,0.6327053308486938,0.7354438304901123,0.6440817713737488,0.0883919820189476
multi-output Tversky Loss ReduceLROnPlateau,Iron,worst 10,5,sample_062307,0.6562839150428772,0.6265327334403992,0.5350499153137207,0.0166714675724506
multi-output Tversky Loss ReduceLROnPlateau,Iron,worst 10,6,sample_066301,0.6636480689048767,0.831049919128418,0.7231968641281128,0.20209901034832
multi-output Tversky Loss ReduceLROnPlateau,Iron,worst 10,7,sample_064707,0.6809815168380737,0.8062870502471924,0.6797038316726685,0.1982733905315399
multi-output Tversky Loss ReduceLROnPlateau,Iron,worst 10,8,sample_067226,0.686059832572937,0.793242335319519,0.6807895302772522,0.1290291398763656
multi-output Tversky Loss ReduceLROnPlateau,Iron,worst 10,9,sample_066268,0.701662540435791,0.8296574354171753,0.7113686800003052,0.2591201961040497
multi-output Tversky Loss ReduceLROnPlateau,Iron,worst 10,10,sample_068992,0.7017974257469177,0.7553294897079468,0.6140943765640259,0.1397324949502945
multi-output Tversky Loss ReduceLROnPlateau,Iron_deformed,best 10,1,sample_054288,0.962928831577301,0.9636926054954528,0.9300124645233154,0.0143161062151193
multi-output Tversky Loss ReduceLROnPlateau,Iron_deformed,best 10,2,sample_060043,0.960980236530304,0.9659297466278076,0.9342507123947144,0.0117547884583473
multi-output Tversky Loss ReduceLROnPlateau,Iron_deformed,best 10,3,sample_053335,0.960276424884796,0.9691160321235656,0.9400932788848876,0.0151737965643405
multi-output Tversky Loss ReduceLROnPlateau,Iron_deformed,best 10,4,sample_061758,0.9575679302215576,0.9582934975624084,0.9199626445770264,0.017868485301733
multi-output Tversky Loss ReduceLROnPlateau,Iron_deformed,best 10,5,sample_057584,0.9571806192398072,0.9693038463592528,0.940436601638794,0.0158211253583431
multi-output Tversky Loss ReduceLROnPlateau,Iron_deformed,best 10,6,sample_059630,0.95612770318985,0.9596409797668456,0.9227662682533264,0.0120020844042301
multi-output Tversky Loss ReduceLROnPlateau,Iron_deformed,best 10,7,sample_054632,0.955740451812744,0.9558584094047546,0.915454626083374,0.0154892690479755
multi-output Tversky Loss ReduceLROnPlateau,Iron_deformed,best 10,8,sample_054521,0.9556766748428344,0.9570728540420532,0.917892575263977,0.0157285928726196
multi-output Tversky Loss ReduceLROnPlateau,Iron_deformed,best 10,9,sample_057439,0.955528199672699,0.9663692116737366,0.9353592395782472,0.0218975357711315
multi-output Tversky Loss ReduceLROnPlateau,Iron_deformed,best 10,10,sample_054747,0.9553462266921996,0.9596039056777954,0.9224551320075988,0.0224508196115493
multi-output Tversky Loss ReduceLROnPlateau,Iron_deformed,worst 10,1,sample_057772,0.4524583220481872,0.4770642220973968,0.4561403393745422,0.1807397603988647
multi-output Tversky Loss ReduceLROnPlateau,Iron_deformed,worst 10,2,sample_058917,0.4817790389060974,0.6239509582519531,0.4542972147464752,0.2502633333206177
multi-output Tversky Loss ReduceLROnPlateau,Iron_deformed,worst 10,3,sample_059722,0.5375267267227173,0.6462728977203369,0.5483616590499878,0.1364352405071258
multi-output Tversky Loss ReduceLROnPlateau,Iron_deformed,worst 10,4,sample_058762,0.5731569528579712,0.6913950443267822,0.5299654006958008,0.1796057969331741
multi-output Tversky Loss ReduceLROnPlateau,Iron_deformed,worst 10,5,sample_061725,0.5750725269317627,0.6685893535614014,0.5138294696807861,0.2233407795429229
multi-output Tversky Loss ReduceLROnPlateau,Iron_deformed,worst 10,6,sample_059711,0.6439718008041382,0.7284430861473083,0.5804076194763184,0.1387366950511932
multi-output Tversky Loss ReduceLROnPlateau,Iron_deformed,worst 10,7,sample_056275,0.6766430139541626,0.7750451564788818,0.6616726517677307,0.135461077094078
multi-output Tversky Loss ReduceLROnPlateau,Iron_deformed,worst 10,8,sample_060839,0.6954344511032104,0.7600743770599365,0.6132786273956299,0.1126845180988311
multi-output Tversky Loss ReduceLROnPlateau,Iron_deformed,worst 10,9,sample_059535,0.7151349782943726,0.8273929953575134,0.7121015787124634,0.1631966680288314
multi-output Tversky Loss ReduceLROnPlateau,Iron_deformed,worst 10,10,sample_057684,0.728900134563446,0.8755472898483276,0.7844786047935486,0.1981942653656005
multi-output Tversky Loss ReduceLROnPlateau,Ti7Al,best 10,1,sample_079138,0.9907231330871582,0.994542956352234,0.989203691482544,0.0050685890018939
multi-output Tversky Loss ReduceLROnPlateau,Ti7Al,best 10,2,sample_077653,0.9904086589813232,0.9947991371154784,0.9897053241729736,0.0073269843123853
multi-output Tversky Loss ReduceLROnPlateau,Ti7Al,best 10,3,sample_071760,0.9748964309692384,0.9839966297149658,0.9686212539672852,0.0117799444124102
multi-output Tversky Loss ReduceLROnPlateau,Ti7Al,best 10,4,sample_074943,0.9732277989387512,0.9764449596405028,0.9540008306503296,0.012395741418004
multi-output Tversky Loss ReduceLROnPlateau,Ti7Al,best 10,5,sample_079215,0.9727310538291932,0.980451762676239,0.9618188738822936,0.0118955494835972
multi-output Tversky Loss ReduceLROnPlateau,Ti7Al,best 10,6,sample_078873,0.9727066159248352,0.977550446987152,0.9561847448349,0.0107972081750631
multi-output Tversky Loss ReduceLROnPlateau,Ti7Al,best 10,7,sample_079366,0.9726614952087402,0.9811737537384032,0.9630541801452636,0.0116035258397459
multi-output Tversky Loss ReduceLROnPlateau,Ti7Al,best 10,8,sample_073240,0.9725136160850524,0.9772045612335204,0.9556318521499634,0.0117866490036249
multi-output Tversky Loss ReduceLROnPlateau,Ti7Al,best 10,9,sample_079891,0.9716639518737792,0.978628635406494,0.9582818746566772,0.0122418440878391
multi-output Tversky Loss ReduceLROnPlateau,Ti7Al,best 10,10,sample_076694,0.9702481031417848,0.9752445220947266,0.9516851902008056,0.0136403068900108
multi-output Tversky Loss ReduceLROnPlateau,Ti7Al,worst 10,1,sample_079887,0.416013240814209,0.4701403081417084,0.4114041626453399,0.203775942325592
multi-output Tversky Loss ReduceLROnPlateau,Ti7Al,worst 10,2,sample_079816,0.439544528722763,0.4664822518825531,0.3773297667503357,0.0620843172073364
multi-output Tversky Loss ReduceLROnPlateau,Ti7Al,worst 10,3,sample_076790,0.462277889251709,0.4531095027923584,0.3982489109039306,0.0513505935668945
multi-output Tversky Loss ReduceLROnPlateau,Ti7Al,worst 10,4,sample_078217,0.4856782853603363,0.4913638234138489,0.4830209016799927,0.0346614234149456
multi-output Tversky Loss ReduceLROnPlateau,Ti7Al,worst 10,5,sample_072650,0.4868829548358917,0.4893688857555389,0.4791804254055023,0.0177505351603031
multi-output Tversky Loss ReduceLROnPlateau,Ti7Al,worst 10,6,sample_073381,0.4911814033985138,0.4953949749469757,0.4908740222454071,0.0256499033421278
multi-output Tversky Loss ReduceLROnPlateau,Ti7Al,worst 10,7,sample_073190,0.5009920597076416,0.5852609276771545,0.4389578700065613,0.185575783252716
multi-output Tversky Loss ReduceLROnPlateau,Ti7Al,worst 10,8,sample_078401,0.564532995223999,0.5811616778373718,0.533455491065979,0.0230343267321586
multi-output Tversky Loss ReduceLROnPlateau,Ti7Al,worst 10,9,sample_073415,0.5805508494377136,0.6234015226364136,0.5538640022277832,0.024919981136918
multi-output Tversky Loss ReduceLROnPlateau,Ti7Al,worst 10,10,sample_078789,0.6060113310813904,0.674362063407898,0.519208550453186,0.1094555556774139
multi-output Tversky Loss base-channel 32,Al,best 10,1,sample_024693,0.9809777140617372,0.986611008644104,0.973578929901123,0.0126484427601099
multi-output Tversky Loss base-channel 32,Al,best 10,2,sample_019073,0.9800131916999816,0.9846373796463012,0.9697439670562744,0.0128981908783316
multi-output Tversky Loss base-channel 32,Al,best 10,3,sample_026637,0.9797953963279724,0.9918192028999328,0.9837732911109924,0.0277370922267436
multi-output Tversky Loss base-channel 32,Al,best 10,4,sample_024827,0.9797152280807496,0.9873517751693726,0.9750200510025024,0.0196044780313968
multi-output Tversky Loss base-channel 32,Al,best 10,5,sample_025254,0.9778189659118652,0.9797693490982056,0.9603897333145142,0.0133078303188085
multi-output Tversky Loss base-channel 32,Al,best 10,6,sample_023573,0.9766031503677368,0.9807168245315552,0.9621825814247132,0.0132319312542676
multi-output Tversky Loss base-channel 32,Al,best 10,7,sample_018971,0.9753446578979492,0.9788856506347656,0.9586483836174012,0.0145557280629873
multi-output Tversky Loss base-channel 32,Al,best 10,8,sample_020979,0.975051999092102,0.9812543988227844,0.9632030725479126,0.0113442260771989
multi-output Tversky Loss base-channel 32,Al,best 10,9,sample_020976,0.9748735427856444,0.9961260557174684,0.9922860264778136,0.0290631595999002
multi-output Tversky Loss base-channel 32,Al,best 10,10,sample_024743,0.9748104810714722,0.9777005910873412,0.9563749432563782,0.0122581962496042
multi-output Tversky Loss base-channel 32,Al,worst 10,1,sample_026164,0.3455657660961151,0.3892838358879089,0.2984756827354431,0.2116192430257797
multi-output Tversky Loss base-channel 32,Al,worst 10,2,sample_019559,0.4774113297462463,0.4938102662563324,0.4877718985080719,0.0363184437155723
multi-output Tversky Loss base-channel 32,Al,worst 10,3,sample_021208,0.678650975227356,0.6572213172912598,0.5093804597854614,0.1490168273448944
multi-output Tversky Loss base-channel 32,Al,worst 10,4,sample_024836,0.68243408203125,0.6496796607971191,0.4950383901596069,0.1200870648026466
multi-output Tversky Loss base-channel 32,Al,worst 10,5,sample_019424,0.6949918270111084,0.6257243156433105,0.5252267122268677,0.0671984329819679
multi-output Tversky Loss base-channel 32,Al,worst 10,6,sample_018943,0.700984537601471,0.697386622428894,0.5591341853141785,0.1251563429832458
multi-output Tversky Loss base-channel 32,Al,worst 10,7,sample_018530,0.7410751581192017,0.7280261516571045,0.5864244699478149,0.0878598690032959
multi-output Tversky Loss base-channel 32,Al,worst 10,8,sample_025384,0.7766444683074951,0.907234251499176,0.8371257781982422,0.0271588657051324
multi-output Tversky Loss base-channel 32,Al,worst 10,9,sample_026539,0.8061721920967102,0.9527307748794556,0.9115625023841858,0.0544486977159976
multi-output Tversky Loss base-channel 32,Al,worst 10,10,sample_023511,0.8130944967269897,0.8703144788742065,0.7871978282928467,0.0411824360489845
multi-output Tversky Loss base-channel 32,Al_big_grains,best 10,1,sample_000043,0.9827512502670288,0.985826015472412,0.972093105316162,0.0109459720551967
multi-output Tversky Loss base-channel 32,Al_big_grains,best 10,2,sample_004311,0.9770961999893188,0.9836997985839844,0.9681246280670166,0.0173594150692224
multi-output Tversky Loss base-channel 32,Al_big_grains,best 10,3,sample_007968,0.9768362045288086,0.9825831651687622,0.9657632112503052,0.0168458689004182
multi-output Tversky Loss base-channel 32,Al_big_grains,best 10,4,sample_007139,0.976256251335144,0.9800231456756592,0.9608289003372192,0.0105941453948616
multi-output Tversky Loss base-channel 32,Al_big_grains,best 10,5,sample_003532,0.975246787071228,0.9881832599639891,0.9766728281974792,0.0206021629273891
multi-output Tversky Loss base-channel 32,Al_big_grains,best 10,6,sample_002772,0.9747264385223388,0.9881795644760132,0.9766825437545776,0.0180957037955522
multi-output Tversky Loss base-channel 32,Al_big_grains,best 10,7,sample_000609,0.97463059425354,0.9804898500442504,0.9619442224502563,0.0103576527908444
multi-output Tversky Loss base-channel 32,Al_big_grains,best 10,8,sample_002788,0.9740989804267884,0.9797104597091676,0.9603835344314576,0.010255716741085
multi-output Tversky Loss base-channel 32,Al_big_grains,best 10,9,sample_005907,0.9737496972084044,0.9754452109336852,0.9520753622055054,0.0108090145513415
multi-output Tversky Loss base-channel 32,Al_big_grains,best 10,10,sample_003374,0.9731887578964232,0.9783281087875366,0.957619309425354,0.0130530782043933
multi-output Tversky Loss base-channel 32,Al_big_grains,worst 10,1,sample_003894,0.3622434437274933,0.4062860906124115,0.3026293814182281,0.1339206993579864
multi-output Tversky Loss base-channel 32,Al_big_grains,worst 10,2,sample_000562,0.3660232424736023,0.4096083641052246,0.2952755391597748,0.1554491072893142
multi-output Tversky Loss base-channel 32,Al_big_grains,worst 10,3,sample_008225,0.3661545813083648,0.3660399913787842,0.2362011969089508,0.221221774816513
multi-output Tversky Loss base-channel 32,Al_big_grains,worst 10,4,sample_003554,0.3983858227729797,0.5593186616897583,0.4005965888500213,0.1694165617227554
multi-output Tversky Loss base-channel 32,Al_big_grains,worst 10,5,sample_008710,0.4120673835277557,0.2872775197029114,0.2015353292226791,0.1143499240279197
multi-output Tversky Loss base-channel 32,Al_big_grains,worst 10,6,sample_003958,0.4806581139564514,0.4770551323890686,0.4561237394809723,0.0537114813923835
multi-output Tversky Loss base-channel 32,Al_big_grains,worst 10,7,sample_001810,0.4878283739089966,0.4939752221107483,0.4880939424037933,0.0532244779169559
multi-output Tversky Loss base-channel 32,Al_big_grains,worst 10,8,sample_000445,0.524782121181488,0.4868832230567932,0.4744370579719543,0.0683624595403671
multi-output Tversky Loss base-channel 32,Al_big_grains,worst 10,9,sample_002862,0.533708393573761,0.5754416584968567,0.4277994632720947,0.1359500586986541
multi-output Tversky Loss base-channel 32,Al_big_grains,worst 10,10,sample_004241,0.5345181822776794,0.6384927034378052,0.4828094840049743,0.219358205795288
multi-output Tversky Loss base-channel 32,Al_deformed_LoG,best 10,1,sample_009474,0.9662134647369384,0.9670411348342896,0.9361931085586548,0.0134738441556692
multi-output Tversky Loss base-channel 32,Al_deformed_LoG,best 10,2,sample_009695,0.964198112487793,0.9642770290374756,0.9310731887817384,0.0144518474116921
multi-output Tversky Loss base-channel 32,Al_deformed_LoG,best 10,3,sample_014314,0.963474690914154,0.9612588882446288,0.9254149198532104,0.0101071335375308
multi-output Tversky Loss base-channel 32,Al_deformed_LoG,best 10,4,sample_009394,0.9618856906890868,0.96056067943573,0.9241174459457396,0.015233201906085
multi-output Tversky Loss base-channel 32,Al_deformed_LoG,best 10,5,sample_017173,0.9609927535057068,0.9598668217658995,0.922875165939331,0.0091798994690179
multi-output Tversky Loss base-channel 32,Al_deformed_LoG,best 10,6,sample_011086,0.9592469334602356,0.9652352333068848,0.9328614473342896,0.020005939528346
multi-output Tversky Loss base-channel 32,Al_deformed_LoG,best 10,7,sample_015852,0.9588990807533264,0.9641159772872924,0.9307222366333008,0.0133492611348629
multi-output Tversky Loss base-channel 32,Al_deformed_LoG,best 10,8,sample_017475,0.957188844680786,0.9503718614578248,0.9056593775749208,0.0090426765382289
multi-output Tversky Loss base-channel 32,Al_deformed_LoG,best 10,9,sample_013093,0.9570589065551758,0.9537044763565063,0.9115071296691896,0.0120130144059658
multi-output Tversky Loss base-channel 32,Al_deformed_LoG,best 10,10,sample_011094,0.956838846206665,0.9526292085647584,0.9095476865768432,0.0136944204568862
multi-output Tversky Loss base-channel 32,Al_deformed_LoG,worst 10,1,sample_010082,0.6826367378234863,0.8711675405502319,0.7750638723373413,0.2330519556999206
multi-output Tversky Loss base-channel 32,Al_deformed_LoG,worst 10,2,sample_015385,0.7480376958847046,0.8490349650382996,0.7379084825515747,0.1787604093551635
multi-output Tversky Loss base-channel 32,Al_deformed_LoG,worst 10,3,sample_010066,0.7732336521148682,0.9007923007011414,0.8210370540618896,0.1661345362663269
multi-output Tversky Loss base-channel 32,Al_deformed_LoG,worst 10,4,sample_009435,0.7915918827056885,0.8955197930335999,0.8121387362480164,0.1240083277225494
multi-output Tversky Loss base-channel 32,Al_deformed_LoG,worst 10,5,sample_012855,0.7926915287971497,0.914770781993866,0.843137264251709,0.1206662729382515
multi-output Tversky Loss base-channel 32,Al_deformed_LoG,worst 10,6,sample_015190,0.8052183389663696,0.9137312173843384,0.8427857160568237,0.1240631490945816
multi-output Tversky Loss base-channel 32,Al_deformed_LoG,worst 10,7,sample_012373,0.823983907699585,0.8954830169677734,0.8108108043670654,0.083228014409542
multi-output Tversky Loss base-channel 32,Al_deformed_LoG,worst 10,8,sample_013686,0.8261805772781372,0.851392388343811,0.7423194646835327,0.0786894559860229
multi-output Tversky Loss base-channel 32,Al_deformed_LoG,worst 10,9,sample_009448,0.8321634531021118,0.8951586484909058,0.8102414608001709,0.1057358682155609
multi-output Tversky Loss base-channel 32,Al_deformed_LoG,worst 10,10,sample_011030,0.8332156538963318,0.8713672161102295,0.7735404968261719,0.0757181197404861
multi-output Tversky Loss base-channel 32,Al_small_grains,best 10,1,sample_030055,0.973738431930542,0.9763070344924928,0.9538505673408508,0.0125192906707525
multi-output Tversky Loss base-channel 32,Al_small_grains,best 10,2,sample_035302,0.9661369919776917,0.9723379015922546,0.9463038444519044,0.0221933498978614
multi-output Tversky Loss base-channel 32,Al_small_grains,best 10,3,sample_032968,0.9632022380828856,0.961231291294098,0.9254554510116576,0.0112996501848101
multi-output Tversky Loss base-channel 32,Al_small_grains,best 10,4,sample_032604,0.9620593786239624,0.9710084199905396,0.9437241554260254,0.0234005786478519
multi-output Tversky Loss base-channel 32,Al_small_grains,best 10,5,sample_031478,0.9596357345581056,0.966023087501526,0.9343490600585938,0.0252585168927907
multi-output Tversky Loss base-channel 32,Al_small_grains,best 10,6,sample_035390,0.959154486656189,0.9627248644828796,0.9282239675521852,0.0205831099301576
multi-output Tversky Loss base-channel 32,Al_small_grains,best 10,7,sample_032927,0.9574795961380004,0.9593254327774048,0.921951174736023,0.0170413590967655
multi-output Tversky Loss base-channel 32,Al_small_grains,best 10,8,sample_028101,0.9572648406028748,0.9574459791183472,0.9183709621429444,0.0143837202340364
multi-output Tversky Loss base-channel 32,Al_small_grains,best 10,9,sample_026819,0.957186222076416,0.955192804336548,0.9142613410949708,0.0203187428414821
multi-output Tversky Loss base-channel 32,Al_small_grains,best 10,10,sample_029807,0.9571589827537536,0.9581699967384338,0.919742465019226,0.0184345282614231
multi-output Tversky Loss base-channel 32,Al_small_grains,worst 10,1,sample_030707,0.7003923058509827,0.7589530944824219,0.6137861013412476,0.1281374394893646
multi-output Tversky Loss base-channel 32,Al_small_grains,worst 10,2,sample_034563,0.7106828689575195,0.766886830329895,0.6475232243537903,0.0832750275731086
multi-output Tversky Loss base-channel 32,Al_small_grains,worst 10,3,sample_032838,0.7439362406730652,0.8246318697929382,0.7043027877807617,0.1739488095045089
multi-output Tversky Loss base-channel 32,Al_small_grains,worst 10,4,sample_029777,0.763466477394104,0.8882240056991577,0.8052546381950378,0.0364272892475128
multi-output Tversky Loss base-channel 32,Al_small_grains,worst 10,5,sample_033929,0.780778169631958,0.9142805337905884,0.8485393524169922,0.0387848876416683
multi-output Tversky Loss base-channel 32,Al_small_grains,worst 10,6,sample_027792,0.7824974060058594,0.9020180702209472,0.8264490365982056,0.0238593518733978
multi-output Tversky Loss base-channel 32,Al_small_grains,worst 10,7,sample_032538,0.8072413206100464,0.8673923015594482,0.777874767780304,0.0662710294127464
multi-output Tversky Loss base-channel 32,Al_small_grains,worst 10,8,sample_035190,0.8089494109153748,0.8537841439247131,0.7602715492248535,0.058099877089262
multi-output Tversky Loss base-channel 32,Al_small_grains,worst 10,9,sample_034896,0.8188965320587158,0.8965232372283936,0.8190475702285767,0.0373821035027504
multi-output Tversky Loss base-channel 32,Al_small_grains,worst 10,10,sample_034052,0.824334442615509,0.8953860998153687,0.8154469728469849,0.0427330546081066
multi-output Tversky Loss base-channel 32,Cu,best 10,1,sample_042391,0.9654057621955872,0.9650851488113404,0.9325579404830932,0.0137573201209306
multi-output Tversky Loss base-channel 32,Cu,best 10,2,sample_040988,0.9566846489906312,0.9533835649490356,0.91092050075531,0.0129889426752924
multi-output Tversky Loss base-channel 32,Cu,best 10,3,sample_037001,0.954126000404358,0.95308518409729,0.91074800491333,0.0111744860187172
multi-output Tversky Loss base-channel 32,Cu,best 10,4,sample_040279,0.9523987770080566,0.9510348439216614,0.907110333442688,0.0165453236550092
multi-output Tversky Loss base-channel 32,Cu,best 10,5,sample_042097,0.949436366558075,0.95110821723938,0.9070379734039308,0.0157977491617202
multi-output Tversky Loss base-channel 32,Cu,best 10,6,sample_043667,0.9485023617744446,0.943999409675598,0.8939518332481384,0.0190097130835056
multi-output Tversky Loss base-channel 32,Cu,best 10,7,sample_036022,0.9483380913734436,0.9486989974975586,0.9024703502655028,0.0119593385607004
multi-output Tversky Loss base-channel 32,Cu,best 10,8,sample_044389,0.944779932498932,0.9451388716697692,0.8962410688400269,0.0292698740959167
multi-output Tversky Loss base-channel 32,Cu,best 10,9,sample_035664,0.944544553756714,0.9506155252456664,0.9059123992919922,0.0335817746818065
multi-output Tversky Loss base-channel 32,Cu,best 10,10,sample_036661,0.9434963464736938,0.9562168121337892,0.916150689125061,0.0329046137630939
multi-output Tversky Loss base-channel 32,Cu,worst 10,1,sample_043225,0.4709697961807251,0.6530123353004456,0.4872609972953796,0.3712173402309418
multi-output Tversky Loss base-channel 32,Cu,worst 10,2,sample_038471,0.5025092959403992,0.5411518812179565,0.470655232667923,0.1022062599658966
multi-output Tversky Loss base-channel 32,Cu,worst 10,3,sample_036644,0.5803989171981812,0.7369233965873718,0.5854504108428955,0.2757095694541931
multi-output Tversky Loss base-channel 32,Cu,worst 10,4,sample_038308,0.6303629875183105,0.701620876789093,0.5417563915252686,0.2126974463462829
multi-output Tversky Loss base-channel 32,Cu,worst 10,5,sample_043335,0.6376008987426758,0.7175970077514648,0.5606101751327515,0.1765537858009338
multi-output Tversky Loss base-channel 32,Cu,worst 10,6,sample_036381,0.6485292911529541,0.8055137395858765,0.6830418705940247,0.2295762300491333
multi-output Tversky Loss base-channel 32,Cu,worst 10,7,sample_041248,0.662468671798706,0.8012956380844116,0.6716455221176147,0.2364035844802856
multi-output Tversky Loss base-channel 32,Cu,worst 10,8,sample_042989,0.6864445805549622,0.754021167755127,0.6258442401885986,0.15796959400177
multi-output Tversky Loss base-channel 32,Cu,worst 10,9,sample_039559,0.7064967155456543,0.8196679949760437,0.7009786367416382,0.0645752772688865
multi-output Tversky Loss base-channel 32,Cu,worst 10,10,sample_042932,0.7144210338592529,0.8869880437850952,0.79697585105896,0.1734807342290878
multi-output Tversky Loss base-channel 32,IN718_twins,best 10,1,sample_049582,0.9890956878662108,0.9960993528366088,0.9922292232513428,0.0107818394899368
multi-output Tversky Loss base-channel 32,IN718_twins,best 10,2,sample_044855,0.9860000014305116,0.9939419031143188,0.9879568815231324,0.018378073349595
multi-output Tversky Loss base-channel 32,IN718_twins,best 10,3,sample_045148,0.9858669638633728,0.9929980039596558,0.9860953092575072,0.0163626931607723
multi-output Tversky Loss base-channel 32,IN718_twins,best 10,4,sample_051959,0.9856200218200684,0.9921696186065674,0.9844724535942078,0.0138383042067289
multi-output Tversky Loss base-channel 32,IN718_twins,best 10,5,sample_045737,0.985324501991272,0.9945446252822876,0.989148497581482,0.017943000420928
multi-output Tversky Loss base-channel 32,IN718_twins,best 10,6,sample_050890,0.9851328730583192,0.9957669973373412,0.991584300994873,0.020257081836462
multi-output Tversky Loss base-channel 32,IN718_twins,best 10,7,sample_045574,0.9846319556236268,0.9929463863372804,0.986001193523407,0.0203426107764244
multi-output Tversky Loss base-channel 32,IN718_twins,best 10,8,sample_048236,0.9845072031021118,0.9959771633148192,0.9919865131378174,0.0122777968645095
multi-output Tversky Loss base-channel 32,IN718_twins,best 10,9,sample_051926,0.9844350814819336,0.9906436204910278,0.9814608097076416,0.017040641978383
multi-output Tversky Loss base-channel 32,IN718_twins,best 10,10,sample_048727,0.9841508269309998,0.9912463426589966,0.9826446771621704,0.0174702517688274
multi-output Tversky Loss base-channel 32,IN718_twins,worst 10,1,sample_050363,0.4370507001876831,0.4411635398864746,0.3451338112354278,0.1471041142940521
multi-output Tversky Loss base-channel 32,IN718_twins,worst 10,2,sample_049283,0.5135458707809448,0.4465723037719726,0.3249751329421997,0.1659125387668609
multi-output Tversky Loss base-channel 32,IN718_twins,worst 10,3,sample_046448,0.5146123766899109,0.5958132743835449,0.4602352380752563,0.2582263648509979
multi-output Tversky Loss base-channel 32,IN718_twins,worst 10,4,sample_047142,0.5327486395835876,0.5582861304283142,0.3992515802383423,0.2351376712322235
multi-output Tversky Loss base-channel 32,IN718_twins,worst 10,5,sample_045691,0.5344298481941223,0.5042296648025513,0.3824194967746734,0.2431500852108001
multi-output Tversky Loss base-channel 32,IN718_twins,worst 10,6,sample_053146,0.5766069889068604,0.5036125779151917,0.3824799656867981,0.1422486901283264
multi-output Tversky Loss base-channel 32,IN718_twins,worst 10,7,sample_051923,0.6076934337615967,0.6837464570999146,0.5266533493995667,0.2725541591644287
multi-output Tversky Loss base-channel 32,IN718_twins,worst 10,8,sample_047444,0.686825156211853,0.6753842234611511,0.5296118855476379,0.1918320804834365
multi-output Tversky Loss base-channel 32,IN718_twins,worst 10,9,sample_049932,0.6916974782943726,0.7206069231033325,0.5634151697158813,0.2215057164430618
multi-output Tversky Loss base-channel 32,IN718_twins,worst 10,10,sample_052537,0.7097896337509155,0.8090773820877075,0.6798036694526672,0.1942589282989502
multi-output Tversky Loss base-channel 32,Iron,best 10,1,sample_064907,0.966289758682251,0.9724004864692688,0.9463170766830444,0.0193188749253749
multi-output Tversky Loss base-channel 32,Iron,best 10,2,sample_063988,0.965701699256897,0.9638466238975524,0.930510640144348,0.012402081862092
multi-output Tversky Loss base-channel 32,Iron,best 10,3,sample_069933,0.9635624885559082,0.9674680233001708,0.9370235204696656,0.0175689905881881
multi-output Tversky Loss base-channel 32,Iron,best 10,4,sample_064309,0.9601258039474488,0.9639731645584106,0.9304522275924684,0.0209150109440088
multi-output Tversky Loss base-channel 32,Iron,best 10,5,sample_070535,0.9598809480667114,0.9623590707778932,0.927937150001526,0.01118079200387
multi-output Tversky Loss base-channel 32,Iron,best 10,6,sample_067355,0.9596661329269408,0.9600975513458252,0.923334002494812,0.0183052327483892
multi-output Tversky Loss base-channel 32,Iron,best 10,7,sample_066685,0.9593125581741332,0.9665937423706056,0.9354865550994872,0.015195314772427
multi-output Tversky Loss base-channel 32,Iron,best 10,8,sample_064181,0.958514928817749,0.9602969884872437,0.9239875078201294,0.008997787721455
multi-output Tversky Loss base-channel 32,Iron,best 10,9,sample_065555,0.9578722715377808,0.961061716079712,0.925561547279358,0.0130000803619623
multi-output Tversky Loss base-channel 32,Iron,best 10,10,sample_069731,0.95755797624588,0.9574671983718872,0.9190217852592468,0.012805737555027
multi-output Tversky Loss base-channel 32,Iron,worst 10,1,sample_067665,0.4848881065845489,0.4845417737960815,0.4700106978416443,0.0153732765465974
multi-output Tversky Loss base-channel 32,Iron,worst 10,2,sample_067637,0.4878366887569427,0.5029601454734802,0.3930205702781677,0.0966014191508293
multi-output Tversky Loss base-channel 32,Iron,worst 10,3,sample_066538,0.512089729309082,0.5749461650848389,0.5173612833023071,0.0930083245038986
multi-output Tversky Loss base-channel 32,Iron,worst 10,4,sample_067263,0.5219866633415222,0.6485116481781006,0.5221941471099854,0.1245238855481147
multi-output Tversky Loss base-channel 32,Iron,worst 10,5,sample_066301,0.567273736000061,0.7819147706031799,0.6646557450294495,0.2598214149475097
multi-output Tversky Loss base-channel 32,Iron,worst 10,6,sample_062506,0.5746498703956604,0.7101017236709595,0.5506223440170288,0.2386240065097808
multi-output Tversky Loss base-channel 32,Iron,worst 10,7,sample_070356,0.5890748500823975,0.7169615030288696,0.6063898801803589,0.2354655265808105
multi-output Tversky Loss base-channel 32,Iron,worst 10,8,sample_068992,0.6554116010665894,0.7371707558631897,0.6005051732063293,0.176876813173294
multi-output Tversky Loss base-channel 32,Iron,worst 10,9,sample_065543,0.6840490102767944,0.6838599443435669,0.5199320316314697,0.0809868276119232
multi-output Tversky Loss base-channel 32,Iron,worst 10,10,sample_067226,0.6928390264511108,0.7982221841812134,0.6903512477874756,0.1267419755458831
multi-output Tversky Loss base-channel 32,Iron_deformed,best 10,1,sample_054288,0.958549737930298,0.9562692642211914,0.9163479208946228,0.0134138809517025
multi-output Tversky Loss base-channel 32,Iron_deformed,best 10,2,sample_060043,0.953216016292572,0.9557161331176758,0.9152923822402954,0.0119426008313894
multi-output Tversky Loss base-channel 32,Iron_deformed,best 10,3,sample_061724,0.9524835348129272,0.96038556098938,0.9238595962524414,0.0246960166841745
multi-output Tversky Loss base-channel 32,Iron_deformed,best 10,4,sample_055971,0.9514483213424684,0.9534568786621094,0.9111745953559875,0.0106202345341444
multi-output Tversky Loss base-channel 32,Iron_deformed,best 10,5,sample_060126,0.950671911239624,0.94813334941864,0.9018971920013428,0.0126750692725181
multi-output Tversky Loss base-channel 32,Iron_deformed,best 10,6,sample_057584,0.9504655599594116,0.9541149139404296,0.912256360054016,0.0129025261849164
multi-output Tversky Loss base-channel 32,Iron_deformed,best 10,7,sample_056629,0.9496340751647948,0.9480923414230348,0.9014408588409424,0.0178099293261766
multi-output Tversky Loss base-channel 32,Iron_deformed,best 10,8,sample_058745,0.9494017958641052,0.9501505494117736,0.9050782918930054,0.0251780413091182
multi-output Tversky Loss base-channel 32,Iron_deformed,best 10,9,sample_061758,0.948933720588684,0.9485493898391724,0.9021716713905334,0.020139530301094
multi-output Tversky Loss base-channel 32,Iron_deformed,best 10,10,sample_060569,0.9479994773864746,0.964613676071167,0.9319183826446532,0.0236020646989345
multi-output Tversky Loss base-channel 32,Iron_deformed,worst 10,1,sample_057275,0.4363847374916076,0.4626092612743377,0.4304216802120209,0.1282081007957458
multi-output Tversky Loss base-channel 32,Iron_deformed,worst 10,2,sample_059722,0.4870180487632751,0.5306664109230042,0.3964169025421142,0.1184425354003906
multi-output Tversky Loss base-channel 32,Iron_deformed,worst 10,3,sample_057772,0.5213693976402283,0.6433970332145691,0.5133829116821289,0.2823298275470733
multi-output Tversky Loss base-channel 32,Iron_deformed,worst 10,4,sample_058762,0.5543386936187744,0.669716477394104,0.5057846307754517,0.2029549181461334
multi-output Tversky Loss base-channel 32,Iron_deformed,worst 10,5,sample_058880,0.5944515466690063,0.743812084197998,0.5943996906280518,0.2351773083209991
multi-output Tversky Loss base-channel 32,Iron_deformed,worst 10,6,sample_059283,0.6549935340881348,0.6755454540252686,0.5255526304244995,0.1436556428670883
multi-output Tversky Loss base-channel 32,Iron_deformed,worst 10,7,sample_058446,0.6586736440658569,0.7683215141296387,0.6349372267723083,0.2142685800790786
multi-output Tversky Loss base-channel 32,Iron_deformed,worst 10,8,sample_057577,0.6602722406387329,0.7335204482078552,0.5839925408363342,0.1789550334215164
multi-output Tversky Loss base-channel 32,Iron_deformed,worst 10,9,sample_054487,0.6757654547691345,0.759958028793335,0.6142909526824951,0.1447752565145492
multi-output Tversky Loss base-channel 32,Iron_deformed,worst 10,10,sample_059791,0.6803381443023682,0.7397516965866089,0.5949022769927979,0.1162807196378707
multi-output Tversky Loss base-channel 32,Ti7Al,best 10,1,sample_079138,0.9934786558151244,0.9963850378990172,0.992821991443634,0.0037068526726216
multi-output Tversky Loss base-channel 32,Ti7Al,best 10,2,sample_074943,0.9738850593566896,0.9761030673980712,0.953321933746338,0.0113664343953132
multi-output Tversky Loss base-channel 32,Ti7Al,best 10,3,sample_079366,0.972740650177002,0.975602090358734,0.9523675441741944,0.0085871685296297
multi-output Tversky Loss base-channel 32,Ti7Al,best 10,4,sample_079891,0.9723685383796692,0.9796249866485596,0.9601628184318542,0.0122129758819937
multi-output Tversky Loss base-channel 32,Ti7Al,best 10,5,sample_073407,0.9710463285446168,0.974469780921936,0.9502959847450256,0.0095655247569084
multi-output Tversky Loss base-channel 32,Ti7Al,best 10,6,sample_071760,0.9695415496826172,0.976109504699707,0.9535195827484132,0.0112890098243951
multi-output Tversky Loss base-channel 32,Ti7Al,best 10,7,sample_078873,0.9692153334617616,0.9705932140350342,0.9430656433105468,0.0089398920536041
multi-output Tversky Loss base-channel 32,Ti7Al,best 10,8,sample_076694,0.9683573246002196,0.9695470333099364,0.9409226775169371,0.0110944341868162
multi-output Tversky Loss base-channel 32,Ti7Al,best 10,9,sample_079215,0.9682667255401612,0.9719576239585876,0.9455708861351012,0.0102894958108663
multi-output Tversky Loss base-channel 32,Ti7Al,best 10,10,sample_073962,0.9673774242401124,0.9683990478515624,0.9388340711593628,0.0146667622029781
multi-output Tversky Loss base-channel 32,Ti7Al,worst 10,1,sample_071488,0.351285308599472,0.4032975733280182,0.3379386067390442,0.1552102714776992
multi-output Tversky Loss base-channel 32,Ti7Al,worst 10,2,sample_077612,0.3731993436813354,0.3942295908927917,0.3171903491020202,0.1724386811256408
multi-output Tversky Loss base-channel 32,Ti7Al,worst 10,3,sample_079887,0.3893629908561706,0.4379444718360901,0.3812736868858337,0.2079547345638275
multi-output Tversky Loss base-channel 32,Ti7Al,worst 10,4,sample_074041,0.4018839001655578,0.3561950325965881,0.2192846834659576,0.1250496655702591
multi-output Tversky Loss base-channel 32,Ti7Al,worst 10,5,sample_072031,0.4039854705333709,0.3603714406490326,0.2200659811496734,0.0429004281759262
multi-output Tversky Loss base-channel 32,Ti7Al,worst 10,6,sample_074934,0.4195940196514129,0.416263073682785,0.3565502464771271,0.1654949784278869
multi-output Tversky Loss base-channel 32,Ti7Al,worst 10,7,sample_076790,0.4205524623394012,0.4272648394107818,0.3712300062179565,0.0418251790106296
multi-output Tversky Loss base-channel 32,Ti7Al,worst 10,8,sample_072434,0.4362229704856872,0.4985189437866211,0.3711671531200409,0.2233676612377166
multi-output Tversky Loss base-channel 32,Ti7Al,worst 10,9,sample_078401,0.4469717741012573,0.4448532164096832,0.4006626904010772,0.0331157930195331
multi-output Tversky Loss base-channel 32,Ti7Al,worst 10,10,sample_072554,0.483420729637146,0.5018222332000732,0.3491984605789184,0.1342296302318573
multi-output Tversky Loss batch 100,Al,best 10,1,sample_024693,0.9849870800971984,0.9906126856803894,0.9814048409461976,0.0107330977916717
multi-output Tversky Loss batch 100,Al,best 10,2,sample_025254,0.9844019412994384,0.986412763595581,0.9732362627983092,0.0101359914988279
multi-output Tversky Loss batch 100,Al,best 10,3,sample_024743,0.9840766191482544,0.988863468170166,0.9779732823371888,0.0100108347833156
multi-output Tversky Loss batch 100,Al,best 10,4,sample_022542,0.9838262796401978,0.9887425899505616,0.977779507637024,0.0126017620787024
multi-output Tversky Loss batch 100,Al,best 10,5,sample_019073,0.9834645986557008,0.988739848136902,0.9777404069900512,0.0121406782418489
multi-output Tversky Loss batch 100,Al,best 10,6,sample_018877,0.9825698137283324,0.9840185642242432,0.9685417413711548,0.0123532824218273
multi-output Tversky Loss batch 100,Al,best 10,7,sample_018971,0.9823153018951416,0.9861345291137696,0.9726985692977904,0.0121363382786512
multi-output Tversky Loss batch 100,Al,best 10,8,sample_020836,0.9821502566337584,0.9823942184448242,0.965432345867157,0.0091037806123495
multi-output Tversky Loss batch 100,Al,best 10,9,sample_019399,0.981879711151123,0.9840163588523864,0.9686458110809326,0.0111710019409656
multi-output Tversky Loss batch 100,Al,best 10,10,sample_024314,0.9816118478775024,0.9856595993041992,0.9717462062835692,0.0151597075164318
multi-output Tversky Loss batch 100,Al,worst 10,1,sample_019559,0.4664796590805053,0.4635770320892334,0.4321002960205078,0.0159783847630023
multi-output Tversky Loss batch 100,Al,worst 10,2,sample_022545,0.7847973108291626,0.959434986114502,0.9228119850158693,0.1336269080638885
multi-output Tversky Loss batch 100,Al,worst 10,3,sample_021881,0.7878067493438721,0.9414659738540648,0.8902631998062134,0.0797415077686309
multi-output Tversky Loss batch 100,Al,worst 10,4,sample_025384,0.802177906036377,0.8536546230316162,0.7642885446548462,0.0131948348134756
multi-output Tversky Loss batch 100,Al,worst 10,5,sample_019424,0.8035447597503662,0.7580134868621826,0.6405186057090759,0.0427124872803688
multi-output Tversky Loss batch 100,Al,worst 10,6,sample_026539,0.8086162805557251,0.9517433643341064,0.9103106260299684,0.0433659106492996
multi-output Tversky Loss batch 100,Al,worst 10,7,sample_020404,0.8099476099014282,0.9663547277450562,0.9354395270347596,0.068958580493927
multi-output Tversky Loss batch 100,Al,worst 10,8,sample_025158,0.8217365145683289,0.9352505207061768,0.8784309029579163,0.1390832364559173
multi-output Tversky Loss batch 100,Al,worst 10,9,sample_020456,0.8290074467658997,0.9325289726257324,0.8735911846160889,0.13973069190979
multi-output Tversky Loss batch 100,Al,worst 10,10,sample_024794,0.831194281578064,0.9762940406799316,0.954084575176239,0.0985198020935058
multi-output Tversky Loss batch 100,Al_big_grains,best 10,1,sample_000043,0.9857616424560548,0.9878106117248536,0.9759317636489868,0.0085285473614931
multi-output Tversky Loss batch 100,Al_big_grains,best 10,2,sample_001956,0.9802987575531006,0.98766028881073,0.9756382703781128,0.0138386469334363
multi-output Tversky Loss batch 100,Al_big_grains,best 10,3,sample_000240,0.9798083901405334,0.9850110411643982,0.9704712629318236,0.0124162845313549
multi-output Tversky Loss batch 100,Al_big_grains,best 10,4,sample_002788,0.9796346426010132,0.9847642183303832,0.9700403213500975,0.0082179820165038
multi-output Tversky Loss batch 100,Al_big_grains,best 10,5,sample_004311,0.9779905080795288,0.9838733673095704,0.9683367609977722,0.0158073529601097
multi-output Tversky Loss batch 100,Al_big_grains,best 10,6,sample_005907,0.977005124092102,0.9790270924568176,0.9589489698410034,0.0099087283015251
multi-output Tversky Loss batch 100,Al_big_grains,best 10,7,sample_001722,0.9765199422836304,0.9799736738204956,0.9608172178268432,0.0176822133362293
multi-output Tversky Loss batch 100,Al_big_grains,best 10,8,sample_004451,0.9756264686584472,0.9828555583953856,0.9663695096969604,0.0162997096776962
multi-output Tversky Loss batch 100,Al_big_grains,best 10,9,sample_002772,0.9751320481300354,0.9882581233978271,0.9768485426902772,0.0163038931787014
multi-output Tversky Loss batch 100,Al_big_grains,best 10,10,sample_000116,0.97512686252594,0.9817867279052734,0.9643086194992064,0.012276379391551
multi-output Tversky Loss batch 100,Al_big_grains,worst 10,1,sample_005000,0.3884244561195373,0.4467821419239044,0.3489606082439422,0.1110655441880226
multi-output Tversky Loss batch 100,Al_big_grains,worst 10,2,sample_003894,0.4350806176662445,0.4694868624210357,0.4125114679336548,0.1006692126393318
multi-output Tversky Loss batch 100,Al_big_grains,worst 10,3,sample_003958,0.4786518812179565,0.4727735221385956,0.4483590722084045,0.052343413233757
multi-output Tversky Loss batch 100,Al_big_grains,worst 10,4,sample_000445,0.4834957420825958,0.483325332403183,0.4677269458770752,0.0784288570284843
multi-output Tversky Loss batch 100,Al_big_grains,worst 10,5,sample_001810,0.4896269738674164,0.4944632947444916,0.4890478849411011,0.0510161258280277
multi-output Tversky Loss batch 100,Al_big_grains,worst 10,6,sample_008013,0.5616343021392822,0.6088437438011169,0.469255268573761,0.1021119281649589
multi-output Tversky Loss batch 100,Al_big_grains,worst 10,7,sample_008276,0.5853434801101685,0.5939723253250122,0.4234132170677185,0.0780202746391296
multi-output Tversky Loss batch 100,Al_big_grains,worst 10,8,sample_004241,0.6189228296279907,0.751200258731842,0.601772665977478,0.216926634311676
multi-output Tversky Loss batch 100,Al_big_grains,worst 10,9,sample_002692,0.6486854553222656,0.7065418362617493,0.6258581280708313,0.0361592918634414
multi-output Tversky Loss batch 100,Al_big_grains,worst 10,10,sample_001334,0.6602792143821716,0.7641870379447937,0.6743264198303223,0.1664556860923767
multi-output Tversky Loss batch 100,Al_deformed_LoG,best 10,1,sample_014314,0.972048819065094,0.9702882766723632,0.9423528909683228,0.0077045066282153
multi-output Tversky Loss batch 100,Al_deformed_LoG,best 10,2,sample_009474,0.970318078994751,0.9714093208312988,0.9444530010223388,0.0126747405156493
multi-output Tversky Loss batch 100,Al_deformed_LoG,best 10,3,sample_014924,0.966300368309021,0.9730849266052246,0.9475865364074708,0.0125080598518252
multi-output Tversky Loss batch 100,Al_deformed_LoG,best 10,4,sample_009394,0.9656658172607422,0.9636913537979126,0.9299362897872924,0.0129574481397867
multi-output Tversky Loss batch 100,Al_deformed_LoG,best 10,5,sample_017010,0.9649069905281068,0.9654515385627748,0.933404803276062,0.0079274252057075
multi-output Tversky Loss batch 100,Al_deformed_LoG,best 10,6,sample_015046,0.9648522734642028,0.9673834443092346,0.936981737613678,0.0122457165271043
multi-output Tversky Loss batch 100,Al_deformed_LoG,best 10,7,sample_010755,0.9642523527145386,0.9702504873275756,0.9423753023147584,0.0109733650460839
multi-output Tversky Loss batch 100,Al_deformed_LoG,best 10,8,sample_009695,0.963842511177063,0.9658007621765136,0.9341026544570924,0.0165450759232044
multi-output Tversky Loss batch 100,Al_deformed_LoG,best 10,9,sample_011086,0.96357923746109,0.9727497100830078,0.9470351934432985,0.0211477279663085
multi-output Tversky Loss batch 100,Al_deformed_LoG,best 10,10,sample_017475,0.9629235863685608,0.9567021727561952,0.9176413416862488,0.0076732598245143
multi-output Tversky Loss batch 100,Al_deformed_LoG,worst 10,1,sample_014393,0.6012551784515381,0.6363636255264282,0.4732142984867096,0.1426489800214767
multi-output Tversky Loss batch 100,Al_deformed_LoG,worst 10,2,sample_012490,0.6577308177947998,0.8075884580612183,0.678110659122467,0.2218932807445526
multi-output Tversky Loss batch 100,Al_deformed_LoG,worst 10,3,sample_010082,0.6953459978103638,0.8791414499282837,0.7880277037620544,0.220218151807785
multi-output Tversky Loss batch 100,Al_deformed_LoG,worst 10,4,sample_009953,0.7000230550765991,0.6952264308929443,0.556551992893219,0.0844805017113685
multi-output Tversky Loss batch 100,Al_deformed_LoG,worst 10,5,sample_009435,0.7403976321220398,0.9100923538208008,0.8368789553642273,0.1823119074106216
multi-output Tversky Loss batch 100,Al_deformed_LoG,worst 10,6,sample_010066,0.8027772307395935,0.9112712144851683,0.8370561599731445,0.1431049108505249
multi-output Tversky Loss batch 100,Al_deformed_LoG,worst 10,7,sample_014205,0.8088487982749939,0.9136980772018432,0.8412085771560669,0.1220859065651893
multi-output Tversky Loss batch 100,Al_deformed_LoG,worst 10,8,sample_009530,0.8127940893173218,0.8725666403770447,0.7739430665969849,0.0960154458880424
multi-output Tversky Loss batch 100,Al_deformed_LoG,worst 10,9,sample_015744,0.8132747411727905,0.9422105550765992,0.8916237354278564,0.1147869378328323
multi-output Tversky Loss batch 100,Al_deformed_LoG,worst 10,10,sample_015190,0.8141510486602783,0.8979262113571167,0.8161064386367798,0.1046151146292686
multi-output Tversky Loss batch 100,Al_small_grains,best 10,1,sample_030055,0.9778426885604858,0.97975754737854,0.9604767560958862,0.0101767061278224
multi-output Tversky Loss batch 100,Al_small_grains,best 10,2,sample_035302,0.9712388515472412,0.9761874675750732,0.953667163848877,0.0184579845517873
multi-output Tversky Loss batch 100,Al_small_grains,best 10,3,sample_032968,0.9654784202575684,0.9629462957382202,0.9287720918655396,0.0109243299812078
multi-output Tversky Loss batch 100,Al_small_grains,best 10,4,sample_035390,0.9645373225212096,0.9668701887130736,0.9361023902893066,0.0171880796551704
multi-output Tversky Loss batch 100,Al_small_grains,best 10,5,sample_033488,0.964497983455658,0.9687166810035706,0.93934565782547,0.0212322026491165
multi-output Tversky Loss batch 100,Al_small_grains,best 10,6,sample_032927,0.9644286632537842,0.966431200504303,0.935145616531372,0.014667353592813
multi-output Tversky Loss batch 100,Al_small_grains,best 10,7,sample_035279,0.9641385078430176,0.962775468826294,0.928423285484314,0.017460897564888
multi-output Tversky Loss batch 100,Al_small_grains,best 10,8,sample_031478,0.964038074016571,0.9713983535766602,0.9445295333862304,0.0234823413193225
multi-output Tversky Loss batch 100,Al_small_grains,best 10,9,sample_031581,0.9630751609802246,0.9670575857162476,0.9362242817878724,0.0175441056489944
multi-output Tversky Loss batch 100,Al_small_grains,best 10,10,sample_028101,0.9622737169265748,0.9614239931106568,0.925771176815033,0.0129497135058045
multi-output Tversky Loss batch 100,Al_small_grains,worst 10,1,sample_030707,0.6169829368591309,0.6898278594017029,0.540486752986908,0.1655154228210449
multi-output Tversky Loss batch 100,Al_small_grains,worst 10,2,sample_034420,0.7093874216079712,0.8639768362045288,0.7668745517730713,0.1437279284000396
multi-output Tversky Loss batch 100,Al_small_grains,worst 10,3,sample_030954,0.7423855066299438,0.8170336484909058,0.7144542932510376,0.1179795861244201
multi-output Tversky Loss batch 100,Al_small_grains,worst 10,4,sample_034563,0.7543017864227295,0.808333158493042,0.7008023262023926,0.0717840045690536
multi-output Tversky Loss batch 100,Al_small_grains,worst 10,5,sample_029777,0.7576258778572083,0.884635329246521,0.8000446557998657,0.0456454455852508
multi-output Tversky Loss batch 100,Al_small_grains,worst 10,6,sample_030152,0.7588052749633789,0.8106378316879272,0.6848434209823608,0.1163529381155967
multi-output Tversky Loss batch 100,Al_small_grains,worst 10,7,sample_033929,0.7726926803588867,0.9040247201919556,0.8339181542396545,0.0442291051149368
multi-output Tversky Loss batch 100,Al_small_grains,worst 10,8,sample_035491,0.7732128500938416,0.9077502489089966,0.8360463380813599,0.0578550361096859
multi-output Tversky Loss batch 100,Al_small_grains,worst 10,9,sample_034293,0.7753660678863525,0.9125701785087584,0.8408663272857666,0.1757103204727172
multi-output Tversky Loss batch 100,Al_small_grains,worst 10,10,sample_029512,0.7814455032348633,0.9023783206939696,0.8239889740943909,0.0874319374561309
multi-output Tversky Loss batch 100,Cu,best 10,1,sample_042391,0.965489387512207,0.963156282901764,0.9289309978485109,0.0119560174643993
multi-output Tversky Loss batch 100,Cu,best 10,2,sample_043667,0.9568135142326356,0.954891562461853,0.91367769241333,0.0178627185523509
multi-output Tversky Loss batch 100,Cu,best 10,3,sample_040988,0.956268072128296,0.9547258615493774,0.9134113788604736,0.0144846681505441
multi-output Tversky Loss batch 100,Cu,best 10,4,sample_037001,0.9551892280578612,0.9487663507461548,0.9032478332519532,0.0079858833923935
multi-output Tversky Loss batch 100,Cu,best 10,5,sample_040279,0.9549410343170166,0.9530194997787476,0.9111101627349854,0.0153762139379978
multi-output Tversky Loss batch 100,Cu,best 10,6,sample_042097,0.95181405544281,0.9502654671669006,0.9054570198059082,0.0144741460680961
multi-output Tversky Loss batch 100,Cu,best 10,7,sample_043694,0.951045036315918,0.9513628482818604,0.9077224731445312,0.0257360562682151
multi-output Tversky Loss batch 100,Cu,best 10,8,sample_036661,0.950331687927246,0.9586327075958252,0.9205545783042908,0.0267342925071716
multi-output Tversky Loss batch 100,Cu,best 10,9,sample_039395,0.948237419128418,0.947717785835266,0.9007299542427064,0.0249456763267517
multi-output Tversky Loss batch 100,Cu,best 10,10,sample_044389,0.9479455351829528,0.9470176696777344,0.8995522856712341,0.0259797424077987
multi-output Tversky Loss batch 100,Cu,worst 10,1,sample_043225,0.4591814279556274,0.6444296836853027,0.4770469665527344,0.3784126043319702
multi-output Tversky Loss batch 100,Cu,worst 10,2,sample_035955,0.4969997107982635,0.6409932374954224,0.4811926782131195,0.2893435955047607
multi-output Tversky Loss batch 100,Cu,worst 10,3,sample_043627,0.5358149409294128,0.6950073838233948,0.5328457355499268,0.3618907928466797
multi-output Tversky Loss batch 100,Cu,worst 10,4,sample_036644,0.5954288244247437,0.7498372793197632,0.6035560369491577,0.2610373497009277
multi-output Tversky Loss batch 100,Cu,worst 10,5,sample_038308,0.6024265885353088,0.6823310852050781,0.5207839012145996,0.2281333208084106
multi-output Tversky Loss batch 100,Cu,worst 10,6,sample_038471,0.6669259071350098,0.7841063737869263,0.6642119884490967,0.1927245259284973
multi-output Tversky Loss batch 100,Cu,worst 10,7,sample_038938,0.6900204420089722,0.8457448482513428,0.7340249419212341,0.2003887891769409
multi-output Tversky Loss batch 100,Cu,worst 10,8,sample_040309,0.6966692209243774,0.8047980070114136,0.6924727559089661,0.0662774890661239
multi-output Tversky Loss batch 100,Cu,worst 10,9,sample_040254,0.7119253873825073,0.8346973657608032,0.7162923812866211,0.1546333283185959
multi-output Tversky Loss batch 100,Cu,worst 10,10,sample_039559,0.7159525156021118,0.8295798301696777,0.7178599238395691,0.0615954175591468
multi-output Tversky Loss batch 100,IN718_twins,best 10,1,sample_051959,0.9915772676467896,0.9950068593025208,0.9900659322738647,0.0074354009702801
multi-output Tversky Loss batch 100,IN718_twins,best 10,2,sample_045148,0.9906975030899048,0.9952847957611084,0.9906147718429564,0.0106684993952512
multi-output Tversky Loss batch 100,IN718_twins,best 10,3,sample_044855,0.9901940822601318,0.9946101903915404,0.9892793893814088,0.011503791436553
multi-output Tversky Loss batch 100,IN718_twins,best 10,4,sample_045737,0.9899208545684814,0.9956564903259276,0.9913512468338012,0.0116349644958972
multi-output Tversky Loss batch 100,IN718_twins,best 10,5,sample_049582,0.9896782636642456,0.9976895451545716,0.995389759540558,0.0106321740895509
multi-output Tversky Loss batch 100,IN718_twins,best 10,6,sample_045574,0.9888423085212708,0.993451714515686,0.9869908690452576,0.0128247141838073
multi-output Tversky Loss batch 100,IN718_twins,best 10,7,sample_048727,0.9885517358779908,0.9931364059448242,0.9863663911819458,0.0119762169197201
multi-output Tversky Loss batch 100,IN718_twins,best 10,8,sample_049319,0.988452672958374,0.9959644675254822,0.991977035999298,0.0135776037350296
multi-output Tversky Loss batch 100,IN718_twins,best 10,9,sample_050981,0.9879102110862732,0.9952616691589355,0.9905686378479004,0.0139148263260722
multi-output Tversky Loss batch 100,IN718_twins,best 10,10,sample_051001,0.987704575061798,0.9949807524681092,0.9900116920471193,0.0091660255566239
multi-output Tversky Loss batch 100,IN718_twins,worst 10,1,sample_050363,0.5515873432159424,0.5609957575798035,0.4382330477237701,0.2135911434888839
multi-output Tversky Loss batch 100,IN718_twins,worst 10,2,sample_051923,0.7086687088012695,0.7834644317626953,0.6575517654418945,0.2286756783723831
multi-output Tversky Loss batch 100,IN718_twins,worst 10,3,sample_045072,0.7994452714920044,0.8402842283248901,0.7250666618347168,0.1043478846549987
multi-output Tversky Loss batch 100,IN718_twins,worst 10,4,sample_047994,0.8005288243293762,0.8756985664367676,0.782564640045166,0.1598166227340698
multi-output Tversky Loss batch 100,IN718_twins,worst 10,5,sample_051730,0.8086893558502197,0.8380512595176697,0.7214686870574951,0.0891429632902145
multi-output Tversky Loss batch 100,IN718_twins,worst 10,6,sample_048194,0.8337665796279907,0.88633793592453,0.8140133619308472,0.1283368468284607
multi-output Tversky Loss batch 100,IN718_twins,worst 10,7,sample_045047,0.8374098539352417,0.919514775276184,0.8516099452972412,0.1069818139076232
multi-output Tversky Loss batch 100,IN718_twins,worst 10,8,sample_044764,0.8606924414634705,0.935508131980896,0.8794524669647217,0.0984181836247444
multi-output Tversky Loss batch 100,IN718_twins,worst 10,9,sample_050878,0.862075924873352,0.8954317569732666,0.8135258555412292,0.1340740770101547
multi-output Tversky Loss batch 100,IN718_twins,worst 10,10,sample_047509,0.8684287667274475,0.921847939491272,0.8550615310668945,0.0868263989686966
multi-output Tversky Loss batch 100,Iron,best 10,1,sample_067355,0.9665236473083496,0.9661717414855956,0.9346201419830322,0.0145757626742124
multi-output Tversky Loss batch 100,Iron,best 10,2,sample_063988,0.9654849171638488,0.9628536701202391,0.9290018677711488,0.0112066259607672
multi-output Tversky Loss batch 100,Iron,best 10,3,sample_069012,0.9638271331787108,0.9601600170135498,0.9233767986297609,0.0107529275119304
multi-output Tversky Loss batch 100,Iron,best 10,4,sample_064046,0.9627512097358704,0.9748748540878296,0.9510016441345216,0.0267265737056732
multi-output Tversky Loss batch 100,Iron,best 10,5,sample_070535,0.9624922275543212,0.963657557964325,0.9304860830307008,0.0095801139250397
multi-output Tversky Loss batch 100,Iron,best 10,6,sample_069933,0.962101936340332,0.9645267724990844,0.9315689206123352,0.0168197136372327
multi-output Tversky Loss batch 100,Iron,best 10,7,sample_064668,0.9615058302879332,0.9643174409866332,0.9311316013336182,0.0151619873940944
multi-output Tversky Loss batch 100,Iron,best 10,8,sample_069731,0.9614642858505248,0.9567060470581056,0.9179129600524902,0.0085530132055282
multi-output Tversky Loss batch 100,Iron,best 10,9,sample_064309,0.9614018201828004,0.9649678468704224,0.932307779788971,0.0201787836849689
multi-output Tversky Loss batch 100,Iron,best 10,10,sample_069619,0.9611737728118896,0.9577744603157043,0.9196082949638368,0.0146326441317796
multi-output Tversky Loss batch 100,Iron,worst 10,1,sample_066140,0.4597511291503906,0.6035915017127991,0.4632285237312317,0.2518101930618286
multi-output Tversky Loss batch 100,Iron,worst 10,2,sample_062500,0.471425712108612,0.4725615084171295,0.4479778110980987,0.0252464618533849
multi-output Tversky Loss batch 100,Iron,worst 10,3,sample_064733,0.5013328790664673,0.5926182270050049,0.4454436898231506,0.2089297473430633
multi-output Tversky Loss batch 100,Iron,worst 10,4,sample_067665,0.5100921988487244,0.5040206909179688,0.4760172963142395,0.0186456013470888
multi-output Tversky Loss batch 100,Iron,worst 10,5,sample_068992,0.5488934516906738,0.6465790867805481,0.5164492726325989,0.2243274003267288
multi-output Tversky Loss batch 100,Iron,worst 10,6,sample_062408,0.5575140714645386,0.666921854019165,0.5184280872344971,0.3297508955001831
multi-output Tversky Loss batch 100,Iron,worst 10,7,sample_066954,0.5630477666854858,0.7133879661560059,0.5694080591201782,0.1890096664428711
multi-output Tversky Loss batch 100,Iron,worst 10,8,sample_062506,0.57590651512146,0.7052327394485474,0.5458418130874634,0.222573697566986
multi-output Tversky Loss batch 100,Iron,worst 10,9,sample_066538,0.5859677791595459,0.6808946132659912,0.5973355770111084,0.1149680167436599
multi-output Tversky Loss batch 100,Iron,worst 10,10,sample_070356,0.5977327823638916,0.7352311611175537,0.6229482889175415,0.2398940920829773
multi-output Tversky Loss batch 100,Iron_deformed,best 10,1,sample_053335,0.9635255336761476,0.9651726484298706,0.9326896667480468,0.009581658989191
multi-output Tversky Loss batch 100,Iron_deformed,best 10,2,sample_055414,0.9632471203804016,0.9606664776802064,0.9243636727333068,0.0137026514858007
multi-output Tversky Loss batch 100,Iron_deformed,best 10,3,sample_054288,0.9612683653831482,0.9568811655044556,0.9174035787582396,0.0107049811631441
multi-output Tversky Loss batch 100,Iron_deformed,best 10,4,sample_060043,0.9609009623527528,0.963108777999878,0.929061770439148,0.009704940021038
multi-output Tversky Loss batch 100,Iron_deformed,best 10,5,sample_057584,0.9573380351066588,0.962652623653412,0.9279962778091432,0.0116919744759798
multi-output Tversky Loss batch 100,Iron_deformed,best 10,6,sample_060126,0.9571679830551147,0.9529687166213988,0.9107786417007446,0.0099003445357084
multi-output Tversky Loss batch 100,Iron_deformed,best 10,7,sample_062042,0.9562467336654664,0.9534358978271484,0.9111285209655762,0.0119135845452547
multi-output Tversky Loss batch 100,Iron_deformed,best 10,8,sample_055971,0.9550638794898988,0.9558740854263306,0.915495991706848,0.0098165636882185
multi-output Tversky Loss batch 100,Iron_deformed,best 10,9,sample_060940,0.954641044139862,0.9569565057754515,0.9175541400909424,0.0227978136390447
multi-output Tversky Loss batch 100,Iron_deformed,best 10,10,sample_056629,0.9543246030807496,0.9501445293426514,0.9050531983375548,0.0136905098333954
multi-output Tversky Loss batch 100,Iron_deformed,worst 10,1,sample_061591,0.5188913345336914,0.5852669477462769,0.4302359223365783,0.2297269999980926
multi-output Tversky Loss batch 100,Iron_deformed,worst 10,2,sample_056275,0.5208084583282471,0.6151683330535889,0.5273087024688721,0.1721290349960327
multi-output Tversky Loss batch 100,Iron_deformed,worst 10,3,sample_058762,0.5979832410812378,0.6762831807136536,0.5152990221977234,0.1501394808292389
multi-output Tversky Loss batch 100,Iron_deformed,worst 10,4,sample_061725,0.6101078987121582,0.7043651342391968,0.5437533855438232,0.2095033526420593
multi-output Tversky Loss batch 100,Iron_deformed,worst 10,5,sample_054487,0.6522495746612549,0.7528945207595825,0.6052724123001099,0.1620411574840545
multi-output Tversky Loss batch 100,Iron_deformed,worst 10,6,sample_059722,0.6761831045150757,0.7642958164215088,0.6592227220535278,0.078336976468563
multi-output Tversky Loss batch 100,Iron_deformed,worst 10,7,sample_060601,0.7046788930892944,0.7661100625991821,0.6361211538314819,0.1593918949365615
multi-output Tversky Loss batch 100,Iron_deformed,worst 10,8,sample_061143,0.7208034992218018,0.8326923251152039,0.7285280823707581,0.1519988179206848
multi-output Tversky Loss batch 100,Iron_deformed,worst 10,9,sample_059962,0.7239366769790649,0.9069263935089112,0.8297101259231567,0.2056044787168502
multi-output Tversky Loss batch 100,Iron_deformed,worst 10,10,sample_060839,0.7293177247047424,0.7789322137832642,0.6379108428955078,0.0919914692640304
multi-output Tversky Loss batch 100,Ti7Al,best 10,1,sample_079138,0.9917397499084472,0.992476224899292,0.985175609588623,0.0027805995196104
multi-output Tversky Loss batch 100,Ti7Al,best 10,2,sample_071760,0.9754207134246826,0.9778757095336914,0.9568569660186768,0.0075667221099138
multi-output Tversky Loss batch 100,Ti7Al,best 10,3,sample_073407,0.9746923446655272,0.975127935409546,0.9516180753707886,0.0067731644958257
multi-output Tversky Loss batch 100,Ti7Al,best 10,4,sample_074943,0.9734940528869628,0.9746906757354736,0.9506494998931884,0.0106191635131835
multi-output Tversky Loss batch 100,Ti7Al,best 10,5,sample_078172,0.9689480066299438,0.9754880666732788,0.9521531462669371,0.0084317829459905
multi-output Tversky Loss batch 100,Ti7Al,best 10,6,sample_078873,0.968594253063202,0.968392252922058,0.9388992786407472,0.0077069485560059
multi-output Tversky Loss batch 100,Ti7Al,best 10,7,sample_076694,0.9681832790374756,0.9674437046051024,0.9369614124298096,0.0097729358822107
multi-output Tversky Loss batch 100,Ti7Al,best 10,8,sample_079366,0.9676771759986876,0.9770835041999816,0.9552223682403564,0.0140235116705298
multi-output Tversky Loss batch 100,Ti7Al,best 10,9,sample_073962,0.9673061966896056,0.9650131464004515,0.9326211214065552,0.0116511266678571
multi-output Tversky Loss batch 100,Ti7Al,best 10,10,sample_075733,0.9663822650909424,0.968646764755249,0.9392520189285278,0.0054409950971603
multi-output Tversky Loss batch 100,Ti7Al,worst 10,1,sample_075058,0.3340478539466858,0.3624205589294433,0.2790720760822296,0.1076779514551162
multi-output Tversky Loss batch 100,Ti7Al,worst 10,2,sample_071488,0.3670296669006347,0.4114591479301452,0.3472183644771576,0.144135519862175
multi-output Tversky Loss batch 100,Ti7Al,worst 10,3,sample_078397,0.3944602310657501,0.4544465243816376,0.3465172052383423,0.1511303335428238
multi-output Tversky Loss batch 100,Ti7Al,worst 10,4,sample_079887,0.4036193192005157,0.4561793506145477,0.3797919750213623,0.2065124064683914
multi-output Tversky Loss batch 100,Ti7Al,worst 10,5,sample_075707,0.4195097386837005,0.456655889749527,0.3470328748226166,0.1102242767810821
multi-output Tversky Loss batch 100,Ti7Al,worst 10,6,sample_073101,0.4482717514038086,0.4553113579750061,0.417955607175827,0.061956375837326
multi-output Tversky Loss batch 100,Ti7Al,worst 10,7,sample_076790,0.4641006886959076,0.4659629464149475,0.4222999811172485,0.0278724208474159
multi-output Tversky Loss batch 100,Ti7Al,worst 10,8,sample_073381,0.4791576862335205,0.4757258892059326,0.4536995887756347,0.0237462744116783
multi-output Tversky Loss batch 100,Ti7Al,worst 10,9,sample_078217,0.479608416557312,0.4831041991710663,0.4610146284103393,0.035025417804718
multi-output Tversky Loss batch 100,Ti7Al,worst 10,10,sample_072650,0.4811365604400635,0.4821788966655731,0.4655844271183014,0.0188563279807567
multi-output Tversky Loss batch 20,Al,best 10,1,sample_023573,0.9837729334831238,0.9923080801963806,0.9847531914711,0.0142694469541311
multi-output Tversky Loss batch 20,Al,best 10,2,sample_019073,0.9833187460899352,0.992110788822174,0.9843575954437256,0.0152561087161302
multi-output Tversky Loss batch 20,Al,best 10,3,sample_024836,0.9823135137557985,0.991982638835907,0.984095335006714,0.0145266531035304
multi-output Tversky Loss batch 20,Al,best 10,4,sample_026637,0.9817476868629456,0.995713472366333,0.9914641976356506,0.0291877537965774
multi-output Tversky Loss batch 20,Al,best 10,5,sample_024743,0.9817415475845336,0.9918867349624634,0.9839075803756714,0.0171651896089315
multi-output Tversky Loss batch 20,Al,best 10,6,sample_022285,0.9813618659973145,0.9910942316055298,0.9823458194732666,0.0172095485031604
multi-output Tversky Loss batch 20,Al,best 10,7,sample_025254,0.9812166690826416,0.9876760840415956,0.975740909576416,0.0170090496540069
multi-output Tversky Loss batch 20,Al,best 10,8,sample_018971,0.9806995987892152,0.9890855550765992,0.9784350991249084,0.0166208706796169
multi-output Tversky Loss batch 20,Al,best 10,9,sample_018877,0.980476975440979,0.9881601333618164,0.9766180515289308,0.0212938524782657
multi-output Tversky Loss batch 20,Al,best 10,10,sample_024693,0.980010747909546,0.9923050403594972,0.984737515449524,0.0205731131136417
multi-output Tversky Loss batch 20,Al,worst 10,1,sample_026164,0.4680096805095672,0.4282849431037903,0.3437884747982025,0.1884136945009231
multi-output Tversky Loss batch 20,Al,worst 10,2,sample_019559,0.4716595411300659,0.4721717834472656,0.4472778737545013,0.0177230406552553
multi-output Tversky Loss batch 20,Al,worst 10,3,sample_018377,0.515666127204895,0.5708745718002319,0.4006087183952331,0.2207273244857788
multi-output Tversky Loss batch 20,Al,worst 10,4,sample_023095,0.5437117218971252,0.5495701432228088,0.3809097707271576,0.1962502598762512
multi-output Tversky Loss batch 20,Al,worst 10,5,sample_019424,0.5979518890380859,0.5335219502449036,0.4078083634376526,0.1172886416316032
multi-output Tversky Loss batch 20,Al,worst 10,6,sample_022520,0.6796810030937195,0.8598905801773071,0.7549681663513184,0.2116280198097229
multi-output Tversky Loss batch 20,Al,worst 10,7,sample_023798,0.7477262616157532,0.7846657633781433,0.6547400951385498,0.1973126828670501
multi-output Tversky Loss batch 20,Al,worst 10,8,sample_025384,0.7885147929191589,0.8462799787521362,0.7563844919204712,0.0147891314700245
multi-output Tversky Loss batch 20,Al,worst 10,9,sample_021881,0.7953987121582031,0.9545191526412964,0.9130932688713074,0.0804314315319061
multi-output Tversky Loss batch 20,Al,worst 10,10,sample_020404,0.8153190612792969,0.9745219945907592,0.9505241513252258,0.0614446252584457
multi-output Tversky Loss batch 20,Al_big_grains,best 10,1,sample_000043,0.9828872084617616,0.9905169010162354,0.9812149405479432,0.0156294833868742
multi-output Tversky Loss batch 20,Al_big_grains,best 10,2,sample_000600,0.9779035449028016,0.992461323738098,0.985040247440338,0.027895301580429
multi-output Tversky Loss batch 20,Al_big_grains,best 10,3,sample_000240,0.9772040843963624,0.9869436621665956,0.9742521047592164,0.0180954709649086
multi-output Tversky Loss batch 20,Al_big_grains,best 10,4,sample_004311,0.9771758317947388,0.9819172620773317,0.9644874334335328,0.0155954975634813
multi-output Tversky Loss batch 20,Al_big_grains,best 10,5,sample_003374,0.9771128296852112,0.9880741834640504,0.9764339923858644,0.0158961880952119
multi-output Tversky Loss batch 20,Al_big_grains,best 10,6,sample_008799,0.9767001867294312,0.9819198846817015,0.964490294456482,0.0105247125029563
multi-output Tversky Loss batch 20,Al_big_grains,best 10,7,sample_005907,0.9765469431877136,0.981696367263794,0.96409273147583,0.0126936808228492
multi-output Tversky Loss batch 20,Al_big_grains,best 10,8,sample_007968,0.976238250732422,0.9874772429466248,0.9752646684646606,0.0231740698218345
multi-output Tversky Loss batch 20,Al_big_grains,best 10,9,sample_002788,0.9760414958000184,0.9834461212158204,0.9676547050476074,0.0110448505729436
multi-output Tversky Loss batch 20,Al_big_grains,best 10,10,sample_000116,0.97597998380661,0.9865720868110656,0.973586916923523,0.0150129403918981
multi-output Tversky Loss batch 20,Al_big_grains,worst 10,1,sample_000239,0.3997154831886291,0.456502616405487,0.3320939540863037,0.2682505846023559
multi-output Tversky Loss batch 20,Al_big_grains,worst 10,2,sample_000357,0.4284441173076629,0.4257580637931824,0.2730961143970489,0.1128992587327957
multi-output Tversky Loss batch 20,Al_big_grains,worst 10,3,sample_003958,0.4763529300689697,0.4795351326465606,0.4606796205043793,0.0620600171387195
multi-output Tversky Loss batch 20,Al_big_grains,worst 10,4,sample_001810,0.4816069602966308,0.4685442149639129,0.4408120512962341,0.0480861999094486
multi-output Tversky Loss batch 20,Al_big_grains,worst 10,5,sample_000445,0.4869411289691925,0.4879086315631866,0.4763882458209991,0.0780979394912719
multi-output Tversky Loss batch 20,Al_big_grains,worst 10,6,sample_008710,0.5439832210540771,0.4009304940700531,0.3346277177333832,0.0470981635153293
multi-output Tversky Loss batch 20,Al_big_grains,worst 10,7,sample_000790,0.5520843267440796,0.5815327763557434,0.4714030027389526,0.1620815098285675
multi-output Tversky Loss batch 20,Al_big_grains,worst 10,8,sample_002862,0.5952610969543457,0.6848469376564026,0.5528854727745056,0.1328825205564499
multi-output Tversky Loss batch 20,Al_big_grains,worst 10,9,sample_007853,0.6076512336730957,0.7884852290153503,0.6618666648864746,0.2144113928079605
multi-output Tversky Loss batch 20,Al_big_grains,worst 10,10,sample_007825,0.62355637550354,0.7713062763214111,0.6278405785560608,0.1456248760223388
multi-output Tversky Loss batch 20,Al_deformed_LoG,best 10,1,sample_009474,0.9720988273620604,0.9748828411102296,0.9510520696640016,0.0133329685777425
multi-output Tversky Loss batch 20,Al_deformed_LoG,best 10,2,sample_009695,0.971218764781952,0.9754287004470824,0.95205557346344,0.0153073780238628
multi-output Tversky Loss batch 20,Al_deformed_LoG,best 10,3,sample_014314,0.9703820943832396,0.9722429513931274,0.9461370706558228,0.0109397256746888
multi-output Tversky Loss batch 20,Al_deformed_LoG,best 10,4,sample_014924,0.969307780265808,0.9774580001831056,0.955946683883667,0.012877925299108
multi-output Tversky Loss batch 20,Al_deformed_LoG,best 10,5,sample_017173,0.9692202806472778,0.9739423990249634,0.9493593573570251,0.0107504501938819
multi-output Tversky Loss batch 20,Al_deformed_LoG,best 10,6,sample_011086,0.9670623540878296,0.9754858016967772,0.9523181915283204,0.0191004425287246
multi-output Tversky Loss batch 20,Al_deformed_LoG,best 10,7,sample_017010,0.9663100242614746,0.9703904986381532,0.9427958726882936,0.0098374392837286
multi-output Tversky Loss batch 20,Al_deformed_LoG,best 10,8,sample_009394,0.9659857153892516,0.9663560390472412,0.9349024295806884,0.0152820143848657
multi-output Tversky Loss batch 20,Al_deformed_LoG,best 10,9,sample_014777,0.9659830331802368,0.9748237729072572,0.9510045647621156,0.0124533362686634
multi-output Tversky Loss batch 20,Al_deformed_LoG,best 10,10,sample_013049,0.9642082452774048,0.9721193313598632,0.9459877014160156,0.0172253474593162
multi-output Tversky Loss batch 20,Al_deformed_LoG,worst 10,1,sample_017200,0.580787718296051,0.5937004089355469,0.4447962045669555,0.241465538740158
multi-output Tversky Loss batch 20,Al_deformed_LoG,worst 10,2,sample_015644,0.7308328151702881,0.8071759939193726,0.6776845455169678,0.1336753666400909
multi-output Tversky Loss batch 20,Al_deformed_LoG,worst 10,3,sample_010066,0.7517386674880981,0.8870834112167358,0.7970808744430542,0.179328441619873
multi-output Tversky Loss batch 20,Al_deformed_LoG,worst 10,4,sample_013435,0.7664257884025574,0.836857795715332,0.7196962833404541,0.1107379123568534
multi-output Tversky Loss batch 20,Al_deformed_LoG,worst 10,5,sample_010809,0.8029651641845703,0.833696186542511,0.7159801721572876,0.064425028860569
multi-output Tversky Loss batch 20,Al_deformed_LoG,worst 10,6,sample_015385,0.8114210367202759,0.8871486186981201,0.7977941036224365,0.1340539455413818
multi-output Tversky Loss batch 20,Al_deformed_LoG,worst 10,7,sample_016560,0.8213950395584106,0.960397720336914,0.9238256216049194,0.0893171206116676
multi-output Tversky Loss batch 20,Al_deformed_LoG,worst 10,8,sample_010082,0.8214297890663147,0.9211018085479736,0.8537863492965698,0.1221145242452621
multi-output Tversky Loss batch 20,Al_deformed_LoG,worst 10,9,sample_012855,0.8228305578231812,0.913928747177124,0.8417099714279175,0.1026916280388832
multi-output Tversky Loss batch 20,Al_deformed_LoG,worst 10,10,sample_013686,0.8244771361351013,0.8795473575592041,0.7883615493774414,0.1019384413957595
multi-output Tversky Loss batch 20,Al_small_grains,best 10,1,sample_030055,0.9771547317504884,0.982047200202942,0.964863896369934,0.0135436188429594
multi-output Tversky Loss batch 20,Al_small_grains,best 10,2,sample_032968,0.9700229167938232,0.9725461006164552,0.946857452392578,0.0133710447698831
multi-output Tversky Loss batch 20,Al_small_grains,best 10,3,sample_035302,0.9692258834838868,0.978451132774353,0.9579622149467468,0.024480827152729
multi-output Tversky Loss batch 20,Al_small_grains,best 10,4,sample_031478,0.9680393934249878,0.9785427451133728,0.958099365234375,0.0245977789163589
multi-output Tversky Loss batch 20,Al_small_grains,best 10,5,sample_028101,0.9632388353347778,0.9639827013015748,0.930511713027954,0.0131427235901355
multi-output Tversky Loss batch 20,Al_small_grains,best 10,6,sample_026819,0.9629594087600708,0.963871955871582,0.930268168449402,0.0207305774092674
multi-output Tversky Loss batch 20,Al_small_grains,best 10,7,sample_030962,0.9620681405067444,0.9705358743667604,0.9433915615081788,0.0167357809841632
multi-output Tversky Loss batch 20,Al_small_grains,best 10,8,sample_035279,0.9620363116264344,0.9622752666473388,0.9274622201919556,0.0203044675290584
multi-output Tversky Loss batch 20,Al_small_grains,best 10,9,sample_035390,0.9617130756378174,0.9692022800445556,0.9403764605522156,0.0231164414435625
multi-output Tversky Loss batch 20,Al_small_grains,best 10,10,sample_032451,0.961314618587494,0.96644127368927,0.935084581375122,0.02234623208642
multi-output Tversky Loss batch 20,Al_small_grains,worst 10,1,sample_028382,0.7275545001029968,0.7962064743041992,0.685544490814209,0.0906584709882736
multi-output Tversky Loss batch 20,Al_small_grains,worst 10,2,sample_034420,0.7447777390480042,0.8748499155044556,0.7814583778381348,0.1237546950578689
multi-output Tversky Loss batch 20,Al_small_grains,worst 10,3,sample_029777,0.7601610422134399,0.885809600353241,0.8003880977630615,0.0332902669906616
multi-output Tversky Loss batch 20,Al_small_grains,worst 10,4,sample_027037,0.7731915712356567,0.8923836946487427,0.8064326643943787,0.1463997364044189
multi-output Tversky Loss batch 20,Al_small_grains,worst 10,5,sample_033929,0.7839915752410889,0.9158035516738892,0.851662278175354,0.0258101336658
multi-output Tversky Loss batch 20,Al_small_grains,worst 10,6,sample_030152,0.7951295375823975,0.8362404704093933,0.726367712020874,0.0963454395532608
multi-output Tversky Loss batch 20,Al_small_grains,worst 10,7,sample_029152,0.8119815587997437,0.8762726187705994,0.792718768119812,0.1128834933042526
multi-output Tversky Loss batch 20,Al_small_grains,worst 10,8,sample_034052,0.8164162039756775,0.8863964676856995,0.8017133474349976,0.0393811911344528
multi-output Tversky Loss batch 20,Al_small_grains,worst 10,9,sample_026738,0.8189096450805664,0.9381765127182008,0.8846030235290527,0.0943721234798431
multi-output Tversky Loss batch 20,Al_small_grains,worst 10,10,sample_030954,0.8202458620071411,0.8614662885665894,0.7701153755187988,0.0739920139312744
multi-output Tversky Loss batch 20,Cu,best 10,1,sample_042391,0.9679022431373596,0.968021035194397,0.938039243221283,0.0134699083864688
multi-output Tversky Loss batch 20,Cu,best 10,2,sample_040988,0.9637386202812196,0.96824848651886,0.9386889934539796,0.0178835019469261
multi-output Tversky Loss batch 20,Cu,best 10,3,sample_043667,0.959253430366516,0.9607809782028198,0.924523949623108,0.0202906467020511
multi-output Tversky Loss batch 20,Cu,best 10,4,sample_037001,0.958014726638794,0.9608585238456726,0.925264835357666,0.0120455790311098
multi-output Tversky Loss batch 20,Cu,best 10,5,sample_043694,0.9562618732452391,0.9607582688331604,0.9248164296150208,0.0280928276479244
multi-output Tversky Loss batch 20,Cu,best 10,6,sample_038119,0.9546284079551696,0.9574651718139648,0.9184027910232544,0.0212729908525943
multi-output Tversky Loss batch 20,Cu,best 10,7,sample_042097,0.9544661045074464,0.9582039713859558,0.919807195663452,0.0173371192067861
multi-output Tversky Loss batch 20,Cu,best 10,8,sample_035664,0.952561378479004,0.9607806205749512,0.9245613813400269,0.031789630651474
multi-output Tversky Loss batch 20,Cu,best 10,9,sample_039796,0.951493501663208,0.9589388370513916,0.9212967157363892,0.012199567630887
multi-output Tversky Loss batch 20,Cu,best 10,10,sample_040279,0.9512708187103271,0.9570326805114746,0.9181811809539796,0.0223126113414764
multi-output Tversky Loss batch 20,Cu,worst 10,1,sample_038471,0.4629144370555877,0.5314362049102783,0.4308096468448639,0.2140689492225647
multi-output Tversky Loss batch 20,Cu,worst 10,2,sample_043225,0.4818011522293091,0.6676617860794067,0.5030913949012756,0.3704725801944732
multi-output Tversky Loss batch 20,Cu,worst 10,3,sample_041248,0.5271160006523132,0.708047091960907,0.5492791533470154,0.3244446516036987
multi-output Tversky Loss batch 20,Cu,worst 10,4,sample_036644,0.6008478403091431,0.7695077657699585,0.6253703832626343,0.2793217897415161
multi-output Tversky Loss batch 20,Cu,worst 10,5,sample_040031,0.687685489654541,0.8888958692550659,0.800061047077179,0.2351107895374298
multi-output Tversky Loss batch 20,Cu,worst 10,6,sample_042465,0.7058721780776978,0.7796528339385986,0.6588741540908813,0.0937404036521911
multi-output Tversky Loss batch 20,Cu,worst 10,7,sample_043216,0.7254157066345215,0.7973248362541199,0.6798815727233887,0.1261022984981537
multi-output Tversky Loss batch 20,Cu,worst 10,8,sample_038171,0.7261241674423218,0.8554717302322388,0.7474758625030518,0.1563697308301925
multi-output Tversky Loss batch 20,Cu,worst 10,9,sample_037307,0.7262107133865356,0.8743433952331543,0.7767857313156128,0.1657821983098983
multi-output Tversky Loss batch 20,Cu,worst 10,10,sample_036361,0.7308489084243774,0.8177214860916138,0.6920289993286133,0.1425064951181411
multi-output Tversky Loss batch 20,IN718_twins,best 10,1,sample_049582,0.9885128736495972,0.9977537393569946,0.995517909526825,0.012849180959165
multi-output Tversky Loss batch 20,IN718_twins,best 10,2,sample_046212,0.9858518838882446,0.99499773979187,0.990045428276062,0.0097077600657939
multi-output Tversky Loss batch 20,IN718_twins,best 10,3,sample_047139,0.9855095148086548,0.994610071182251,0.9892845153808594,0.0148347541689872
multi-output Tversky Loss batch 20,IN718_twins,best 10,4,sample_051591,0.9852421283721924,0.9945287108421326,0.9891183376312256,0.0199974700808525
multi-output Tversky Loss batch 20,IN718_twins,best 10,5,sample_053104,0.9850546717643738,0.9941024780273438,0.9882742166519164,0.0144640915095806
multi-output Tversky Loss batch 20,IN718_twins,best 10,6,sample_048568,0.9849165678024292,0.9972651600837708,0.9945460557937622,0.0212320089340209
multi-output Tversky Loss batch 20,IN718_twins,best 10,7,sample_045237,0.9848711490631104,0.9941062927246094,0.9882929921150208,0.0140668824315071
multi-output Tversky Loss batch 20,IN718_twins,best 10,8,sample_045737,0.984818398952484,0.9957002401351928,0.9914379119873048,0.0200884938240051
multi-output Tversky Loss batch 20,IN718_twins,best 10,9,sample_047723,0.9847248792648317,0.9953838586807252,0.9908106327056884,0.0173840392380952
multi-output Tversky Loss batch 20,IN718_twins,best 10,10,sample_046700,0.9846988916397096,0.9932907819747924,0.9866714477539062,0.0176906213164329
multi-output Tversky Loss batch 20,IN718_twins,worst 10,1,sample_050878,0.3781049847602844,0.4131811857223511,0.2737900912761688,0.3245502114295959
multi-output Tversky Loss batch 20,IN718_twins,worst 10,2,sample_050363,0.539222776889801,0.5152999758720398,0.3858612179756164,0.1861967146396637
multi-output Tversky Loss batch 20,IN718_twins,worst 10,3,sample_045678,0.7364715337753296,0.8069726228713989,0.6776264905929565,0.1768440306186676
multi-output Tversky Loss batch 20,IN718_twins,worst 10,4,sample_050121,0.7718615531921387,0.793237566947937,0.6578523516654968,0.1416942030191421
multi-output Tversky Loss batch 20,IN718_twins,worst 10,5,sample_046448,0.810631275177002,0.8491420745849609,0.7394592761993408,0.1245439797639846
multi-output Tversky Loss batch 20,IN718_twins,worst 10,6,sample_051521,0.815763533115387,0.817501425743103,0.6914228200912476,0.0763269141316413
multi-output Tversky Loss batch 20,IN718_twins,worst 10,7,sample_046347,0.8266029357910156,0.8954706192016602,0.811005711555481,0.1083956956863403
multi-output Tversky Loss batch 20,IN718_twins,worst 10,8,sample_053146,0.8357839584350586,0.8309258222579956,0.7180560827255249,0.0816409215331077
multi-output Tversky Loss batch 20,IN718_twins,worst 10,9,sample_050981,0.8471369743347168,0.8723526000976562,0.7744998931884766,0.0985861420631408
multi-output Tversky Loss batch 20,IN718_twins,worst 10,10,sample_048025,0.8630610108375549,0.8861489295959473,0.7957025766372681,0.0736396014690399
multi-output Tversky Loss batch 20,Iron,best 10,1,sample_064046,0.9682216048240662,0.9844825267791748,0.969456136226654,0.0283794701099395
multi-output Tversky Loss batch 20,Iron,best 10,2,sample_064907,0.968074917793274,0.9778554439544678,0.9567078948020936,0.0220138262957334
multi-output Tversky Loss batch 20,Iron,best 10,3,sample_064668,0.9679430723190308,0.9730345010757446,0.9475151300430298,0.0152755733579397
multi-output Tversky Loss batch 20,Iron,best 10,4,sample_064181,0.966569185256958,0.9730069041252136,0.9477683305740356,0.0099495649337768
multi-output Tversky Loss batch 20,Iron,best 10,5,sample_063988,0.9665023684501648,0.9679405093193054,0.9383920431137084,0.0157326534390449
multi-output Tversky Loss batch 20,Iron,best 10,6,sample_067355,0.9655562043190002,0.9694934487342834,0.9408974647521972,0.0188705250620841
multi-output Tversky Loss batch 20,Iron,best 10,7,sample_069731,0.9653285145759584,0.9673629999160768,0.9371448755264282,0.013167280703783
multi-output Tversky Loss batch 20,Iron,best 10,8,sample_064309,0.9643566608428956,0.9741278886795044,0.9496588706970216,0.0248359851539134
multi-output Tversky Loss batch 20,Iron,best 10,9,sample_065195,0.9632771015167236,0.965564787387848,0.9334946870803832,0.014174660667777
multi-output Tversky Loss batch 20,Iron,best 10,10,sample_063598,0.96234393119812,0.9630134105682372,0.9286832809448242,0.0156809650361537
multi-output Tversky Loss batch 20,Iron,worst 10,1,sample_066140,0.4677708148956299,0.5077189207077026,0.3410430550575256,0.1580861210823059
multi-output Tversky Loss batch 20,Iron,worst 10,2,sample_067626,0.4958003759384155,0.6240203380584717,0.4571913480758667,0.1956310123205185
multi-output Tversky Loss batch 20,Iron,worst 10,3,sample_068992,0.585433304309845,0.6804317235946655,0.5465179681777954,0.2101542502641677
multi-output Tversky Loss batch 20,Iron,worst 10,4,sample_064069,0.6088446378707886,0.7382692098617554,0.5855532884597778,0.1461197882890701
multi-output Tversky Loss batch 20,Iron,worst 10,5,sample_066538,0.6551547050476074,0.7700738310813904,0.6769489645957947,0.1065505743026733
multi-output Tversky Loss batch 20,Iron,worst 10,6,sample_063876,0.6687721014022827,0.7380147576332092,0.5852506160736084,0.1674990057945251
multi-output Tversky Loss batch 20,Iron,worst 10,7,sample_066301,0.6697487831115723,0.8165006041526794,0.7034870386123657,0.1868646740913391
multi-output Tversky Loss batch 20,Iron,worst 10,8,sample_066515,0.7037496566772461,0.679481029510498,0.5152440667152405,0.0541082955896854
multi-output Tversky Loss batch 20,Iron,worst 10,9,sample_065543,0.7073726654052734,0.7103708982467651,0.5511245727539062,0.0752135068178176
multi-output Tversky Loss batch 20,Iron,worst 10,10,sample_064060,0.7104480266571045,0.8051358461380005,0.6774521470069885,0.1306646764278412
multi-output Tversky Loss batch 20,Iron_deformed,best 10,1,sample_055414,0.9662439823150636,0.967417061328888,0.9370269775390624,0.0163134112954139
multi-output Tversky Loss batch 20,Iron_deformed,best 10,2,sample_053335,0.9655053615570068,0.9709646701812744,0.9435724020004272,0.0116829574108123
multi-output Tversky Loss batch 20,Iron_deformed,best 10,3,sample_061758,0.963034987449646,0.9641384482383728,0.9309602975845336,0.0160884149372577
multi-output Tversky Loss batch 20,Iron_deformed,best 10,4,sample_054288,0.9622125625610352,0.9624571800231934,0.9276633262634276,0.014458967372775
multi-output Tversky Loss batch 20,Iron_deformed,best 10,5,sample_060043,0.9616220593452454,0.9692978262901306,0.9404349327087402,0.0118852946907281
multi-output Tversky Loss batch 20,Iron_deformed,best 10,6,sample_062042,0.9604352116584778,0.9651326537132264,0.9326796531677246,0.0158537812530994
multi-output Tversky Loss batch 20,Iron_deformed,best 10,7,sample_061724,0.9592253565788268,0.9739828109741212,0.9492881894111632,0.0281576551496982
multi-output Tversky Loss batch 20,Iron_deformed,best 10,8,sample_060569,0.9568852782249452,0.9745627641677856,0.9504092931747437,0.0221491418778896
multi-output Tversky Loss batch 20,Iron_deformed,best 10,9,sample_055682,0.9566073417663574,0.9672669768333436,0.9367210865020752,0.0237527377903461
multi-output Tversky Loss batch 20,Iron_deformed,best 10,10,sample_060126,0.9564571380615234,0.9551680088043212,0.9149876236915588,0.0118959974497556
multi-output Tversky Loss batch 20,Iron_deformed,worst 10,1,sample_059722,0.4723448753356933,0.5526245832443237,0.4134681820869446,0.1339588910341262
multi-output Tversky Loss batch 20,Iron_deformed,worst 10,2,sample_057275,0.4787883758544922,0.6098547577857971,0.4485940337181091,0.2027940452098846
multi-output Tversky Loss batch 20,Iron_deformed,worst 10,3,sample_061725,0.4824815392494201,0.5691927075386047,0.4111309051513672,0.2486332803964615
multi-output Tversky Loss batch 20,Iron_deformed,worst 10,4,sample_058762,0.5539308786392212,0.6682717800140381,0.5024511218070984,0.2189449518918991
multi-output Tversky Loss batch 20,Iron_deformed,worst 10,5,sample_054461,0.6348929405212402,0.6945841312408447,0.5401642918586731,0.2002820670604705
multi-output Tversky Loss batch 20,Iron_deformed,worst 10,6,sample_056455,0.6686161160469055,0.6792230606079102,0.5485234260559082,0.0794316753745079
multi-output Tversky Loss batch 20,Iron_deformed,worst 10,7,sample_058513,0.669398307800293,0.785287618637085,0.6759026646614075,0.1164500713348388
multi-output Tversky Loss batch 20,Iron_deformed,worst 10,8,sample_054487,0.7134790420532227,0.773183286190033,0.6491263508796692,0.1185585856437683
multi-output Tversky Loss batch 20,Iron_deformed,worst 10,9,sample_059535,0.71461021900177,0.7904635667800903,0.6680624485015869,0.1379987150430679
multi-output Tversky Loss batch 20,Iron_deformed,worst 10,10,sample_060839,0.7190858721733093,0.7811030149459839,0.6414164900779724,0.1026665866374969
multi-output Tversky Loss batch 20,Ti7Al,best 10,1,sample_079138,0.9899280667304992,0.9917080402374268,0.9836866855621338,0.0039638732559978
multi-output Tversky Loss batch 20,Ti7Al,best 10,2,sample_077653,0.9774175882339478,0.9749876260757446,0.9523585438728333,0.0062472433783113
multi-output Tversky Loss batch 20,Ti7Al,best 10,3,sample_074943,0.9751213788986206,0.9803149700164796,0.9613925218582152,0.0134581802412867
multi-output Tversky Loss batch 20,Ti7Al,best 10,4,sample_078172,0.9729883670806884,0.9842085242271424,0.9689154624938964,0.0100548574700951
multi-output Tversky Loss batch 20,Ti7Al,best 10,5,sample_073962,0.9723285436630248,0.9748495221138,0.951140284538269,0.0139594450592994
multi-output Tversky Loss batch 20,Ti7Al,best 10,6,sample_079443,0.9721469879150392,0.9784049987792968,0.9579704999923706,0.006990032736212
multi-output Tversky Loss batch 20,Ti7Al,best 10,7,sample_079366,0.971965491771698,0.9785779714584352,0.9580994844436646,0.0114430310204625
multi-output Tversky Loss batch 20,Ti7Al,best 10,8,sample_073407,0.97137850522995,0.9767067432403564,0.9546608924865724,0.0105269337072968
multi-output Tversky Loss batch 20,Ti7Al,best 10,9,sample_079215,0.9707951545715332,0.9816575646400452,0.9641067981719972,0.0142925381660461
multi-output Tversky Loss batch 20,Ti7Al,best 10,10,sample_078537,0.9704822301864624,0.9826515913009644,0.9659827947616576,0.0189789570868015
multi-output Tversky Loss batch 20,Ti7Al,worst 10,1,sample_071488,0.3684682250022888,0.4216063618659973,0.3644631803035736,0.1497077047824859
multi-output Tversky Loss batch 20,Ti7Al,worst 10,2,sample_079887,0.3705574870109558,0.4875240325927734,0.331935703754425,0.2646359205245971
multi-output Tversky Loss batch 20,Ti7Al,worst 10,3,sample_077392,0.4254668354988098,0.5374288558959961,0.3850115835666656,0.1916961818933487
multi-output Tversky Loss batch 20,Ti7Al,worst 10,4,sample_071287,0.4400799870491028,0.548361599445343,0.4957180023193359,0.1864690631628036
multi-output Tversky Loss batch 20,Ti7Al,worst 10,5,sample_078217,0.4756574034690857,0.476369559764862,0.4548718929290771,0.0340882204473018
multi-output Tversky Loss batch 20,Ti7Al,worst 10,6,sample_073381,0.479570209980011,0.4766770601272583,0.4554330110549927,0.0244613960385322
multi-output Tversky Loss batch 20,Ti7Al,worst 10,7,sample_072650,0.482027530670166,0.4853242337703705,0.4714854061603546,0.0201465170830488
multi-output Tversky Loss batch 20,Ti7Al,worst 10,8,sample_076259,0.4868836998939514,0.6247900724411011,0.4545205235481262,0.2019110918045044
multi-output Tversky Loss batch 20,Ti7Al,worst 10,9,sample_073857,0.4891863763332367,0.4925373196601867,0.4852941036224365,0.0415883921086788
multi-output Tversky Loss batch 20,Ti7Al,worst 10,10,sample_078401,0.4897916615009308,0.4917631447315216,0.4837932884693146,0.0234884098172187
multi-output Tversky Loss final Model,Al,best 10,1,sample_024693,0.9850555062294006,0.9935730695724488,0.9872294068336488,0.0144258746877312
multi-output Tversky Loss final Model,Al,best 10,2,sample_024827,0.9847166538238524,0.9932620525360109,0.9866459965705872,0.0180557314306497
multi-output Tversky Loss final Model,Al,best 10,3,sample_024836,0.9836387634277344,0.9940145015716552,0.9881067276000975,0.0150798708200454
multi-output Tversky Loss final Model,Al,best 10,4,sample_026637,0.982541799545288,0.9961800575256348,0.992390513420105,0.0283466950058937
multi-output Tversky Loss final Model,Al,best 10,5,sample_024743,0.9821524620056152,0.9908624887466432,0.981891930103302,0.0148301776498556
multi-output Tversky Loss final Model,Al,best 10,6,sample_025254,0.9818165302276612,0.9876822233200072,0.9757228493690492,0.0158237572759389
multi-output Tversky Loss final Model,Al,best 10,7,sample_023573,0.9815925359725952,0.9909509420394896,0.9820824861526488,0.0163824222981929
multi-output Tversky Loss final Model,Al,best 10,8,sample_019073,0.9809571504592896,0.9904115200042723,0.9810235500335692,0.0173780303448438
multi-output Tversky Loss final Model,Al,best 10,9,sample_018877,0.980774462223053,0.987626314163208,0.975569486618042,0.020655270665884
multi-output Tversky Loss final Model,Al,best 10,10,sample_026623,0.9807567596435548,0.9916107058525084,0.983397901058197,0.0208411272615194
multi-output Tversky Loss final Model,Al,worst 10,1,sample_019559,0.4954233765602112,0.4991998970508575,0.4984023571014404,0.0080021526664495
multi-output Tversky Loss final Model,Al,worst 10,2,sample_024135,0.5946531891822815,0.6474075317382812,0.483292281627655,0.1802228093147277
multi-output Tversky Loss final Model,Al,worst 10,3,sample_020769,0.5966516733169556,0.7483276128768921,0.5978856086730957,0.2528905570507049
multi-output Tversky Loss final Model,Al,worst 10,4,sample_023511,0.7824445366859436,0.843386173248291,0.752752423286438,0.0451409146189689
multi-output Tversky Loss final Model,Al,worst 10,5,sample_020404,0.7831674814224243,0.964816689491272,0.9328263998031616,0.1652238965034485
multi-output Tversky Loss final Model,Al,worst 10,6,sample_025384,0.7859516143798828,0.8384976387023926,0.7465590238571167,0.015415116213262
multi-output Tversky Loss final Model,Al,worst 10,7,sample_022545,0.8003051280975342,0.9653462171554564,0.933329701423645,0.1289115250110626
multi-output Tversky Loss final Model,Al,worst 10,8,sample_026539,0.8015037775039673,0.9450179934501648,0.8993419408798218,0.0441795848309993
multi-output Tversky Loss final Model,Al,worst 10,9,sample_024787,0.8072214126586914,0.8703531622886658,0.7734984159469604,0.1276249885559082
multi-output Tversky Loss final Model,Al,worst 10,10,sample_024794,0.8316171765327454,0.9801957607269288,0.9613940715789796,0.101343497633934
multi-output Tversky Loss final Model,Al_big_grains,best 10,1,sample_008710,0.9943203926086426,0.9977463483810424,0.995512843132019,0.0052687735296785
multi-output Tversky Loss final Model,Al_big_grains,best 10,2,sample_007139,0.980449676513672,0.9868053793907166,0.9739571213722228,0.0115106701850891
multi-output Tversky Loss final Model,Al_big_grains,best 10,3,sample_004311,0.9802356958389282,0.9871703386306764,0.9747945666313172,0.0168305989354848
multi-output Tversky Loss final Model,Al_big_grains,best 10,4,sample_000240,0.9788786768913268,0.986626148223877,0.9736341238021852,0.0155060775578022
multi-output Tversky Loss final Model,Al_big_grains,best 10,5,sample_000043,0.9788209199905396,0.986068844795227,0.9725801944732666,0.0170466527342796
multi-output Tversky Loss final Model,Al_big_grains,best 10,6,sample_001956,0.9785380363464355,0.9911209344863892,0.9824213981628418,0.0192585997283458
multi-output Tversky Loss final Model,Al_big_grains,best 10,7,sample_005907,0.978525698184967,0.9835371971130372,0.9676145315170288,0.0118653327226638
multi-output Tversky Loss final Model,Al_big_grains,best 10,8,sample_006744,0.9779807329177856,0.986505389213562,0.9734195470809937,0.0125614143908023
multi-output Tversky Loss final Model,Al_big_grains,best 10,9,sample_002782,0.9778666496276855,0.9858999848365784,0.972197949886322,0.0140337431803345
multi-output Tversky Loss final Model,Al_big_grains,best 10,10,sample_002772,0.9775395393371582,0.9912793040275574,0.9827406406402588,0.0174298323690891
multi-output Tversky Loss final Model,Al_big_grains,worst 10,1,sample_003894,0.4807096719741821,0.5289129614830017,0.4289579391479492,0.1011839807033538
multi-output Tversky Loss final Model,Al_big_grains,worst 10,2,sample_003958,0.4824824631214142,0.4817408621311188,0.4647683501243591,0.0557230710983276
multi-output Tversky Loss final Model,Al_big_grains,worst 10,3,sample_001810,0.4915497004985809,0.4979779422283172,0.4959721863269806,0.0508912801742553
multi-output Tversky Loss final Model,Al_big_grains,worst 10,4,sample_000445,0.4928127825260162,0.4965734183788299,0.4931934773921966,0.0783474817872047
multi-output Tversky Loss final Model,Al_big_grains,worst 10,5,sample_000639,0.5814284086227417,0.6924511194229126,0.5426515340805054,0.1930484771728515
multi-output Tversky Loss final Model,Al_big_grains,worst 10,6,sample_008276,0.5963872671127319,0.6054033041000366,0.4341278672218323,0.0759371742606163
multi-output Tversky Loss final Model,Al_big_grains,worst 10,7,sample_007853,0.6170299053192139,0.7187385559082031,0.5702891945838928,0.1604585945606231
multi-output Tversky Loss final Model,Al_big_grains,worst 10,8,sample_006230,0.6642637252807617,0.727931022644043,0.6257602572441101,0.0855076685547828
multi-output Tversky Loss final Model,Al_big_grains,worst 10,9,sample_007071,0.6645451784133911,0.729095458984375,0.5804845690727234,0.0872190073132515
multi-output Tversky Loss final Model,Al_big_grains,worst 10,10,sample_001299,0.6806080937385559,0.7909726500511169,0.6944845914840698,0.0873615890741348
multi-output Tversky Loss final Model,Al_deformed_LoG,best 10,1,sample_009695,0.9720597863197328,0.9778425693511964,0.9566611051559448,0.0166526772081851
multi-output Tversky Loss final Model,Al_deformed_LoG,best 10,2,sample_009474,0.969825029373169,0.9732476472854614,0.9480153322219848,0.0144548080861568
multi-output Tversky Loss final Model,Al_deformed_LoG,best 10,3,sample_014924,0.9689245223999025,0.9765031337738036,0.9541210532188416,0.0124676767736673
multi-output Tversky Loss final Model,Al_deformed_LoG,best 10,4,sample_017010,0.9676661491394044,0.9736722707748412,0.9489514827728271,0.0105221876874566
multi-output Tversky Loss final Model,Al_deformed_LoG,best 10,5,sample_014314,0.9674763679504396,0.9672961235046388,0.9367847442626952,0.0103828236460685
multi-output Tversky Loss final Model,Al_deformed_LoG,best 10,6,sample_010755,0.9661226272583008,0.9731088280677797,0.9478951692581176,0.0119686499238014
multi-output Tversky Loss final Model,Al_deformed_LoG,best 10,7,sample_015046,0.96593976020813,0.9720958471298218,0.9458503723144532,0.014460708014667
multi-output Tversky Loss final Model,Al_deformed_LoG,best 10,8,sample_009394,0.9658234715461732,0.967482566833496,0.937023937702179,0.0165784545242786
multi-output Tversky Loss final Model,Al_deformed_LoG,best 10,9,sample_014349,0.9652389287948608,0.97283935546875,0.947312355041504,0.0204120427370071
multi-output Tversky Loss final Model,Al_deformed_LoG,best 10,10,sample_013049,0.9650864601135254,0.970664381980896,0.9432752132415771,0.0152443870902061
multi-output Tversky Loss final Model,Al_deformed_LoG,worst 10,1,sample_008972,0.7457417249679565,0.8352516889572144,0.7181295156478882,0.1692334413528442
multi-output Tversky Loss final Model,Al_deformed_LoG,worst 10,2,sample_010082,0.7529367804527283,0.8986163139343262,0.8178459405899048,0.1895904093980789
multi-output Tversky Loss final Model,Al_deformed_LoG,worst 10,3,sample_009530,0.764592170715332,0.8495299816131592,0.7387025356292725,0.1287719309329986
multi-output Tversky Loss final Model,Al_deformed_LoG,worst 10,4,sample_009448,0.7723402976989746,0.8723628520965576,0.775747537612915,0.1643330603837967
multi-output Tversky Loss final Model,Al_deformed_LoG,worst 10,5,sample_009435,0.7844266891479492,0.9401116371154784,0.8873345851898193,0.164796233177185
multi-output Tversky Loss final Model,Al_deformed_LoG,worst 10,6,sample_010066,0.7900123596191406,0.8986841440200806,0.81666100025177,0.1558397710323333
multi-output Tversky Loss final Model,Al_deformed_LoG,worst 10,7,sample_012855,0.8068124055862427,0.9226319193840028,0.8565360307693481,0.1308615356683731
multi-output Tversky Loss final Model,Al_deformed_LoG,worst 10,8,sample_013686,0.8155326247215271,0.8627525568008423,0.7586328387260437,0.0979257375001907
multi-output Tversky Loss final Model,Al_deformed_LoG,worst 10,9,sample_012007,0.8161765336990356,0.8497798442840576,0.7388606071472168,0.0836836397647857
multi-output Tversky Loss final Model,Al_deformed_LoG,worst 10,10,sample_015385,0.8178839683532715,0.8872219920158386,0.797619104385376,0.1254969090223312
multi-output Tversky Loss final Model,Al_small_grains,best 10,1,sample_030055,0.9747467041015624,0.9836752414703368,0.9679354429244996,0.0183486621826887
multi-output Tversky Loss final Model,Al_small_grains,best 10,2,sample_032968,0.9715086221694946,0.9741373062133788,0.9497725963592528,0.0131094986572861
multi-output Tversky Loss final Model,Al_small_grains,best 10,3,sample_035302,0.9673478603363036,0.976698398590088,0.9545814990997314,0.0249491669237613
multi-output Tversky Loss final Model,Al_small_grains,best 10,4,sample_030859,0.9640828371047974,0.9689319133758544,0.9398630857467652,0.0232987403869628
multi-output Tversky Loss final Model,Al_small_grains,best 10,5,sample_035390,0.9633235931396484,0.9715939164161682,0.9448587894439696,0.0250184014439582
multi-output Tversky Loss final Model,Al_small_grains,best 10,6,sample_029008,0.963227152824402,0.9690786600112916,0.9402467012405396,0.0193724296987056
multi-output Tversky Loss final Model,Al_small_grains,best 10,7,sample_032772,0.9622552394866944,0.9647401571273804,0.9321085214614868,0.0230401270091533
multi-output Tversky Loss final Model,Al_small_grains,best 10,8,sample_032604,0.9619038105010986,0.9725273847579956,0.9467220902442932,0.0241303257644176
multi-output Tversky Loss final Model,Al_small_grains,best 10,9,sample_026819,0.9617566466331482,0.9659124612808228,0.9340770840644836,0.0255708657205104
multi-output Tversky Loss final Model,Al_small_grains,best 10,10,sample_028101,0.9611605405807496,0.9632021188735962,0.929171621799469,0.0156107079237699
multi-output Tversky Loss final Model,Al_small_grains,worst 10,1,sample_034420,0.6384090185165405,0.7624982595443726,0.6246631145477295,0.1456503868103027
multi-output Tversky Loss final Model,Al_small_grains,worst 10,2,sample_030934,0.656551718711853,0.7155746221542358,0.5586836934089661,0.2654479742050171
multi-output Tversky Loss final Model,Al_small_grains,worst 10,3,sample_029343,0.661916971206665,0.7044577598571777,0.5462920069694519,0.1558435708284378
multi-output Tversky Loss final Model,Al_small_grains,worst 10,4,sample_028382,0.7477065324783325,0.8141052722930908,0.706969678401947,0.0827268585562706
multi-output Tversky Loss final Model,Al_small_grains,worst 10,5,sample_029777,0.7711241245269775,0.9049046635627748,0.8300126791000366,0.0356301143765449
multi-output Tversky Loss final Model,Al_small_grains,worst 10,6,sample_033929,0.7756428718566895,0.911413311958313,0.8453859090805054,0.0437400601804256
multi-output Tversky Loss final Model,Al_small_grains,worst 10,7,sample_030954,0.7809298038482666,0.8431483507156372,0.7460594177246094,0.0973033383488655
multi-output Tversky Loss final Model,Al_small_grains,worst 10,8,sample_033236,0.7868462204933167,0.9078758955001832,0.8374382257461548,0.0287075974047184
multi-output Tversky Loss final Model,Al_small_grains,worst 10,9,sample_026738,0.7970660924911499,0.9412622451782228,0.8902690410614014,0.1142662167549133
multi-output Tversky Loss final Model,Al_small_grains,worst 10,10,sample_034921,0.7974414825439453,0.8425812721252441,0.7486468553543091,0.0507132858037948
multi-output Tversky Loss final Model,Cu,best 10,1,sample_042391,0.9683815240859984,0.9705281853675842,0.9428189396858216,0.0150089766830205
multi-output Tversky Loss final Model,Cu,best 10,2,sample_043667,0.9621776342391968,0.9636949300765992,0.929934561252594,0.0190455503761768
multi-output Tversky Loss final Model,Cu,best 10,3,sample_040988,0.9606188535690308,0.9610803127288818,0.9251357316970824,0.0146245751529932
multi-output Tversky Loss final Model,Cu,best 10,4,sample_043694,0.9572265148162842,0.9583560228347778,0.9204312562942504,0.0236736964434385
multi-output Tversky Loss final Model,Cu,best 10,5,sample_037001,0.9569181203842164,0.9550191164016724,0.9145881533622742,0.0103218350559473
multi-output Tversky Loss final Model,Cu,best 10,6,sample_042097,0.9567301273345948,0.958501935005188,0.9203979969024658,0.0156542006880044
multi-output Tversky Loss final Model,Cu,best 10,7,sample_039796,0.9562302827835084,0.956754207611084,0.917211651802063,0.0124141201376914
multi-output Tversky Loss final Model,Cu,best 10,8,sample_038119,0.9550005197525024,0.9565500020980836,0.9167661666870116,0.0192439295351505
multi-output Tversky Loss final Model,Cu,best 10,9,sample_040279,0.953630268573761,0.9533052444458008,0.9117056727409364,0.0170947033911943
multi-output Tversky Loss final Model,Cu,best 10,10,sample_035664,0.9521589279174804,0.9554983377456664,0.9148271083831788,0.0269735623151063
multi-output Tversky Loss final Model,Cu,worst 10,1,sample_043225,0.4862515926361084,0.6699231863021851,0.505494236946106,0.3668844699859619
multi-output Tversky Loss final Model,Cu,worst 10,2,sample_038308,0.607097327709198,0.7666453123092651,0.621632993221283,0.3031339347362518
multi-output Tversky Loss final Model,Cu,worst 10,3,sample_040031,0.6213523745536804,0.753046989440918,0.6039570569992065,0.1633428633213043
multi-output Tversky Loss final Model,Cu,worst 10,4,sample_043335,0.6530569791793823,0.723995566368103,0.5676132440567017,0.1627513170242309
multi-output Tversky Loss final Model,Cu,worst 10,5,sample_038404,0.6684843301773071,0.8829470872879028,0.7904456853866577,0.2489958703517913
multi-output Tversky Loss final Model,Cu,worst 10,6,sample_042221,0.6778701543807983,0.7629032135009766,0.6181434392929077,0.1765579283237457
multi-output Tversky Loss final Model,Cu,worst 10,7,sample_043627,0.6835235357284546,0.8540159463882446,0.7456450462341309,0.2793353199958801
multi-output Tversky Loss final Model,Cu,worst 10,8,sample_041633,0.6942590475082397,0.770407497882843,0.6375777721405029,0.1557664573192596
multi-output Tversky Loss final Model,Cu,worst 10,9,sample_037718,0.7281854748725891,0.8511737585067749,0.75111985206604,0.0642781853675842
multi-output Tversky Loss final Model,Cu,worst 10,10,sample_038171,0.7283821105957031,0.8582430481910706,0.7527444362640381,0.1554101705551147
multi-output Tversky Loss final Model,IN718_twins,best 10,1,sample_047444,0.987135410308838,0.995072603225708,0.9901936650276184,0.0216924790292978
multi-output Tversky Loss final Model,IN718_twins,best 10,2,sample_047139,0.9869338274002076,0.9968574047088624,0.9937373399734496,0.0157960578799247
multi-output Tversky Loss final Model,IN718_twins,best 10,3,sample_044855,0.9866952300071716,0.995541214942932,0.9911230206489564,0.0190778542309999
multi-output Tversky Loss final Model,IN718_twins,best 10,4,sample_045737,0.9865231513977052,0.9959373474121094,0.99190753698349,0.0175747312605381
multi-output Tversky Loss final Model,IN718_twins,best 10,5,sample_046024,0.9863360524177552,0.9942597150802612,0.988589882850647,0.0173979103565216
multi-output Tversky Loss final Model,IN718_twins,best 10,6,sample_045104,0.986219048500061,0.9970349669456482,0.9940950274467468,0.0182221792638301
multi-output Tversky Loss final Model,IN718_twins,best 10,7,sample_049932,0.9860853552818298,0.9957880973815918,0.9916115999221802,0.0138492546975612
multi-output Tversky Loss final Model,IN718_twins,best 10,8,sample_045574,0.9860329627990724,0.9949297904968262,0.989914894104004,0.0203014183789491
multi-output Tversky Loss final Model,IN718_twins,best 10,9,sample_045148,0.9859041571617126,0.9952585101127625,0.9905617833137512,0.018995838239789
multi-output Tversky Loss final Model,IN718_twins,best 10,10,sample_051591,0.9856595396995544,0.994947075843811,0.9899468421936036,0.0196910426020622
multi-output Tversky Loss final Model,IN718_twins,worst 10,1,sample_045957,0.5191018581390381,0.5504925847053528,0.408703863620758,0.2994756400585174
multi-output Tversky Loss final Model,IN718_twins,worst 10,2,sample_048265,0.824973464012146,0.8651903867721558,0.7624168395996094,0.1272532641887664
multi-output Tversky Loss final Model,IN718_twins,worst 10,3,sample_052554,0.8562829494476318,0.9940327405929564,0.9881418347358704,0.0782361477613449
multi-output Tversky Loss final Model,IN718_twins,worst 10,4,sample_051649,0.8839364051818848,0.9929398894309998,0.9859796762466432,0.049261137843132
multi-output Tversky Loss final Model,IN718_twins,worst 10,5,sample_047328,0.8871175050735474,0.9267719984054564,0.8649414777755737,0.1346659511327743
multi-output Tversky Loss final Model,IN718_twins,worst 10,6,sample_050570,0.8874284029006958,0.914649784564972,0.8433115482330322,0.0799444615840911
multi-output Tversky Loss final Model,IN718_twins,worst 10,7,sample_046716,0.9066721200942992,0.9925045371055604,0.9851242303848268,0.0959196239709854
multi-output Tversky Loss final Model,IN718_twins,worst 10,8,sample_051988,0.9123883247375488,0.9638805389404296,0.9303656816482544,0.0758193060755729
multi-output Tversky Loss final Model,IN718_twins,worst 10,9,sample_048337,0.9145865440368652,0.9865745306015016,0.973537802696228,0.0894080996513366
multi-output Tversky Loss final Model,IN718_twins,worst 10,10,sample_046549,0.9228227138519288,0.9976524710655212,0.9953173398971558,0.0546593442559242
multi-output Tversky Loss final Model,Iron,best 10,1,sample_064907,0.969236135482788,0.9786972999572754,0.958314061164856,0.0212804749608039
multi-output Tversky Loss final Model,Iron,best 10,2,sample_064309,0.9662970304489136,0.9717782735824584,0.945113718509674,0.0193384122103452
multi-output Tversky Loss final Model,Iron,best 10,3,sample_067355,0.9651753306388856,0.9696148633956908,0.9410542249679564,0.0199238024652004
multi-output Tversky Loss final Model,Iron,best 10,4,sample_064181,0.9650675654411316,0.9704514741897584,0.9429113864898682,0.0095646437257528
multi-output Tversky Loss final Model,Iron,best 10,5,sample_063042,0.9629122614860536,0.972170889377594,0.945986270904541,0.0102795343846082
multi-output Tversky Loss final Model,Iron,best 10,6,sample_062547,0.9627999663352966,0.9642430543899536,0.9309550523757936,0.0154534932225942
multi-output Tversky Loss final Model,Iron,best 10,7,sample_069012,0.9622390270233154,0.9610291719436646,0.9249948263168336,0.0139141762629151
multi-output Tversky Loss final Model,Iron,best 10,8,sample_064568,0.961990773677826,0.9771789312362672,0.9553841948509216,0.0196834821254014
multi-output Tversky Loss final Model,Iron,best 10,9,sample_070535,0.9612282514572144,0.9668643474578856,0.9366859197616576,0.0130314566195011
multi-output Tversky Loss final Model,Iron,best 10,10,sample_070996,0.960899531841278,0.9627596139907836,0.928784191608429,0.0149655435234308
multi-output Tversky Loss final Model,Iron,worst 10,1,sample_062506,0.569291353225708,0.7085184454917908,0.5488030314445496,0.2512682974338531
multi-output Tversky Loss final Model,Iron,worst 10,2,sample_066435,0.5952202081680298,0.6463844776153564,0.4825082421302795,0.175419420003891
multi-output Tversky Loss final Model,Iron,worst 10,3,sample_062701,0.5981725454330444,0.6963613629341125,0.5406820774078369,0.1467393487691879
multi-output Tversky Loss final Model,Iron,worst 10,4,sample_066538,0.6007645726203918,0.6878849267959595,0.6076289415359497,0.0635507479310035
multi-output Tversky Loss final Model,Iron,worst 10,5,sample_066140,0.6335696578025818,0.7061910629272461,0.6002305150032043,0.1292762905359268
multi-output Tversky Loss final Model,Iron,worst 10,6,sample_066301,0.6384350061416626,0.8180397748947144,0.7074790596961975,0.2168260812759399
multi-output Tversky Loss final Model,Iron,worst 10,7,sample_068992,0.6704388856887817,0.76020348072052,0.6299969553947449,0.1780248284339904
multi-output Tversky Loss final Model,Iron,worst 10,8,sample_067614,0.7048488259315491,0.781603217124939,0.690626323223114,0.0143319927155971
multi-output Tversky Loss final Model,Iron,worst 10,9,sample_066717,0.7088040709495544,0.8284978866577148,0.712243914604187,0.1200522929430008
multi-output Tversky Loss final Model,Iron,worst 10,10,sample_066268,0.7192348837852478,0.8512579798698425,0.7427732944488525,0.2573151588439941
multi-output Tversky Loss final Model,Iron_deformed,best 10,1,sample_054288,0.9645997285842896,0.9651650190353394,0.9327519536018372,0.0136806946247816
multi-output Tversky Loss final Model,Iron_deformed,best 10,2,sample_060043,0.9617974758148192,0.9666589498519896,0.9355908632278442,0.0108713172376155
multi-output Tversky Loss final Model,Iron_deformed,best 10,3,sample_054170,0.960324764251709,0.9729840755462646,0.94770085811615,0.0202326588332653
multi-output Tversky Loss final Model,Iron_deformed,best 10,4,sample_057439,0.960106074810028,0.9639461040496826,0.9308959245681764,0.0158480517566204
multi-output Tversky Loss final Model,Iron_deformed,best 10,5,sample_061758,0.9586623907089232,0.9582746624946594,0.9198998212814332,0.0163248367607593
multi-output Tversky Loss final Model,Iron_deformed,best 10,6,sample_055414,0.9585579633712769,0.9574257135391236,0.918409824371338,0.0173305459320545
multi-output Tversky Loss final Model,Iron_deformed,best 10,7,sample_054747,0.9577414989471436,0.9611830711364746,0.925316572189331,0.0210475903004407
multi-output Tversky Loss final Model,Iron_deformed,best 10,8,sample_057584,0.9572906494140624,0.9668266773223876,0.935792088508606,0.0145129254087805
multi-output Tversky Loss final Model,Iron_deformed,best 10,9,sample_061881,0.9571572542190552,0.9581249952316284,0.9196285009384156,0.0183738768100738
multi-output Tversky Loss final Model,Iron_deformed,best 10,10,sample_062042,0.9559245109558104,0.9568368196487428,0.9173439741134644,0.0149513017386198
multi-output Tversky Loss final Model,Iron_deformed,worst 10,1,sample_059722,0.4550347030162811,0.4841009676456451,0.4572673141956329,0.0936936512589454
multi-output Tversky Loss final Model,Iron_deformed,worst 10,2,sample_057772,0.4718982577323913,0.5048704147338867,0.4797001779079437,0.1812465339899063
multi-output Tversky Loss final Model,Iron_deformed,worst 10,3,sample_058762,0.5741099119186401,0.6802447438240051,0.5187912583351135,0.1725171506404876
multi-output Tversky Loss final Model,Iron_deformed,worst 10,4,sample_059576,0.6138157248497009,0.7289685010910034,0.6250360012054443,0.1755764484405517
multi-output Tversky Loss final Model,Iron_deformed,worst 10,5,sample_062139,0.6330472230911255,0.7221379280090332,0.5711977481842041,0.213003009557724
multi-output Tversky Loss final Model,Iron_deformed,worst 10,6,sample_054487,0.662347674369812,0.7559248208999634,0.609600841999054,0.1546104848384857
multi-output Tversky Loss final Model,Iron_deformed,worst 10,7,sample_057050,0.683290958404541,0.8214367628097534,0.7027442455291748,0.2370882928371429
multi-output Tversky Loss final Model,Iron_deformed,worst 10,8,sample_059962,0.7068207263946533,0.8941948413848877,0.8086972832679749,0.2198565304279327
multi-output Tversky Loss final Model,Iron_deformed,worst 10,9,sample_057172,0.7370426654815674,0.862056314945221,0.7653887271881104,0.0843714997172355
multi-output Tversky Loss final Model,Iron_deformed,worst 10,10,sample_061241,0.7409148216247559,0.7767982482910156,0.6458674073219299,0.0586802922189235
multi-output Tversky Loss final Model,Ti7Al,best 10,1,sample_079138,0.994027853012085,0.9976869821548462,0.9953951835632324,0.0040432401001453
multi-output Tversky Loss final Model,Ti7Al,best 10,2,sample_079891,0.9768442511558532,0.9839781522750854,0.9685264825820924,0.0109316166490316
multi-output Tversky Loss final Model,Ti7Al,best 10,3,sample_079366,0.976752758026123,0.9818660020828248,0.9643786549568176,0.0083437860012054
multi-output Tversky Loss final Model,Ti7Al,best 10,4,sample_074943,0.9740930795669556,0.9774127006530762,0.955823540687561,0.012195311486721
multi-output Tversky Loss final Model,Ti7Al,best 10,5,sample_071760,0.973545789718628,0.9831668138504028,0.9670749306678772,0.0122352465987205
multi-output Tversky Loss final Model,Ti7Al,best 10,6,sample_079443,0.9713804721832277,0.9789446592330932,0.9591323733329772,0.0077548250555992
multi-output Tversky Loss final Model,Ti7Al,best 10,7,sample_078873,0.9713499546051024,0.9752910137176514,0.9519352912902832,0.0101861571893095
multi-output Tversky Loss final Model,Ti7Al,best 10,8,sample_073240,0.970987856388092,0.9753901362419128,0.9522571563720704,0.0118475696071982
multi-output Tversky Loss final Model,Ti7Al,best 10,9,sample_073860,0.9704048037528992,0.9735136032104492,0.948550820350647,0.0116369370371103
multi-output Tversky Loss final Model,Ti7Al,best 10,10,sample_075604,0.970362901687622,0.9826878309249878,0.9659833908081056,0.0138120334595441
multi-output Tversky Loss final Model,Ti7Al,worst 10,1,sample_077612,0.3736295700073242,0.4060309529304504,0.3286499083042145,0.1819868236780166
multi-output Tversky Loss final Model,Ti7Al,worst 10,2,sample_079887,0.4096717536449432,0.4620950818061828,0.4086426496505737,0.2044920921325683
multi-output Tversky Loss final Model,Ti7Al,worst 10,3,sample_079816,0.468113899230957,0.4640149772167206,0.3862664401531219,0.0369501262903213
multi-output Tversky Loss final Model,Ti7Al,worst 10,4,sample_072650,0.4774253964424133,0.484332412481308,0.4696169197559356,0.0247116759419441
multi-output Tversky Loss final Model,Ti7Al,worst 10,5,sample_073381,0.4925970137119293,0.4965671598911285,0.4931811392307281,0.024999875575304
multi-output Tversky Loss final Model,Ti7Al,worst 10,6,sample_079405,0.5042500495910645,0.611749529838562,0.4430456161499023,0.1585299372673034
multi-output Tversky Loss final Model,Ti7Al,worst 10,7,sample_078401,0.5490767955780029,0.5558600425720215,0.5239425897598267,0.0216889902949333
multi-output Tversky Loss final Model,Ti7Al,worst 10,8,sample_073567,0.5760867595672607,0.7232657670974731,0.5700342655181885,0.1780073493719101
multi-output Tversky Loss final Model,Ti7Al,worst 10,9,sample_078217,0.5814183950424194,0.5955302119255066,0.5491452813148499,0.0301372557878494
multi-output Tversky Loss final Model,Ti7Al,worst 10,10,sample_071219,0.6237523555755615,0.786639928817749,0.6621925830841064,0.1506856679916381
multi-output Tversky Loss lr 1e-04,Al,best 10,1,sample_024836,0.9779323935508728,0.993661880493164,0.9874049425125122,0.0237063392996788
multi-output Tversky Loss lr 1e-04,Al,best 10,2,sample_024693,0.9777730107307434,0.9953206777572632,0.9906857013702391,0.0271077118813991
multi-output Tversky Loss lr 1e-04,Al,best 10,3,sample_018135,0.9774998426437378,0.9947609901428224,0.9895806908607484,0.0226407162845134
multi-output Tversky Loss lr 1e-04,Al,best 10,4,sample_019073,0.977459192276001,0.993865728378296,0.9878206253051758,0.0264315009117126
multi-output Tversky Loss lr 1e-04,Al,best 10,5,sample_024743,0.9772948026657104,0.9926959872245787,0.9854997396469116,0.023827975615859
multi-output Tversky Loss lr 1e-04,Al,best 10,6,sample_018971,0.9757429361343384,0.9914640188217164,0.9831069111824036,0.0279237702488899
multi-output Tversky Loss lr 1e-04,Al,best 10,7,sample_024467,0.9750480651855468,0.9890328645706176,0.9783044457435608,0.0232300050556659
multi-output Tversky Loss lr 1e-04,Al,best 10,8,sample_017827,0.975023627281189,0.9915951490402222,0.9833369851112366,0.0266409441828727
multi-output Tversky Loss lr 1e-04,Al,best 10,9,sample_022179,0.9750127792358398,0.9921552538871764,0.984436810016632,0.0277306884527206
multi-output Tversky Loss lr 1e-04,Al,best 10,10,sample_024795,0.9748021364212036,0.9902256727218628,0.9807122349739076,0.0256659723818302
multi-output Tversky Loss lr 1e-04,Al,worst 10,1,sample_019819,0.4856514930725097,0.5103845596313477,0.3496919870376587,0.2744783163070678
multi-output Tversky Loss lr 1e-04,Al,worst 10,2,sample_019559,0.4912570118904114,0.499045729637146,0.4980951249599457,0.0160827096551656
multi-output Tversky Loss lr 1e-04,Al,worst 10,3,sample_019926,0.6813646554946899,0.7453140616416931,0.5975266098976135,0.1732248216867447
multi-output Tversky Loss lr 1e-04,Al,worst 10,4,sample_022545,0.7392301559448242,0.9148495197296144,0.8435071706771851,0.1496556997299194
multi-output Tversky Loss lr 1e-04,Al,worst 10,5,sample_025403,0.7752813100814819,0.7399924993515015,0.6278470754623413,0.0790759995579719
multi-output Tversky Loss lr 1e-04,Al,worst 10,6,sample_022679,0.7828778028488159,0.7679600715637207,0.6486635208129883,0.0497501157224178
multi-output Tversky Loss lr 1e-04,Al,worst 10,7,sample_020404,0.7992615699768066,0.9539244771003724,0.9140493869781494,0.0596365220844745
multi-output Tversky Loss lr 1e-04,Al,worst 10,8,sample_022525,0.8008027076721191,0.7980411052703857,0.6812194585800171,0.0843575894832611
multi-output Tversky Loss lr 1e-04,Al,worst 10,9,sample_026539,0.811201274394989,0.9605696201324464,0.9262301921844482,0.0403565689921379
multi-output Tversky Loss lr 1e-04,Al,worst 10,10,sample_020703,0.8125022649765015,0.904996395111084,0.8265199065208435,0.131191074848175
multi-output Tversky Loss lr 1e-04,Al_big_grains,best 10,1,sample_008710,0.9888728857040404,0.9959176778793336,0.9919015169143676,0.0106216398999094
multi-output Tversky Loss lr 1e-04,Al_big_grains,best 10,2,sample_000043,0.97490394115448,0.9904555678367616,0.9810928106307985,0.0276366900652647
multi-output Tversky Loss lr 1e-04,Al_big_grains,best 10,3,sample_007139,0.9747188091278076,0.9874494671821594,0.9752155542373656,0.0187160186469554
multi-output Tversky Loss lr 1e-04,Al_big_grains,best 10,4,sample_005907,0.9742469787597656,0.986984372138977,0.9743083119392396,0.019847385585308
multi-output Tversky Loss lr 1e-04,Al_big_grains,best 10,5,sample_003374,0.9737762212753296,0.9890481233596802,0.9783341884613036,0.0217393115162849
multi-output Tversky Loss lr 1e-04,Al_big_grains,best 10,6,sample_001694,0.9733966588974,0.9894728660583496,0.979178547859192,0.0262683108448982
multi-output Tversky Loss lr 1e-04,Al_big_grains,best 10,7,sample_004311,0.9725305438041688,0.9861587882041932,0.9728477001190186,0.0287302508950233
multi-output Tversky Loss lr 1e-04,Al_big_grains,best 10,8,sample_006744,0.9724844098091124,0.9899784326553344,0.9801831841468812,0.0200200602412223
multi-output Tversky Loss lr 1e-04,Al_big_grains,best 10,9,sample_005931,0.9723853468894958,0.983773708343506,0.96817147731781,0.0191395953297615
multi-output Tversky Loss lr 1e-04,Al_big_grains,best 10,10,sample_000082,0.9722843170166016,0.9881420135498048,0.9765666723251344,0.0242689456790685
multi-output Tversky Loss lr 1e-04,Al_big_grains,worst 10,1,sample_003958,0.4797898828983307,0.4831855297088623,0.467465192079544,0.0608416050672531
multi-output Tversky Loss lr 1e-04,Al_big_grains,worst 10,2,sample_000445,0.4827562570571899,0.492068737745285,0.4843851625919342,0.0874796733260154
multi-output Tversky Loss lr 1e-04,Al_big_grains,worst 10,3,sample_001810,0.4897951781749725,0.4973164498806,0.4946615397930145,0.0531864129006862
multi-output Tversky Loss lr 1e-04,Al_big_grains,worst 10,4,sample_005844,0.5842185020446777,0.5936142802238464,0.4533444344997406,0.1809431761503219
multi-output Tversky Loss lr 1e-04,Al_big_grains,worst 10,5,sample_001909,0.6244782209396362,0.7545917630195618,0.6105899810791016,0.1868601888418197
multi-output Tversky Loss lr 1e-04,Al_big_grains,worst 10,6,sample_006280,0.6546654105186462,0.731369137763977,0.5782933235168457,0.1449815183877945
multi-output Tversky Loss lr 1e-04,Al_big_grains,worst 10,7,sample_005047,0.6559069156646729,0.6102175712585449,0.5126156806945801,0.1129094883799552
multi-output Tversky Loss lr 1e-04,Al_big_grains,worst 10,8,sample_006875,0.6637349128723145,0.5782496929168701,0.4982187151908874,0.0484603717923164
multi-output Tversky Loss lr 1e-04,Al_big_grains,worst 10,9,sample_005073,0.6669676899909973,0.7817943692207336,0.6495243310928345,0.0556945353746414
multi-output Tversky Loss lr 1e-04,Al_big_grains,worst 10,10,sample_007825,0.672378659248352,0.8037140369415283,0.6720792055130005,0.1316081285476684
multi-output Tversky Loss lr 1e-04,Al_deformed_LoG,best 10,1,sample_009695,0.9719470143318176,0.983739137649536,0.9680503606796264,0.0221036747097969
multi-output Tversky Loss lr 1e-04,Al_deformed_LoG,best 10,2,sample_014924,0.9688898324966432,0.9838408827781676,0.9682183265686036,0.0171051062643528
multi-output Tversky Loss lr 1e-04,Al_deformed_LoG,best 10,3,sample_011086,0.967759370803833,0.9841052293777466,0.968741238117218,0.0256461687386035
multi-output Tversky Loss lr 1e-04,Al_deformed_LoG,best 10,4,sample_017173,0.967162549495697,0.9772135615348816,0.9556527137756348,0.015346847474575
multi-output Tversky Loss lr 1e-04,Al_deformed_LoG,best 10,5,sample_014314,0.9669468402862548,0.9767553806304932,0.9547010660171508,0.0181050412356853
multi-output Tversky Loss lr 1e-04,Al_deformed_LoG,best 10,6,sample_014349,0.9669352769851683,0.9834917783737184,0.9677237272262572,0.0268966984003782
multi-output Tversky Loss lr 1e-04,Al_deformed_LoG,best 10,7,sample_009474,0.9650793075561525,0.9735262989997864,0.9485528469085692,0.0199533030390739
multi-output Tversky Loss lr 1e-04,Al_deformed_LoG,best 10,8,sample_017010,0.9637014269828796,0.9731239080429076,0.9481146335601808,0.0146560985594987
multi-output Tversky Loss lr 1e-04,Al_deformed_LoG,best 10,9,sample_015324,0.9636847972869872,0.9785191416740416,0.957987666130066,0.0285475738346576
multi-output Tversky Loss lr 1e-04,Al_deformed_LoG,best 10,10,sample_011676,0.9634990096092224,0.9713418483734132,0.9443303346633912,0.0192772299051284
multi-output Tversky Loss lr 1e-04,Al_deformed_LoG,worst 10,1,sample_010082,0.7606661319732666,0.9028853178024292,0.8249163627624512,0.1754073202610016
multi-output Tversky Loss lr 1e-04,Al_deformed_LoG,worst 10,2,sample_013686,0.798179030418396,0.8259930610656738,0.703591525554657,0.0895555019378662
multi-output Tversky Loss lr 1e-04,Al_deformed_LoG,worst 10,3,sample_015744,0.802321195602417,0.8934643268585205,0.8076162338256836,0.1018720269203186
multi-output Tversky Loss lr 1e-04,Al_deformed_LoG,worst 10,4,sample_010066,0.8095716238021851,0.9161950945854188,0.84546959400177,0.1419554650783538
multi-output Tversky Loss lr 1e-04,Al_deformed_LoG,worst 10,5,sample_017113,0.8126122951507568,0.8971108198165894,0.813418984413147,0.1198922842741012
multi-output Tversky Loss lr 1e-04,Al_deformed_LoG,worst 10,6,sample_012855,0.8280215263366699,0.928080141544342,0.8659552335739136,0.1032079681754112
multi-output Tversky Loss lr 1e-04,Al_deformed_LoG,worst 10,7,sample_015385,0.84019935131073,0.8944272398948669,0.8090172410011292,0.1058241203427314
multi-output Tversky Loss lr 1e-04,Al_deformed_LoG,worst 10,8,sample_009698,0.8420336246490479,0.9013863801956176,0.8206733465194702,0.1033484786748886
multi-output Tversky Loss lr 1e-04,Al_deformed_LoG,worst 10,9,sample_011301,0.8453312516212463,0.8868950605392456,0.797696590423584,0.0946046933531761
multi-output Tversky Loss lr 1e-04,Al_deformed_LoG,worst 10,10,sample_011466,0.8468852639198303,0.892579197883606,0.8101557493209839,0.0877600610256195
multi-output Tversky Loss lr 1e-04,Al_small_grains,best 10,1,sample_030055,0.9732191562652588,0.9870337247848512,0.974457323551178,0.026802847161889
multi-output Tversky Loss lr 1e-04,Al_small_grains,best 10,2,sample_035302,0.96770840883255,0.9837943911552428,0.9681509137153624,0.0326185040175914
multi-output Tversky Loss lr 1e-04,Al_small_grains,best 10,3,sample_032968,0.9635751843452454,0.972853183746338,0.9473642110824584,0.0219988692551851
multi-output Tversky Loss lr 1e-04,Al_small_grains,best 10,4,sample_035390,0.9623926877975464,0.9738497734069824,0.9492062330245972,0.0279019214212894
multi-output Tversky Loss lr 1e-04,Al_small_grains,best 10,5,sample_031478,0.9610201120376588,0.9765186309814452,0.954268753528595,0.0349480770528316
multi-output Tversky Loss lr 1e-04,Al_small_grains,best 10,6,sample_029423,0.960217535495758,0.9694726467132568,0.9407967925071716,0.0223767478018999
multi-output Tversky Loss lr 1e-04,Al_small_grains,best 10,7,sample_029807,0.957854688167572,0.9664679765701294,0.93511962890625,0.0267758518457412
multi-output Tversky Loss lr 1e-04,Al_small_grains,best 10,8,sample_028985,0.9577920436859132,0.9767796993255616,0.954641819000244,0.0269349031150341
multi-output Tversky Loss lr 1e-04,Al_small_grains,best 10,9,sample_030962,0.9577303528785706,0.9712680578231812,0.9449205994606018,0.0234857220202684
multi-output Tversky Loss lr 1e-04,Al_small_grains,best 10,10,sample_033335,0.9576307535171508,0.9699364900588988,0.941630482673645,0.0279589295387268
multi-output Tversky Loss lr 1e-04,Al_small_grains,worst 10,1,sample_030707,0.4685314893722534,0.5422065258026123,0.4235431551933288,0.2100673019886016
multi-output Tversky Loss lr 1e-04,Al_small_grains,worst 10,2,sample_034420,0.5850293636322021,0.7220926284790039,0.5692532658576965,0.1978715360164642
multi-output Tversky Loss lr 1e-04,Al_small_grains,worst 10,3,sample_034563,0.7439802885055542,0.8926583528518677,0.8071862459182739,0.1484449505805969
multi-output Tversky Loss lr 1e-04,Al_small_grains,worst 10,4,sample_033929,0.7694762349128723,0.904396951198578,0.836276650428772,0.0405888110399246
multi-output Tversky Loss lr 1e-04,Al_small_grains,worst 10,5,sample_029777,0.7717208862304688,0.8836767673492432,0.7988128066062927,0.0328141190111637
multi-output Tversky Loss lr 1e-04,Al_small_grains,worst 10,6,sample_035491,0.802147626876831,0.9078813195228576,0.8353699445724487,0.060596227645874
multi-output Tversky Loss lr 1e-04,Al_small_grains,worst 10,7,sample_028382,0.804892897605896,0.8638661503791809,0.7709193229675293,0.0708757266402244
multi-output Tversky Loss lr 1e-04,Al_small_grains,worst 10,8,sample_027058,0.8061686754226685,0.9148882627487184,0.8436453342437744,0.1085372120141983
multi-output Tversky Loss lr 1e-04,Al_small_grains,worst 10,9,sample_027792,0.8088976740837097,0.9216849207878112,0.8582285046577454,0.0301928371191024
multi-output Tversky Loss lr 1e-04,Al_small_grains,worst 10,10,sample_029152,0.820093035697937,0.8839867115020752,0.804379403591156,0.1078454703092575
multi-output Tversky Loss lr 1e-04,Cu,best 10,1,sample_042391,0.9640963077545166,0.9727270603179932,0.9469048380851746,0.0229907147586345
multi-output Tversky Loss lr 1e-04,Cu,best 10,2,sample_040988,0.957408607006073,0.9672356843948364,0.9366806745529176,0.0232550576329231
multi-output Tversky Loss lr 1e-04,Cu,best 10,3,sample_037001,0.9554124474525452,0.9598736763000488,0.9234058856964112,0.0152017474174499
multi-output Tversky Loss lr 1e-04,Cu,best 10,4,sample_043667,0.9532184600830078,0.9610984921455384,0.9253773093223572,0.0302522983402013
multi-output Tversky Loss lr 1e-04,Cu,best 10,5,sample_035853,0.9507893919944764,0.956169605255127,0.9167064428329468,0.0160226803272962
multi-output Tversky Loss lr 1e-04,Cu,best 10,6,sample_040279,0.9505671858787536,0.9558814764022828,0.9166479110717772,0.0234184600412845
multi-output Tversky Loss lr 1e-04,Cu,best 10,7,sample_035746,0.9495251178741456,0.956230640411377,0.9161370992660522,0.0194951370358467
multi-output Tversky Loss lr 1e-04,Cu,best 10,8,sample_044389,0.9493465423583984,0.9558066725730896,0.9157971143722534,0.0337901040911674
multi-output Tversky Loss lr 1e-04,Cu,best 10,9,sample_043694,0.9469636082649232,0.9554116129875184,0.9151800274848938,0.0379238352179527
multi-output Tversky Loss lr 1e-04,Cu,best 10,10,sample_039395,0.9457030296325684,0.9550621509552002,0.914140284061432,0.0370890498161315
multi-output Tversky Loss lr 1e-04,Cu,worst 10,1,sample_043225,0.4856786131858825,0.6655473709106445,0.5005697011947632,0.3638140857219696
multi-output Tversky Loss lr 1e-04,Cu,worst 10,2,sample_039993,0.5714496374130249,0.7203789949417114,0.5774316787719727,0.2871336936950683
multi-output Tversky Loss lr 1e-04,Cu,worst 10,3,sample_036644,0.6096162796020508,0.7750393152236938,0.6328424215316772,0.2604318261146545
multi-output Tversky Loss lr 1e-04,Cu,worst 10,4,sample_040031,0.6704487800598145,0.8056262731552124,0.6754456758499146,0.1615348905324936
multi-output Tversky Loss lr 1e-04,Cu,worst 10,5,sample_037631,0.6867406368255615,0.8664028644561768,0.764508843421936,0.2076763808727264
multi-output Tversky Loss lr 1e-04,Cu,worst 10,6,sample_041248,0.6884675621986389,0.8058069944381714,0.6785649061203003,0.2099573016166687
multi-output Tversky Loss lr 1e-04,Cu,worst 10,7,sample_036454,0.6946525573730469,0.804324746131897,0.6727002263069153,0.1631383746862411
multi-output Tversky Loss lr 1e-04,Cu,worst 10,8,sample_038471,0.6951138973236084,0.8171871304512024,0.7085338234901428,0.1432185471057891
multi-output Tversky Loss lr 1e-04,Cu,worst 10,9,sample_038171,0.7129107117652893,0.9031593799591064,0.8249111175537109,0.2152178287506103
multi-output Tversky Loss lr 1e-04,Cu,worst 10,10,sample_042932,0.7213335633277893,0.8681045770645142,0.7673159837722778,0.1149919480085372
multi-output Tversky Loss lr 1e-04,IN718_twins,best 10,1,sample_051959,0.9818862080574036,0.997679591178894,0.9953707456588744,0.0259274467825889
multi-output Tversky Loss lr 1e-04,IN718_twins,best 10,2,sample_049582,0.9817782640457152,0.9980810880661012,0.9961698055267334,0.0235756076872348
multi-output Tversky Loss lr 1e-04,IN718_twins,best 10,3,sample_049932,0.98129004240036,0.9966665506362916,0.9933554530143738,0.0232694316655397
multi-output Tversky Loss lr 1e-04,IN718_twins,best 10,4,sample_047142,0.9810134172439576,0.9964927434921264,0.9930176138877868,0.0253691878169775
multi-output Tversky Loss lr 1e-04,IN718_twins,best 10,5,sample_049720,0.9798380136489868,0.9971885681152344,0.9943995475769044,0.0265407525002956
multi-output Tversky Loss lr 1e-04,IN718_twins,best 10,6,sample_049458,0.9796688556671144,0.995396375656128,0.9908515810966492,0.0291965380311012
multi-output Tversky Loss lr 1e-04,IN718_twins,best 10,7,sample_052976,0.9792134761810304,0.9955266714096068,0.991093635559082,0.0264151263982057
multi-output Tversky Loss lr 1e-04,IN718_twins,best 10,8,sample_046070,0.9792039394378662,0.997333824634552,0.9946820735931396,0.0253674387931823
multi-output Tversky Loss lr 1e-04,IN718_twins,best 10,9,sample_045737,0.9790388941764832,0.996083438396454,0.9921983480453492,0.0301141273230314
multi-output Tversky Loss lr 1e-04,IN718_twins,best 10,10,sample_048435,0.9789482355117798,0.9953345060348512,0.9907139539718628,0.0287547931075096
multi-output Tversky Loss lr 1e-04,IN718_twins,worst 10,1,sample_051171,0.4389242529869079,0.4218794703483581,0.3126948475837707,0.2436497211456298
multi-output Tversky Loss lr 1e-04,IN718_twins,worst 10,2,sample_045148,0.6711791157722473,0.7271525263786316,0.5732165575027466,0.2740245461463928
multi-output Tversky Loss lr 1e-04,IN718_twins,worst 10,3,sample_047459,0.7637929916381836,0.8407991528511047,0.7262048125267029,0.157723993062973
multi-output Tversky Loss lr 1e-04,IN718_twins,worst 10,4,sample_044797,0.7812473773956299,0.8087533712387085,0.6803699731826782,0.1472107321023941
multi-output Tversky Loss lr 1e-04,IN718_twins,worst 10,5,sample_046549,0.7867444753646851,0.8314311504364014,0.7128241658210754,0.1213423833250999
multi-output Tversky Loss lr 1e-04,IN718_twins,worst 10,6,sample_050339,0.8000696897506714,0.8562672734260559,0.7495735883712769,0.1282849162817001
multi-output Tversky Loss lr 1e-04,IN718_twins,worst 10,7,sample_050217,0.8028653860092163,0.796310305595398,0.6846950054168701,0.0855577141046524
multi-output Tversky Loss lr 1e-04,IN718_twins,worst 10,8,sample_050806,0.8131642937660217,0.8049560785293579,0.6926615238189697,0.0748214796185493
multi-output Tversky Loss lr 1e-04,IN718_twins,worst 10,9,sample_051493,0.8276980519294739,0.9007536768913268,0.8195867538452148,0.1365075409412384
multi-output Tversky Loss lr 1e-04,IN718_twins,worst 10,10,sample_052206,0.8322231769561768,0.8380210995674133,0.7336409687995911,0.068730279803276
multi-output Tversky Loss lr 1e-04,Iron,best 10,1,sample_064907,0.9676812887191772,0.9818310141563416,0.9643231630325316,0.0263464543968439
multi-output Tversky Loss lr 1e-04,Iron,best 10,2,sample_064309,0.9665907621383668,0.9768999218940736,0.954881191253662,0.0227638073265552
multi-output Tversky Loss lr 1e-04,Iron,best 10,3,sample_067355,0.9640005230903624,0.972530722618103,0.9466272592544556,0.0239399895071983
multi-output Tversky Loss lr 1e-04,Iron,best 10,4,sample_064046,0.9631356596946716,0.9829976558685304,0.9666271805763244,0.0339591987431049
multi-output Tversky Loss lr 1e-04,Iron,best 10,5,sample_064181,0.9629192352294922,0.9746074676513672,0.9508855938911438,0.0135415578261017
multi-output Tversky Loss lr 1e-04,Iron,best 10,6,sample_070996,0.9622267484664916,0.97061288356781,0.943476378917694,0.0204276405274868
multi-output Tversky Loss lr 1e-04,Iron,best 10,7,sample_064668,0.960767149925232,0.9724838733673096,0.9464625120162964,0.0223153177648782
multi-output Tversky Loss lr 1e-04,Iron,best 10,8,sample_063988,0.9598906636238098,0.9673458337783812,0.9374555945396424,0.0247342176735401
multi-output Tversky Loss lr 1e-04,Iron,best 10,9,sample_065638,0.9598870277404784,0.9710638523101808,0.943813681602478,0.0264059677720069
multi-output Tversky Loss lr 1e-04,Iron,best 10,10,sample_067106,0.9596221446990968,0.9681574106216432,0.93854159116745,0.0150529984384775
multi-output Tversky Loss lr 1e-04,Iron,worst 10,1,sample_067665,0.5834491848945618,0.63651442527771,0.5593335628509521,0.0263116993010044
multi-output Tversky Loss lr 1e-04,Iron,worst 10,2,sample_062506,0.5837949514389038,0.723274827003479,0.5667100548744202,0.2501787543296814
multi-output Tversky Loss lr 1e-04,Iron,worst 10,3,sample_067254,0.6166611313819885,0.6261628866195679,0.4661230146884918,0.102949321269989
multi-output Tversky Loss lr 1e-04,Iron,worst 10,4,sample_066538,0.6370094418525696,0.7284910678863525,0.638844907283783,0.0667725056409835
multi-output Tversky Loss lr 1e-04,Iron,worst 10,5,sample_063897,0.6612927913665771,0.7912710905075073,0.6548435688018799,0.1143214553594589
multi-output Tversky Loss lr 1e-04,Iron,worst 10,6,sample_066301,0.6746768951416016,0.8283838033676147,0.7196317911148071,0.1904985606670379
multi-output Tversky Loss lr 1e-04,Iron,worst 10,7,sample_067614,0.6993650197982788,0.7784954905509949,0.6866059899330139,0.0183891803026199
multi-output Tversky Loss lr 1e-04,Iron,worst 10,8,sample_064987,0.7019261717796326,0.7518745064735413,0.6047462224960327,0.0733494088053703
multi-output Tversky Loss lr 1e-04,Iron,worst 10,9,sample_070700,0.7112729549407959,0.7848783731460571,0.6529116034507751,0.1094375699758529
multi-output Tversky Loss lr 1e-04,Iron,worst 10,10,sample_065158,0.7139638662338257,0.7483136653900146,0.6129409074783325,0.0656511336565017
multi-output Tversky Loss lr 1e-04,Iron_deformed,best 10,1,sample_053335,0.959636688232422,0.9735560417175292,0.9484748840332032,0.0203188695013523
multi-output Tversky Loss lr 1e-04,Iron_deformed,best 10,2,sample_054288,0.9587295055389404,0.9673157334327698,0.9367786049842834,0.0227028727531433
multi-output Tversky Loss lr 1e-04,Iron_deformed,best 10,3,sample_057584,0.9585312604904176,0.9735314249992372,0.9484341740608216,0.0185996051877737
multi-output Tversky Loss lr 1e-04,Iron_deformed,best 10,4,sample_061758,0.9581714868545532,0.967870593070984,0.9378542900085448,0.0261686779558658
multi-output Tversky Loss lr 1e-04,Iron_deformed,best 10,5,sample_060043,0.9554591774940492,0.9658485651016236,0.9340003728866576,0.0157445222139358
multi-output Tversky Loss lr 1e-04,Iron_deformed,best 10,6,sample_060940,0.9551042318344116,0.9626483917236328,0.9281663298606871,0.0275401882827281
multi-output Tversky Loss lr 1e-04,Iron_deformed,best 10,7,sample_057306,0.9545716047286988,0.968058705329895,0.9381541013717652,0.0321986153721809
multi-output Tversky Loss lr 1e-04,Iron_deformed,best 10,8,sample_059156,0.9545689225196838,0.9686803817749025,0.9393717050552368,0.025389764457941
multi-output Tversky Loss lr 1e-04,Iron_deformed,best 10,9,sample_062042,0.9537387490272522,0.9609812498092652,0.9250576496124268,0.0212885327637195
multi-output Tversky Loss lr 1e-04,Iron_deformed,best 10,10,sample_055887,0.9530205130577089,0.9685824513435364,0.939202070236206,0.0332384631037712
multi-output Tversky Loss lr 1e-04,Iron_deformed,worst 10,1,sample_057275,0.4219775199890136,0.4494183957576751,0.4081306159496307,0.1332995146512985
multi-output Tversky Loss lr 1e-04,Iron_deformed,worst 10,2,sample_060504,0.4746059477329254,0.4830566942691803,0.4672240912914276,0.1011169478297233
multi-output Tversky Loss lr 1e-04,Iron_deformed,worst 10,3,sample_059722,0.4765807390213012,0.4873793721199035,0.4753801524639129,0.0688318386673927
multi-output Tversky Loss lr 1e-04,Iron_deformed,worst 10,4,sample_061725,0.5239720344543457,0.6157494783401489,0.4534541964530945,0.2373839914798736
multi-output Tversky Loss lr 1e-04,Iron_deformed,worst 10,5,sample_058762,0.5632948875427246,0.6814055442810059,0.5194718837738037,0.1856445521116256
multi-output Tversky Loss lr 1e-04,Iron_deformed,worst 10,6,sample_053629,0.630524754524231,0.6638176441192627,0.4970633387565613,0.1556310504674911
multi-output Tversky Loss lr 1e-04,Iron_deformed,worst 10,7,sample_054487,0.6683500409126282,0.7591478824615479,0.6144565343856812,0.1511230170726776
multi-output Tversky Loss lr 1e-04,Iron_deformed,worst 10,8,sample_059962,0.681222677230835,0.8671107292175293,0.7670480012893677,0.2318038791418075
multi-output Tversky Loss lr 1e-04,Iron_deformed,worst 10,9,sample_058199,0.6818596720695496,0.7387120127677917,0.6011646389961243,0.1651138365268707
multi-output Tversky Loss lr 1e-04,Iron_deformed,worst 10,10,sample_060838,0.6893264055252075,0.8489437103271484,0.7401556968688965,0.2156045287847519
multi-output Tversky Loss lr 1e-04,Ti7Al,best 10,1,sample_077653,0.9885547161102296,0.9957621097564696,0.9915955066680908,0.0104397106915712
multi-output Tversky Loss lr 1e-04,Ti7Al,best 10,2,sample_074943,0.9690350890159608,0.981306791305542,0.9632996320724488,0.0215865708887577
multi-output Tversky Loss lr 1e-04,Ti7Al,best 10,3,sample_071760,0.9682202935218812,0.984849214553833,0.9701650142669678,0.0179937612265348
multi-output Tversky Loss lr 1e-04,Ti7Al,best 10,4,sample_073407,0.9673303365707396,0.9798166155815125,0.9606055617332458,0.016368456184864
multi-output Tversky Loss lr 1e-04,Ti7Al,best 10,5,sample_079443,0.9665448665618896,0.9797748327255248,0.9605442881584167,0.0118545666337013
multi-output Tversky Loss lr 1e-04,Ti7Al,best 10,6,sample_079215,0.9665303230285645,0.9816600680351256,0.9640500545501708,0.0182026699185371
multi-output Tversky Loss lr 1e-04,Ti7Al,best 10,7,sample_078537,0.9663723111152648,0.9831873178482056,0.9669748544692992,0.0240958463400602
multi-output Tversky Loss lr 1e-04,Ti7Al,best 10,8,sample_073962,0.9659506678581238,0.9770890474319458,0.9553064703941344,0.0249613057821989
multi-output Tversky Loss lr 1e-04,Ti7Al,best 10,9,sample_073240,0.9652988910675048,0.9748690128326416,0.9513775110244752,0.018106123432517
multi-output Tversky Loss lr 1e-04,Ti7Al,best 10,10,sample_078172,0.9651027917861938,0.9825087785720824,0.9656213521957396,0.0154342595487833
multi-output Tversky Loss lr 1e-04,Ti7Al,worst 10,1,sample_079572,0.38374924659729,0.3928062617778778,0.3155615329742431,0.0949293226003646
multi-output Tversky Loss lr 1e-04,Ti7Al,worst 10,2,sample_079887,0.4007995724678039,0.4460531771183014,0.4026137292385101,0.2020891308784485
multi-output Tversky Loss lr 1e-04,Ti7Al,worst 10,3,sample_079691,0.4183774590492248,0.4844169318675995,0.3560224175453186,0.3130497336387634
multi-output Tversky Loss lr 1e-04,Ti7Al,worst 10,4,sample_078401,0.4344685077667236,0.4203991591930389,0.3626626431941986,0.038440391421318
multi-output Tversky Loss lr 1e-04,Ti7Al,worst 10,5,sample_071287,0.4428779184818268,0.5484230518341064,0.4936119318008423,0.184334248304367
multi-output Tversky Loss lr 1e-04,Ti7Al,worst 10,6,sample_072650,0.4763461351394653,0.4847863316535949,0.4704711437225342,0.026353720575571
multi-output Tversky Loss lr 1e-04,Ti7Al,worst 10,7,sample_074369,0.4923551678657532,0.5156773328781128,0.4418982267379761,0.0404890030622482
multi-output Tversky Loss lr 1e-04,Ti7Al,worst 10,8,sample_079059,0.5658354163169861,0.576352059841156,0.4578945636749267,0.0806546062231063
multi-output Tversky Loss lr 1e-04,Ti7Al,worst 10,9,sample_072340,0.5723715424537659,0.6368626356124878,0.4772355556488037,0.105537474155426
multi-output Tversky Loss lr 1e-04,Ti7Al,worst 10,10,sample_076790,0.5776258707046509,0.5087156891822815,0.4340143203735351,0.0246631130576133
multi-output Tversky Loss lr 3e-04,Al,best 10,1,sample_024693,0.9877820014953612,0.9938629865646362,0.987801432609558,0.0106569919735193
multi-output Tversky Loss lr 3e-04,Al,best 10,2,sample_024743,0.9854055643081664,0.9905188083648682,0.9812300205230712,0.0099560339003801
multi-output Tversky Loss lr 3e-04,Al,best 10,3,sample_019073,0.9844763278961182,0.9906299710273744,0.9814471006393432,0.0119655933231115
multi-output Tversky Loss lr 3e-04,Al,best 10,4,sample_024836,0.9844746589660645,0.9925578236579896,0.9852484464645386,0.0124459387734532
multi-output Tversky Loss lr 3e-04,Al,best 10,5,sample_023573,0.98397034406662,0.9914190769195556,0.9830330610275269,0.0132262259721755
multi-output Tversky Loss lr 3e-04,Al,best 10,6,sample_024827,0.9837538003921508,0.9889183044433594,0.9781973361968994,0.0144657399505376
multi-output Tversky Loss lr 3e-04,Al,best 10,7,sample_026623,0.983141839504242,0.9911057949066162,0.9824179410934448,0.0164102092385292
multi-output Tversky Loss lr 3e-04,Al,best 10,8,sample_017827,0.9830516576766968,0.9891035556793212,0.9784466624259948,0.0122994687408208
multi-output Tversky Loss lr 3e-04,Al,best 10,9,sample_023303,0.982414722442627,0.9858566522598268,0.9721644520759584,0.0100039355456829
multi-output Tversky Loss lr 3e-04,Al,best 10,10,sample_023009,0.9823899269104004,0.9851952791213988,0.9708769917488098,0.0121860206127166
multi-output Tversky Loss lr 3e-04,Al,worst 10,1,sample_019559,0.478840172290802,0.4893470108509063,0.4791384935379028,0.1473448425531387
multi-output Tversky Loss lr 3e-04,Al,worst 10,2,sample_018297,0.5051196813583374,0.494504451751709,0.4891284108161926,0.0870441123843193
multi-output Tversky Loss lr 3e-04,Al,worst 10,3,sample_022095,0.5770301818847656,0.5457296967506409,0.4006388783454895,0.1800799071788787
multi-output Tversky Loss lr 3e-04,Al,worst 10,4,sample_023943,0.7079379558563232,0.8835402131080627,0.7954837083816528,0.2017227113246917
multi-output Tversky Loss lr 3e-04,Al,worst 10,5,sample_019137,0.7196730375289917,0.7206238508224487,0.6056725978851318,0.1155898049473762
multi-output Tversky Loss lr 3e-04,Al,worst 10,6,sample_023511,0.776953935623169,0.8449127078056335,0.7550007700920105,0.0511218234896659
multi-output Tversky Loss lr 3e-04,Al,worst 10,7,sample_025384,0.7883657217025757,0.8425475358963013,0.752509593963623,0.0146221611648797
multi-output Tversky Loss lr 3e-04,Al,worst 10,8,sample_026539,0.7902868986129761,0.9268122911453248,0.8701470494270325,0.0497716218233108
multi-output Tversky Loss lr 3e-04,Al,worst 10,9,sample_022130,0.7940956354141235,0.828101396560669,0.707510769367218,0.0874123126268386
multi-output Tversky Loss lr 3e-04,Al,worst 10,10,sample_025403,0.8019406199455261,0.7953218221664429,0.6693962812423706,0.106626495718956
multi-output Tversky Loss lr 3e-04,Al_big_grains,best 10,1,sample_008710,0.99232417345047,0.994897723197937,0.9898985028266908,0.0052716727368533
multi-output Tversky Loss lr 3e-04,Al_big_grains,best 10,2,sample_000043,0.9856178164482116,0.98982834815979,0.9798802137374878,0.0108641982078552
multi-output Tversky Loss lr 3e-04,Al_big_grains,best 10,3,sample_005907,0.981956660747528,0.9850443601608276,0.9705637693405152,0.0090358946472406
multi-output Tversky Loss lr 3e-04,Al_big_grains,best 10,4,sample_007139,0.9817127585411072,0.9848272800445556,0.9701329469680786,0.0083136316388845
multi-output Tversky Loss lr 3e-04,Al_big_grains,best 10,5,sample_000240,0.981585681438446,0.986382246017456,0.9731870293617249,0.011278061196208
multi-output Tversky Loss lr 3e-04,Al_big_grains,best 10,6,sample_007981,0.9804626703262328,0.9847363233566284,0.969993770122528,0.0116866081953048
multi-output Tversky Loss lr 3e-04,Al_big_grains,best 10,7,sample_003374,0.979965329170227,0.9880030155181884,0.9762909412384032,0.0128227500244975
multi-output Tversky Loss lr 3e-04,Al_big_grains,best 10,8,sample_006744,0.979857325553894,0.9885854721069336,0.9774821996688844,0.0120978243649005
multi-output Tversky Loss lr 3e-04,Al_big_grains,best 10,9,sample_000609,0.979303538799286,0.986244022846222,0.9729843139648438,0.0103904036805033
multi-output Tversky Loss lr 3e-04,Al_big_grains,best 10,10,sample_002772,0.9787800908088684,0.9927096962928772,0.9855424165725708,0.0167132839560508
multi-output Tversky Loss lr 3e-04,Al_big_grains,worst 10,1,sample_004582,0.3588160276412964,0.3955287337303161,0.266678512096405,0.167315661907196
multi-output Tversky Loss lr 3e-04,Al_big_grains,worst 10,2,sample_000445,0.4740183055400848,0.4726740717887878,0.4481801986694336,0.1014654412865638
multi-output Tversky Loss lr 3e-04,Al_big_grains,worst 10,3,sample_001810,0.4841842353343963,0.4911539256572723,0.4826154410839081,0.0554905273020267
multi-output Tversky Loss lr 3e-04,Al_big_grains,worst 10,4,sample_003958,0.4848057925701141,0.4835845828056335,0.4682127833366394,0.0542960651218891
multi-output Tversky Loss lr 3e-04,Al_big_grains,worst 10,5,sample_002782,0.4873251616954803,0.552987813949585,0.4476187229156494,0.2209846079349517
multi-output Tversky Loss lr 3e-04,Al_big_grains,worst 10,6,sample_004529,0.4890850186347961,0.5754332542419434,0.4229164123535156,0.1503730863332748
multi-output Tversky Loss lr 3e-04,Al_big_grains,worst 10,7,sample_007521,0.4940330386161804,0.5110246539115906,0.4879953861236572,0.0649408623576164
multi-output Tversky Loss lr 3e-04,Al_big_grains,worst 10,8,sample_001847,0.5244359970092773,0.6588920950889587,0.4915731251239776,0.1406514048576355
multi-output Tversky Loss lr 3e-04,Al_big_grains,worst 10,9,sample_001871,0.547012448310852,0.5201610326766968,0.4206182658672333,0.0507590025663375
multi-output Tversky Loss lr 3e-04,Al_big_grains,worst 10,10,sample_007445,0.5868683457374573,0.5967140793800354,0.5436731576919556,0.0238993484526872
multi-output Tversky Loss lr 3e-04,Al_deformed_LoG,best 10,1,sample_009695,0.97214537858963,0.9770544171333312,0.9551663994789124,0.01570425927639
multi-output Tversky Loss lr 3e-04,Al_deformed_LoG,best 10,2,sample_014349,0.9714957475662231,0.9777878522872924,0.9568229913711548,0.0160669982433319
multi-output Tversky Loss lr 3e-04,Al_deformed_LoG,best 10,3,sample_009474,0.9711426496505736,0.9766852855682372,0.9546279907226562,0.015964874997735
multi-output Tversky Loss lr 3e-04,Al_deformed_LoG,best 10,4,sample_014924,0.9705772399902344,0.9768832921981812,0.954818606376648,0.0111410086974501
multi-output Tversky Loss lr 3e-04,Al_deformed_LoG,best 10,5,sample_014314,0.9701735377311708,0.9705023765563964,0.9428389072418212,0.0099238660186529
multi-output Tversky Loss lr 3e-04,Al_deformed_LoG,best 10,6,sample_017173,0.9682608246803284,0.970291793346405,0.9425661563873292,0.0091746877878904
multi-output Tversky Loss lr 3e-04,Al_deformed_LoG,best 10,7,sample_011086,0.9676113724708556,0.973325490951538,0.9481663703918456,0.0166565962135791
multi-output Tversky Loss lr 3e-04,Al_deformed_LoG,best 10,8,sample_015046,0.967426300048828,0.9735887050628662,0.9486868381500244,0.0140049755573272
multi-output Tversky Loss lr 3e-04,Al_deformed_LoG,best 10,9,sample_009394,0.9665945172309875,0.9658862352371216,0.934033215045929,0.0137901678681373
multi-output Tversky Loss lr 3e-04,Al_deformed_LoG,best 10,10,sample_010755,0.9664704203605652,0.9749295115470886,0.9513261318206788,0.0120792211964726
multi-output Tversky Loss lr 3e-04,Al_deformed_LoG,worst 10,1,sample_013620,0.4197134375572204,0.4686323404312134,0.3265223801136017,0.3469925224781036
multi-output Tversky Loss lr 3e-04,Al_deformed_LoG,worst 10,2,sample_011005,0.7214965224266052,0.757080614566803,0.6120879650115967,0.1399992257356643
multi-output Tversky Loss lr 3e-04,Al_deformed_LoG,worst 10,3,sample_009435,0.7519021034240723,0.9384498596191406,0.884200394153595,0.187353104352951
multi-output Tversky Loss lr 3e-04,Al_deformed_LoG,worst 10,4,sample_011162,0.7659409642219543,0.8673355579376221,0.7700348496437073,0.1264281868934631
multi-output Tversky Loss lr 3e-04,Al_deformed_LoG,worst 10,5,sample_011030,0.7755216956138611,0.8007685542106628,0.6679178476333618,0.0820596367120742
multi-output Tversky Loss lr 3e-04,Al_deformed_LoG,worst 10,6,sample_012855,0.7884085178375244,0.9271336197853088,0.8642024397850037,0.1340928077697754
multi-output Tversky Loss lr 3e-04,Al_deformed_LoG,worst 10,7,sample_017135,0.8053662180900574,0.863397479057312,0.759668231010437,0.0999256074428558
multi-output Tversky Loss lr 3e-04,Al_deformed_LoG,worst 10,8,sample_016560,0.8080874085426331,0.963641345500946,0.929942786693573,0.0957044214010238
multi-output Tversky Loss lr 3e-04,Al_deformed_LoG,worst 10,9,sample_009530,0.8099628686904907,0.8566271066665649,0.7492872476577759,0.0871288925409317
multi-output Tversky Loss lr 3e-04,Al_deformed_LoG,worst 10,10,sample_011840,0.8107936382293701,0.8512308597564697,0.7410192489624023,0.0996052473783493
multi-output Tversky Loss lr 3e-04,Al_small_grains,best 10,1,sample_030055,0.9790743589401244,0.9820324182510376,0.9647562503814696,0.0112059544771909
multi-output Tversky Loss lr 3e-04,Al_small_grains,best 10,2,sample_035302,0.9766059517860411,0.9804680347442628,0.961786925792694,0.0150162111967802
multi-output Tversky Loss lr 3e-04,Al_small_grains,best 10,3,sample_032968,0.97285395860672,0.9736536145210266,0.9488356113433838,0.0104562118649482
multi-output Tversky Loss lr 3e-04,Al_small_grains,best 10,4,sample_031478,0.9685852527618408,0.9754674434661864,0.9522877931594848,0.0209911987185478
multi-output Tversky Loss lr 3e-04,Al_small_grains,best 10,5,sample_032604,0.9678105115890504,0.9750974178314208,0.9515153169631958,0.0185870118439197
multi-output Tversky Loss lr 3e-04,Al_small_grains,best 10,6,sample_035390,0.9663184881210328,0.970382571220398,0.9425848722457886,0.0181663837283849
multi-output Tversky Loss lr 3e-04,Al_small_grains,best 10,7,sample_032927,0.9647899866104126,0.968201756477356,0.938526451587677,0.0159623809158802
multi-output Tversky Loss lr 3e-04,Al_small_grains,best 10,8,sample_026712,0.9646520018577576,0.965165376663208,0.9326776266098022,0.0150207541882991
multi-output Tversky Loss lr 3e-04,Al_small_grains,best 10,9,sample_028101,0.9645156860351562,0.9635968208312988,0.9299141764640808,0.0121352048590779
multi-output Tversky Loss lr 3e-04,Al_small_grains,best 10,10,sample_030962,0.9636785984039308,0.972527027130127,0.9470926523208618,0.0124874049797654
multi-output Tversky Loss lr 3e-04,Al_small_grains,worst 10,1,sample_030707,0.5057768821716309,0.5879272818565369,0.4562205374240875,0.2070220410823822
multi-output Tversky Loss lr 3e-04,Al_small_grains,worst 10,2,sample_034420,0.6041526794433594,0.7554384469985962,0.6070656776428223,0.214186280965805
multi-output Tversky Loss lr 3e-04,Al_small_grains,worst 10,3,sample_026738,0.7329137325286865,0.905041754245758,0.8273210525512695,0.1633598208427429
multi-output Tversky Loss lr 3e-04,Al_small_grains,worst 10,4,sample_033929,0.7481643557548523,0.8654342889785767,0.7830872535705566,0.0345522984862327
multi-output Tversky Loss lr 3e-04,Al_small_grains,worst 10,5,sample_029777,0.7651718258857727,0.8880710601806641,0.8037416934967041,0.0264189168810844
multi-output Tversky Loss lr 3e-04,Al_small_grains,worst 10,6,sample_034563,0.7727793455123901,0.9057376384735109,0.8308671116828918,0.10023133456707
multi-output Tversky Loss lr 3e-04,Al_small_grains,worst 10,7,sample_029512,0.7840362787246704,0.9177132844924928,0.8491631746292114,0.0849436670541763
multi-output Tversky Loss lr 3e-04,Al_small_grains,worst 10,8,sample_027792,0.792299747467041,0.923979103565216,0.8615859746932983,0.0222787614911794
multi-output Tversky Loss lr 3e-04,Al_small_grains,worst 10,9,sample_028382,0.792473554611206,0.8527328372001648,0.754153847694397,0.0755622535943985
multi-output Tversky Loss lr 3e-04,Al_small_grains,worst 10,10,sample_033817,0.8006876707077026,0.9315389394760132,0.8728567361831665,0.1010785996913909
multi-output Tversky Loss lr 3e-04,Cu,best 10,1,sample_042391,0.9715324640274048,0.9716935753822328,0.9449543952941896,0.0118415364995598
multi-output Tversky Loss lr 3e-04,Cu,best 10,2,sample_040988,0.9625958204269408,0.968010425567627,0.938174605369568,0.016994334757328
multi-output Tversky Loss lr 3e-04,Cu,best 10,3,sample_037001,0.9621536731719972,0.9613717794418336,0.9262810945510864,0.009691203944385
multi-output Tversky Loss lr 3e-04,Cu,best 10,4,sample_043694,0.9598336219787598,0.9581018686294556,0.9201279878616332,0.0187535881996154
multi-output Tversky Loss lr 3e-04,Cu,best 10,5,sample_043667,0.9597363471984864,0.958773136138916,0.9208165407180786,0.0176950618624687
multi-output Tversky Loss lr 3e-04,Cu,best 10,6,sample_041561,0.9532865285873412,0.9572493433952332,0.9189233779907228,0.0094317262992262
multi-output Tversky Loss lr 3e-04,Cu,best 10,7,sample_035853,0.953214168548584,0.9507477879524232,0.906475067138672,0.009603951126337
multi-output Tversky Loss lr 3e-04,Cu,best 10,8,sample_040279,0.9519964456558228,0.9541616439819336,0.9127764701843262,0.0191178824752569
multi-output Tversky Loss lr 3e-04,Cu,best 10,9,sample_037448,0.9507864117622375,0.9505625367164612,0.905887484550476,0.0202079005539417
multi-output Tversky Loss lr 3e-04,Cu,best 10,10,sample_042332,0.9506866931915284,0.9481542110443116,0.9014813303947448,0.0153897162526845
multi-output Tversky Loss lr 3e-04,Cu,worst 10,1,sample_040484,0.4509087800979614,0.628089189529419,0.4800384640693664,0.4005155563354492
multi-output Tversky Loss lr 3e-04,Cu,worst 10,2,sample_043225,0.4642094671726227,0.6479117274284363,0.4810771942138672,0.3752031028270721
multi-output Tversky Loss lr 3e-04,Cu,worst 10,3,sample_040288,0.4709050357341766,0.5536453723907471,0.3885239362716675,0.3435841798782348
multi-output Tversky Loss lr 3e-04,Cu,worst 10,4,sample_037981,0.5757048726081848,0.7756960391998291,0.6501377820968628,0.2233757525682449
multi-output Tversky Loss lr 3e-04,Cu,worst 10,5,sample_043627,0.5768541693687439,0.7415657043457031,0.589422345161438,0.3544265031814575
multi-output Tversky Loss lr 3e-04,Cu,worst 10,6,sample_039993,0.5887122750282288,0.7231541275978088,0.5664634704589844,0.2722343504428863
multi-output Tversky Loss lr 3e-04,Cu,worst 10,7,sample_038308,0.6002510786056519,0.7520619034767151,0.6031204462051392,0.2972528338432312
multi-output Tversky Loss lr 3e-04,Cu,worst 10,8,sample_038471,0.6527239084243774,0.7377725839614868,0.6397773623466492,0.0769485980272293
multi-output Tversky Loss lr 3e-04,Cu,worst 10,9,sample_040031,0.665233850479126,0.8444218635559082,0.7343634963035583,0.2174497097730636
multi-output Tversky Loss lr 3e-04,Cu,worst 10,10,sample_037469,0.6691768169403076,0.7152100801467896,0.5621635913848877,0.1323819160461425
multi-output Tversky Loss lr 3e-04,IN718_twins,best 10,1,sample_051959,0.9922705888748168,0.9971235990524292,0.9942644238471984,0.00904431194067
multi-output Tversky Loss lr 3e-04,IN718_twins,best 10,2,sample_049582,0.9916573762893676,0.997712016105652,0.995434582233429,0.0089919455349445
multi-output Tversky Loss lr 3e-04,IN718_twins,best 10,3,sample_049592,0.9899680614471436,0.9974495768547058,0.9949163198471068,0.01147972792387
multi-output Tversky Loss lr 3e-04,IN718_twins,best 10,4,sample_051591,0.9897042512893676,0.995680034160614,0.9914016127586364,0.0132827395573258
multi-output Tversky Loss lr 3e-04,IN718_twins,best 10,5,sample_050981,0.9892156720161438,0.9959258437156676,0.9918889999389648,0.0125633478164672
multi-output Tversky Loss lr 3e-04,IN718_twins,best 10,6,sample_045574,0.9890832304954528,0.9953055381774902,0.9906662106513976,0.0148723796010017
multi-output Tversky Loss lr 3e-04,IN718_twins,best 10,7,sample_046700,0.9887102842330932,0.9934494495391846,0.9869908094406128,0.0116841169074177
multi-output Tversky Loss lr 3e-04,IN718_twins,best 10,8,sample_045148,0.9885663986206056,0.9958196878433228,0.9916790127754213,0.0152036305516958
multi-output Tversky Loss lr 3e-04,IN718_twins,best 10,9,sample_048727,0.9884597063064576,0.9940205812454224,0.9881133437156676,0.0132455099374055
multi-output Tversky Loss lr 3e-04,IN718_twins,best 10,10,sample_049720,0.9884488582611084,0.9985957145690918,0.997195601463318,0.0151385758072137
multi-output Tversky Loss lr 3e-04,IN718_twins,worst 10,1,sample_045751,0.517230749130249,0.4882140755653381,0.3554562628269195,0.1903789788484573
multi-output Tversky Loss lr 3e-04,IN718_twins,worst 10,2,sample_047919,0.5634884834289551,0.6659083366394043,0.5051900148391724,0.2470992803573608
multi-output Tversky Loss lr 3e-04,IN718_twins,worst 10,3,sample_051856,0.5686001777648926,0.6027032136917114,0.4379240870475769,0.2215317189693451
multi-output Tversky Loss lr 3e-04,IN718_twins,worst 10,4,sample_052391,0.6414411067962646,0.6136782169342041,0.4850523471832275,0.1570702791213989
multi-output Tversky Loss lr 3e-04,IN718_twins,worst 10,5,sample_048725,0.6920838356018066,0.8109346628189087,0.6822651624679565,0.2132555991411209
multi-output Tversky Loss lr 3e-04,IN718_twins,worst 10,6,sample_051171,0.7164442539215088,0.6650352478027344,0.5566112399101257,0.0641157776117324
multi-output Tversky Loss lr 3e-04,IN718_twins,worst 10,7,sample_044738,0.7172834277153015,0.7995733618736267,0.6676219701766968,0.1941544115543365
multi-output Tversky Loss lr 3e-04,IN718_twins,worst 10,8,sample_047869,0.7202733755111694,0.7048629522323608,0.5713309049606323,0.0432990044355392
multi-output Tversky Loss lr 3e-04,IN718_twins,worst 10,9,sample_046582,0.7438673973083496,0.7450342774391174,0.6054317951202393,0.1195253208279609
multi-output Tversky Loss lr 3e-04,IN718_twins,worst 10,10,sample_047462,0.7577908039093018,0.7397176027297974,0.6038727760314941,0.1035452708601951
multi-output Tversky Loss lr 3e-04,Iron,best 10,1,sample_064907,0.9708306193351746,0.9785052537918092,0.9579483866691588,0.018953152000904
multi-output Tversky Loss lr 3e-04,Iron,best 10,2,sample_065638,0.9699587821960448,0.9726935625076294,0.9468430876731871,0.0139612099155783
multi-output Tversky Loss lr 3e-04,Iron,best 10,3,sample_064046,0.9694929122924804,0.9835347533226012,0.9676289558410645,0.0258013978600502
multi-output Tversky Loss lr 3e-04,Iron,best 10,4,sample_064668,0.9690276384353638,0.9729949235916138,0.9474395513534546,0.0130572384223341
multi-output Tversky Loss lr 3e-04,Iron,best 10,5,sample_067355,0.9684072732925416,0.9702790379524232,0.9424569606781006,0.0158766210079193
multi-output Tversky Loss lr 3e-04,Iron,best 10,6,sample_065195,0.9684041738510132,0.9691516160964966,0.9402503371238708,0.011300953105092
multi-output Tversky Loss lr 3e-04,Iron,best 10,7,sample_063598,0.9676946401596068,0.9654539227485656,0.9332391023635864,0.010817103087902
multi-output Tversky Loss lr 3e-04,Iron,best 10,8,sample_065555,0.9665775299072266,0.9671937227249146,0.9368907809257508,0.0091523062437772
multi-output Tversky Loss lr 3e-04,Iron,best 10,9,sample_070535,0.9664382338523864,0.96672123670578,0.936437487602234,0.0086688511073589
multi-output Tversky Loss lr 3e-04,Iron,best 10,10,sample_070996,0.9663488864898682,0.9715654850006104,0.945013463497162,0.0155315995216369
multi-output Tversky Loss lr 3e-04,Iron,worst 10,1,sample_067614,0.3118267953395843,0.3368522524833679,0.2444118708372116,0.0899349302053451
multi-output Tversky Loss lr 3e-04,Iron,worst 10,2,sample_067665,0.4927904307842254,0.4945034682750702,0.4891265034675598,0.014356767758727
multi-output Tversky Loss lr 3e-04,Iron,worst 10,3,sample_068992,0.5193110704421997,0.6107384562492371,0.4897794127464294,0.229275643825531
multi-output Tversky Loss lr 3e-04,Iron,worst 10,4,sample_062506,0.5715894103050232,0.6996484994888306,0.5405119061470032,0.2233676016330719
multi-output Tversky Loss lr 3e-04,Iron,worst 10,5,sample_067900,0.5864557027816772,0.7178683280944824,0.5660003423690796,0.178729623556137
multi-output Tversky Loss lr 3e-04,Iron,worst 10,6,sample_064903,0.5875754952430725,0.6326872110366821,0.5396258234977722,0.1212304159998893
multi-output Tversky Loss lr 3e-04,Iron,worst 10,7,sample_066538,0.595093309879303,0.623106837272644,0.5620025396347046,0.0231546722352504
multi-output Tversky Loss lr 3e-04,Iron,worst 10,8,sample_066301,0.6131108999252319,0.8052793741226196,0.6928790211677551,0.2312322407960891
multi-output Tversky Loss lr 3e-04,Iron,worst 10,9,sample_066140,0.622574508190155,0.7144830822944641,0.6021459102630615,0.1430185735225677
multi-output Tversky Loss lr 3e-04,Iron,worst 10,10,sample_069572,0.6325167417526245,0.7155625820159912,0.6324129104614258,0.0717388689517974
multi-output Tversky Loss lr 3e-04,Iron_deformed,best 10,1,sample_054288,0.9652308225631714,0.9639257192611694,0.9305406212806702,0.011827889829874
multi-output Tversky Loss lr 3e-04,Iron_deformed,best 10,2,sample_060043,0.9643378257751464,0.9670568704605104,0.9362263679504396,0.0086374953389167
multi-output Tversky Loss lr 3e-04,Iron_deformed,best 10,3,sample_053335,0.9603865742683412,0.9669967889785768,0.936108946800232,0.0127883991226553
multi-output Tversky Loss lr 3e-04,Iron_deformed,best 10,4,sample_061758,0.9599429368972778,0.958854079246521,0.9209814071655272,0.0151240434497594
multi-output Tversky Loss lr 3e-04,Iron_deformed,best 10,5,sample_061724,0.9594773054122924,0.967693328857422,0.9374110698699952,0.0223458912223577
multi-output Tversky Loss lr 3e-04,Iron_deformed,best 10,6,sample_057584,0.9591944217681884,0.9664595127105712,0.9351377487182616,0.0123939178884029
multi-output Tversky Loss lr 3e-04,Iron_deformed,best 10,7,sample_061881,0.958562195301056,0.9586941003799438,0.9207302331924438,0.0170554742217063
multi-output Tversky Loss lr 3e-04,Iron_deformed,best 10,8,sample_055971,0.9583903551101683,0.9643458127975464,0.9312108755111694,0.010900205001235
multi-output Tversky Loss lr 3e-04,Iron_deformed,best 10,9,sample_056629,0.9581151008605956,0.9569575190544128,0.917521059513092,0.0149061977863311
multi-output Tversky Loss lr 3e-04,Iron_deformed,best 10,10,sample_054747,0.9576916694641112,0.960914433002472,0.9250192642211914,0.0210843719542026
multi-output Tversky Loss lr 3e-04,Iron_deformed,worst 10,1,sample_057275,0.4462604522705078,0.4782899022102356,0.4583866894245147,0.1293088793754577
multi-output Tversky Loss lr 3e-04,Iron_deformed,worst 10,2,sample_057772,0.4514234364032745,0.4794952571392059,0.4606060683727264,0.1846571564674377
multi-output Tversky Loss lr 3e-04,Iron_deformed,worst 10,3,sample_059722,0.4835259914398193,0.5357116460800171,0.401753157377243,0.1207606866955757
multi-output Tversky Loss lr 3e-04,Iron_deformed,worst 10,4,sample_058199,0.5561220049858093,0.6732821464538574,0.5376100540161133,0.2654816806316376
multi-output Tversky Loss lr 3e-04,Iron_deformed,worst 10,5,sample_062215,0.5856496095657349,0.689100444316864,0.5292638540267944,0.1250112205743789
multi-output Tversky Loss lr 3e-04,Iron_deformed,worst 10,6,sample_053934,0.5972493886947632,0.6941543817520142,0.5316009521484375,0.1299286931753158
multi-output Tversky Loss lr 3e-04,Iron_deformed,worst 10,7,sample_058762,0.6065852046012878,0.6907690167427063,0.5309529900550842,0.1500389277935028
multi-output Tversky Loss lr 3e-04,Iron_deformed,worst 10,8,sample_060839,0.6187023520469666,0.7271958589553833,0.5727089643478394,0.1546213179826736
multi-output Tversky Loss lr 3e-04,Iron_deformed,worst 10,9,sample_061087,0.6208497285842896,0.682237982749939,0.5210862159729004,0.1579285562038421
multi-output Tversky Loss lr 3e-04,Iron_deformed,worst 10,10,sample_061402,0.6771113872528076,0.7644116282463074,0.6436553597450256,0.215669184923172
multi-output Tversky Loss lr 3e-04,Ti7Al,best 10,1,sample_079138,0.9933354258537292,0.9954045414924622,0.990892767906189,0.0032023817766457
multi-output Tversky Loss lr 3e-04,Ti7Al,best 10,2,sample_074943,0.9786396026611328,0.9792598485946656,0.9593626856803894,0.0082621714100241
multi-output Tversky Loss lr 3e-04,Ti7Al,best 10,3,sample_073407,0.9781384468078612,0.9819614887237548,0.9647171497344972,0.0079053901135921
multi-output Tversky Loss lr 3e-04,Ti7Al,best 10,4,sample_076694,0.977460503578186,0.9799773693084716,0.9607466459274292,0.0093059055507183
multi-output Tversky Loss lr 3e-04,Ti7Al,best 10,5,sample_078873,0.9769588708877563,0.9795519709587096,0.9600425958633424,0.007625974714756
multi-output Tversky Loss lr 3e-04,Ti7Al,best 10,6,sample_074378,0.9753657579421996,0.9801411628723145,0.9611871242523192,0.0127099622040987
multi-output Tversky Loss lr 3e-04,Ti7Al,best 10,7,sample_079891,0.9753165245056152,0.9807823300361632,0.9624913930892944,0.0101452954113483
multi-output Tversky Loss lr 3e-04,Ti7Al,best 10,8,sample_079366,0.9750425219535828,0.9777406454086304,0.9565076231956482,0.0075049735605716
multi-output Tversky Loss lr 3e-04,Ti7Al,best 10,9,sample_078172,0.9747398495674132,0.984755277633667,0.969968557357788,0.0094169126823544
multi-output Tversky Loss lr 3e-04,Ti7Al,best 10,10,sample_073240,0.9741626977920532,0.9767560958862304,0.9550317525863647,0.0090676387771964
multi-output Tversky Loss lr 3e-04,Ti7Al,worst 10,1,sample_071488,0.3666441142559051,0.4215812385082245,0.3644256591796875,0.1519841998815536
multi-output Tversky Loss lr 3e-04,Ti7Al,worst 10,2,sample_072087,0.3839582800865173,0.538981020450592,0.4432077705860138,0.2647978961467743
multi-output Tversky Loss lr 3e-04,Ti7Al,worst 10,3,sample_073778,0.4066437184810638,0.3743190765380859,0.2991293668746948,0.0734375491738319
multi-output Tversky Loss lr 3e-04,Ti7Al,worst 10,4,sample_079887,0.4069364368915558,0.4613400101661682,0.4080249965190887,0.2067387402057647
multi-output Tversky Loss lr 3e-04,Ti7Al,worst 10,5,sample_078401,0.4122349917888641,0.4052081704139709,0.3352113664150238,0.0640342235565185
multi-output Tversky Loss lr 3e-04,Ti7Al,worst 10,6,sample_077392,0.4481302201747894,0.4724611341953277,0.4477974772453308,0.1025978177785873
multi-output Tversky Loss lr 3e-04,Ti7Al,worst 10,7,sample_073381,0.4617208838462829,0.4664597809314728,0.4371364712715149,0.0356988832354545
multi-output Tversky Loss lr 3e-04,Ti7Al,worst 10,8,sample_072650,0.4654924571514129,0.4799860715866089,0.4615127146244049,0.0351461581885814
multi-output Tversky Loss lr 3e-04,Ti7Al,worst 10,9,sample_073744,0.4661459922790527,0.4733791053295135,0.3608521223068237,0.0917976573109626
multi-output Tversky Loss lr 3e-04,Ti7Al,worst 10,10,sample_075058,0.4731140434741974,0.4955325126647949,0.4627026617527008,0.0577320158481597
multi-output Tversky Loss lr 5e-05,Al,best 10,1,sample_024693,0.9745937585830688,0.9912724494934082,0.9827029705047609,0.0320399925112724
multi-output Tversky Loss lr 5e-05,Al,best 10,2,sample_024743,0.9735058546066284,0.9894646406173706,0.9791600108146667,0.0282278358936309
multi-output Tversky Loss lr 5e-05,Al,best 10,3,sample_023573,0.9729653000831604,0.989553689956665,0.9793604612350464,0.0310081019997596
multi-output Tversky Loss lr 5e-05,Al,best 10,4,sample_024836,0.972719430923462,0.9900335073471068,0.98029762506485,0.028873011469841
multi-output Tversky Loss lr 5e-05,Al,best 10,5,sample_024827,0.971057951450348,0.9908188581466676,0.9818743467330932,0.0386432334780693
multi-output Tversky Loss lr 5e-05,Al,best 10,6,sample_023066,0.9705499410629272,0.9880911707878112,0.9764724969863892,0.033093262463808
multi-output Tversky Loss lr 5e-05,Al,best 10,7,sample_022285,0.9703121185302734,0.9872491359710692,0.9748247265815736,0.0333914719521999
multi-output Tversky Loss lr 5e-05,Al,best 10,8,sample_022525,0.9697721004486084,0.9846089482307434,0.9698499441146852,0.0236968584358692
multi-output Tversky Loss lr 5e-05,Al,best 10,9,sample_023522,0.9693646430969238,0.98918879032135,0.9786111116409302,0.0303344391286373
multi-output Tversky Loss lr 5e-05,Al,best 10,10,sample_017827,0.9688889980316162,0.9877218008041382,0.9757423400878906,0.0327829755842685
multi-output Tversky Loss lr 5e-05,Al,worst 10,1,sample_025792,0.4715235531330108,0.548927903175354,0.3834646642208099,0.2749618291854858
multi-output Tversky Loss lr 5e-05,Al,worst 10,2,sample_019559,0.4881208539009094,0.4991690814495086,0.498340904712677,0.0224474854767322
multi-output Tversky Loss lr 5e-05,Al,worst 10,3,sample_019472,0.6015251874923706,0.6401640176773071,0.473425805568695,0.1534086167812347
multi-output Tversky Loss lr 5e-05,Al,worst 10,4,sample_018297,0.6055138111114502,0.6496572494506836,0.5875502228736877,0.1001447141170501
multi-output Tversky Loss lr 5e-05,Al,worst 10,5,sample_020966,0.6081064939498901,0.7401587963104248,0.5883474349975586,0.208268940448761
multi-output Tversky Loss lr 5e-05,Al,worst 10,6,sample_019221,0.6605364680290222,0.7163994312286377,0.5702908039093018,0.225995272397995
multi-output Tversky Loss lr 5e-05,Al,worst 10,7,sample_024794,0.6955981850624084,0.7967493534088135,0.7073798179626465,0.0866834595799446
multi-output Tversky Loss lr 5e-05,Al,worst 10,8,sample_026637,0.7164742946624756,0.7556419968605042,0.6123678684234619,0.2200445532798767
multi-output Tversky Loss lr 5e-05,Al,worst 10,9,sample_021871,0.7424187660217285,0.8390650749206543,0.7301919460296631,0.1907635480165481
multi-output Tversky Loss lr 5e-05,Al,worst 10,10,sample_025384,0.749822199344635,0.7953174114227295,0.6967984437942505,0.0279249101877212
multi-output Tversky Loss lr 5e-05,Al_big_grains,best 10,1,sample_008710,0.9879474639892578,0.9968322515487672,0.993704319000244,0.0126325879245996
multi-output Tversky Loss lr 5e-05,Al_big_grains,best 10,2,sample_003532,0.969475030899048,0.9879034757614136,0.9761256575584412,0.0297512561082839
multi-output Tversky Loss lr 5e-05,Al_big_grains,best 10,3,sample_006744,0.9692875742912292,0.9825218915939332,0.9656909704208374,0.0216317158192396
multi-output Tversky Loss lr 5e-05,Al_big_grains,best 10,4,sample_000116,0.9689602851867676,0.9852946996688844,0.9710755348205566,0.0254500731825828
multi-output Tversky Loss lr 5e-05,Al_big_grains,best 10,5,sample_000082,0.9680709838867188,0.9813456535339355,0.9633797407150269,0.0253264941275119
multi-output Tversky Loss lr 5e-05,Al_big_grains,best 10,6,sample_005931,0.9668100476264954,0.9811420440673828,0.9630759954452516,0.0245996844023466
multi-output Tversky Loss lr 5e-05,Al_big_grains,best 10,7,sample_002788,0.9667195677757264,0.9802310466766356,0.9613312482833862,0.019246719777584
multi-output Tversky Loss lr 5e-05,Al_big_grains,best 10,8,sample_000240,0.9661290645599364,0.980892777442932,0.9625219106674194,0.0283914469182491
multi-output Tversky Loss lr 5e-05,Al_big_grains,best 10,9,sample_002782,0.9649807214736938,0.9806509017944336,0.9620479941368104,0.0253023225814104
multi-output Tversky Loss lr 5e-05,Al_big_grains,best 10,10,sample_003657,0.9649295210838318,0.9892393350601196,0.97874253988266,0.0308552086353302
multi-output Tversky Loss lr 5e-05,Al_big_grains,worst 10,1,sample_003958,0.4752432703971863,0.4807916283607483,0.463004469871521,0.0648089349269867
multi-output Tversky Loss lr 5e-05,Al_big_grains,worst 10,2,sample_001810,0.4851026535034179,0.4958914816379547,0.4918498992919922,0.0597471967339515
multi-output Tversky Loss lr 5e-05,Al_big_grains,worst 10,3,sample_000445,0.4869210422039032,0.4958006739616394,0.4916713237762451,0.085414133965969
multi-output Tversky Loss lr 5e-05,Al_big_grains,worst 10,4,sample_008090,0.4997393488883972,0.674318790435791,0.5097966194152832,0.2130814343690872
multi-output Tversky Loss lr 5e-05,Al_big_grains,worst 10,5,sample_001159,0.5598396062850952,0.714276909828186,0.5744883418083191,0.2358377575874328
multi-output Tversky Loss lr 5e-05,Al_big_grains,worst 10,6,sample_007870,0.586613655090332,0.5182151794433594,0.3590791821479797,0.0780803933739662
multi-output Tversky Loss lr 5e-05,Al_big_grains,worst 10,7,sample_005000,0.5978119373321533,0.6342278122901917,0.5520132184028625,0.0249216593801975
multi-output Tversky Loss lr 5e-05,Al_big_grains,worst 10,8,sample_005946,0.605739414691925,0.7490428686141968,0.6088703870773315,0.1908961087465286
multi-output Tversky Loss lr 5e-05,Al_big_grains,worst 10,9,sample_003894,0.606049120426178,0.6677156686782837,0.5856256484985352,0.0740968286991119
multi-output Tversky Loss lr 5e-05,Al_big_grains,worst 10,10,sample_007853,0.6225721836090088,0.7218663692474365,0.5865678787231445,0.1568915545940399
multi-output Tversky Loss lr 5e-05,Al_deformed_LoG,best 10,1,sample_017173,0.959391474723816,0.9713528156280518,0.9443012475967408,0.019188892096281
multi-output Tversky Loss lr 5e-05,Al_deformed_LoG,best 10,2,sample_014924,0.9569005966186525,0.9698494672775269,0.9414834976196288,0.0196190103888511
multi-output Tversky Loss lr 5e-05,Al_deformed_LoG,best 10,3,sample_009474,0.9568625688552856,0.970629334449768,0.943118929862976,0.0286819599568843
multi-output Tversky Loss lr 5e-05,Al_deformed_LoG,best 10,4,sample_014442,0.9566068053245544,0.9643354415893556,0.9316169023513794,0.0176661703735589
multi-output Tversky Loss lr 5e-05,Al_deformed_LoG,best 10,5,sample_013481,0.9527473449707032,0.9634160995483398,0.9298299551010132,0.0213362798094749
multi-output Tversky Loss lr 5e-05,Al_deformed_LoG,best 10,6,sample_009417,0.9526419639587402,0.9679620265960692,0.937968611717224,0.0218239463865757
multi-output Tversky Loss lr 5e-05,Al_deformed_LoG,best 10,7,sample_010755,0.9521631598472596,0.9681034088134766,0.9385612607002258,0.0217819884419441
multi-output Tversky Loss lr 5e-05,Al_deformed_LoG,best 10,8,sample_017010,0.9521257281303406,0.9624029397964478,0.9281420111656188,0.0186024997383356
multi-output Tversky Loss lr 5e-05,Al_deformed_LoG,best 10,9,sample_010650,0.9509327411651612,0.9731693863868712,0.9477532505989076,0.0248143188655376
multi-output Tversky Loss lr 5e-05,Al_deformed_LoG,best 10,10,sample_014355,0.9508841037750244,0.956473469734192,0.9172730445861816,0.0185280758887529
multi-output Tversky Loss lr 5e-05,Al_deformed_LoG,worst 10,1,sample_009695,0.6362438797950745,0.6968203783035278,0.5482079982757568,0.2126945704221725
multi-output Tversky Loss lr 5e-05,Al_deformed_LoG,worst 10,2,sample_009215,0.6815300583839417,0.733229398727417,0.5984147787094116,0.1636469960212707
multi-output Tversky Loss lr 5e-05,Al_deformed_LoG,worst 10,3,sample_010082,0.7116503715515137,0.8378616571426392,0.7211251854896545,0.1862660944461822
multi-output Tversky Loss lr 5e-05,Al_deformed_LoG,worst 10,4,sample_012855,0.7290277481079102,0.8095625638961792,0.6848942041397095,0.1269545257091522
multi-output Tversky Loss lr 5e-05,Al_deformed_LoG,worst 10,5,sample_009530,0.7624633312225342,0.8187414407730103,0.6931372880935669,0.1129188984632492
multi-output Tversky Loss lr 5e-05,Al_deformed_LoG,worst 10,6,sample_012373,0.7706843614578247,0.7708860635757446,0.6274539232254028,0.0545182004570961
multi-output Tversky Loss lr 5e-05,Al_deformed_LoG,worst 10,7,sample_015996,0.7757788896560669,0.8283380270004272,0.7070571184158325,0.1063242852687835
multi-output Tversky Loss lr 5e-05,Al_deformed_LoG,worst 10,8,sample_013941,0.7799674272537231,0.8526039123535156,0.7444548606872559,0.1083556413650512
multi-output Tversky Loss lr 5e-05,Al_deformed_LoG,worst 10,9,sample_010066,0.7819584608078003,0.8660093545913696,0.7637003660202026,0.1425264477729797
multi-output Tversky Loss lr 5e-05,Al_deformed_LoG,worst 10,10,sample_013211,0.7863761186599731,0.8078309297561646,0.6856377124786377,0.0996992290019989
multi-output Tversky Loss lr 5e-05,Al_small_grains,best 10,1,sample_030055,0.9656538367271424,0.979179620742798,0.959387183189392,0.0325577333569526
multi-output Tversky Loss lr 5e-05,Al_small_grains,best 10,2,sample_035302,0.9527552127838136,0.9690432548522948,0.9402456879615784,0.0395779535174369
multi-output Tversky Loss lr 5e-05,Al_small_grains,best 10,3,sample_032968,0.9497948288917542,0.954563558101654,0.9136745929718018,0.0295159425586462
multi-output Tversky Loss lr 5e-05,Al_small_grains,best 10,4,sample_031478,0.9484689831733704,0.9703381657600404,0.9425301551818848,0.0487397238612175
multi-output Tversky Loss lr 5e-05,Al_small_grains,best 10,5,sample_032887,0.9473155736923218,0.965744137763977,0.9339559674263,0.0387325249612331
multi-output Tversky Loss lr 5e-05,Al_small_grains,best 10,6,sample_029008,0.947101891040802,0.963410496711731,0.929678440093994,0.0349475219845771
multi-output Tversky Loss lr 5e-05,Al_small_grains,best 10,7,sample_029807,0.9459229707717896,0.9579254388809204,0.9192609786987304,0.0358826220035553
multi-output Tversky Loss lr 5e-05,Al_small_grains,best 10,8,sample_029423,0.9436466097831726,0.9546853303909302,0.9133228063583374,0.0323513336479663
multi-output Tversky Loss lr 5e-05,Al_small_grains,best 10,9,sample_029808,0.9433985352516174,0.9578052163124084,0.9194648861885072,0.0394925326108932
multi-output Tversky Loss lr 5e-05,Al_small_grains,best 10,10,sample_028153,0.9429019689559937,0.9505379796028136,0.9061010479927064,0.0349030680954456
multi-output Tversky Loss lr 5e-05,Al_small_grains,worst 10,1,sample_030707,0.3693060874938965,0.4091435074806213,0.3462291955947876,0.2139687538146972
multi-output Tversky Loss lr 5e-05,Al_small_grains,worst 10,2,sample_034131,0.6228548884391785,0.6955744624137878,0.5826421976089478,0.2080341875553131
multi-output Tversky Loss lr 5e-05,Al_small_grains,worst 10,3,sample_028382,0.6601850390434265,0.7041062712669373,0.5625554323196411,0.0851622074842453
multi-output Tversky Loss lr 5e-05,Al_small_grains,worst 10,4,sample_029777,0.6962732672691345,0.8065886497497559,0.7031920552253723,0.0483330935239791
multi-output Tversky Loss lr 5e-05,Al_small_grains,worst 10,5,sample_027792,0.7088651657104492,0.8223082423210144,0.7103203535079956,0.0442434102296829
multi-output Tversky Loss lr 5e-05,Al_small_grains,worst 10,6,sample_029227,0.7292165756225586,0.7738815546035767,0.6314895749092102,0.119204357266426
multi-output Tversky Loss lr 5e-05,Al_small_grains,worst 10,7,sample_033929,0.7345424890518188,0.8581510186195374,0.7671557664871216,0.0438839271664619
multi-output Tversky Loss lr 5e-05,Al_small_grains,worst 10,8,sample_034563,0.7361195087432861,0.744003176689148,0.6236056089401245,0.0558154061436653
multi-output Tversky Loss lr 5e-05,Al_small_grains,worst 10,9,sample_032231,0.7595042586326599,0.8140683770179749,0.7113841772079468,0.0610327310860157
multi-output Tversky Loss lr 5e-05,Al_small_grains,worst 10,10,sample_033236,0.7705606818199158,0.7859886884689331,0.6819506287574768,0.0353424027562141
multi-output Tversky Loss lr 5e-05,Cu,best 10,1,sample_037001,0.9417616128921508,0.9437857270240784,0.8944100737571716,0.0193461570888757
multi-output Tversky Loss lr 5e-05,Cu,best 10,2,sample_042391,0.94151371717453,0.9503690004348756,0.9055504202842712,0.0326203927397728
multi-output Tversky Loss lr 5e-05,Cu,best 10,3,sample_043667,0.939525544643402,0.9498330950737,0.9046376943588256,0.0397104024887084
multi-output Tversky Loss lr 5e-05,Cu,best 10,4,sample_040988,0.9337689280509948,0.9381722807884216,0.8835972547531128,0.0282471254467964
multi-output Tversky Loss lr 5e-05,Cu,best 10,5,sample_035664,0.9277985095977784,0.9397396445274352,0.8866679072380066,0.0494810119271278
multi-output Tversky Loss lr 5e-05,Cu,best 10,6,sample_041849,0.9267066717147828,0.93405282497406,0.8778361082077026,0.040217325091362
multi-output Tversky Loss lr 5e-05,Cu,best 10,7,sample_043783,0.9263726472854614,0.9352816343307496,0.8784534931182861,0.0380801334977149
multi-output Tversky Loss lr 5e-05,Cu,best 10,8,sample_040279,0.9226932525634766,0.926582932472229,0.8632478713989258,0.0327742844820022
multi-output Tversky Loss lr 5e-05,Cu,best 10,9,sample_041561,0.9217566847801208,0.9204331636428832,0.8549594283103943,0.01849608682096
multi-output Tversky Loss lr 5e-05,Cu,best 10,10,sample_042561,0.9213459491729736,0.9348840713500975,0.8777382373809814,0.0438711754977703
multi-output Tversky Loss lr 5e-05,Cu,worst 10,1,sample_043225,0.474091500043869,0.6352359056472778,0.4657796621322632,0.351861834526062
multi-output Tversky Loss lr 5e-05,Cu,worst 10,2,sample_037718,0.5403152704238892,0.6620591878890991,0.5045932531356812,0.2097550630569458
multi-output Tversky Loss lr 5e-05,Cu,worst 10,3,sample_038471,0.6013729572296143,0.6347610950469971,0.5534892082214355,0.073686197400093
multi-output Tversky Loss lr 5e-05,Cu,worst 10,4,sample_039659,0.647786021232605,0.7828506827354431,0.6446115970611572,0.2372967302799224
multi-output Tversky Loss lr 5e-05,Cu,worst 10,5,sample_042943,0.6559270620346069,0.7502280473709106,0.6279207468032837,0.0628538951277732
multi-output Tversky Loss lr 5e-05,Cu,worst 10,6,sample_043738,0.6566982269287109,0.7722286581993103,0.6423311233520508,0.116921916604042
multi-output Tversky Loss lr 5e-05,Cu,worst 10,7,sample_038245,0.6699895858764648,0.7211382389068604,0.5698602795600891,0.0626144558191299
multi-output Tversky Loss lr 5e-05,Cu,worst 10,8,sample_038728,0.6708780527114868,0.7955117225646973,0.6608456373214722,0.1161352843046188
multi-output Tversky Loss lr 5e-05,Cu,worst 10,9,sample_037578,0.6832804679870605,0.7101845741271973,0.5883837938308716,0.0639837682247161
multi-output Tversky Loss lr 5e-05,Cu,worst 10,10,sample_044348,0.6875985860824585,0.7487460970878601,0.5987725257873535,0.1738910675048828
multi-output Tversky Loss lr 5e-05,IN718_twins,best 10,1,sample_049582,0.9804742336273192,0.997422993183136,0.9948596358299256,0.0262668244540691
multi-output Tversky Loss lr 5e-05,IN718_twins,best 10,2,sample_049932,0.979271411895752,0.9957477450370787,0.9915322065353394,0.0287542510777711
multi-output Tversky Loss lr 5e-05,IN718_twins,best 10,3,sample_051959,0.9775904417037964,0.9966505169868468,0.993323802947998,0.0324283353984355
multi-output Tversky Loss lr 5e-05,IN718_twins,best 10,4,sample_047139,0.9774720668792723,0.9969373941421508,0.9938960075378418,0.0359896533191204
multi-output Tversky Loss lr 5e-05,IN718_twins,best 10,5,sample_052976,0.976828932762146,0.9948940277099608,0.9898403882980348,0.0312034171074628
multi-output Tversky Loss lr 5e-05,IN718_twins,best 10,6,sample_049592,0.9762284755706788,0.9968010187149048,0.9936237931251526,0.0320738777518272
multi-output Tversky Loss lr 5e-05,IN718_twins,best 10,7,sample_049536,0.9762278199195862,0.9933384656906128,0.9867663383483888,0.0330255590379238
multi-output Tversky Loss lr 5e-05,IN718_twins,best 10,8,sample_049720,0.9761090278625488,0.9984765648841858,0.9969589710235596,0.0329986400902271
multi-output Tversky Loss lr 5e-05,IN718_twins,best 10,9,sample_052981,0.9754462242126464,0.9925523996353148,0.9852240681648254,0.0311800092458724
multi-output Tversky Loss lr 5e-05,IN718_twins,best 10,10,sample_048052,0.9753690958023072,0.9948596954345704,0.9897735118865968,0.0295583754777908
multi-output Tversky Loss lr 5e-05,IN718_twins,worst 10,1,sample_048954,0.4602226018905639,0.5071631073951721,0.3402702212333679,0.3247276544570923
multi-output Tversky Loss lr 5e-05,IN718_twins,worst 10,2,sample_050981,0.5564841628074646,0.63258957862854,0.4661571383476257,0.2950448393821716
multi-output Tversky Loss lr 5e-05,IN718_twins,worst 10,3,sample_051295,0.5757981538772583,0.6805281639099121,0.5212121605873108,0.2933651208877563
multi-output Tversky Loss lr 5e-05,IN718_twins,worst 10,4,sample_046552,0.6133453845977783,0.7296026945114136,0.5744386911392212,0.2267265319824218
multi-output Tversky Loss lr 5e-05,IN718_twins,worst 10,5,sample_047723,0.6432297229766846,0.7253669500350952,0.5691828727722168,0.2571984827518463
multi-output Tversky Loss lr 5e-05,IN718_twins,worst 10,6,sample_047328,0.6863821744918823,0.7424823641777039,0.5909126996994019,0.2538094520568847
multi-output Tversky Loss lr 5e-05,IN718_twins,worst 10,7,sample_045389,0.709086000919342,0.7790380716323853,0.6380639672279358,0.1356172561645507
multi-output Tversky Loss lr 5e-05,IN718_twins,worst 10,8,sample_044658,0.7184609770774841,0.7929450273513794,0.657724142074585,0.189596801996231
multi-output Tversky Loss lr 5e-05,IN718_twins,worst 10,9,sample_049351,0.7517626881599426,0.8253328800201416,0.7060070037841797,0.0998669117689132
multi-output Tversky Loss lr 5e-05,IN718_twins,worst 10,10,sample_050450,0.7562827467918396,0.8032559752464294,0.6784216165542603,0.145793080329895
multi-output Tversky Loss lr 5e-05,Iron,best 10,1,sample_064568,0.9548996686935424,0.9738707542419434,0.9490875601768494,0.0260295309126377
multi-output Tversky Loss lr 5e-05,Iron,best 10,2,sample_064907,0.949653148651123,0.9646494388580322,0.9319143295288086,0.0345224440097808
multi-output Tversky Loss lr 5e-05,Iron,best 10,3,sample_070535,0.9496394395828248,0.9609549045562744,0.9252727031707764,0.0211366228759288
multi-output Tversky Loss lr 5e-05,Iron,best 10,4,sample_063855,0.9492045640945436,0.9768105745315552,0.9546809196472168,0.0343478061258792
multi-output Tversky Loss lr 5e-05,Iron,best 10,5,sample_064046,0.9484918117523192,0.9611918926239014,0.9252835512161256,0.032937191426754
multi-output Tversky Loss lr 5e-05,Iron,best 10,6,sample_064309,0.945670485496521,0.9597848653793336,0.9227041006088256,0.0364609286189079
multi-output Tversky Loss lr 5e-05,Iron,best 10,7,sample_066685,0.9456191062927246,0.9595941305160522,0.9228016138076782,0.0240620095282793
multi-output Tversky Loss lr 5e-05,Iron,best 10,8,sample_065731,0.9455612897872924,0.960757613182068,0.9245882034301758,0.0320565365254879
multi-output Tversky Loss lr 5e-05,Iron,best 10,9,sample_067355,0.9447118639945984,0.9571977853775024,0.9179528951644896,0.0370038151741027
multi-output Tversky Loss lr 5e-05,Iron,best 10,10,sample_069933,0.944649338722229,0.9589555263519288,0.9212433099746704,0.0345377251505851
multi-output Tversky Loss lr 5e-05,Iron,worst 10,1,sample_062268,0.4012372493743896,0.4561816453933716,0.3451168239116668,0.0873703956604003
multi-output Tversky Loss lr 5e-05,Iron,worst 10,2,sample_062506,0.5010177493095398,0.5935860276222229,0.4495192170143127,0.199563443660736
multi-output Tversky Loss lr 5e-05,Iron,worst 10,3,sample_065920,0.5369642376899719,0.603009819984436,0.4610137939453125,0.2267383784055709
multi-output Tversky Loss lr 5e-05,Iron,worst 10,4,sample_064307,0.5601181387901306,0.5890167951583862,0.4452864527702331,0.164796769618988
multi-output Tversky Loss lr 5e-05,Iron,worst 10,5,sample_066538,0.5704088807106018,0.6517422795295715,0.5736470222473145,0.0831874459981918
multi-output Tversky Loss lr 5e-05,Iron,worst 10,6,sample_066140,0.5966212749481201,0.67519611120224,0.567150890827179,0.1412599384784698
multi-output Tversky Loss lr 5e-05,Iron,worst 10,7,sample_066301,0.6017922163009644,0.7893960475921631,0.6720978617668152,0.2332848608493805
multi-output Tversky Loss lr 5e-05,Iron,worst 10,8,sample_068992,0.6110707521438599,0.701764702796936,0.5616480112075806,0.1982035338878631
multi-output Tversky Loss lr 5e-05,Iron,worst 10,9,sample_063826,0.6158182621002197,0.7836660146713257,0.6445999145507812,0.1811512410640716
multi-output Tversky Loss lr 5e-05,Iron,worst 10,10,sample_064010,0.6440376043319702,0.7846609354019165,0.647225022315979,0.1398007273674011
multi-output Tversky Loss lr 5e-05,Iron_deformed,best 10,1,sample_054288,0.9489316344261168,0.9597579836845398,0.9226314425468444,0.0286530070006847
multi-output Tversky Loss lr 5e-05,Iron_deformed,best 10,2,sample_057439,0.9438775181770324,0.954651951789856,0.9135564565658568,0.0274964720010757
multi-output Tversky Loss lr 5e-05,Iron_deformed,best 10,3,sample_060043,0.9434304237365724,0.9487858414649964,0.90261971950531,0.0183979421854019
multi-output Tversky Loss lr 5e-05,Iron_deformed,best 10,4,sample_053335,0.9433286786079408,0.9542886018753052,0.9125850200653076,0.0257870927453041
multi-output Tversky Loss lr 5e-05,Iron_deformed,best 10,5,sample_061724,0.9426334500312804,0.9605721831321716,0.9241424798965454,0.037146933376789
multi-output Tversky Loss lr 5e-05,Iron_deformed,best 10,6,sample_061881,0.9418421983718872,0.9541940689086914,0.9126620888710022,0.0353081598877906
multi-output Tversky Loss lr 5e-05,Iron_deformed,best 10,7,sample_056577,0.9406629800796508,0.9480931758880616,0.9022870063781738,0.0158961825072765
multi-output Tversky Loss lr 5e-05,Iron_deformed,best 10,8,sample_060126,0.9401761889457704,0.9449877738952636,0.8962100744247437,0.0217622183263301
multi-output Tversky Loss lr 5e-05,Iron_deformed,best 10,9,sample_054747,0.939394235610962,0.9518630504608154,0.9082247018814088,0.0380910485982894
multi-output Tversky Loss lr 5e-05,Iron_deformed,best 10,10,sample_062042,0.9392771124839784,0.9483085870742798,0.9020986557006836,0.0280019119381904
multi-output Tversky Loss lr 5e-05,Iron_deformed,worst 10,1,sample_057275,0.4142243564128876,0.4379200637340545,0.3895531892776489,0.1330085098743438
multi-output Tversky Loss lr 5e-05,Iron_deformed,worst 10,2,sample_054505,0.4499862194061279,0.4742156565189361,0.4509602189064026,0.162866786122322
multi-output Tversky Loss lr 5e-05,Iron_deformed,worst 10,3,sample_057772,0.4521781802177429,0.4749367237091064,0.4522661566734314,0.1790089905261993
multi-output Tversky Loss lr 5e-05,Iron_deformed,worst 10,4,sample_059722,0.5709232687950134,0.6290712356567383,0.5238006114959717,0.1022550389170646
multi-output Tversky Loss lr 5e-05,Iron_deformed,worst 10,5,sample_058762,0.6083152890205383,0.637137770652771,0.4766397476196289,0.1224739849567413
multi-output Tversky Loss lr 5e-05,Iron_deformed,worst 10,6,sample_057050,0.6085840463638306,0.7394028902053833,0.5980357527732849,0.2559515535831451
multi-output Tversky Loss lr 5e-05,Iron_deformed,worst 10,7,sample_058305,0.653390645980835,0.7263479232788086,0.5718730688095093,0.23292276263237
multi-output Tversky Loss lr 5e-05,Iron_deformed,worst 10,8,sample_061561,0.6537019610404968,0.6739135980606079,0.5119730830192566,0.1168209016323089
multi-output Tversky Loss lr 5e-05,Iron_deformed,worst 10,9,sample_054487,0.662139356136322,0.7454806566238403,0.5967551469802856,0.1480562686920166
multi-output Tversky Loss lr 5e-05,Iron_deformed,worst 10,10,sample_061725,0.6735060214996338,0.7284775972366333,0.5729179382324219,0.1538706868886947
multi-output Tversky Loss lr 5e-05,Ti7Al,best 10,1,sample_079891,0.9599206447601318,0.9737667441368104,0.9491722583770752,0.0201750844717025
multi-output Tversky Loss lr 5e-05,Ti7Al,best 10,2,sample_074212,0.9590110182762146,0.967338502407074,0.9369149208068848,0.0208114124834537
multi-output Tversky Loss lr 5e-05,Ti7Al,best 10,3,sample_075665,0.9583225846290588,0.9665608406066896,0.9355698227882384,0.0127256233245134
multi-output Tversky Loss lr 5e-05,Ti7Al,best 10,4,sample_079366,0.957816243171692,0.9663740396499634,0.9349359273910522,0.0166747402399778
multi-output Tversky Loss lr 5e-05,Ti7Al,best 10,5,sample_079443,0.9571168422698976,0.968375325202942,0.93911874294281,0.0133087132126092
multi-output Tversky Loss lr 5e-05,Ti7Al,best 10,6,sample_071760,0.956835389137268,0.9706045985221864,0.9430429935455322,0.0194997936487197
multi-output Tversky Loss lr 5e-05,Ti7Al,best 10,7,sample_073407,0.9565452933311462,0.9675912857055664,0.9377626180648804,0.0184117741882801
multi-output Tversky Loss lr 5e-05,Ti7Al,best 10,8,sample_073860,0.9554002285003662,0.9639922380447388,0.9305161237716676,0.0226307921111583
multi-output Tversky Loss lr 5e-05,Ti7Al,best 10,9,sample_076694,0.95496928691864,0.966960072517395,0.9360337257385254,0.0242617726325988
multi-output Tversky Loss lr 5e-05,Ti7Al,best 10,10,sample_078873,0.954413890838623,0.9607557654380798,0.924931526184082,0.0190767105668783
multi-output Tversky Loss lr 5e-05,Ti7Al,worst 10,1,sample_079887,0.4008423686027527,0.4439163506031036,0.3991453051567077,0.2005230039358139
multi-output Tversky Loss lr 5e-05,Ti7Al,worst 10,2,sample_075917,0.4529021382331848,0.5238937735557556,0.4296666383743286,0.1146684437990188
multi-output Tversky Loss lr 5e-05,Ti7Al,worst 10,3,sample_072650,0.4701182246208191,0.4769538938999176,0.4559386968612671,0.0272258147597312
multi-output Tversky Loss lr 5e-05,Ti7Al,worst 10,4,sample_078217,0.4757215976715088,0.4822905361652374,0.4657926559448242,0.0390242114663124
multi-output Tversky Loss lr 5e-05,Ti7Al,worst 10,5,sample_073381,0.4817444682121277,0.4900559782981872,0.4804997742176056,0.0318695679306983
multi-output Tversky Loss lr 5e-05,Ti7Al,worst 10,6,sample_073857,0.482487678527832,0.4907860159873962,0.481905460357666,0.0491188913583755
multi-output Tversky Loss lr 5e-05,Ti7Al,worst 10,7,sample_071989,0.4876547753810882,0.5472940802574158,0.4534627795219421,0.1755378097295761
multi-output Tversky Loss lr 5e-05,Ti7Al,worst 10,8,sample_077026,0.497845709323883,0.6449538469314575,0.4759708642959595,0.1975331455469131
multi-output Tversky Loss lr 5e-05,Ti7Al,worst 10,9,sample_071941,0.4999837279319763,0.5338566899299622,0.3947484493255615,0.1318243592977523
multi-output Tversky Loss lr 5e-05,Ti7Al,worst 10,10,sample_074514,0.5391804575920105,0.6319128274917603,0.4714508652687073,0.0976890325546264
