model,donor_key,n,dice_mean,iou_mean,rmse_mean,soft_intensity_dice_mean,soft_intensity_dice_whole_mean,spot_recognition_mean,spot_recognition_p10
final_20260804-224906_augmented_spots_train_e200_b20_lr0.0002_s1,?|Al_big_grains_logtif.h5|3374|8318|263911,3,0.669200082619985,0.5529528260231018,0.16925052801767984,0.712755153576533,0.619531253973643,0.749974767367045,0.6393468618392945
final_20260804-224906_augmented_spots_train_e200_b20_lr0.0002_s1,?|Al_big_grains_logtif.h5|4892|4892|155871,3,0.6612589160601298,0.5584254165490469,0.10158863477408886,0.7906298041343689,0.5885361830393473,0.7798351844151815,0.6436264991760254
final_20260804-224906_augmented_spots_train_e200_b20_lr0.0002_s1,?|Al_big_grains_logtif.h5|4651|4651|149684,3,0.6073377827803293,0.5645720660686493,0.0449951741223534,0.7846511602401733,0.6011153856913248,0.7811713020006815,0.7438665986061096
final_20260804-224906_augmented_spots_train_e200_b20_lr0.0002_s1,?|Al_big_grains_logtif.h5|2458|7406|230259,4,0.7337140142917633,0.6195978969335556,0.15281203854829073,0.7307981848716736,0.6814469918608665,0.7904509902000427,0.7286324739456177
final_20260804-224906_augmented_spots_train_e200_b20_lr0.0002_s1,?|Al_big_grains_logtif.h5|559|559|14939,3,0.7062036196390787,0.608912189801534,0.09256353105107944,0.750359058380127,0.7191189328829447,0.8068200349807739,0.7191810965538025
final_20260804-224906_augmented_spots_train_e200_b20_lr0.0002_s1,?|Ti7Al_logtif.h5|260|1241|483410,10,0.7352402299642563,0.6312403231859207,0.11596333906054497,0.7436532616615296,0.723992845416069,0.8096384406089783,0.6426552414894104
final_20260804-224906_augmented_spots_train_e200_b20_lr0.0002_s1,?|Al_big_grains_logtif.h5|3974|8917|285228,3,0.76548104484876,0.7146759629249573,0.13719984330236912,0.7892360985279083,0.7295777002970377,0.8141405979792277,0.6124281764030457
final_20260804-224906_augmented_spots_train_e200_b20_lr0.0002_s1,?|Iron_logtif.h5|1861|1861|161656,4,0.7475861385464668,0.6626177430152893,0.11875191004946828,0.7044147774577141,0.6473165340721607,0.8144171386957169,0.6482116401195526
final_20260804-224906_augmented_spots_train_e200_b20_lr0.0002_s1,?|Cu_logtif.h5|18447|18447|1946064,3,0.78805011510849,0.6755205591519674,0.15065752466519675,0.8112953106562296,0.7182344595591227,0.8186962803204855,0.7620398521423339
final_20260804-224906_augmented_spots_train_e200_b20_lr0.0002_s1,?|Al_big_grains_logtif.h5|23|4967|158031,4,0.7748509794473648,0.658775120973587,0.12941388692706823,0.827953889966011,0.697589211165905,0.822718545794487,0.7437017560005188
final_20260804-224906_augmented_spots_train_e200_b20_lr0.0002_s1,?|Al_big_grains_logtif.h5|4781|4781|152781,4,0.7769056111574173,0.6955510005354881,0.1272429134696722,0.8225582093000412,0.736311286687851,0.8248313516378403,0.6747122645378113
final_20260804-224906_augmented_spots_train_e200_b20_lr0.0002_s1,?|Cu_logtif.h5|1539|21405|2284063,3,0.8056771556536356,0.6886839866638184,0.1539310378332933,0.7841902375221252,0.7496348222096761,0.825873076915741,0.7561307191848755
final_20260804-224906_augmented_spots_train_e200_b20_lr0.0002_s1,?|Cu_logtif.h5|12938|32805|3450956,3,0.7780365943908691,0.6853431463241577,0.1252200628320376,0.8405888080596924,0.8077749907970428,0.8264082471529642,0.656587553024292
final_20260804-224906_augmented_spots_train_e200_b20_lr0.0002_s1,?|Ti7Al_logtif.h5|68|1050|409114,10,0.792308795452118,0.6843725353479385,0.13766151033341884,0.8093793779611588,0.7464514404535294,0.8273236274719238,0.7643491685390472
final_20260804-224906_augmented_spots_train_e200_b20_lr0.0002_s1,?|Ti7Al_logtif.h5|445|1426|584877,16,0.7477765660732985,0.6522551868110895,0.08988819585647434,0.8281873669475317,0.7350572720170021,0.8289441876113415,0.6913875639438629
final_20260804-224906_augmented_spots_train_e200_b20_lr0.0002_s1,?|Al_big_grains_logtif.h5|25|25|1517,4,0.7285967767238617,0.6251970753073692,0.06828106427565217,0.7573108524084091,0.7414011061191559,0.8301578611135483,0.7497618973255158
final_20260804-224906_augmented_spots_train_e200_b20_lr0.0002_s1,?|Cu_logtif.h5|15239|15239|1592057,4,0.8014785051345825,0.712398886680603,0.14099648036062717,0.82960344851017,0.8024556115269661,0.83024100959301,0.6711646676063537
final_20260804-224906_augmented_spots_train_e200_b20_lr0.0002_s1,?|Al_big_grains_logtif.h5|2160|2160|64621,4,0.7765898406505585,0.695737674832344,0.11124059092253447,0.784498393535614,0.7224358022212982,0.8326746225357056,0.7492212891578675
final_20260804-224906_augmented_spots_train_e200_b20_lr0.0002_s1,?|Al_big_grains_logtif.h5|2502|2502|75955,3,0.7387831012407938,0.6534090141455332,0.07124851395686467,0.8260106245676676,0.8205113013585409,0.8337672750155131,0.7272862076759339
final_20260804-224906_augmented_spots_train_e200_b20_lr0.0002_s1,?|Al_big_grains_logtif.h5|4692|4692|150536,3,0.7144088844458262,0.6438397765159607,0.04384679036835829,0.7821265955766042,0.7669433156649271,0.8352810541788737,0.7577534437179565
final_20260804-224906_augmented_spots_train_e200_b20_lr0.0002_s1,?|Al_big_grains_logtif.h5|986|5930|183579,3,0.7667044202486674,0.6562543511390686,0.0955504272133112,0.8311551610628763,0.6455790996551514,0.8355770309766134,0.725676703453064
final_20260804-224906_augmented_spots_train_e200_b20_lr0.0002_s1,?|Ti7Al_logtif.h5|158|158|51900,15,0.7840555151303609,0.6839238603909811,0.1106531210243702,0.7787126123905181,0.7453285068273544,0.8367011944452921,0.6786477565765381
final_20260804-224906_augmented_spots_train_e200_b20_lr0.0002_s1,?|Ti7Al_logtif.h5|793|1775|724568,10,0.7928300738334656,0.681896984577179,0.11876744851469993,0.8024209290742874,0.7798478156328201,0.8370313048362732,0.7490881145000458
final_20260804-224906_augmented_spots_train_e200_b20_lr0.0002_s1,?|Ti7Al_logtif.h5|12|993|389251,7,0.7583376680101667,0.7100065350532532,0.0833070996616568,0.7805416200842176,0.7715572076184409,0.8375152860369001,0.679583215713501
final_20260804-224906_augmented_spots_train_e200_b20_lr0.0002_s1,?|Al_big_grains_logtif.h5|3495|3495|112051,4,0.7791391760110855,0.6959634348750114,0.10336039401590824,0.7951291352510452,0.7505405098199844,0.8378893882036209,0.732022613286972
final_20260804-224906_augmented_spots_train_e200_b20_lr0.0002_s1,?|Iron_logtif.h5|1256|1256|110941,3,0.7799605329831442,0.6866789758205414,0.10309557368357976,0.8379152019818624,0.8296288251876831,0.8384324709574381,0.7356473684310914
final_20260804-224906_augmented_spots_train_e200_b20_lr0.0002_s1,?|Iron_logtif.h5|6168|13862|1228733,3,0.8390204906463623,0.7406074206034342,0.1570506046215693,0.8070323467254639,0.7693940798441569,0.8409849405288696,0.7964357614517212
final_20260804-224906_augmented_spots_train_e200_b20_lr0.0002_s1,?|Al_big_grains_logtif.h5|256|256|8296,3,0.7414279778798422,0.6337994734446207,0.05662331605950991,0.7861084540685018,0.7697325746218363,0.8424023389816284,0.8142685055732727
final_20260804-224906_augmented_spots_train_e200_b20_lr0.0002_s1,?|Cu_logtif.h5|17078|36946|3924593,4,0.8616439998149872,0.7636070847511292,0.17573530040681362,0.8780803829431534,0.8774511516094208,0.8429543673992157,0.7576313614845276
final_20260804-224906_augmented_spots_train_e200_b20_lr0.0002_s1,?|Al_big_grains_logtif.h5|4455|4455|143506,4,0.7186759412288666,0.6950106248259544,0.031992610078305006,0.7385816350579262,0.7323978841304779,0.843341663479805,0.7227289915084839
final_20260804-224906_augmented_spots_train_e200_b20_lr0.0002_s1,?|Iron_logtif.h5|2219|2219|190640,3,0.8140868345896403,0.7093202471733093,0.12610671545068422,0.8431934316953024,0.817875603834788,0.8439900676409403,0.7256245613098145
final_20260804-224906_augmented_spots_train_e200_b20_lr0.0002_s1,?|Al_big_grains_logtif.h5|999|5941|184171,3,0.7352916399637858,0.66671089331309,0.0470812035103639,0.804950475692749,0.7874275942643484,0.8441052039464315,0.7531619548797608
final_20260804-224906_augmented_spots_train_e200_b20_lr0.0002_s1,?|Iron_logtif.h5|5429|5429|460373,3,0.7849705815315247,0.7016026775042216,0.09670794506867726,0.8235242565472921,0.8082629839579264,0.8441313107808431,0.7333316802978516
final_20260804-224906_augmented_spots_train_e200_b20_lr0.0002_s1,?|Al_big_grains_logtif.h5|4814|9756|309621,3,0.7779992818832397,0.6900651653607687,0.08793436860044797,0.8666079839070638,0.840995172659556,0.8450324535369873,0.7732570886611938
final_20260804-224906_augmented_spots_train_e200_b20_lr0.0002_s1,?|Iron_logtif.h5|5403|5403|458492,3,0.7647082209587097,0.6622666915257772,0.0744960109392802,0.780122439066569,0.766911526521047,0.8451061050097147,0.7987109303474427
final_20260804-224906_augmented_spots_train_e200_b20_lr0.0002_s1,?|Al_big_grains_logtif.h5|1058|6002|185948,3,0.8014499743779501,0.7114457388718923,0.10906402332087357,0.7983594934145609,0.6884902517000834,0.8461929758389791,0.7063820481300354
final_20260804-224906_augmented_spots_train_e200_b20_lr0.0002_s1,?|Cu_logtif.h5|2686|22548|2409555,3,0.8360917369524637,0.7240884105364481,0.14331417779127756,0.8671852151552836,0.863782008488973,0.8463887770970663,0.8106717228889465
final_20260804-224906_augmented_spots_train_e200_b20_lr0.0002_s1,?|Al_big_grains_logtif.h5|2819|7764|244162,3,0.7451153993606567,0.6600425442059835,0.052126288414001465,0.891136646270752,0.8899076382319132,0.8464945554733276,0.7880581974983215
final_20260804-224906_augmented_spots_train_e200_b20_lr0.0002_s1,?|Ti7Al_logtif.h5|158|1140|440972,9,0.7776941524611579,0.6698656479517618,0.08362074320514996,0.8874518540170457,0.8296748333507113,0.847036706076728,0.6949236869812012
final_20260804-224906_augmented_spots_train_e200_b20_lr0.0002_s1,?|Iron_logtif.h5|5602|13301|1174516,3,0.7676664491494497,0.7139933407306671,0.07188388456900914,0.8097484111785889,0.8089836736520132,0.8478912909825643,0.7132758378982544
final_20260804-224906_augmented_spots_train_e200_b20_lr0.0002_s1,?|Al_big_grains_logtif.h5|4431|9375|298927,3,0.7398995955785116,0.6818216840426127,0.04286956383536259,0.70694300532341,0.6842762132485708,0.8485150337219238,0.7619048595428467
final_20260804-224906_augmented_spots_train_e200_b20_lr0.0002_s1,?|Al_big_grains_logtif.h5|2994|7940|250421,4,0.7734019383788109,0.6976485773921013,0.07539007510058582,0.7586026638746262,0.746974878013134,0.8490059226751328,0.7111173510551453
final_20260804-224906_augmented_spots_train_e200_b20_lr0.0002_s1,?|Iron_logtif.h5|7138|7138|638867,3,0.7904542287190756,0.6993016103903452,0.09179507568478584,0.9051168163617452,0.8930273850758871,0.8493295709292094,0.7239487409591675
final_20260804-224906_augmented_spots_train_e200_b20_lr0.0002_s1,?|Ti7Al_logtif.h5|260|260|96087,8,0.8221240043640137,0.7277813889086246,0.1210712343454361,0.8375859260559082,0.7858966961503029,0.8505263850092888,0.7443919003009796
final_20260804-224906_augmented_spots_train_e200_b20_lr0.0002_s1,?|Iron_logtif.h5|1918|1918|164888,3,0.7916041811307272,0.7541224757830302,0.09039720706641674,0.8136732280254364,0.8103062212467194,0.8506034811337789,0.6930413484573364
final_20260804-224906_augmented_spots_train_e200_b20_lr0.0002_s1,?|Iron_logtif.h5|7085|14782|1325387,3,0.8228866259256998,0.717016339302063,0.12151082356770833,0.8768955667813619,0.8667632937431335,0.8506879210472107,0.770115852355957
final_20260804-224906_augmented_spots_train_e200_b20_lr0.0002_s1,?|Cu_logtif.h5|19744|39614|4218475,3,0.8152511715888977,0.7058173616727194,0.11257223784923553,0.9204659859339396,0.8914215366045634,0.8513394594192505,0.8011899828910828
final_20260804-224906_augmented_spots_train_e200_b20_lr0.0002_s1,?|Ti7Al_logtif.h5|275|275|106015,9,0.8062939047813416,0.7193914155165354,0.09800751962595516,0.8225791951020559,0.8111462295055389,0.8541431956821017,0.7487378597259522
final_20260804-224906_augmented_spots_train_e200_b20_lr0.0002_s1,?|Iron_deformed_logtif.h5|214|494|2134055,41,0.8286204846893869,0.7283448598733763,0.11983397425856532,0.8945812234064427,0.8574431640345875,0.8543932466972165,0.7610410451889038
final_20260804-224906_augmented_spots_train_e200_b20_lr0.0002_s1,?|Al_big_grains_logtif.h5|1364|6304|195062,4,0.7992918938398361,0.7439449056982994,0.08986816834658384,0.8181445524096489,0.7909537181258202,0.8547118604183197,0.7489844381809234
final_20260804-224906_augmented_spots_train_e200_b20_lr0.0002_s1,?|Al_big_grains_logtif.h5|364|5307|166898,4,0.8031811118125916,0.7179055362939835,0.09313403628766537,0.8619752675294876,0.8364290595054626,0.8550235331058502,0.7587170779705048
final_20260804-224906_augmented_spots_train_e200_b20_lr0.0002_s1,?|Iron_logtif.h5|2397|2397|204321,4,0.8192619830369949,0.7165396064519882,0.10900915693491697,0.9359583705663681,0.8606635928153992,0.8551264107227325,0.7498273193836212
final_20260804-224906_augmented_spots_train_e200_b20_lr0.0002_s1,?|Al_big_grains_logtif.h5|1491|1491|42816,3,0.7493930260340372,0.6429630319277445,0.038838098446528115,0.6816433866818746,0.662211020787557,0.855277438958486,0.7983362436294555
final_20260804-224906_augmented_spots_train_e200_b20_lr0.0002_s1,?|Al_big_grains_logtif.h5|3331|8275|262539,5,0.7494422972202301,0.678655070066452,0.038834157213568685,0.8565512657165527,0.7529731750488281,0.8553040504455567,0.7479001760482789
final_20260804-224906_augmented_spots_train_e200_b20_lr0.0002_s1,?|Ti7Al_logtif.h5|597|597|266522,11,0.7618391893126748,0.7047694352540103,0.050416985018686813,0.7455070994117043,0.7234688347036188,0.8557110916484486,0.7353460788726807
final_20260804-224906_augmented_spots_train_e200_b20_lr0.0002_s1,?|Al_big_grains_logtif.h5|786|786|20657,4,0.781855508685112,0.7012069150805473,0.07042390364222229,0.8320603594183922,0.8134714365005493,0.8557157963514328,0.7111624836921692
final_20260804-224906_augmented_spots_train_e200_b20_lr0.0002_s1,?|Ti7Al_logtif.h5|22|22|5579,11,0.7906559299338948,0.7062199495055459,0.07783810117027977,0.7637948448007758,0.7491957165978171,0.8564089211550626,0.7744088172912598
final_20260804-224906_augmented_spots_train_e200_b20_lr0.0002_s1,?|Iron_logtif.h5|4136|4136|347011,3,0.807168185710907,0.7066617409388224,0.09409581869840622,0.7703301111857096,0.7201292117436727,0.8565361897150675,0.8045238733291626
final_20260804-224906_augmented_spots_train_e200_b20_lr0.0002_s1,?|Ti7Al_logtif.h5|394|394|149367,8,0.8049879595637321,0.7167164608836174,0.08966941805556417,0.9018316194415092,0.8528808951377869,0.8576592728495598,0.672550493478775
final_20260804-224906_augmented_spots_train_e200_b20_lr0.0002_s1,?|Ti7Al_logtif.h5|909|909|361770,12,0.7742822170257568,0.6928185199697813,0.058895856995756425,0.8327521036068598,0.7681582098205885,0.8576931754748026,0.7122464060783387
final_20260804-224906_augmented_spots_train_e200_b20_lr0.0002_s1,?|Cu_logtif.h5|14063|14063|1441157,3,0.8193249106407166,0.7167162497838339,0.10364486525456111,0.9454753796259562,0.9027224183082581,0.8578400413195292,0.7553674101829528
final_20260804-224906_augmented_spots_train_e200_b20_lr0.0002_s1,?|Ti7Al_logtif.h5|186|1168|450583,16,0.8239093236625195,0.7236240711063147,0.10784687742125243,0.8729721494019032,0.8526664935052395,0.8580312207341194,0.7356778979301453
final_20260804-224906_augmented_spots_train_e200_b20_lr0.0002_s1,?|Ti7Al_logtif.h5|256|256|95775,9,0.8067825304137336,0.6969935562875536,0.08979649634824859,0.8523634208573235,0.8455848164028592,0.8584930035803053,0.7934525966644287
final_20260804-224906_augmented_spots_train_e200_b20_lr0.0002_s1,?|Ti7Al_logtif.h5|810|1791|732134,12,0.8015163640181223,0.7221121887365977,0.0840789934930702,0.8162369901935259,0.8033087700605392,0.8587186833222707,0.7372703433036805
final_20260804-224906_augmented_spots_train_e200_b20_lr0.0002_s1,?|Ti7Al_logtif.h5|490|490|222560,11,0.814270859414881,0.7167484191330996,0.09663130546158011,0.8294670283794403,0.7858386121012948,0.8588197773153131,0.7134480476379395
final_20260804-224906_augmented_spots_train_e200_b20_lr0.0002_s1,?|Ti7Al_logtif.h5|292|1274|495815,10,0.8316847622394562,0.7311939418315887,0.11390652479603887,0.8413042008876801,0.8042329251766205,0.8588891208171845,0.777892017364502
final_20260804-224906_augmented_spots_train_e200_b20_lr0.0002_s1,?|Al_big_grains_logtif.h5|692|5638|174054,3,0.7548137307167053,0.7020558019479116,0.03671078570187092,0.8176162342230479,0.8109578788280487,0.8590514858563741,0.7707674860954284
final_20260804-224906_augmented_spots_train_e200_b20_lr0.0002_s1,?|Iron_logtif.h5|918|8613|776151,5,0.8036577522754669,0.7167296171188354,0.08490877822041512,0.847293758392334,0.729016575217247,0.8593744993209839,0.7029530048370362
final_20260804-224906_augmented_spots_train_e200_b20_lr0.0002_s1,?|Al_big_grains_logtif.h5|400|5345|167665,3,0.8211651643117269,0.733826071023941,0.10122915295263131,0.8885411421457926,0.7788996497790018,0.8599680066108704,0.7171461820602417
final_20260804-224906_augmented_spots_train_e200_b20_lr0.0002_s1,?|Ti7Al_logtif.h5|833|1815|742324,7,0.8235369750431606,0.7332135694367545,0.10318266813244138,0.893461789403643,0.8174530863761902,0.8601771678243365,0.7957793235778808
final_20260804-224906_augmented_spots_train_e200_b20_lr0.0002_s1,?|Al_big_grains_logtif.h5|2477|2477|75061,5,0.808923065662384,0.7322503566741944,0.0869336724281311,0.8290971279144287,0.7730415165424347,0.8609947085380554,0.7556613445281982
final_20260804-224906_augmented_spots_train_e200_b20_lr0.0002_s1,?|Al_big_grains_logtif.h5|3659|3659|118443,4,0.775677502155304,0.7372126951813698,0.05311707640066743,0.7368498593568802,0.7353946343064308,0.8612802028656006,0.7636776566505432
final_20260804-224906_augmented_spots_train_e200_b20_lr0.0002_s1,?|Iron_logtif.h5|5928|5928|508545,3,0.8221455216407776,0.7229426105817159,0.09860954185326894,0.9226034681002299,0.8747502565383911,0.8617680072784424,0.7475212574005127
final_20260804-224906_augmented_spots_train_e200_b20_lr0.0002_s1,?|Al_big_grains_logtif.h5|4148|9094|290826,4,0.7934589684009552,0.7475033402442932,0.06903198710642755,0.7861914560198784,0.784074105322361,0.8622134923934937,0.7627137660980224
final_20260804-224906_augmented_spots_train_e200_b20_lr0.0002_s1,?|Ti7Al_logtif.h5|747|747|319977,11,0.8075198910453103,0.7129966101863168,0.08296336860141972,0.8541103357618506,0.8206089518286965,0.8622782663865523,0.7565468549728394
final_20260804-224906_augmented_spots_train_e200_b20_lr0.0002_s1,?|Iron_logtif.h5|4269|4269|356753,4,0.8626121133565903,0.7657694518566132,0.13799905963242054,0.8902131766080856,0.8779058307409286,0.862306535243988,0.8009210824966431
final_20260804-224906_augmented_spots_train_e200_b20_lr0.0002_s1,?|Al_big_grains_logtif.h5|2249|2249|67633,3,0.7456549803415934,0.6590198973814646,0.02090950341274341,0.7747774918874105,0.7400250633557638,0.8623727361361185,0.7872541189193726
final_20260804-224906_augmented_spots_train_e200_b20_lr0.0002_s1,?|Iron_logtif.h5|1661|1661|145590,3,0.8199227253595988,0.7251482009887695,0.0949855347474416,0.8919108510017395,0.8224790493647257,0.8624686201413473,0.750932514667511
final_20260804-224906_augmented_spots_train_e200_b20_lr0.0002_s1,?|Al_big_grains_logtif.h5|3703|3703|120362,3,0.8290632764498392,0.735716720422109,0.10266552492976189,0.7551436225573221,0.7423262993494669,0.8631988763809204,0.824664044380188
final_20260804-224906_augmented_spots_train_e200_b20_lr0.0002_s1,?|Al_big_grains_logtif.h5|406|5351|167892,5,0.8168066382408142,0.7224966406822204,0.08983684014528989,0.8613922834396363,0.8162880420684815,0.8634849071502686,0.7536044836044311
final_20260804-224906_augmented_spots_train_e200_b20_lr0.0002_s1,?|Iron_logtif.h5|2215|2215|190238,3,0.7743456959724426,0.6998509565989176,0.04655712408324083,0.821354885896047,0.8128606279691061,0.8638942837715149,0.7573195219039917
final_20260804-224906_augmented_spots_train_e200_b20_lr0.0002_s1,?|Iron_logtif.h5|1014|1014|90685,3,0.8533979654312134,0.7610976497332255,0.12554809947808585,0.9135007659594218,0.8909797668457031,0.8639249404271444,0.7582350373268127
final_20260804-224906_augmented_spots_train_e200_b20_lr0.0002_s1,?|Ti7Al_logtif.h5|199|1181|455854,14,0.8217725711209434,0.7219178889478955,0.0936069084065301,0.840444803237915,0.760704042656081,0.864082817520414,0.785534781217575
final_20260804-224906_augmented_spots_train_e200_b20_lr0.0002_s1,?|Iron_logtif.h5|4670|12364|1084991,3,0.8154036204020182,0.7143623232841492,0.08657415832082431,0.9136425654093424,0.8433387676874796,0.8644147515296936,0.7488998889923095
final_20260804-224906_augmented_spots_train_e200_b20_lr0.0002_s1,?|Ti7Al_logtif.h5|778|778|324959,15,0.8283307333787282,0.7430578231811523,0.09688726601501306,0.851612796386083,0.8163513461748759,0.8657217423121134,0.7048238635063172
final_20260804-224906_augmented_spots_train_e200_b20_lr0.0002_s1,?|Ti7Al_logtif.h5|159|1141|441135,15,0.8176670054594676,0.724591479698817,0.08617888266841571,0.839399520556132,0.8225521763165792,0.8657440622647603,0.7288565635681152
final_20260804-224906_augmented_spots_train_e200_b20_lr0.0002_s1,?|Al_big_grains_logtif.h5|1241|6187|190931,3,0.8305363655090332,0.7470904390017191,0.09904114374270041,0.8219447135925293,0.8194226026535034,0.8657476305961609,0.7885958194732666
final_20260804-224906_augmented_spots_train_e200_b20_lr0.0002_s1,?|Iron_logtif.h5|5270|12968|1145179,3,0.7968210180600485,0.7103027900060018,0.0651402451718847,0.8086198568344116,0.7977112332979838,0.8658403754234314,0.7985021114349365
final_20260804-224906_augmented_spots_train_e200_b20_lr0.0002_s1,?|Cu_logtif.h5|10776|30634|3239013,3,0.8478098710378011,0.7414766550064087,0.11608382562796275,0.9451040426890055,0.9385421673456827,0.8658630053202311,0.8130403876304626
final_20260804-224906_augmented_spots_train_e200_b20_lr0.0002_s1,?|Ti7Al_logtif.h5|971|1953|785801,8,0.8220092542469501,0.7374766990542412,0.09027734445407987,0.8596150726079941,0.8340179100632668,0.8658659607172012,0.7267414629459381
final_20260804-224906_augmented_spots_train_e200_b20_lr0.0002_s1,?|Ti7Al_logtif.h5|249|1231|481382,10,0.814186155796051,0.7266190201044083,0.0816776837222278,0.8208475410938263,0.8000768750905991,0.8662542402744293,0.7372120797634125
final_20260804-224906_augmented_spots_train_e200_b20_lr0.0002_s1,?|Al_big_grains_logtif.h5|3142|8086|256306,6,0.8087955117225647,0.6916041572888693,0.07623670343309641,0.8631076216697693,0.8445931077003479,0.8662794133027395,0.8431594967842102
final_20260804-224906_augmented_spots_train_e200_b20_lr0.0002_s1,?|Al_big_grains_logtif.h5|721|721|18765,3,0.8269708951314291,0.7496199508508047,0.09412766993045807,0.838464617729187,0.8276147246360779,0.866421620051066,0.7439093112945556
final_20260804-224906_augmented_spots_train_e200_b20_lr0.0002_s1,?|Cu_logtif.h5|10888|10888|1117844,3,0.8493393262227377,0.7579634586970011,0.11566786716381709,0.9110305507977804,0.861784021059672,0.8668357332547506,0.7667940616607666
final_20260804-224906_augmented_spots_train_e200_b20_lr0.0002_s1,?|Iron_logtif.h5|5972|5972|512519,3,0.8190598090489706,0.7094871401786804,0.08447917178273201,0.8777835766474406,0.8493008613586426,0.8672903378804525,0.8088065147399902
final_20260804-224906_augmented_spots_train_e200_b20_lr0.0002_s1,?|Al_big_grains_logtif.h5|2991|2991|94851,4,0.8296371102333069,0.7620527297258377,0.09445980098098516,0.7942870557308197,0.7741208598017693,0.8675886541604996,0.7468157410621643
final_20260804-224906_augmented_spots_train_e200_b20_lr0.0002_s1,?|Ti7Al_logtif.h5|909|1891|755510,10,0.8045809090137481,0.7211759805679321,0.06934767235070467,0.7990893661975861,0.7881177514791489,0.867616605758667,0.7779111325740814
final_20260804-224906_augmented_spots_train_e200_b20_lr0.0002_s1,?|Al_big_grains_logtif.h5|4571|4571|146770,5,0.8355527102947236,0.7833804488182068,0.09998430386185646,0.8714315712451934,0.8348840117454529,0.8677841901779175,0.6942369103431701
final_20260804-224906_augmented_spots_train_e200_b20_lr0.0002_s1,?|Al_big_grains_logtif.h5|2261|7206|223574,3,0.7598135272661845,0.7101697623729706,0.024012005577484768,0.7478528221448263,0.7219676276048025,0.8679007291793823,0.776875638961792
final_20260804-224906_augmented_spots_train_e200_b20_lr0.0002_s1,?|Ti7Al_logtif.h5|216|216|77351,17,0.819496799917782,0.7419735175721786,0.08296323786763583,0.8490291833877563,0.8346835760509267,0.8682667718214148,0.7030495166778564
final_20260804-224906_augmented_spots_train_e200_b20_lr0.0002_s1,?|Ti7Al_logtif.h5|355|355|132829,15,0.8277222116788229,0.7385898451010386,0.09098144521315893,0.860208261013031,0.8342700163523357,0.8683703819910685,0.7330122947692871
final_20260804-224906_augmented_spots_train_e200_b20_lr0.0002_s1,?|Ti7Al_logtif.h5|664|664|291468,8,0.8459820598363876,0.7570178806781769,0.10906243196222931,0.8134480752050877,0.7842361610382795,0.8684598207473755,0.7119613587856293
final_20260804-224906_augmented_spots_train_e200_b20_lr0.0002_s1,?|Al_big_grains_logtif.h5|4417|9362|298681,3,0.833677073319753,0.7454972068468729,0.0958945279320081,0.8598734935124716,0.8483742872873942,0.8688912789026896,0.7983650803565979
final_20260804-224906_augmented_spots_train_e200_b20_lr0.0002_s1,?|Al_big_grains_logtif.h5|1894|1894|55904,3,0.7609167297681173,0.7119233210881551,0.02294896108408769,0.8004219631354014,0.7801371514797211,0.8689838846524557,0.7681788086891175
final_20260804-224906_augmented_spots_train_e200_b20_lr0.0002_s1,?|Cu_logtif.h5|732|732|72039,3,0.8322293361028036,0.7372327844301859,0.09342126920819283,0.8678996562957764,0.8462669849395752,0.8694040377934774,0.7784623146057129
final_20260804-224906_augmented_spots_train_e200_b20_lr0.0002_s1,?|Iron_deformed_logtif.h5|244|524|2333645,28,0.828464541052069,0.7331639847585133,0.08881700484614287,0.8968474226338523,0.8591415264776775,0.8698237644774574,0.7626800894737243
final_20260804-224906_augmented_spots_train_e200_b20_lr0.0002_s1,?|Iron_logtif.h5|6389|6389|555424,3,0.799705445766449,0.7166775564352671,0.060055810337265335,0.8436014652252197,0.8371717929840088,0.8698248068491617,0.7715046882629395
final_20260804-224906_augmented_spots_train_e200_b20_lr0.0002_s1,?|Cu_logtif.h5|9213|9213|957292,3,0.8409156401952108,0.741415003935496,0.10106763616204262,0.9202531377474467,0.8991815646489462,0.869924008846283,0.7835137605667114
final_20260804-224906_augmented_spots_train_e200_b20_lr0.0002_s1,?|Ti7Al_logtif.h5|906|1888|753278,11,0.8219307633963499,0.7460088350556113,0.08198599534278567,0.8245158547704871,0.8089213804765181,0.8699723861434243,0.7311855554580688
final_20260804-224906_augmented_spots_train_e200_b20_lr0.0002_s1,?|Iron_logtif.h5|2407|10107|899414,4,0.8206951916217804,0.7381662130355835,0.08040204388089478,0.8587154597043991,0.8487788885831833,0.8701465874910355,0.7388633906841278
final_20260804-224906_augmented_spots_train_e200_b20_lr0.0002_s1,?|Ti7Al_logtif.h5|165|1147|441532,11,0.8319729458202015,0.7560941062190316,0.09167028387839143,0.8477231074463237,0.8225280805067583,0.87015131928704,0.7116764783859253
final_20260804-224906_augmented_spots_train_e200_b20_lr0.0002_s1,?|Al_big_grains_logtif.h5|2165|7107|220297,3,0.8083011706670126,0.7254174947738647,0.06792766973376274,0.8213321367899576,0.8211759130160013,0.8701867659886678,0.7962632417678833
final_20260804-224906_augmented_spots_train_e200_b20_lr0.0002_s1,?|Ti7Al_logtif.h5|797|797|333737,16,0.8209789134562016,0.7279261294752359,0.08019186760066077,0.877566009759903,0.8289504554122686,0.870393518358469,0.7244698107242584
final_20260804-224906_augmented_spots_train_e200_b20_lr0.0002_s1,?|Iron_logtif.h5|1391|1391|120598,3,0.8133668899536133,0.7394609451293945,0.07252803196509679,0.8201216657956442,0.8165542085965475,0.870419422785441,0.803106689453125
final_20260804-224906_augmented_spots_train_e200_b20_lr0.0002_s1,?|Iron_logtif.h5|2785|10481|931271,4,0.8230234086513519,0.7325163930654526,0.08164632879197598,0.8505123406648636,0.7202331647276878,0.8706885725259781,0.761311161518097
final_20260804-224906_augmented_spots_train_e200_b20_lr0.0002_s1,?|Iron_logtif.h5|2907|10604|941733,4,0.8444539159536362,0.7618015855550766,0.10260023269802332,0.9503414928913116,0.9196195751428604,0.8709268420934677,0.8086015164852143
final_20260804-224906_augmented_spots_train_e200_b20_lr0.0002_s1,?|Al_big_grains_logtif.h5|658|658|17375,4,0.8123312890529633,0.748781144618988,0.0697995419614017,0.8641362264752388,0.8248333558440208,0.8712658733129501,0.715209424495697
final_20260804-224906_augmented_spots_train_e200_b20_lr0.0002_s1,?|Iron_logtif.h5|4072|11768|1037464,4,0.8099949806928635,0.7109641581773758,0.06669429410248995,0.9350226521492004,0.8326770961284637,0.8716503381729126,0.7918377578258514
final_20260804-224906_augmented_spots_train_e200_b20_lr0.0002_s1,?|Ti7Al_logtif.h5|920|1902|761367,12,0.7900521184007326,0.7172723238666853,0.046559924725443125,0.8894090677301089,0.8594639152288437,0.871746098001798,0.6682559788227082
final_20260804-224906_augmented_spots_train_e200_b20_lr0.0002_s1,?|Al_big_grains_logtif.h5|1291|6238|192654,3,0.7731055617332458,0.7263276278972626,0.029195092618465424,0.8104180494944254,0.8043454984823862,0.8719552357991537,0.7724602699279786
final_20260804-224906_augmented_spots_train_e200_b20_lr0.0002_s1,?|Iron_logtif.h5|4195|11895|1046955,3,0.8280677398045858,0.7437556783358256,0.08331803232431412,0.8332530657450358,0.8181720574696859,0.8723748524983724,0.8142247080802918
final_20260804-224906_augmented_spots_train_e200_b20_lr0.0002_s1,?|Cu_logtif.h5|13681|33547|3535534,3,0.8482153614362081,0.744358499844869,0.10267490893602371,0.9529562989870707,0.94284454981486,0.8727702299753824,0.8140922784805298
final_20260804-224906_augmented_spots_train_e200_b20_lr0.0002_s1,?|Ti7Al_logtif.h5|837|837|349078,9,0.7753774490621355,0.7080248494942983,0.029644843604829576,0.8497694730758667,0.8183982802761925,0.8728662994172838,0.7483505964279175
final_20260804-224906_augmented_spots_train_e200_b20_lr0.0002_s1,?|Iron_logtif.h5|7320|15016|1353503,3,0.8159048954645792,0.7231950759887695,0.07003071283300717,0.9602439204851786,0.9198487599690756,0.8729371031125387,0.8331732034683228
final_20260804-224906_augmented_spots_train_e200_b20_lr0.0002_s1,?|Ti7Al_logtif.h5|399|399|151464,10,0.827851939201355,0.7544660240411758,0.08176752626895904,0.8603038758039474,0.8539425641298294,0.8730422019958496,0.756308251619339
final_20260804-224906_augmented_spots_train_e200_b20_lr0.0002_s1,?|Al_big_grains_logtif.h5|936|5881|181716,5,0.7903732717037201,0.7305343389511109,0.04399077966809273,0.8636207759380341,0.8615937173366547,0.8731912493705749,0.73765070438385
final_20260804-224906_augmented_spots_train_e200_b20_lr0.0002_s1,?|Ti7Al_logtif.h5|159|159|52204,8,0.8312531188130379,0.7586254887282848,0.0844404746312648,0.8227291107177734,0.7944688685238361,0.8734063282608986,0.6929356157779694
final_20260804-224906_augmented_spots_train_e200_b20_lr0.0002_s1,?|Iron_logtif.h5|4308|12005|1055612,4,0.8010929822921753,0.7496452182531357,0.053828747011721134,0.8321761637926102,0.8083280920982361,0.8736321032047272,0.7693428695201874
final_20260804-224906_augmented_spots_train_e200_b20_lr0.0002_s1,?|Ti7Al_logtif.h5|208|1190|464025,8,0.8137015625834465,0.7356845587491989,0.06633640802465379,0.9102133437991142,0.8473222330212593,0.8736825734376907,0.7470925509929657
final_20260804-224906_augmented_spots_train_e200_b20_lr0.0002_s1,?|Al_big_grains_logtif.h5|4058|9002|287834,3,0.8241604566574097,0.7315131227175394,0.07635704055428505,0.9146542946497599,0.8634912768999735,0.8739016850789388,0.766133189201355
final_20260804-224906_augmented_spots_train_e200_b20_lr0.0002_s1,?|Ti7Al_logtif.h5|838|1820|742750,14,0.7853623713765826,0.7372219626392637,0.03680412025590028,0.7684903421572277,0.7553311309644154,0.8742791201387133,0.739207124710083
final_20260804-224906_augmented_spots_train_e200_b20_lr0.0002_s1,?|Ti7Al_logtif.h5|240|240|85923,13,0.7966286287857935,0.7146936861368326,0.04788334832455103,0.8471905566178836,0.7752827130831205,0.8743726381888757,0.7734736919403076
final_20260804-224906_augmented_spots_train_e200_b20_lr0.0002_s1,?|Al_big_grains_logtif.h5|3659|8604|274124,5,0.7731611013412476,0.7173536479473114,0.024366766586899756,0.8086757898330689,0.8078144311904907,0.8743971586227417,0.7826748847961426
final_20260804-224906_augmented_spots_train_e200_b20_lr0.0002_s1,?|Ti7Al_logtif.h5|61|61|18544,8,0.8412873968482018,0.7481688410043716,0.09229791420511901,0.873554490506649,0.8513327054679394,0.8744947612285614,0.8072948217391968
final_20260804-224906_augmented_spots_train_e200_b20_lr0.0002_s1,?|Cu_logtif.h5|7605|27468|2944354,3,0.8690439065297445,0.7732745409011841,0.12000633279482524,0.9439415136973063,0.9375048677126566,0.8745187918345133,0.8164746046066285
final_20260804-224906_augmented_spots_train_e200_b20_lr0.0002_s1,?|Al_big_grains_logtif.h5|4258|4258|138539,4,0.7776709496974945,0.7139956206083298,0.028457955457270145,0.853784367442131,0.8492472246289253,0.8746064752340317,0.7781851708889007
final_20260804-224906_augmented_spots_train_e200_b20_lr0.0002_s1,?|Al_big_grains_logtif.h5|952|952|25574,3,0.8568440675735474,0.7843492229779562,0.10733768902719021,0.8613683978716532,0.846867044766744,0.8747532169024149,0.744672977924347
final_20260804-224906_augmented_spots_train_e200_b20_lr0.0002_s1,?|Ti7Al_logtif.h5|536|536|243630,7,0.8066754426274981,0.7389436321599143,0.0565249789506197,0.8401382991245815,0.8044181636401585,0.875075238091605,0.7786655426025391
final_20260804-224906_augmented_spots_train_e200_b20_lr0.0002_s1,?|Al_big_grains_logtif.h5|158|158|5869,3,0.8203092217445374,0.7893030842145284,0.07005512279768784,0.8401574293772379,0.8282444576422373,0.8751270373662313,0.7348536491394043
final_20260804-224906_augmented_spots_train_e200_b20_lr0.0002_s1,?|Ti7Al_logtif.h5|778|1760|717774,8,0.8293593376874924,0.7181339412927628,0.07865036930888891,0.9204217493534088,0.8934495374560356,0.8753544688224792,0.8292071282863617
final_20260804-224906_augmented_spots_train_e200_b20_lr0.0002_s1,?|Ti7Al_logtif.h5|768|1751|717152,11,0.8456984920935198,0.7547897533936934,0.09483329105106267,0.8990668871185996,0.8791745901107788,0.8754326050931757,0.7867324352264404
final_20260804-224906_augmented_spots_train_e200_b20_lr0.0002_s1,?|Al_big_grains_logtif.h5|1845|6787|209964,3,0.885010818640391,0.8001022934913635,0.13386901219685873,0.8365452885627747,0.7929744919141134,0.8755708932876587,0.8236935377120972
final_20260804-224906_augmented_spots_train_e200_b20_lr0.0002_s1,?|Al_big_grains_logtif.h5|3544|8489|270253,3,0.8284381031990051,0.7546812693277994,0.0772234695032239,0.8478759527206421,0.8438403209050497,0.8756073117256165,0.7640267968177795
final_20260804-224906_augmented_spots_train_e200_b20_lr0.0002_s1,?|Iron_logtif.h5|426|426|37557,3,0.7936408519744873,0.7586099902788798,0.04233483845988909,0.8277265826861063,0.8274490634600321,0.8756530086199442,0.759650456905365
final_20260804-224906_augmented_spots_train_e200_b20_lr0.0002_s1,?|Cu_logtif.h5|3028|3028|307297,3,0.8222583929697672,0.7250747084617615,0.07086346670985222,0.9404799938201904,0.8881261348724365,0.8756974736849467,0.7899377226829529
final_20260804-224906_augmented_spots_train_e200_b20_lr0.0002_s1,?|Ti7Al_logtif.h5|258|258|95971,12,0.8137830992539724,0.7410573487480482,0.06194006845665475,0.8541134744882584,0.8314529856046041,0.8759215275446574,0.7589140057563781
final_20260804-224906_augmented_spots_train_e200_b20_lr0.0002_s1,?|Al_big_grains_logtif.h5|3736|3736|120818,6,0.8160516321659088,0.7304331113894781,0.06398395216092467,0.887953907251358,0.826164960861206,0.8760338524977366,0.7739690244197845
final_20260804-224906_augmented_spots_train_e200_b20_lr0.0002_s1,?|Al_big_grains_logtif.h5|1887|6831|211175,3,0.8218190471331278,0.7531658212343851,0.0697152887781461,0.830009659131368,0.7900023559729258,0.8760519027709961,0.7762918949127198
final_20260804-224906_augmented_spots_train_e200_b20_lr0.0002_s1,?|Ti7Al_logtif.h5|929|929|371790,8,0.8536104932427406,0.7704437673091888,0.10060760867781937,0.8716509863734245,0.8191745281219482,0.8765014335513115,0.8160821437835694
final_20260804-224906_augmented_spots_train_e200_b20_lr0.0002_s1,?|Al_big_grains_logtif.h5|2298|2298|69007,3,0.7926050821940104,0.7110558748245239,0.03933319076895714,0.9127287069956461,0.8092821637789408,0.8766359289487203,0.8219785928726197
final_20260804-224906_augmented_spots_train_e200_b20_lr0.0002_s1,?|Al_big_grains_logtif.h5|1274|1274|36055,3,0.8616441686948141,0.7926169435183207,0.10819910156230132,0.8632647593816122,0.8488826155662537,0.876722534497579,0.7457419157028198
final_20260804-224906_augmented_spots_train_e200_b20_lr0.0002_s1,?|Al_big_grains_logtif.h5|706|706|18303,4,0.8149256855249405,0.7462885305285454,0.059779605362564325,0.8045452684164047,0.7410833314061165,0.8775730431079865,0.7806135535240173
final_20260804-224906_augmented_spots_train_e200_b20_lr0.0002_s1,?|Ti7Al_logtif.h5|33|1014|400587,9,0.8354391588105096,0.7673154738214281,0.08005715151213938,0.8411093420452542,0.8326181835598416,0.8776910040113661,0.6934582233428955
final_20260804-224906_augmented_spots_train_e200_b20_lr0.0002_s1,?|Ti7Al_logtif.h5|831|1812|741150,11,0.849387751384215,0.7811274095015093,0.09398658582094041,0.8289980807087638,0.8151365545662966,0.8777005889198997,0.7706484794616699
final_20260804-224906_augmented_spots_train_e200_b20_lr0.0002_s1,?|Iron_logtif.h5|6958|14656|1312059,5,0.8602351069450378,0.7735841035842895,0.10473177209496498,0.8187474131584167,0.8053905367851257,0.8777516484260559,0.7723258018493653
final_20260804-224906_augmented_spots_train_e200_b20_lr0.0002_s1,?|Cu_logtif.h5|1856|21715|2315775,3,0.8414390087127686,0.7471007704734802,0.08572221733629704,0.8928942680358887,0.8625188668568929,0.8778583804766337,0.7811445951461792
final_20260804-224906_augmented_spots_train_e200_b20_lr0.0002_s1,?|Iron_logtif.h5|619|8319|751652,3,0.8485440015792847,0.7684240142504374,0.09266083563367526,0.8487595915794373,0.8471927642822266,0.8779415686925253,0.7923480272293091
final_20260804-224906_augmented_spots_train_e200_b20_lr0.0002_s1,?|Ti7Al_logtif.h5|6|988|388234,10,0.8272119402885437,0.7521318286657334,0.07065824717283249,0.8337469458580017,0.7788633137941361,0.8782768547534943,0.7401172518730164
final_20260804-224906_augmented_spots_train_e200_b20_lr0.0002_s1,?|Iron_deformed_logtif.h5|150|150|579897,28,0.8306028906788144,0.7372961267828941,0.07375371289838638,0.8916536527020591,0.862155736557075,0.878424597637994,0.7804845333099365
final_20260804-224906_augmented_spots_train_e200_b20_lr0.0002_s1,?|Al_big_grains_logtif.h5|1955|1955|57670,3,0.8094078898429871,0.724583903948466,0.05255643588801225,0.8877805471420288,0.7979080279668173,0.8784257173538208,0.8263148546218873
final_20260804-224906_augmented_spots_train_e200_b20_lr0.0002_s1,?|Al_big_grains_logtif.h5|4357|9302|296611,3,0.8148701190948486,0.7475204467773438,0.057916597773631416,0.9447987079620361,0.8183252414067587,0.8784767389297485,0.7917478322982788
final_20260804-224906_augmented_spots_train_e200_b20_lr0.0002_s1,?|Al_big_grains_logtif.h5|1465|1465|42152,3,0.8500658671061198,0.7774548331896464,0.09272682790954907,0.8392061591148376,0.784806489944458,0.878669540087382,0.7482974410057068
final_20260804-224906_augmented_spots_train_e200_b20_lr0.0002_s1,?|Iron_logtif.h5|7440|15136|1365968,5,0.8788096904754639,0.7967219352722168,0.1210290588438511,0.9002422094345093,0.88875492811203,0.878890311717987,0.763248884677887
final_20260804-224906_augmented_spots_train_e200_b20_lr0.0002_s1,?|Al_big_grains_logtif.h5|781|5726|176967,4,0.8141936436295509,0.7637839466333389,0.056173975113779306,0.8441489711403847,0.8385043740272522,0.8790098279714584,0.7895123660564423
final_20260804-224906_augmented_spots_train_e200_b20_lr0.0002_s1,?|Iron_logtif.h5|6190|13884|1231677,3,0.8495401541392008,0.7545733650525411,0.0914297526081403,0.9097427527109782,0.9022203286488851,0.8790552020072937,0.8040194392204285
final_20260804-224906_augmented_spots_train_e200_b20_lr0.0002_s1,?|Ti7Al_logtif.h5|490|1472|612029,5,0.8394493699073792,0.7522177338600159,0.08111462891101837,0.887330162525177,0.8807820796966552,0.8791673660278321,0.7775723934173584
final_20260804-224906_augmented_spots_train_e200_b20_lr0.0002_s1,?|Al_big_grains_logtif.h5|2044|6987|215755,4,0.7918971478939056,0.7438451051712036,0.033134987112134695,0.9290133267641068,0.8013142198324203,0.879381075501442,0.7744607150554657
final_20260804-224906_augmented_spots_train_e200_b20_lr0.0002_s1,?|Al_big_grains_logtif.h5|1141|1141|31781,5,0.8352635145187378,0.7558706164360046,0.0764465395361185,0.8337488532066345,0.8154274344444274,0.8794084787368774,0.7909358024597168
final_20260804-224906_augmented_spots_train_e200_b20_lr0.0002_s1,?|Iron_logtif.h5|3689|11385|1003155,5,0.8341073751449585,0.7517301559448242,0.07465016320347787,0.9104782342910767,0.8482883334159851,0.879728627204895,0.7456606864929199
final_20260804-224906_augmented_spots_train_e200_b20_lr0.0002_s1,?|Al_big_grains_logtif.h5|1121|6064|187563,3,0.804523766040802,0.758343497912089,0.04468228295445442,0.9337783853212992,0.805749237537384,0.8799207806587219,0.7537724852561951
final_20260804-224906_augmented_spots_train_e200_b20_lr0.0002_s1,?|Ti7Al_logtif.h5|522|522|236559,12,0.8491338143746058,0.7667474498351415,0.0891733633664747,0.854308212796847,0.8436320597926775,0.8799802164236704,0.7841960608959198
final_20260804-224906_augmented_spots_train_e200_b20_lr0.0002_s1,?|Ti7Al_logtif.h5|364|364|137391,17,0.8312715379630818,0.7465394560028525,0.07123029385419453,0.8775893344598658,0.8438964100445018,0.8800206149325651,0.7467729806900024
final_20260804-224906_augmented_spots_train_e200_b20_lr0.0002_s1,?|Al_big_grains_logtif.h5|2029|2029|59422,3,0.8326058387756348,0.7188499768575033,0.07250984758138657,0.9523385365804037,0.9242529074350992,0.8800480167071024,0.8555812358856201
final_20260804-224906_augmented_spots_train_e200_b20_lr0.0002_s1,?|Ti7Al_logtif.h5|355|1337|520384,14,0.8341537820441383,0.7431987694331578,0.0735550702416471,0.8889203156743731,0.879491850733757,0.8802993553025382,0.8166474521160125
final_20260804-224906_augmented_spots_train_e200_b20_lr0.0002_s1,?|Iron_logtif.h5|4682|12379|1087009,3,0.8726813793182373,0.7830187082290649,0.11196533155937989,0.8991180857022604,0.8785903056462606,0.8803580005963644,0.8105734348297119
final_20260804-224906_augmented_spots_train_e200_b20_lr0.0002_s1,?|Cu_logtif.h5|18935|38796|4122008,3,0.8465818365414938,0.7505337198575338,0.08561693069835503,0.959544837474823,0.9502021272977194,0.8804824550946554,0.7875710248947143
final_20260804-224906_augmented_spots_train_e200_b20_lr0.0002_s1,?|Iron_logtif.h5|4624|4624|385819,3,0.8836776614189148,0.7946768204371134,0.12246349826455116,0.843798041343689,0.8295323451360067,0.8806070884068807,0.8291048526763916
final_20260804-224906_augmented_spots_train_e200_b20_lr0.0002_s1,?|Cu_logtif.h5|3799|23654|2516977,3,0.8694090247154236,0.7824984391530355,0.10778479774792989,0.9243497649828593,0.8891908129056295,0.8808121085166931,0.8418591260910034
final_20260804-224906_augmented_spots_train_e200_b20_lr0.0002_s1,?|Al_big_grains_logtif.h5|1070|1070|29940,5,0.8585151910781861,0.8024725794792176,0.09681797362864017,0.8453651487827301,0.8149027943611145,0.8808486104011536,0.7235286355018615
final_20260804-224906_augmented_spots_train_e200_b20_lr0.0002_s1,?|Iron_deformed_logtif.h5|51|331|1450684,42,0.8324939885309764,0.7480440459081105,0.07037659716748056,0.924803261246,0.8950868135406858,0.8810586929321289,0.7319623589515686
final_20260804-224906_augmented_spots_train_e200_b20_lr0.0002_s1,?|Ti7Al_logtif.h5|225|1208|470856,9,0.8320217000113593,0.7408663829167684,0.06921931790808837,0.8784493141704135,0.8749335143301222,0.8814011878437467,0.8075043201446533
final_20260804-224906_augmented_spots_train_e200_b20_lr0.0002_s1,?|Ti7Al_logtif.h5|739|739|318848,10,0.8456965744495392,0.7545501112937927,0.08280589319765568,0.8786037683486938,0.8519529551267624,0.881445336341858,0.7999295234680176
final_20260804-224906_augmented_spots_train_e200_b20_lr0.0002_s1,?|Ti7Al_logtif.h5|837|1819|742637,14,0.7964481030191694,0.7342747960771833,0.033313266400779994,0.8435980592455182,0.813963213137218,0.8815674228327615,0.7207346498966217
final_20260804-224906_augmented_spots_train_e200_b20_lr0.0002_s1,?|Ti7Al_logtif.h5|440|440|196606,10,0.8211717128753662,0.7468896239995957,0.057861088775098324,0.8640127509832383,0.8275715827941894,0.8816553115844726,0.7178097546100617
final_20260804-224906_augmented_spots_train_e200_b20_lr0.0002_s1,?|Al_big_grains_logtif.h5|2044|2044|60296,3,0.7963457902272543,0.744734505812327,0.03291187000771364,0.9721441268920898,0.8763327995936075,0.8817169467608134,0.7824217200279235
final_20260804-224906_augmented_spots_train_e200_b20_lr0.0002_s1,?|Al_big_grains_logtif.h5|4571|9515|302783,5,0.8359778642654419,0.7593003153800965,0.07234397642314434,0.860136079788208,0.8506384372711182,0.8818169236183167,0.8142794489860534
final_20260804-224906_augmented_spots_train_e200_b20_lr0.0002_s1,?|Ti7Al_logtif.h5|516|1498|623478,11,0.84264460476962,0.7527499307285656,0.07869297291406176,0.9027190208435059,0.875182720747861,0.8819758133454756,0.7821439504623413
final_20260804-224906_augmented_spots_train_e200_b20_lr0.0002_s1,?|Iron_deformed_logtif.h5|133|413|1707714,30,0.842740531762441,0.7552231093247731,0.07867694105952978,0.9136561592419942,0.8841757943232854,0.882031790415446,0.7371273159980773
final_20260804-224906_augmented_spots_train_e200_b20_lr0.0002_s1,?|Cu_logtif.h5|11270|31136|3281020,3,0.8529332677523295,0.758156955242157,0.08865426977475484,0.9232769012451172,0.8812761902809143,0.8821395039558411,0.8162500977516174
final_20260804-224906_augmented_spots_train_e200_b20_lr0.0002_s1,?|Ti7Al_logtif.h5|446|1428|585936,13,0.8447598195992984,0.7661177745232215,0.08005114136120448,0.8763567117544321,0.8568684046085064,0.8823543328505296,0.7516802191734314
final_20260804-224906_augmented_spots_train_e200_b20_lr0.0002_s1,?|Al_big_grains_logtif.h5|2833|2833|89651,4,0.8455666601657867,0.7614711672067642,0.08064599335193634,0.8911975771188736,0.8120568692684174,0.882460355758667,0.8102502584457397
final_20260804-224906_augmented_spots_train_e200_b20_lr0.0002_s1,?|Al_big_grains_logtif.h5|2401|7350|228491,3,0.8360465168952942,0.7511117060979208,0.0699191043774287,0.8831555048624674,0.8683986663818359,0.8830637137095133,0.7879218697547913
final_20260804-224906_augmented_spots_train_e200_b20_lr0.0002_s1,?|Cu_logtif.h5|5754|25623|2747082,3,0.8531430761019388,0.7613068222999573,0.08638401577870052,0.9022048314412435,0.8454638123512268,0.8833795189857483,0.8148501515388489
final_20260804-224906_augmented_spots_train_e200_b20_lr0.0002_s1,?|Cu_logtif.h5|2134|2134|211634,3,0.8877442876497904,0.8027285734812418,0.12053891643881798,0.9219581286112467,0.9166529575983683,0.8836026787757874,0.8225601196289063
final_20260804-224906_augmented_spots_train_e200_b20_lr0.0002_s1,?|Cu_logtif.h5|3|19868|2098715,3,0.8771841327349345,0.7948564489682516,0.10984825094540913,0.9296861688296,0.9285978277524313,0.8836679458618164,0.8065948963165284
final_20260804-224906_augmented_spots_train_e200_b20_lr0.0002_s1,?|Al_big_grains_logtif.h5|4077|4077|132986,3,0.8545722365379333,0.7716546654701233,0.08712798357009888,0.90324467420578,0.8848751982053121,0.8837221463521322,0.8170090198516846
final_20260804-224906_augmented_spots_train_e200_b20_lr0.0002_s1,?|Ti7Al_logtif.h5|675|1657|690542,10,0.8505755543708802,0.773811274766922,0.08298293724656106,0.8590578138828278,0.8499059021472931,0.8837963104248047,0.8212478697299957
final_20260804-224906_augmented_spots_train_e200_b20_lr0.0002_s1,?|Iron_deformed_logtif.h5|76|76|301870,46,0.8343766895325287,0.7638460689264795,0.06655373545768468,0.8999327259219211,0.8905234751494034,0.8839114787785903,0.680039644241333
final_20260804-224906_augmented_spots_train_e200_b20_lr0.0002_s1,?|Ti7Al_logtif.h5|604|1586|663235,16,0.8718259856104851,0.7906982563436031,0.10379434877540916,0.835174884647131,0.8024418577551842,0.8840158246457577,0.7837620377540588
final_20260804-224906_augmented_spots_train_e200_b20_lr0.0002_s1,?|Iron_logtif.h5|4172|4172|349722,6,0.8281973997751871,0.7341935932636261,0.06008575297892094,0.8597866793473562,0.8387379050254822,0.8840558330217997,0.7955074310302734
final_20260804-224906_augmented_spots_train_e200_b20_lr0.0002_s1,?|Iron_logtif.h5|5536|5536|469655,4,0.8840869665145874,0.8064478486776352,0.11540665291249752,0.8546480387449265,0.8418418616056442,0.8843401521444321,0.8021025002002716
final_20260804-224906_augmented_spots_train_e200_b20_lr0.0002_s1,?|Ti7Al_logtif.h5|139|139|42099,14,0.8499902657100132,0.7676328931535993,0.08074836645807539,0.8739066975457328,0.8628243058919907,0.8846209517547062,0.7419809460639953
final_20260804-224906_augmented_spots_train_e200_b20_lr0.0002_s1,?|Iron_deformed_logtif.h5|79|79|312449,28,0.8564213237592152,0.7711431958845684,0.08706100564450026,0.9249930030533245,0.919039534670966,0.8846801625830787,0.7928716659545899
final_20260804-224906_augmented_spots_train_e200_b20_lr0.0002_s1,?|Ti7Al_logtif.h5|293|1275|496122,5,0.8551577091217041,0.7504728198051452,0.08508607000112534,0.9132355093955994,0.8908651232719421,0.8850358366966248,0.8385424733161926
final_20260804-224906_augmented_spots_train_e200_b20_lr0.0002_s1,?|Ti7Al_logtif.h5|718|1700|703848,11,0.8548269976269115,0.7895417836579409,0.08401787348768928,0.8590214821425352,0.8403122966939752,0.8854045542803678,0.6743278503417969
final_20260804-224906_augmented_spots_train_e200_b20_lr0.0002_s1,?|Ti7Al_logtif.h5|875|875|356009,11,0.852763219313188,0.760336079380729,0.08190131187438965,0.8945905837145719,0.8811319307847456,0.885430942882191,0.8273943662643433
final_20260804-224906_augmented_spots_train_e200_b20_lr0.0002_s1,?|Al_big_grains_logtif.h5|3577|3577|115621,3,0.7878686090310415,0.7600985566775004,0.01686696723724405,0.8101307650407156,0.8086708386739095,0.8855008085568746,0.773793637752533
final_20260804-224906_augmented_spots_train_e200_b20_lr0.0002_s1,?|Ti7Al_logtif.h5|197|1179|454280,14,0.8669494986534119,0.8031864357846124,0.09572706917034728,0.8503003141709736,0.8332805846418653,0.8856112105505807,0.7548602938652038
final_20260804-224906_augmented_spots_train_e200_b20_lr0.0002_s1,?|Ti7Al_logtif.h5|515|1497|623346,15,0.8381686488787333,0.749783049027125,0.06690656021237373,0.8757554014523824,0.8620945096015931,0.8856310447057089,0.7842590808868408
final_20260804-224906_augmented_spots_train_e200_b20_lr0.0002_s1,?|Ti7Al_logtif.h5|229|229|83614,11,0.85965050350536,0.7837328748269514,0.08812746744264256,0.8755798448215831,0.8713358044624329,0.8857615373351357,0.7706484794616699
final_20260804-224906_augmented_spots_train_e200_b20_lr0.0002_s1,?|Al_big_grains_logtif.h5|4907|4907|156279,3,0.7941359678904215,0.7597530782222748,0.022585988665620487,0.833203653494517,0.8176889618237814,0.8857749700546265,0.7601296663284302
final_20260804-224906_augmented_spots_train_e200_b20_lr0.0002_s1,?|Iron_logtif.h5|6923|6923|612366,3,0.8465852538744608,0.7602732181549072,0.07502296939492226,0.9212591648101807,0.878100574016571,0.8857811292012533,0.7839518308639526
final_20260804-224906_augmented_spots_train_e200_b20_lr0.0002_s1,?|Iron_logtif.h5|1141|8839|795705,3,0.8404355049133301,0.7467987140019735,0.06805479774872462,0.8453119993209839,0.8450765013694763,0.8861903548240662,0.8528959393501282
final_20260804-224906_augmented_spots_train_e200_b20_lr0.0002_s1,?|Cu_logtif.h5|17879|17879|1883859,4,0.8664573431015015,0.7690291851758957,0.09372348478063941,0.9617817997932434,0.9604435712099075,0.8863669335842133,0.8652215361595154
final_20260804-224906_augmented_spots_train_e200_b20_lr0.0002_s1,?|Ti7Al_logtif.h5|440|1422|584203,13,0.8332079809445602,0.7750822741251725,0.06024053320288658,0.8777499198913574,0.829603394636741,0.886483724300678,0.7412439346313476
final_20260804-224906_augmented_spots_train_e200_b20_lr0.0002_s1,?|Iron_logtif.h5|2081|2081|179631,3,0.8741468588511149,0.7809492945671082,0.10062404970328014,0.9346778392791748,0.9110479950904846,0.8867614070574442,0.8557042956352234
final_20260804-224906_augmented_spots_train_e200_b20_lr0.0002_s1,?|Ti7Al_logtif.h5|292|292|107865,14,0.8434385401862008,0.7496982685157231,0.06991225321378026,0.9303512147494725,0.9245960371834892,0.8867631299155099,0.8308253288269043
final_20260804-224906_augmented_spots_train_e200_b20_lr0.0002_s1,?|Al_big_grains_logtif.h5|158|5102|162071,5,0.8563784003257752,0.8097263216972351,0.08272960316389799,0.9125258326530457,0.8537089467048645,0.8868243932723999,0.7852666139602661
final_20260804-224906_augmented_spots_train_e200_b20_lr0.0002_s1,?|Iron_deformed_logtif.h5|119|119|412858,42,0.8427813116993222,0.7503464903150286,0.06912746575350563,0.9222663648071743,0.8992137625103905,0.8868269224961599,0.7672992885112763
final_20260804-224906_augmented_spots_train_e200_b20_lr0.0002_s1,?|Ti7Al_logtif.h5|12|12|2066,8,0.833967886865139,0.776022408157587,0.05968060367740691,0.8222035802900791,0.8190390169620514,0.8871436417102814,0.8041721463203431
final_20260804-224906_augmented_spots_train_e200_b20_lr0.0002_s1,?|Iron_logtif.h5|1759|9456|848174,3,0.8325014710426331,0.7383650143941244,0.0579968752960364,0.875971515973409,0.869140625,0.8872522910435995,0.8658866167068482
final_20260804-224906_augmented_spots_train_e200_b20_lr0.0002_s1,?|Iron_logtif.h5|412|412|36951,3,0.7948357065518697,0.7280865907669067,0.020290240334967773,0.836307684580485,0.8352804183959961,0.8872727354367574,0.8221582651138306
final_20260804-224906_augmented_spots_train_e200_b20_lr0.0002_s1,?|Ti7Al_logtif.h5|164|164|52404,16,0.8015180975198746,0.7486000917851925,0.026629360974766314,0.8946481738239527,0.8370360545814037,0.8874443732202053,0.7342085540294647
final_20260804-224906_augmented_spots_train_e200_b20_lr0.0002_s1,?|Ti7Al_logtif.h5|232|232|84748,14,0.8491321802139282,0.7680209683520454,0.07413309280361448,0.8619435770171029,0.8485545473439353,0.8874995453017098,0.7645073294639587
final_20260804-224906_augmented_spots_train_e200_b20_lr0.0002_s1,?|Ti7Al_logtif.h5|660|660|288854,13,0.8517813407457792,0.7648440691140982,0.07580487430095673,0.8803598972467276,0.8523443547578958,0.8879882326492896,0.783300232887268
final_20260804-224906_augmented_spots_train_e200_b20_lr0.0002_s1,?|Iron_logtif.h5|4054|4054|339348,3,0.8495474060376486,0.7628401319185892,0.07293702413638432,0.9110761086146036,0.8953036467234293,0.8883051872253418,0.8139405488967896
final_20260804-224906_augmented_spots_train_e200_b20_lr0.0002_s1,?|Al_big_grains_logtif.h5|2380|2380|72041,3,0.858303169409434,0.7635626395543417,0.08158954232931137,0.8757270375887553,0.8385767141977946,0.8883568048477173,0.8445883631706238
final_20260804-224906_augmented_spots_train_e200_b20_lr0.0002_s1,?|Ti7Al_logtif.h5|925|925|369119,13,0.8239250962550824,0.739333647948045,0.04694773786916183,0.8554584842461807,0.8260629222943232,0.8884886640768784,0.8238904476165771
final_20260804-224906_augmented_spots_train_e200_b20_lr0.0002_s1,?|Ti7Al_logtif.h5|772|772|324592,13,0.8335704069871169,0.7600458447749798,0.05631059315055609,0.8795193983958318,0.8701165180939895,0.8886299133300781,0.7306490898132324
final_20260804-224906_augmented_spots_train_e200_b20_lr0.0002_s1,?|Ti7Al_logtif.h5|87|87|24327,7,0.836446191583361,0.7804757143769946,0.05850407374756677,0.8321478196552822,0.8258182917322431,0.8889710477420262,0.7306725740432739
final_20260804-224906_augmented_spots_train_e200_b20_lr0.0002_s1,?|Cu_logtif.h5|11287|31153|3283632,3,0.8661409417788187,0.772779643535614,0.08817483981450398,0.9707616368929545,0.9606813589731852,0.8889830708503723,0.8201667904853821
final_20260804-224906_augmented_spots_train_e200_b20_lr0.0002_s1,?|Ti7Al_logtif.h5|520|1502|624044,12,0.8479643613100052,0.7580662369728088,0.06978517243017753,0.928368533651034,0.9125754237174988,0.8890895942846934,0.7871539473533631
final_20260804-224906_augmented_spots_train_e200_b20_lr0.0002_s1,?|Ti7Al_logtif.h5|310|310|114067,10,0.8755721807479858,0.7893040835857391,0.09679643474519253,0.8922088742256165,0.8765753626823425,0.8893878877162933,0.8280185580253601
final_20260804-224906_augmented_spots_train_e200_b20_lr0.0002_s1,?|Al_big_grains_logtif.h5|4074|4074|132783,3,0.8977134029070536,0.817290723323822,0.11885017653306325,0.9127711057662964,0.8832931915918986,0.8894315958023071,0.8831759691238403
final_20260804-224906_augmented_spots_train_e200_b20_lr0.0002_s1,?|Ti7Al_logtif.h5|231|1212|471616,14,0.8465919899088996,0.7683372327259609,0.06733108391719204,0.8803930708340236,0.8479791049446378,0.8896304624421256,0.7838455438613892
final_20260804-224906_augmented_spots_train_e200_b20_lr0.0002_s1,?|Al_big_grains_logtif.h5|4645|9590|305739,6,0.8281016399463018,0.7625758598248163,0.048750806910296283,0.8522793551286062,0.8474436601003011,0.8896754185358683,0.7909708321094513
final_20260804-224906_augmented_spots_train_e200_b20_lr0.0002_s1,?|Iron_logtif.h5|2080|9778|873947,3,0.841123123963674,0.7702246904373169,0.06129219879706701,0.8253781000773112,0.8224952816963196,0.8899154861768087,0.8187320470809937
final_20260804-224906_augmented_spots_train_e200_b20_lr0.0002_s1,?|Ti7Al_logtif.h5|608|1590|664271,10,0.8586741387844086,0.7762616991996765,0.07884225035086274,0.8811806857585907,0.8474053710699081,0.889915931224823,0.7994570910930634
final_20260804-224906_augmented_spots_train_e200_b20_lr0.0002_s1,?|Iron_deformed_logtif.h5|254|254|1119475,39,0.8639433338091924,0.7819111324273623,0.08322121465626435,0.9122050756063217,0.9001756111780802,0.8903610645196377,0.7635760307312012
final_20260804-224906_augmented_spots_train_e200_b20_lr0.0002_s1,?|Iron_deformed_logtif.h5|203|483|2080551,39,0.8635232586127061,0.7733769325109628,0.082751033660502,0.9386798624808972,0.9121190385940747,0.8903861061120645,0.8056615591049194
final_20260804-224906_augmented_spots_train_e200_b20_lr0.0002_s1,?|Iron_deformed_logtif.h5|226|506|2246479,37,0.8643944778957883,0.7776442073486947,0.08344661540074928,0.9218808444770606,0.9125889346406266,0.8904739408879667,0.785722804069519
final_20260804-224906_augmented_spots_train_e200_b20_lr0.0002_s1,?|Al_big_grains_logtif.h5|4814|4814|153428,4,0.8420268893241882,0.7650476396083832,0.060499615501612425,0.8632878810167313,0.8472286015748978,0.8907636553049088,0.7796910643577576
final_20260804-224906_augmented_spots_train_e200_b20_lr0.0002_s1,?|Ti7Al_logtif.h5|165|165|52473,13,0.8595811632963327,0.7898239837243006,0.0778008084744215,0.8656820746568533,0.8340020317297715,0.8908901673096877,0.744411826133728
final_20260804-224906_augmented_spots_train_e200_b20_lr0.0002_s1,?|Ti7Al_logtif.h5|328|1310|504307,12,0.8633703291416168,0.7889373774329821,0.08155932649970055,0.8915177633364996,0.8442186017831167,0.890905499458313,0.7414615273475647
final_20260804-224906_augmented_spots_train_e200_b20_lr0.0002_s1,?|Cu_logtif.h5|16686|16686|1753503,3,0.8894589940706888,0.8052415649096171,0.1075872853398323,0.9187443057696024,0.9004789988199869,0.8909358382225037,0.8564243078231811
final_20260804-224906_augmented_spots_train_e200_b20_lr0.0002_s1,?|Ti7Al_logtif.h5|591|1572|655678,7,0.8344806603022984,0.7477458928312574,0.05258714354463986,0.9077750529561724,0.8566968696457999,0.890946762902396,0.8016392469406128
final_20260804-224906_augmented_spots_train_e200_b20_lr0.0002_s1,?|Ti7Al_logtif.h5|902|1883|752827,11,0.8523294708945535,0.7620677081021395,0.07038554752414877,0.9046027389439669,0.8795791051604531,0.8909719803116538,0.8309149146080017
final_20260804-224906_augmented_spots_train_e200_b20_lr0.0002_s1,?|Al_big_grains_logtif.h5|4439|4439|143225,5,0.8636122465133667,0.7831850290298462,0.08144415840506554,0.8728701949119568,0.8399532198905945,0.8910840392112732,0.7732807755470276
final_20260804-224906_augmented_spots_train_e200_b20_lr0.0002_s1,?|Ti7Al_logtif.h5|23|23|9429,12,0.8191016366084417,0.7485770682493845,0.03674200278085967,0.9001243015130361,0.8165160814921061,0.8911798050006231,0.7739074945449829
final_20260804-224906_augmented_spots_train_e200_b20_lr0.0002_s1,?|Cu_logtif.h5|19573|39437|4194188,3,0.8721464077631632,0.7783159017562866,0.08956811080376308,0.9512448310852051,0.9444697896639506,0.8912891348203024,0.8224341154098511
final_20260804-224906_augmented_spots_train_e200_b20_lr0.0002_s1,?|Ti7Al_logtif.h5|897|897|358658,15,0.8551570216814677,0.7830296476682027,0.0725504512588183,0.9053653339544933,0.8968431274096171,0.891303284962972,0.7710762262344361
final_20260804-224906_augmented_spots_train_e200_b20_lr0.0002_s1,?|Ti7Al_logtif.h5|838|838|349192,11,0.821658191355792,0.7743245742537759,0.038644974627955395,0.8406180333007466,0.8318979767235842,0.8915066068822687,0.7409629225730896
final_20260804-224906_augmented_spots_train_e200_b20_lr0.0002_s1,?|Iron_logtif.h5|6471|14168|1256414,3,0.8348729809125265,0.7449447313944498,0.051677813132603966,0.9669589598973592,0.9363176822662354,0.891597588857015,0.820506501197815
final_20260804-224906_augmented_spots_train_e200_b20_lr0.0002_s1,?|Al_segvol.h5|817|7849|43917,3,0.8762173453966776,0.8158407807350159,0.09290822284917037,0.9187722007433573,0.8205679853757223,0.8916545510292053,0.7736845970153808
final_20260804-224906_augmented_spots_train_e200_b20_lr0.0002_s1,?|Ti7Al_logtif.h5|364|1346|524956,15,0.8599049846331278,0.7735888997713725,0.07646369648476442,0.8906123121579488,0.8740754624207815,0.8917206446329753,0.8007264256477356
final_20260804-224906_augmented_spots_train_e200_b20_lr0.0002_s1,?|Ti7Al_logtif.h5|216|1198|465472,12,0.8916185200214386,0.812260220448176,0.10807723163937528,0.8739514797925949,0.8599671671787897,0.8917706360419592,0.8203913629055023
final_20260804-224906_augmented_spots_train_e200_b20_lr0.0002_s1,?|Al_segvol.h5|4065|11098|61724,3,0.839726726214091,0.8149805068969727,0.05551595240831375,0.8392367164293925,0.8377238512039185,0.8921053806940714,0.7783733129501342
final_20260804-224906_augmented_spots_train_e200_b20_lr0.0002_s1,?|Al_big_grains_logtif.h5|1741|6685|206426,4,0.8847590982913971,0.8151681572198868,0.10045408643782139,0.9396060258150101,0.8448066338896751,0.8921525031328201,0.7896541297435761
final_20260804-224906_augmented_spots_train_e200_b20_lr0.0002_s1,?|Al_big_grains_logtif.h5|4682|4682|150229,3,0.8672239581743876,0.7916400829950968,0.08272819717725118,0.912336011727651,0.909611185391744,0.8922478755315145,0.8250422835350036
final_20260804-224906_augmented_spots_train_e200_b20_lr0.0002_s1,?|Ti7Al_logtif.h5|538|1520|636813,13,0.8572904238334069,0.7693743247252244,0.0725281102439532,0.9020900313670819,0.857185537998493,0.8923811591588534,0.8116500854492188
final_20260804-224906_augmented_spots_train_e200_b20_lr0.0002_s1,?|Ti7Al_logtif.h5|5|5|822,9,0.8568471670150757,0.7650470468733046,0.0720193593038453,0.8971005148357816,0.850881407658259,0.8924139009581672,0.7927803754806518
final_20260804-224906_augmented_spots_train_e200_b20_lr0.0002_s1,?|Ti7Al_logtif.h5|547|547|246528,17,0.887445214916678,0.8101187243181116,0.1024960558861494,0.8893788211485919,0.8762493904899148,0.8924745812135584,0.7868723750114441
final_20260804-224906_augmented_spots_train_e200_b20_lr0.0002_s1,?|Ti7Al_logtif.h5|205|205|71299,8,0.876005694270134,0.8107858076691628,0.09090042812749743,0.8447098210453987,0.8422634154558182,0.8925526216626167,0.7773092150688171
final_20260804-224906_augmented_spots_train_e200_b20_lr0.0002_s1,?|Al_big_grains_logtif.h5|2531|7475|232681,3,0.8308157523473104,0.7543614308039347,0.04569574445486069,0.9229159156481425,0.7647447188695272,0.8925600051879883,0.8355008602142334
final_20260804-224906_augmented_spots_train_e200_b20_lr0.0002_s1,?|Ti7Al_logtif.h5|23|1005|398948,7,0.8412792938096183,0.7584519130843026,0.05584037264010736,0.9027133158275059,0.8056010689054217,0.8927194561277118,0.7977884531021118
final_20260804-224906_augmented_spots_train_e200_b20_lr0.0002_s1,?|Iron_deformed_logtif.h5|204|204|845846,39,0.8588549020962838,0.7694321144849826,0.07333802661070457,0.9267626695143871,0.9137881306501535,0.8927584397487152,0.8050675630569458
final_20260804-224906_augmented_spots_train_e200_b20_lr0.0002_s1,?|Ti7Al_logtif.h5|19|19|4704,16,0.8481828533113003,0.7582646235823631,0.06256048835348338,0.8719778452068567,0.8519030092284083,0.8928111828863621,0.7934530973434448
final_20260804-224906_augmented_spots_train_e200_b20_lr0.0002_s1,?|Iron_logtif.h5|6325|6325|549474,4,0.8554113507270813,0.7756185829639435,0.06975631695240736,0.9434374421834946,0.8955519795417786,0.8928275108337402,0.7788520574569702
final_20260804-224906_augmented_spots_train_e200_b20_lr0.0002_s1,?|Iron_logtif.h5|2316|10013|890664,4,0.8568350970745087,0.7749060392379761,0.0711385072208941,0.9184228330850601,0.839783787727356,0.8928482830524445,0.8434337317943573
final_20260804-224906_augmented_spots_train_e200_b20_lr0.0002_s1,?|Al_big_grains_logtif.h5|4330|9275|296143,3,0.8606742819150289,0.7831773559252421,0.07454848041137059,0.896970808506012,0.866033653418223,0.8930628895759583,0.793254840373993
final_20260804-224906_augmented_spots_train_e200_b20_lr0.0002_s1,?|Iron_logtif.h5|1279|8974|807570,3,0.8685035308202108,0.7755062977472941,0.08224767198165257,0.9056053558985392,0.900605837504069,0.8931279182434082,0.8708000421524048
final_20260804-224906_augmented_spots_train_e200_b20_lr0.0002_s1,?|Ti7Al_logtif.h5|211|211|76327,16,0.8428991176187992,0.7643375210464001,0.05646595422876999,0.8917969539761543,0.867109976708889,0.8932165764272213,0.7822841107845306
final_20260804-224906_augmented_spots_train_e200_b20_lr0.0002_s1,?|Al_big_grains_logtif.h5|2954|2954|93211,4,0.8263721242547035,0.787677489221096,0.03972027590498328,0.7818272262811661,0.7813268676400185,0.8933258950710297,0.741354250907898
final_20260804-224906_augmented_spots_train_e200_b20_lr0.0002_s1,?|Ti7Al_logtif.h5|590|1573|655764,12,0.8532430703441302,0.7754798084497452,0.06606103906718393,0.9055756827195486,0.8964800735314687,0.8935910165309906,0.8099041402339935
final_20260804-224906_augmented_spots_train_e200_b20_lr0.0002_s1,?|Iron_logtif.h5|1687|1687|147599,4,0.8432981297373772,0.8135265856981277,0.05581236560828984,0.8529940769076347,0.852321594953537,0.8937428742647171,0.7525433659553528
final_20260804-224906_augmented_spots_train_e200_b20_lr0.0002_s1,?|Ti7Al_logtif.h5|212|1194|464871,7,0.8721075654029846,0.790023752621242,0.08460449054837227,0.8948379584721157,0.8907338040215629,0.8937515190669468,0.7737630486488343
final_20260804-224906_augmented_spots_train_e200_b20_lr0.0002_s1,?|Ti7Al_logtif.h5|548|548|246562,12,0.8396310061216354,0.7563761174678802,0.05209972724939386,0.8541994790236155,0.8461412588755289,0.8937656382719675,0.819803512096405
final_20260804-224906_augmented_spots_train_e200_b20_lr0.0002_s1,?|Iron_deformed_logtif.h5|186|466|1991683,41,0.8538905847363356,0.7560882452057629,0.06628517692954075,0.9495213046306517,0.9396059643931505,0.893802705334454,0.7988093495368958
final_20260804-224906_augmented_spots_train_e200_b20_lr0.0002_s1,?|Al_big_grains_logtif.h5|4474|9419|299917,3,0.9285085201263428,0.873345673084259,0.14086135476827621,0.8504415154457092,0.8310264746348063,0.8938235839207967,0.8217402935028076
final_20260804-224906_augmented_spots_train_e200_b20_lr0.0002_s1,?|Ti7Al_logtif.h5|186|186|61225,9,0.875250154071384,0.7962642709414164,0.08757673162553045,0.872243755393558,0.8465427491399977,0.8938367035653856,0.8154630064964294
final_20260804-224906_augmented_spots_train_e200_b20_lr0.0002_s1,?|Al_big_grains_logtif.h5|2303|7246|224751,6,0.8277086665232977,0.7652065207560858,0.03874882574503621,0.9475989639759064,0.8558707535266876,0.8944799105326334,0.7934277355670929
final_20260804-224906_augmented_spots_train_e200_b20_lr0.0002_s1,?|Al_big_grains_logtif.h5|2622|7567|236291,3,0.8676333030064901,0.8004122972488403,0.07843515959878762,0.8921350439389547,0.8633346954981486,0.8945990800857544,0.7720491409301757
final_20260804-224906_augmented_spots_train_e200_b20_lr0.0002_s1,?|Ti7Al_logtif.h5|538|538|245146,18,0.8538551794158088,0.7628390457895067,0.06462802308508092,0.9289255771372054,0.9200913674301572,0.8946135772599114,0.8064389646053314
final_20260804-224906_augmented_spots_train_e200_b20_lr0.0002_s1,?|Ti7Al_logtif.h5|934|934|373056,16,0.8655787743628025,0.7920194193720818,0.0762485001469031,0.8688851371407509,0.8518944121897221,0.8946651369333267,0.7799200415611267
final_20260804-224906_augmented_spots_train_e200_b20_lr0.0002_s1,?|Iron_logtif.h5|7674|7674|690397,3,0.8492891391118368,0.7577751080195109,0.059722509856025376,0.9382873773574829,0.9266097942988077,0.8947833180427551,0.8890570044517517
final_20260804-224906_augmented_spots_train_e200_b20_lr0.0002_s1,?|Ti7Al_logtif.h5|745|745|319742,10,0.8540247142314911,0.7806338697671891,0.06429886873811483,0.9102562159299851,0.9027901023626328,0.8948629140853882,0.8066302418708802
final_20260804-224906_augmented_spots_train_e200_b20_lr0.0002_s1,?|Cu_logtif.h5|3583|3583|364824,3,0.8833083709081014,0.7924864292144775,0.09354899078607559,0.9728313684463501,0.9723453323046366,0.8948796987533569,0.8695440053939819
final_20260804-224906_augmented_spots_train_e200_b20_lr0.0002_s1,?|Ti7Al_logtif.h5|55|1037|407599,15,0.8793575485547384,0.802017068862915,0.08957525963584582,0.9014710267384847,0.8744556705156962,0.8948911428451538,0.7924220323562622
final_20260804-224906_augmented_spots_train_e200_b20_lr0.0002_s1,?|Iron_deformed_logtif.h5|119|399|1654814,36,0.8620522833532758,0.7693352939354049,0.07215249497029516,0.9203947136799494,0.8872213313976923,0.8949498964680566,0.8248368501663208
final_20260804-224906_augmented_spots_train_e200_b20_lr0.0002_s1,?|Ti7Al_logtif.h5|112|112|32224,7,0.8601068598883492,0.7839374797684806,0.06984831978167806,0.8984054667609078,0.8898977892739433,0.8951292548860822,0.8102416396141052
final_20260804-224906_augmented_spots_train_e200_b20_lr0.0002_s1,?|Iron_logtif.h5|918|918|82400,3,0.8325600624084473,0.757161964972814,0.04222749856611093,0.9869753321011862,0.9500822822252909,0.895166297753652,0.7897536396980286
final_20260804-224906_augmented_spots_train_e200_b20_lr0.0002_s1,?|Al_big_grains_logtif.h5|3206|3206|103738,3,0.8403122425079346,0.7595867117245992,0.04994897544384003,0.9200098315874735,0.9064177672068278,0.8951816558837891,0.796688723564148
final_20260804-224906_augmented_spots_train_e200_b20_lr0.0002_s1,?|Iron_logtif.h5|6342|14043|1245713,4,0.8724740892648697,0.7842289209365845,0.08186697494238615,0.9295748323202133,0.8898691087961197,0.8953035622835159,0.814298415184021
final_20260804-224906_augmented_spots_train_e200_b20_lr0.0002_s1,?|Ti7Al_logtif.h5|604|604|272320,9,0.8756623864173889,0.7919629017512003,0.08503805804583761,0.8967889812257555,0.8918436037169563,0.8953121701876322,0.8061366558074952
final_20260804-224906_augmented_spots_train_e200_b20_lr0.0002_s1,?|Ti7Al_logtif.h5|792|792|329923,12,0.8481005777915319,0.7698721066117287,0.057423160411417484,0.8868746062119802,0.849671953668197,0.8953387041886648,0.7574112594127655
final_20260804-224906_augmented_spots_train_e200_b20_lr0.0002_s1,?|Ti7Al_logtif.h5|154|154|50884,8,0.8566683530807495,0.7636255174875259,0.06590327899903059,0.9122576639056206,0.9051364362239838,0.8953825309872627,0.8110192239284515
final_20260804-224906_augmented_spots_train_e200_b20_lr0.0002_s1,?|Ti7Al_logtif.h5|224|1206|470034,8,0.853012926876545,0.7639784961938858,0.062147334101609886,0.8943378329277039,0.8881318420171738,0.8954327926039696,0.7948910593986511
final_20260804-224906_augmented_spots_train_e200_b20_lr0.0002_s1,?|Iron_deformed_logtif.h5|25|25|73934,41,0.8667460592781625,0.7732542564229268,0.07581454311020491,0.9570795210396371,0.9506022116033043,0.8954657621499968,0.8197627067565918
final_20260804-224906_augmented_spots_train_e200_b20_lr0.0002_s1,?|Al_big_grains_logtif.h5|2663|2663|81752,4,0.8866486102342606,0.8197948336601257,0.0955974250100553,0.8998071700334549,0.8704565316438675,0.8955256044864655,0.7850625932216644
final_20260804-224906_augmented_spots_train_e200_b20_lr0.0002_s1,?|Iron_logtif.h5|3985|3985|330936,3,0.870809813340505,0.7884983023007711,0.07960940152406693,0.9003878235816956,0.8315592606862386,0.8956002195676168,0.8138644576072693
final_20260804-224906_augmented_spots_train_e200_b20_lr0.0002_s1,?|Ti7Al_logtif.h5|63|63|18786,12,0.8627915183703104,0.7835378597180048,0.07083520386368036,0.9121988366047541,0.9034392138322195,0.8959781527519226,0.742582505941391
final_20260804-224906_augmented_spots_train_e200_b20_lr0.0002_s1,?|Iron_deformed_logtif.h5|214|214|895572,37,0.8671267966966372,0.781498987932463,0.07461240273472425,0.9354364726994489,0.9234536306278126,0.8962571959237795,0.8006102919578553
final_20260804-224906_augmented_spots_train_e200_b20_lr0.0002_s1,?|Al_big_grains_logtif.h5|758|5702|176431,3,0.8294339378674825,0.7377492189407349,0.03680866894622644,0.8772343198458353,0.8029857079188029,0.8963126341501871,0.8381116628646851
final_20260804-224906_augmented_spots_train_e200_b20_lr0.0002_s1,?|Iron_logtif.h5|3661|3661|304303,3,0.8786832094192505,0.7945402065912882,0.08599048666656017,0.9392762581507365,0.9288917779922485,0.89634637037913,0.8224519968032837
final_20260804-224906_augmented_spots_train_e200_b20_lr0.0002_s1,?|Iron_deformed_logtif.h5|12|12|38911,27,0.8631492632406729,0.7790000780864998,0.07040279365524098,0.9276075429386563,0.9122627333358482,0.8963732388284471,0.8200110554695129
final_20260804-224906_augmented_spots_train_e200_b20_lr0.0002_s1,?|Ti7Al_logtif.h5|516|516|233774,10,0.8478590309619903,0.7630827903747559,0.05496053770184517,0.9015510141849518,0.8934575080871582,0.8964492440223694,0.793155837059021
final_20260804-224906_augmented_spots_train_e200_b20_lr0.0002_s1,?|Cu_logtif.h5|11211|11211|1145920,3,0.8796680569648743,0.787634034951528,0.08656538277864456,0.9772758086522421,0.9762659072875977,0.8965513308842977,0.8742608428001404
final_20260804-224906_augmented_spots_train_e200_b20_lr0.0002_s1,?|Ti7Al_logtif.h5|794|794|331784,18,0.8592370251814524,0.7839583588971032,0.06595521497850616,0.9236283666557736,0.8909038503964742,0.8966409100426568,0.7874537944793701
final_20260804-224906_augmented_spots_train_e200_b20_lr0.0002_s1,?|Iron_logtif.h5|4299|11990|1054837,3,0.8752014835675558,0.7844625115394592,0.0818180541197459,0.9210827747980753,0.9201064705848694,0.8966917395591736,0.8832777500152588
final_20260804-224906_augmented_spots_train_e200_b20_lr0.0002_s1,?|Ti7Al_logtif.h5|373|373|143458,12,0.8735979348421097,0.8042264257868131,0.08003328802684943,0.8936618119478226,0.8766519476970037,0.8967823187510172,0.7903107702732086
final_20260804-224906_augmented_spots_train_e200_b20_lr0.0002_s1,?|Iron_logtif.h5|6397|6397|556023,4,0.8913525342941284,0.8155834078788757,0.09769140928983688,0.9136914908885956,0.8801780194044113,0.8968305587768555,0.8379075586795807
final_20260804-224906_augmented_spots_train_e200_b20_lr0.0002_s1,?|Iron_logtif.h5|7027|14724|1318479,4,0.8843203485012054,0.8098973631858826,0.09060108289122581,0.9090733826160431,0.9036241471767426,0.8968596160411835,0.7977224469184876
final_20260804-224906_augmented_spots_train_e200_b20_lr0.0002_s1,?|Ti7Al_logtif.h5|920|920|368148,15,0.8275904695192973,0.7504957556724549,0.03385872316236297,0.9072116295496623,0.8658250530560812,0.8968658765157064,0.813563346862793
final_20260804-224906_augmented_spots_train_e200_b20_lr0.0002_s1,?|Al_big_grains_logtif.h5|3484|8427|267356,3,0.8109806180000305,0.7908214728037516,0.01699047473569711,0.8314000070095062,0.8313097854455312,0.8969950874646505,0.7828886985778809
final_20260804-224906_augmented_spots_train_e200_b20_lr0.0002_s1,?|Al_big_grains_logtif.h5|1577|1577|45650,5,0.8255350947380066,0.7836141705513,0.031101244501769543,0.829322463274002,0.8232130348682404,0.8972169160842896,0.7849727153778077
final_20260804-224906_augmented_spots_train_e200_b20_lr0.0002_s1,?|Iron_deformed_logtif.h5|25|305|1313385,29,0.8686784793590677,0.7854976972629284,0.07418665402279846,0.9438523475466103,0.9378387609432484,0.8972459086056414,0.8199472308158875
final_20260804-224906_augmented_spots_train_e200_b20_lr0.0002_s1,?|Ti7Al_logtif.h5|906|906|359435,10,0.8478218734264373,0.7565359950065613,0.05325790410861373,0.8958427250385285,0.8927878677845001,0.8972819745540619,0.7978504419326782
final_20260804-224906_augmented_spots_train_e200_b20_lr0.0002_s1,?|Ti7Al_logtif.h5|318|318|115180,14,0.8662459126540593,0.7961032603468213,0.07132747183953013,0.8776525110006332,0.8495365253516606,0.8974592302526746,0.7459612607955932
final_20260804-224906_augmented_spots_train_e200_b20_lr0.0002_s1,?|Iron_logtif.h5|314|314|29330,3,0.8838842709859213,0.8010545174280802,0.08887836026648681,0.9390932520230612,0.8774918913841248,0.8975029190381368,0.8507091045379639
final_20260804-224906_augmented_spots_train_e200_b20_lr0.0002_s1,?|Al_big_grains_logtif.h5|3222|3222|104520,4,0.8817217648029327,0.7977011501789093,0.08584529301151633,0.9212756007909775,0.9114271402359009,0.8979382216930389,0.8190505802631378
final_20260804-224906_augmented_spots_train_e200_b20_lr0.0002_s1,?|Ti7Al_logtif.h5|945|1927|780640,16,0.858611237257719,0.782289057970047,0.06271090224618092,0.8661324381828308,0.8333941325545311,0.8979501686990261,0.7877093255519867
final_20260804-224906_augmented_spots_train_e200_b20_lr0.0002_s1,?|Iron_logtif.h5|3817|11510|1016245,3,0.8774508436520895,0.7957852880160013,0.08123607064286868,0.9088267087936401,0.8984723885854086,0.8981073697408041,0.8473817586898804
final_20260804-224906_augmented_spots_train_e200_b20_lr0.0002_s1,?|Iron_deformed_logtif.h5|140|419|1763204,48,0.8706791500250498,0.7789082912107309,0.07431058147146057,0.9552115686237812,0.9451428093016148,0.8981842907766501,0.8258034646511078
final_20260804-224906_augmented_spots_train_e200_b20_lr0.0002_s1,?|Iron_logtif.h5|1850|9545|855406,3,0.841951330502828,0.7522971431414286,0.0455504780014356,0.9349672993024191,0.9339366753896078,0.8982003927230835,0.8734378576278686
final_20260804-224906_augmented_spots_train_e200_b20_lr0.0002_s1,?|Iron_deformed_logtif.h5|227|507|2247439,32,0.8680241536349058,0.7818683441728354,0.07156036433298141,0.9423904698342085,0.9361862223595381,0.898231890052557,0.7626149296760559
final_20260804-224906_augmented_spots_train_e200_b20_lr0.0002_s1,?|Cu_logtif.h5|17181|17181|1802093,3,0.8924131592114767,0.8076552152633667,0.09587804476420085,0.931369423866272,0.9297343691190084,0.8982675671577454,0.8653346538543701
final_20260804-224906_augmented_spots_train_e200_b20_lr0.0002_s1,?|Iron_deformed_logtif.h5|226|226|1007788,48,0.8697008229792118,0.7824932516862949,0.07305369400031243,0.9466499015688896,0.9343989565968513,0.8983235619962215,0.8076346457004547
final_20260804-224906_augmented_spots_train_e200_b20_lr0.0002_s1,?|Ti7Al_logtif.h5|447|1429|586005,10,0.8558916270732879,0.7731290400028229,0.05914901862852275,0.8247577011585235,0.79686741232872,0.898371285200119,0.8312059640884399
final_20260804-224906_augmented_spots_train_e200_b20_lr0.0002_s1,?|Al_big_grains_logtif.h5|3240|3240|105030,4,0.8709417283535004,0.7939444184303284,0.07413073210045695,0.821538046002388,0.8021671026945114,0.8984054923057556,0.830931568145752
final_20260804-224906_augmented_spots_train_e200_b20_lr0.0002_s1,?|Iron_deformed_logtif.h5|147|427|1794450,41,0.8769990176689334,0.7941858724849981,0.07998268428917338,0.9273198137922984,0.9213534237408056,0.8985081693021263,0.7988093495368958
final_20260804-224906_augmented_spots_train_e200_b20_lr0.0002_s1,?|Iron_logtif.h5|6222|13919|1236115,3,0.877423087755839,0.800206184387207,0.0803954266011715,0.8703247904777527,0.8679653604825338,0.8985138336817423,0.8340413331985473
final_20260804-224906_augmented_spots_train_e200_b20_lr0.0002_s1,?|Iron_deformed_logtif.h5|10|290|1277108,47,0.8786073745565212,0.7990127757508704,0.08139134317319444,0.9457546643754269,0.9296854334942838,0.898608016206863,0.8305184721946717
final_20260804-224906_augmented_spots_train_e200_b20_lr0.0002_s1,?|Ti7Al_logtif.h5|374|374|143465,11,0.8716199452226813,0.7914366884665056,0.07431158453056758,0.8602124127474698,0.8472661646929655,0.8986541899767789,0.7683390378952026
final_20260804-224906_augmented_spots_train_e200_b20_lr0.0002_s1,?|Ti7Al_logtif.h5|233|1214|472257,11,0.8564041311090643,0.7763479189439253,0.059085016562180084,0.8726754080165516,0.8562116135250438,0.8986595489762046,0.7851617336273193
final_20260804-224906_augmented_spots_train_e200_b20_lr0.0002_s1,?|Al_big_grains_logtif.h5|3839|8785|280652,3,0.8834468126296997,0.7951469024022421,0.08609085871527593,0.9744612177213033,0.9696820974349976,0.8986780047416687,0.8633126974105835
final_20260804-224906_augmented_spots_train_e200_b20_lr0.0002_s1,?|Iron_logtif.h5|1212|1212|108207,3,0.8860358397165934,0.8074317773183187,0.08854110973576705,0.9121180176734924,0.8871111075083414,0.8987473448117574,0.8065086245536804
final_20260804-224906_augmented_spots_train_e200_b20_lr0.0002_s1,?|Cu_logtif.h5|12075|12075|1226421,3,0.8936964472134908,0.8090163667996725,0.09602295855681102,0.9327306350072225,0.9290632804234823,0.8988367319107056,0.8583332896232605
final_20260804-224906_augmented_spots_train_e200_b20_lr0.0002_s1,?|Ti7Al_logtif.h5|547|1531|638378,10,0.8604312807321548,0.8095727443695069,0.06195796625688672,0.8670900285243988,0.8573954612016678,0.899236661195755,0.7135689318180084
final_20260804-224906_augmented_spots_train_e200_b20_lr0.0002_s1,?|Al_big_grains_logtif.h5|4354|4354|140786,4,0.8467489629983902,0.7741173058748245,0.048105462454259396,0.8786810785531998,0.87735615670681,0.8993217647075653,0.8517289876937866
final_20260804-224906_augmented_spots_train_e200_b20_lr0.0002_s1,?|Ti7Al_logtif.h5|454|454|206092,15,0.8646489202976226,0.794153650601705,0.06599124098817508,0.9055048108100892,0.8839118957519532,0.8993288477261862,0.7482344627380372
final_20260804-224906_augmented_spots_train_e200_b20_lr0.0002_s1,?|Iron_logtif.h5|1943|9644|860772,3,0.8561363617579142,0.7623790502548218,0.05736092229684194,0.941719134648641,0.9020017385482788,0.8993877371152242,0.8876690745353699
final_20260804-224906_augmented_spots_train_e200_b20_lr0.0002_s1,?|Cu_logtif.h5|2118|21982|2345685,3,0.8621769150098165,0.7648142576217651,0.06333351631959279,0.959417462348938,0.9466424385706583,0.8994216918945312,0.8557041168212891
final_20260804-224906_augmented_spots_train_e200_b20_lr0.0002_s1,?|Ti7Al_logtif.h5|197|197|65281,8,0.8830291703343391,0.8026773706078529,0.08404399268329144,0.9159298464655876,0.9047739803791046,0.8994925692677498,0.8308091342449189
final_20260804-224906_augmented_spots_train_e200_b20_lr0.0002_s1,?|Ti7Al_logtif.h5|207|207|73897,15,0.8685158054033916,0.7884013493855794,0.06935258855422338,0.9255396207173665,0.8919681787490845,0.8995816032091777,0.8093161106109619
final_20260804-224906_augmented_spots_train_e200_b20_lr0.0002_s1,?|Ti7Al_logtif.h5|603|1585|662170,15,0.8691100756327311,0.7838155825932821,0.06964518974224726,0.8919032533963521,0.8847563823064168,0.8997324426968892,0.8601064562797547
final_20260804-224906_augmented_spots_train_e200_b20_lr0.0002_s1,?|Ti7Al_logtif.h5|55|55|17990,13,0.8814527163138757,0.8111998392985418,0.08186725584360269,0.8832516968250275,0.8733057012924781,0.8997927216383127,0.7625164270401001
final_20260804-224906_augmented_spots_train_e200_b20_lr0.0002_s1,?|Ti7Al_logtif.h5|669|669|297082,8,0.8514450937509537,0.766988929361105,0.051800240529701114,0.9035973325371742,0.8963376060128212,0.8998224064707756,0.8296472132205963
final_20260804-224906_augmented_spots_train_e200_b20_lr0.0002_s1,?|Iron_logtif.h5|5251|5251|446579,4,0.8468449264764786,0.7673698291182518,0.04713989025913179,0.9842330813407898,0.9565795212984085,0.8998525440692902,0.8024925112724304
final_20260804-224906_augmented_spots_train_e200_b20_lr0.0002_s1,?|Ti7Al_logtif.h5|112|1093|421498,8,0.871286541223526,0.8142803460359573,0.07154843141324818,0.8931628726422787,0.8899918459355831,0.8998690545558929,0.812300729751587
final_20260804-224906_augmented_spots_train_e200_b20_lr0.0002_s1,?|Al_big_grains_logtif.h5|2087|7034|217848,4,0.874252662062645,0.8065859079360962,0.07450315728783607,0.8969828635454178,0.7950501292943954,0.8998747617006302,0.8161827147006988
final_20260804-224906_augmented_spots_train_e200_b20_lr0.0002_s1,?|Iron_logtif.h5|4075|4075|341652,3,0.8802816470464071,0.7983306845029196,0.08028938621282578,0.8881086905797323,0.8806372682253519,0.8999961217244467,0.8443644285202027
final_20260804-224906_augmented_spots_train_e200_b20_lr0.0002_s1,?|Cu_logtif.h5|549|549|53171,3,0.8986209233601888,0.8196495374043783,0.09862314909696579,0.9195857048034668,0.9125448067982992,0.8999988834063212,0.8374080061912537
final_20260804-224906_augmented_spots_train_e200_b20_lr0.0002_s1,?|Al_big_grains_logtif.h5|2945|7889|248328,3,0.8910079797108968,0.8153716921806335,0.0907952996591727,0.9455040295918783,0.930229107538859,0.9001063505808512,0.851138973236084
final_20260804-224906_augmented_spots_train_e200_b20_lr0.0002_s1,?|Ti7Al_logtif.h5|180|180|58847,11,0.8759282068772749,0.8037948066538031,0.07554982297799805,0.898044922135093,0.8918063586408441,0.9001892100680958,0.774583101272583
final_20260804-224906_augmented_spots_train_e200_b20_lr0.0002_s1,?|Ti7Al_logtif.h5|434|434|187166,10,0.8665848672389984,0.7978674352169037,0.06605145102366805,0.9001086056232452,0.8899868369102478,0.9002667129039764,0.7423222720623016
final_20260804-224906_augmented_spots_train_e200_b20_lr0.0002_s1,?|Ti7Al_logtif.h5|434|1416|575284,13,0.8714353488041804,0.7927707433700562,0.07074590113300544,0.9047271150809068,0.8867441645035377,0.9003447202535776,0.8086985111236572
final_20260804-224906_augmented_spots_train_e200_b20_lr0.0002_s1,?|Al_big_grains_logtif.h5|4682|9626|306462,5,0.858311653137207,0.7906763672828674,0.057563846185803416,0.8802512049674988,0.8759564399719239,0.900373911857605,0.8491029739379883
final_20260804-224906_augmented_spots_train_e200_b20_lr0.0002_s1,?|Cu_logtif.h5|172|20039|2124757,3,0.8714632193247477,0.7832120259602865,0.07052439823746681,0.9087806344032288,0.900693416595459,0.9004694223403931,0.8608191132545471
final_20260804-224906_augmented_spots_train_e200_b20_lr0.0002_s1,?|Iron_deformed_logtif.h5|79|359|1552905,49,0.8581121569993545,0.7762176990509033,0.05707514744099914,0.9280328081578625,0.9097191642741768,0.9005185000750483,0.8160961627960205
final_20260804-224906_augmented_spots_train_e200_b20_lr0.0002_s1,?|Al_big_grains_logtif.h5|3933|8877|283584,4,0.8279020339250565,0.7480271607637405,0.026713149156421423,0.8494333326816559,0.8450703173875809,0.9005944430828094,0.8545714139938354
final_20260804-224906_augmented_spots_train_e200_b20_lr0.0002_s1,?|Iron_logtif.h5|2338|2338|198281,3,0.867442786693573,0.7756285667419434,0.06623326490322749,0.883821169535319,0.8558371265729269,0.9006047447522482,0.8758237600326538
final_20260804-224906_augmented_spots_train_e200_b20_lr0.0002_s1,?|Iron_logtif.h5|4379|12076|1061703,3,0.8847379485766093,0.7970710396766663,0.08342544982830684,0.9654407898585001,0.9531710743904114,0.900656263033549,0.8863391876220703
final_20260804-224906_augmented_spots_train_e200_b20_lr0.0002_s1,?|Ti7Al_logtif.h5|270|270|102715,11,0.8517813790928234,0.7743685733188282,0.050436425784772095,0.9327860203656283,0.9103192416104403,0.9006724791093306,0.8142037987709045
final_20260804-224906_augmented_spots_train_e200_b20_lr0.0002_s1,?|Ti7Al_logtif.h5|840|840|349426,14,0.8401204092161996,0.7907229768378394,0.038671223047588556,0.860168382525444,0.8317865388734,0.900724606854575,0.7626726388931274
final_20260804-224906_augmented_spots_train_e200_b20_lr0.0002_s1,?|Al_big_grains_logtif.h5|4458|9402|299482,3,0.9134101470311483,0.8461417357126871,0.11181259527802467,0.877903680006663,0.8562413056691488,0.9007987777392069,0.8207976222038269
final_20260804-224906_augmented_spots_train_e200_b20_lr0.0002_s1,?|Cu_logtif.h5|12735|32598|3428730,3,0.8960318366686503,0.8126561443010966,0.09424326817194621,0.903777281443278,0.9009196559588114,0.900894284248352,0.8576437473297119
final_20260804-224906_augmented_spots_train_e200_b20_lr0.0002_s1,?|Ti7Al_logtif.h5|84|84|21963,13,0.8922932629401867,0.8313590654960046,0.09046175875342809,0.8766777148613563,0.8725921947222489,0.9009157556753892,0.7645907044410706
final_20260804-224906_augmented_spots_train_e200_b20_lr0.0002_s1,?|Al_big_grains_logtif.h5|3430|8374|265669,4,0.8345327004790306,0.8039801269769669,0.03267028369009495,0.8585598841309547,0.8571148812770844,0.9009312093257904,0.7891303181648255
final_20260804-224906_augmented_spots_train_e200_b20_lr0.0002_s1,?|Ti7Al_logtif.h5|515|515|233678,11,0.8434819091450084,0.7548994638703086,0.04148593739691106,0.9483311013741926,0.9439406015656211,0.900997980074449,0.8701448440551758
final_20260804-224906_augmented_spots_train_e200_b20_lr0.0002_s1,?|Cu_logtif.h5|12536|32405|3404814,3,0.8779861728350321,0.7850255767504374,0.07595909635225932,0.9030813177426656,0.8994250694910685,0.9010135332743326,0.8703386545181274
final_20260804-224906_augmented_spots_train_e200_b20_lr0.0002_s1,?|Iron_deformed_logtif.h5|54|335|1461083,36,0.8704075002008014,0.7818989058335623,0.0683670876444214,0.969454245434867,0.9496255748801761,0.9010202106502321,0.8192206025123596
final_20260804-224906_augmented_spots_train_e200_b20_lr0.0002_s1,?|Ti7Al_logtif.h5|33|33|10967,11,0.8687217994169756,0.7956271821802313,0.06664119965650818,0.9305012442848899,0.8835929334163666,0.9010403047908436,0.7644930481910706
final_20260804-224906_augmented_spots_train_e200_b20_lr0.0002_s1,?|Al_big_grains_logtif.h5|1984|6928|213913,4,0.829854890704155,0.792895957827568,0.027714126277714968,0.8415809869766235,0.8395164459943771,0.9010703712701797,0.7996825516223908
final_20260804-224906_augmented_spots_train_e200_b20_lr0.0002_s1,?|Iron_deformed_logtif.h5|76|356|1542587,40,0.867625080794096,0.7898957625031471,0.06547812586650252,0.9337026245892048,0.9187759041786194,0.9010734751820564,0.8138873100280761
final_20260804-224906_augmented_spots_train_e200_b20_lr0.0002_s1,?|Al_big_grains_logtif.h5|3386|3386|108404,3,0.8706160386403402,0.7883528073628744,0.0680778759221236,0.9122106631596884,0.9095743298530579,0.9012690981229147,0.8777888536453247
final_20260804-224906_augmented_spots_train_e200_b20_lr0.0002_s1,?|Iron_deformed_logtif.h5|106|106|390449,40,0.8793035373091698,0.7956741929054261,0.0767179591115564,0.9562399312853813,0.9317035704851151,0.9012927860021591,0.8234758853912354
final_20260804-224906_augmented_spots_train_e200_b20_lr0.0002_s1,?|Ti7Al_logtif.h5|858|1840|746147,11,0.8704617294398221,0.7926785458217968,0.06786982274868271,0.8945350430228494,0.8526492443951693,0.9012959491122853,0.8027020692825317
final_20260804-224906_augmented_spots_train_e200_b20_lr0.0002_s1,?|Iron_logtif.h5|7118|7118|635707,4,0.879429042339325,0.792695090174675,0.07674357667565346,0.9294995814561844,0.9227228760719299,0.9013427346944809,0.8380292773246765
final_20260804-224906_augmented_spots_train_e200_b20_lr0.0002_s1,?|Ti7Al_logtif.h5|536|1519|635014,15,0.8759409427642822,0.8016037464141845,0.07322096433490514,0.8717930475870769,0.8441611925760905,0.9013599832852681,0.81100914478302
final_20260804-224906_augmented_spots_train_e200_b20_lr0.0002_s1,?|Al_big_grains_logtif.h5|1227|1227|34539,3,0.8579469720522562,0.7719171643257141,0.05510219931602478,0.9294154644012451,0.9182542165120443,0.901422381401062,0.8323185205459595
final_20260804-224906_augmented_spots_train_e200_b20_lr0.0002_s1,?|Ti7Al_logtif.h5|691|691|304323,8,0.8700936958193779,0.8218905366957188,0.06716231082100421,0.8660525418817997,0.8289794214069843,0.9014656916260719,0.7983860731124878
final_20260804-224906_augmented_spots_train_e200_b20_lr0.0002_s1,?|Iron_deformed_logtif.h5|256|256|1134706,39,0.869170959179218,0.7798425356547037,0.06591538736262383,0.9537078692362859,0.9304386316201626,0.9016277820636065,0.8390698909759522
final_20260804-224906_augmented_spots_train_e200_b20_lr0.0002_s1,?|Iron_logtif.h5|7152|7152|640615,3,0.8539233207702637,0.7615208824475607,0.05057405307888985,0.952487846215566,0.9466127554575602,0.9016746481259664,0.8757123351097107
final_20260804-224906_augmented_spots_train_e200_b20_lr0.0002_s1,?|Iron_logtif.h5|5256|5256|447079,5,0.8763289093971253,0.7890911221504211,0.07276966348290444,0.9215885281562806,0.9162585496902466,0.9017796158790589,0.8386844396591187
final_20260804-224906_augmented_spots_train_e200_b20_lr0.0002_s1,?|Ti7Al_logtif.h5|654|1636|676441,14,0.8544998956578118,0.7818275796515601,0.05090514763391444,0.9031518229416439,0.8794642899717603,0.9017973755087171,0.8109149813652039
final_20260804-224906_augmented_spots_train_e200_b20_lr0.0002_s1,?|Iron_logtif.h5|6982|14678|1314527,3,0.8625382383664449,0.7975605527559916,0.058848909412821136,0.8282392223676046,0.8270172874132792,0.9018446803092957,0.814047634601593
final_20260804-224906_augmented_spots_train_e200_b20_lr0.0002_s1,?|Ti7Al_logtif.h5|775|775|324740,15,0.8706884741783142,0.7943549633026123,0.06629138775169849,0.8629817326863607,0.8397633790969848,0.9021985332171122,0.8291313171386718
final_20260804-224906_augmented_spots_train_e200_b20_lr0.0002_s1,?|Ti7Al_logtif.h5|399|1381|539010,12,0.8913296808799108,0.821618581811587,0.08667992916889489,0.9128466248512268,0.9052996039390564,0.9023248801628748,0.8002617478370666
final_20260804-224906_augmented_spots_train_e200_b20_lr0.0002_s1,?|Ti7Al_logtif.h5|194|1176|453585,5,0.8767532110214233,0.7864606022834778,0.07207324355840683,0.9242765784263611,0.9161724090576172,0.9023399829864502,0.8612307548522949
final_20260804-224906_augmented_spots_train_e200_b20_lr0.0002_s1,?|Iron_logtif.h5|5385|13081|1153629,3,0.8634820381800333,0.7749333182970682,0.058764989798267685,0.9156401952107748,0.8689647912979126,0.9023585319519043,0.8256791949272155
final_20260804-224906_augmented_spots_train_e200_b20_lr0.0002_s1,?|Iron_logtif.h5|5688|5688|485331,3,0.860267182191213,0.7812178333600363,0.05554917951424917,0.9029428760210673,0.8870996038118998,0.9023589889208475,0.8186737537384033
final_20260804-224906_augmented_spots_train_e200_b20_lr0.0002_s1,?|Ti7Al_logtif.h5|175|1157|445743,6,0.8637712051471075,0.8197351545095444,0.05901357841988405,0.8917085081338882,0.8888131181399027,0.9023788173993429,0.7847650051116943
final_20260804-224906_augmented_spots_train_e200_b20_lr0.0002_s1,?|Ti7Al_logtif.h5|320|320|115366,10,0.8837731420993805,0.8032040476799012,0.07873742319643498,0.9476834535598755,0.9366709232330322,0.9025178492069245,0.8148784697055816
final_20260804-224906_augmented_spots_train_e200_b20_lr0.0002_s1,?|Ti7Al_logtif.h5|786|786|327571,15,0.8651379187901814,0.7978455285231273,0.0600604814166824,0.8729588429133097,0.858518781264623,0.9025387128194173,0.8219873666763305
final_20260804-224906_augmented_spots_train_e200_b20_lr0.0002_s1,?|Cu_logtif.h5|15217|15217|1588333,3,0.8901827136675516,0.805679440498352,0.08504118273655574,0.9557444453239441,0.9480926990509033,0.9025707840919495,0.8727966189384461
final_20260804-224906_augmented_spots_train_e200_b20_lr0.0002_s1,?|Al_big_grains_logtif.h5|3106|8050|254497,5,0.8954941034317017,0.8271843552589416,0.09031540080904961,0.875183618068695,0.8703606247901916,0.9025893568992615,0.8294402003288269
final_20260804-224906_augmented_spots_train_e200_b20_lr0.0002_s1,?|Ti7Al_logtif.h5|310|1292|502159,12,0.8755344102780024,0.7955763389666876,0.07011265012746055,0.8967348088820776,0.8641425346334776,0.9027108699083328,0.7906032085418702
final_20260804-224906_augmented_spots_train_e200_b20_lr0.0002_s1,?|Ti7Al_logtif.h5|144|1126|432699,13,0.8678391117316026,0.7897958067747263,0.06228777393698692,0.8577937483787537,0.8448775639900794,0.9027756635959332,0.8238014936447143
final_20260804-224906_augmented_spots_train_e200_b20_lr0.0002_s1,?|Iron_deformed_logtif.h5|113|393|1642668,43,0.8761370327583579,0.8017813313839047,0.07007763491466988,0.9386906873348148,0.9291597542374633,0.9030297038167022,0.8135781764984131
final_20260804-224906_augmented_spots_train_e200_b20_lr0.0002_s1,?|Iron_logtif.h5|1691|1691|147875,3,0.898158589998881,0.8253743052482605,0.09199409062663715,0.88846755027771,0.8824962973594666,0.903082271416982,0.8467896699905395
final_20260804-224906_augmented_spots_train_e200_b20_lr0.0002_s1,?|Ti7Al_logtif.h5|873|873|355808,8,0.8719961419701576,0.7905542105436325,0.06571797328069806,0.9065268635749817,0.8930400162935257,0.9031390994787216,0.8133289992809296
final_20260804-224906_augmented_spots_train_e200_b20_lr0.0002_s1,?|Iron_logtif.h5|5914|5914|507231,4,0.8815384209156036,0.8028172701597214,0.07508296892046928,0.9151935279369354,0.903783842921257,0.9032277464866638,0.8677726149559021
final_20260804-224906_augmented_spots_train_e200_b20_lr0.0002_s1,?|Iron_deformed_logtif.h5|175|455|1905367,35,0.8797208036695208,0.7956977588789803,0.07319345484886851,0.9491235290254866,0.9385057159832546,0.9032636727605547,0.8335228681564331
final_20260804-224906_augmented_spots_train_e200_b20_lr0.0002_s1,?|Ti7Al_logtif.h5|644|644|283490,13,0.8633803037496713,0.7859305143356323,0.05670319504749317,0.8445474092776959,0.8388184950901911,0.9033385423513559,0.7865041494369507
final_20260804-224906_augmented_spots_train_e200_b20_lr0.0002_s1,?|Iron_logtif.h5|2341|2341|198438,4,0.871691107749939,0.7860478311777115,0.06496259057894349,0.8850054442882538,0.8694136291742325,0.9033642560243607,0.8635454893112182
final_20260804-224906_augmented_spots_train_e200_b20_lr0.0002_s1,?|Ti7Al_logtif.h5|225|225|83122,9,0.8750255041652255,0.79293292760849,0.0681560839422875,0.867590049902598,0.8641624781820509,0.9034347203042772,0.8418932437896729
final_20260804-224906_augmented_spots_train_e200_b20_lr0.0002_s1,?|Iron_logtif.h5|6801|14498|1296830,3,0.8988300561904907,0.8196213245391846,0.09188106159369151,0.9306873281796774,0.9185763398806254,0.9034745097160339,0.8524864196777344
final_20260804-224906_augmented_spots_train_e200_b20_lr0.0002_s1,?|Ti7Al_logtif.h5|755|1737|716144,10,0.8653906404972076,0.7725760042667389,0.05841515175998211,0.927186781167984,0.9014315724372863,0.9034877419471741,0.8296978056430817
final_20260804-224906_augmented_spots_train_e200_b20_lr0.0002_s1,?|Ti7Al_logtif.h5|946|946|376075,12,0.842130109667778,0.7749389261007309,0.034962485544383526,0.851436972618103,0.8459107528130213,0.9035838196674982,0.8179348528385162
final_20260804-224906_augmented_spots_train_e200_b20_lr0.0002_s1,?|Iron_deformed_logtif.h5|209|209|875630,39,0.8690360539998764,0.7854439570353582,0.06157837669627789,0.9544948973716834,0.9423116346200308,0.9037288427352905,0.837058687210083
final_20260804-224906_augmented_spots_train_e200_b20_lr0.0002_s1,?|Ti7Al_logtif.h5|829|829|346611,10,0.8365474760532379,0.7540525317192077,0.02878234377130866,0.925553047657013,0.8467226564884186,0.9038825631141663,0.8159104347229004
final_20260804-224906_augmented_spots_train_e200_b20_lr0.0002_s1,?|Al_big_grains_logtif.h5|494|5440|170013,3,0.8933588862419128,0.8121570348739624,0.08530469238758087,0.9308914740880331,0.8952658176422119,0.9040271043777466,0.8646228790283204
final_20260804-224906_augmented_spots_train_e200_b20_lr0.0002_s1,?|Cu_logtif.h5|19295|39160|4159565,3,0.8826808929443359,0.8121401866277059,0.07411396938065688,0.8666109045346578,0.8645824392636617,0.9042835036913554,0.8320736765861512
final_20260804-224906_augmented_spots_train_e200_b20_lr0.0002_s1,?|Ti7Al_logtif.h5|243|1225|474433,12,0.8448424736658732,0.7832216173410416,0.03623924350055555,0.9171723599235216,0.8917303557197253,0.9043015986680984,0.7293746829032898
final_20260804-224906_augmented_spots_train_e200_b20_lr0.0002_s1,?|Cu_logtif.h5|4892|24757|2653475,3,0.8625704248746237,0.7759889364242554,0.0539091502626737,0.9650496244430542,0.952662467956543,0.9043306310971578,0.8657582521438598
final_20260804-224906_augmented_spots_train_e200_b20_lr0.0002_s1,?|Ti7Al_logtif.h5|660|1642|680114,12,0.8852509756882986,0.8111091231306394,0.07634928698341052,0.9133612265189489,0.9068957467873892,0.9044508437315623,0.8428803503513336
final_20260804-224906_augmented_spots_train_e200_b20_lr0.0002_s1,?|Ti7Al_logtif.h5|897|1879|752606,12,0.884355624516805,0.8100104480981827,0.07544008611390988,0.9363044003645579,0.9012127617994944,0.90445776283741,0.8212292969226838
final_20260804-224906_augmented_spots_train_e200_b20_lr0.0002_s1,?|Al_big_grains_logtif.h5|2675|7619|237961,6,0.8435636262098948,0.7734684447447459,0.034641790514190994,0.8608077963193258,0.8116999566555023,0.9044609268506368,0.824611485004425
final_20260804-224906_augmented_spots_train_e200_b20_lr0.0002_s1,?|Ti7Al_logtif.h5|328|328|116249,7,0.9007397890090942,0.8343382818358285,0.09181504989308971,0.8691260814666748,0.8675368343080793,0.9044623630387443,0.7958732128143311
final_20260804-224906_augmented_spots_train_e200_b20_lr0.0002_s1,?|Ti7Al_logtif.h5|100|1082|419821,12,0.8939729283253351,0.8421989480654398,0.08493463213865955,0.8985885009169579,0.8969141369064649,0.9045191506544749,0.7603341341018677
final_20260804-224906_augmented_spots_train_e200_b20_lr0.0002_s1,?|Ti7Al_logtif.h5|6|6|1222,10,0.856937175989151,0.7807336449623108,0.047836382500827314,0.9325214445590972,0.9080959022045135,0.9045504033565521,0.8239410221576691
final_20260804-224906_augmented_spots_train_e200_b20_lr0.0002_s1,?|Al_big_grains_logtif.h5|2675|2675|82297,4,0.8252740502357483,0.7854938581585884,0.016096240375190973,0.8062761649489403,0.8050896897912025,0.904588907957077,0.7996697902679444
final_20260804-224906_augmented_spots_train_e200_b20_lr0.0002_s1,?|Cu_logtif.h5|19346|39210|4164340,3,0.9013074437777201,0.8214157422383627,0.09184512309730053,0.9720723827679952,0.9691089789072672,0.9047311345736185,0.8702757954597473
final_20260804-224906_augmented_spots_train_e200_b20_lr0.0002_s1,?|Ti7Al_logtif.h5|858|858|352541,10,0.8589515686035156,0.7775428354740143,0.049312840308994056,0.8992271065711975,0.8848445534706115,0.9048193573951722,0.8258950293064118
final_20260804-224906_augmented_spots_train_e200_b20_lr0.0002_s1,?|Ti7Al_logtif.h5|755|755|323182,13,0.8789124855628381,0.7954999781571902,0.06924930959939957,0.9201129995859586,0.8986727824577918,0.9048315928532527,0.8533178091049194
final_20260804-224906_augmented_spots_train_e200_b20_lr0.0002_s1,?|Ti7Al_logtif.h5|242|242|86805,12,0.8628581066926321,0.7790432771046957,0.052637295642246805,0.9299901078144709,0.8773564149936041,0.9051104038953781,0.8108258605003357
final_20260804-224906_augmented_spots_train_e200_b20_lr0.0002_s1,?|Al_big_grains_logtif.h5|1343|6289|194627,3,0.9073252081871033,0.8385253548622131,0.09706920137008031,0.8414931297302246,0.8395487070083618,0.905128022034963,0.8240391612052917
final_20260804-224906_augmented_spots_train_e200_b20_lr0.0002_s1,?|Ti7Al_logtif.h5|745|1726|712506,10,0.8741474688053131,0.8011707246303559,0.06360631827265024,0.8819993883371353,0.8735938727855682,0.9052705824375152,0.7866864442825318
final_20260804-224906_augmented_spots_train_e200_b20_lr0.0002_s1,?|Iron_logtif.h5|1070|8768|789757,3,0.8402904272079468,0.7618838548660278,0.029721155762672424,0.8926098148028055,0.8822331428527832,0.9052846431732178,0.8570807695388794
final_20260804-224906_augmented_spots_train_e200_b20_lr0.0002_s1,?|Ti7Al_logtif.h5|270|1253|491266,9,0.8518156541718377,0.7841418319278293,0.04114420856866571,0.8954581552081637,0.8917774359385172,0.9053357177310519,0.8261029958724976
final_20260804-224906_augmented_spots_train_e200_b20_lr0.0002_s1,?|Ti7Al_logtif.h5|100|100|30517,7,0.8852872593062264,0.8468228961740222,0.07449883089533874,0.8573242042745862,0.8539952976363046,0.9053942135402134,0.8096410751342774
final_20260804-224906_augmented_spots_train_e200_b20_lr0.0002_s1,?|Iron_logtif.h5|7076|7076|627261,3,0.8914448618888855,0.8056521018346151,0.08043732990821202,0.9545233647028605,0.9512868324915568,0.9055037299791971,0.8877035021781922
final_20260804-224906_augmented_spots_train_e200_b20_lr0.0002_s1,?|Ti7Al_logtif.h5|258|1240|483314,16,0.885526355355978,0.8186502028256655,0.0743941213004291,0.8996693678200245,0.895914513617754,0.9055661074817181,0.8348122835159302
final_20260804-224906_augmented_spots_train_e200_b20_lr0.0002_s1,?|Iron_deformed_logtif.h5|49|49|190766,38,0.8718932318060022,0.7898996237077212,0.060720345520071294,0.931107676342914,0.9156028471494976,0.9055864434493216,0.802169531583786
final_20260804-224906_augmented_spots_train_e200_b20_lr0.0002_s1,?|Iron_deformed_logtif.h5|24|304|1310882,44,0.8823985213583166,0.7984493855725635,0.07119930518621748,0.9605090496214953,0.9534529962322928,0.9055996103720232,0.8444591581821441
final_20260804-224906_augmented_spots_train_e200_b20_lr0.0002_s1,?|Iron_logtif.h5|5270|5270|448220,3,0.8542453050613403,0.7916958332061768,0.04299511512120565,0.8751548131306967,0.873179574807485,0.9056251049041748,0.8287254810333252
final_20260804-224906_augmented_spots_train_e200_b20_lr0.0002_s1,?|Al_small_grains_logtif.h5|1257|103741|1076664,3,0.9043539961179098,0.8279059727986654,0.09277160962422688,0.9570165475209554,0.956109086672465,0.905791183312734,0.8749336957931518
final_20260804-224906_augmented_spots_train_e200_b20_lr0.0002_s1,?|Al_big_grains_logtif.h5|4679|4679|150127,4,0.8639688342809677,0.7804849743843079,0.05210975534282625,0.8753420114517212,0.8169696182012558,0.9059295207262039,0.854723334312439
final_20260804-224906_augmented_spots_train_e200_b20_lr0.0002_s1,?|Iron_deformed_logtif.h5|277|277|1220320,43,0.8881096451781517,0.8086799972279127,0.0761900131352419,0.9371050277421641,0.9298243106797685,0.9059598168661428,0.7967882513999939
final_20260804-224906_augmented_spots_train_e200_b20_lr0.0002_s1,?|Ti7Al_logtif.h5|464|1446|600829,9,0.8861346178584628,0.8110668924119737,0.07396494866245323,0.9010539253552755,0.8969682455062866,0.9060848355293274,0.7886793136596679
final_20260804-224906_augmented_spots_train_e200_b20_lr0.0002_s1,?|Ti7Al_logtif.h5|87|1069|413988,13,0.8780185626103327,0.8069471854429978,0.06584663560184148,0.9073358384462503,0.8621459098962637,0.9060859634326055,0.8071934580802917
final_20260804-224906_augmented_spots_train_e200_b20_lr0.0002_s1,?|Iron_logtif.h5|2757|2757|234711,4,0.8984460383653641,0.8273984640836716,0.08620746061205864,0.9295490682125092,0.8923122882843018,0.9061192870140076,0.8217322826385498
final_20260804-224906_augmented_spots_train_e200_b20_lr0.0002_s1,?|Al_big_grains_logtif.h5|4900|4900|156008,3,0.8785265485445658,0.8112947543462118,0.06621935839454333,0.9016202092170715,0.894346276919047,0.9061535994211832,0.874780797958374
final_20260804-224906_augmented_spots_train_e200_b20_lr0.0002_s1,?|Ti7Al_logtif.h5|40|40|12525,11,0.8569396409121427,0.7926007346673445,0.044585880654102024,0.876546017148278,0.8604901703921232,0.9061768705194647,0.8045922517776489
final_20260804-224906_augmented_spots_train_e200_b20_lr0.0002_s1,?|Ti7Al_logtif.h5|207|1189|462520,17,0.8759013168952045,0.8050981409409467,0.06351398189059075,0.8974771184079787,0.8923173511729521,0.9061936525737538,0.7844256162643433
final_20260804-224906_augmented_spots_train_e200_b20_lr0.0002_s1,?|Al_big_grains_logtif.h5|2397|7341|228205,4,0.854237973690033,0.8298981040716171,0.04177759075537324,0.8747469931840897,0.8679354637861252,0.9062301814556122,0.7940010905265809
final_20260804-224906_augmented_spots_train_e200_b20_lr0.0002_s1,?|Iron_deformed_logtif.h5|24|24|71396,37,0.8859064321260195,0.8015329322299442,0.07340340865020817,0.9594739756068668,0.9529194010270609,0.9062515062254828,0.8515697717666626
final_20260804-224906_augmented_spots_train_e200_b20_lr0.0002_s1,?|Ti7Al_logtif.h5|164|1146|441400,11,0.8465907627885992,0.7786995064128529,0.03407017412510785,0.8948009664362128,0.8370789777148854,0.9062602953477339,0.8174399733543396
final_20260804-224906_augmented_spots_train_e200_b20_lr0.0002_s1,?|Ti7Al_logtif.h5|175|175|56691,16,0.8934368081390858,0.8230053558945656,0.0809157375479117,0.8906113021075726,0.8705358915030956,0.9062605276703835,0.8202212452888489
final_20260804-224906_augmented_spots_train_e200_b20_lr0.0002_s1,?|Al_big_grains_logtif.h5|4378|9322|297099,3,0.8627753655115763,0.7877730131149292,0.05014296000202497,0.846763014793396,0.8427262504895529,0.9063162008921305,0.8645796298980712
final_20260804-224906_augmented_spots_train_e200_b20_lr0.0002_s1,?|Ti7Al_logtif.h5|154|1136|439753,11,0.8704568581147627,0.8065735426816073,0.057801019146361134,0.9047366028482263,0.8990111405199225,0.9063279195265337,0.8838434815406799
final_20260804-224906_augmented_spots_train_e200_b20_lr0.0002_s1,?|Al_big_grains_logtif.h5|2677|7621|238038,3,0.8752537369728088,0.7960096597671509,0.06252531955639522,0.7296434839566549,0.7235475579897562,0.9063642024993896,0.8910007834434509
final_20260804-224906_augmented_spots_train_e200_b20_lr0.0002_s1,?|Iron_logtif.h5|1837|9534|854778,3,0.8514940738677979,0.7787297964096069,0.038710874815781914,0.9548344413439432,0.9080840547879537,0.9063916007677714,0.823946213722229
final_20260804-224906_augmented_spots_train_e200_b20_lr0.0002_s1,?|Ti7Al_logtif.h5|183|183|59132,15,0.8796275774637858,0.8128788828849792,0.0668438491721948,0.877008032798767,0.8611693123976389,0.9063918630282084,0.8177816987037658
final_20260804-224906_augmented_spots_train_e200_b20_lr0.0002_s1,?|Cu_logtif.h5|11111|11111|1136938,4,0.9081962257623672,0.8339927196502686,0.09540735837072134,0.954306960105896,0.9526377171278,0.9063944220542908,0.8582074046134949
final_20260804-224906_augmented_spots_train_e200_b20_lr0.0002_s1,?|Iron_deformed_logtif.h5|247|247|1105955,39,0.8823902958478683,0.8002179861068726,0.06940876742681631,0.9548577559299958,0.9339244228142959,0.9064907599718143,0.8185880899429321
final_20260804-224906_augmented_spots_train_e200_b20_lr0.0002_s1,?|Ti7Al_logtif.h5|913|1895|758178,19,0.8428511023521423,0.7779024917828409,0.029844885790034345,0.861553419577448,0.8448819471032996,0.906503112692582,0.8290903687477111
final_20260804-224906_augmented_spots_train_e200_b20_lr0.0002_s1,?|Al_big_grains_logtif.h5|2039|6983|215605,3,0.8857366641362509,0.8035625616709391,0.07251868893702824,0.8710454901059469,0.854334831237793,0.9066089590390524,0.8933789372444153
final_20260804-224906_augmented_spots_train_e200_b20_lr0.0002_s1,?|Al_big_grains_logtif.h5|1271|1271|35892,4,0.9064831137657166,0.8389446437358856,0.0932519759517163,0.9187698215246201,0.9090459942817688,0.9066155850887299,0.8188431560993195
final_20260804-224906_augmented_spots_train_e200_b20_lr0.0002_s1,?|Al_big_grains_logtif.h5|3933|3933|128005,3,0.8601546684900919,0.7837475140889486,0.04675433039665222,0.855657716592153,0.8543645342191061,0.9067001740137736,0.8699220538139343
final_20260804-224906_augmented_spots_train_e200_b20_lr0.0002_s1,?|Ti7Al_logtif.h5|718|718|310963,8,0.8707362934947014,0.7800766229629517,0.05726705561392009,0.9363560900092125,0.9325849488377571,0.9067346230149269,0.8396787166595459
final_20260804-224906_augmented_spots_train_e200_b20_lr0.0002_s1,?|IN718_twins_logtif.h5|198|198|16626,9,0.8977790872255961,0.8425039615896013,0.08429269058008988,0.9287833770116171,0.9043748378753662,0.9067431820763482,0.7900597810745239
final_20260804-224906_augmented_spots_train_e200_b20_lr0.0002_s1,?|Iron_logtif.h5|5994|5994|514240,3,0.8728198607762655,0.7818547685941061,0.059269952277342476,0.9321566025416056,0.8925635814666748,0.9067749579747518,0.8849613785743713
final_20260804-224906_augmented_spots_train_e200_b20_lr0.0002_s1,?|Ti7Al_logtif.h5|256|1238|483112,10,0.8830585658550263,0.8019751369953155,0.06907659228891135,0.9563677728176116,0.9473761141300201,0.9069909870624542,0.8223388016223907
final_20260804-224906_augmented_spots_train_e200_b20_lr0.0002_s1,?|Iron_deformed_logtif.h5|6|286|1257772,45,0.8870194276173909,0.8103908936182658,0.07293139576084084,0.9403815216488308,0.9335966209570566,0.9070440106921726,0.7981271028518677
final_20260804-224906_augmented_spots_train_e200_b20_lr0.0002_s1,?|Iron_logtif.h5|3049|3049|255116,3,0.8649857044219971,0.7696670293807983,0.050703098376592,0.972413698832194,0.9712841113408407,0.9071412682533264,0.861951720714569
final_20260804-224906_augmented_spots_train_e200_b20_lr0.0002_s1,?|Iron_deformed_logtif.h5|186|186|752333,42,0.8835412689617702,0.7988088414782569,0.06925339291670493,0.9583930231276012,0.9513122992856162,0.9071439391090756,0.8501410126686096
final_20260804-224906_augmented_spots_train_e200_b20_lr0.0002_s1,?|Ti7Al_logtif.h5|817|1799|737053,5,0.8569898843765259,0.7981421887874603,0.04230164606124163,0.8949964046478271,0.8935090065002441,0.907344126701355,0.8082769989967347
final_20260804-224906_augmented_spots_train_e200_b20_lr0.0002_s1,?|Ti7Al_logtif.h5|63|1045|408464,10,0.8865866780281066,0.8177364528179168,0.07169139832258224,0.8904322445392608,0.8717718362808228,0.9074476480484008,0.8250093400478363
final_20260804-224906_augmented_spots_train_e200_b20_lr0.0002_s1,?|Ti7Al_logtif.h5|792|1774|722911,10,0.8757478892803192,0.7977346181869507,0.06051825657486916,0.94677454829216,0.909939455986023,0.9076148211956024,0.8150391399860382
final_20260804-224906_augmented_spots_train_e200_b20_lr0.0002_s1,?|Iron_deformed_logtif.h5|155|435|1859331,43,0.8811135680176491,0.7956942707993263,0.06571618666829065,0.9588175055592559,0.9554398018260335,0.9076986936635749,0.839612078666687
final_20260804-224906_augmented_spots_train_e200_b20_lr0.0002_s1,?|Ti7Al_logtif.h5|603|603|271231,7,0.8871774162564959,0.8505524056298392,0.07170044604156699,0.8896602179322924,0.8797363340854645,0.9077384897640773,0.7809094429016114
final_20260804-224906_augmented_spots_train_e200_b20_lr0.0002_s1,?|Iron_deformed_logtif.h5|239|239|1089176,37,0.877721681788161,0.7956271896491179,0.06179845373372774,0.947411970512287,0.9210632668959128,0.9079616166449882,0.8171623229980469
final_20260804-224906_augmented_spots_train_e200_b20_lr0.0002_s1,?|Ti7Al_logtif.h5|952|1934|783676,14,0.8779676790748324,0.8138846563441413,0.06195606371121747,0.9029228261538914,0.8920384986060006,0.9080057995659965,0.8041851997375489
final_20260804-224906_augmented_spots_train_e200_b20_lr0.0002_s1,?|Iron_logtif.h5|4879|12576|1108681,4,0.8523570150136948,0.7869035974144936,0.03612513281404972,0.9586978554725647,0.8655821084976196,0.9081159383058548,0.792691957950592
final_20260804-224906_augmented_spots_train_e200_b20_lr0.0002_s1,?|Ti7Al_logtif.h5|183|1165|448442,13,0.87218376994133,0.8094843488473159,0.05591024401096197,0.9185785811681014,0.9027474499665774,0.9081367529355563,0.7802491068840027
final_20260804-224906_augmented_spots_train_e200_b20_lr0.0002_s1,?|Al_big_grains_logtif.h5|700|700|18111,3,0.9278321266174316,0.8678587079048157,0.11144028604030609,0.8944864074389139,0.8889315128326416,0.9081958929697672,0.8771405577659607
final_20260804-224906_augmented_spots_train_e200_b20_lr0.0002_s1,?|Al_big_grains_logtif.h5|4775|4775|152684,4,0.8973473161458969,0.8239187002182007,0.08090463513508439,0.8560734391212463,0.822952464222908,0.9082213342189789,0.8301523506641388
final_20260804-224906_augmented_spots_train_e200_b20_lr0.0002_s1,?|Cu_logtif.h5|15291|35156|3733816,4,0.8894574791193008,0.8028691560029984,0.07290311111137271,0.9781951457262039,0.9773669391870499,0.9082771688699722,0.8627870380878448
final_20260804-224906_augmented_spots_train_e200_b20_lr0.0002_s1,?|Al_big_grains_logtif.h5|3416|8360|265254,4,0.8741652369499207,0.7888270616531372,0.057590496726334095,0.9455879628658295,0.9362785518169403,0.9082873612642288,0.8916539907455444
final_20260804-224906_augmented_spots_train_e200_b20_lr0.0002_s1,?|Iron_deformed_logtif.h5|150|430|1819266,45,0.8692516737514072,0.7901487820678287,0.05264926397552093,0.9218498157130347,0.8945603383911981,0.9083012064297994,0.8014836430549621
final_20260804-224906_augmented_spots_train_e200_b20_lr0.0002_s1,?|Iron_logtif.h5|1058|8755|788229,3,0.8957561453183492,0.8132317860921224,0.07904991259177525,0.9721725185712179,0.9639848470687866,0.9083531300226847,0.8846494436264039
final_20260804-224906_augmented_spots_train_e200_b20_lr0.0002_s1,?|Cu_logtif.h5|19030|19030|2004534,3,0.9146339893341064,0.8436660965283712,0.09786459555228551,0.9369813203811646,0.9353566964467367,0.9083846807479858,0.8730842351913453
final_20260804-224906_augmented_spots_train_e200_b20_lr0.0002_s1,?|Al_big_grains_logtif.h5|3378|3378|108126,3,0.8841521938641866,0.8053043286005656,0.06729763684173425,0.8871886730194092,0.8539238373438517,0.9084272583325704,0.8614447951316834
final_20260804-224906_augmented_spots_train_e200_b20_lr0.0002_s1,?|Cu_logtif.h5|11204|11204|1145077,3,0.8908006350199381,0.8188368876775106,0.07392048339049022,0.9387743870417277,0.9036535819371542,0.9084400733311971,0.854149341583252
final_20260804-224906_augmented_spots_train_e200_b20_lr0.0002_s1,?|Ti7Al_logtif.h5|597|1579|657226,10,0.8732202410697937,0.7922537922859192,0.05633439030498266,0.9211673498153686,0.909847205877304,0.9084429144859314,0.8023474216461182
final_20260804-224906_augmented_spots_train_e200_b20_lr0.0002_s1,?|Iron_logtif.h5|4434|12129|1066677,3,0.8906280001004537,0.8141228953997294,0.07367872943480809,0.9532475272814432,0.9452049732208252,0.9084746638933817,0.8316166162490845
final_20260804-224906_augmented_spots_train_e200_b20_lr0.0002_s1,?|Ti7Al_logtif.h5|358|1340|522338,19,0.8926572156579871,0.8301244362404472,0.07562819476190366,0.9135865302462327,0.8897037459047217,0.9085145122126529,0.8049002408981323
final_20260804-224906_augmented_spots_train_e200_b20_lr0.0002_s1,?|Cu_logtif.h5|11484|31349|3300407,4,0.8979972302913666,0.8186022192239761,0.08054875023663044,0.9526696652173996,0.9508660733699799,0.9087242633104324,0.8773868560791016
final_20260804-224906_augmented_spots_train_e200_b20_lr0.0002_s1,?|Ti7Al_logtif.h5|645|1627|674738,13,0.8773157596588135,0.8008798819321853,0.05981468685114613,0.8905620529101446,0.8783896473737863,0.9087505615674533,0.8204617500305176
final_20260804-224906_augmented_spots_train_e200_b20_lr0.0002_s1,?|Ti7Al_logtif.h5|144|144|43424,9,0.8769565224647522,0.8020016021198697,0.05915031178543965,0.8899659580654569,0.8591563271151649,0.9089031153255038,0.7948460578918457
final_20260804-224906_augmented_spots_train_e200_b20_lr0.0002_s1,?|Ti7Al_logtif.h5|71|1053|409490,8,0.907802402973175,0.8398543298244476,0.08984976029023528,0.9179535284638405,0.9028560891747475,0.9089763388037682,0.8403034746646881
final_20260804-224906_augmented_spots_train_e200_b20_lr0.0002_s1,?|Ti7Al_logtif.h5|128|1110|427948,10,0.8831620812416077,0.8147988200187684,0.06506441198289395,0.9015628457069397,0.8960129082202911,0.9090488433837891,0.8698759853839875
final_20260804-224906_augmented_spots_train_e200_b20_lr0.0002_s1,?|Cu_logtif.h5|14219|14219|1459216,3,0.8683820962905884,0.7736576994260153,0.05017822173734506,0.9581429560979208,0.9428675572077433,0.9091019431749979,0.8859377026557922
final_20260804-224906_augmented_spots_train_e200_b20_lr0.0002_s1,?|Al_big_grains_logtif.h5|166|5111|162340,5,0.8654803514480591,0.8102269828319549,0.047137598134577276,0.9181466102600098,0.9140241265296936,0.9091713786125183,0.798420000076294
final_20260804-224906_augmented_spots_train_e200_b20_lr0.0002_s1,?|Al_big_grains_logtif.h5|2172|2172|64959,6,0.8709958295027415,0.7911848624547323,0.052553200939049326,0.9598729511102041,0.9181525607903799,0.9092213213443756,0.8344859778881073
final_20260804-224906_augmented_spots_train_e200_b20_lr0.0002_s1,?|Al_big_grains_logtif.h5|3869|8814|281628,4,0.8754725456237793,0.8293949216604233,0.05690763657912612,0.8903217911720276,0.8621995821595192,0.909282460808754,0.8023645043373108
final_20260804-224906_augmented_spots_train_e200_b20_lr0.0002_s1,?|Iron_logtif.h5|7228|7228|648726,4,0.8674193322658539,0.7977352142333984,0.0487761115655303,0.9024159461259842,0.8932168930768967,0.9093216061592102,0.8273855149745941
final_20260804-224906_augmented_spots_train_e200_b20_lr0.0002_s1,?|Iron_deformed_logtif.h5|48|48|188550,42,0.8848101070949009,0.8092307306471325,0.06594368305412077,0.9410738079320817,0.9273401697476705,0.9094332115990775,0.8069471299648285
final_20260804-224906_augmented_spots_train_e200_b20_lr0.0002_s1,?|Al_big_grains_logtif.h5|482|5426|169759,3,0.8893293738365173,0.8065317670504252,0.07045822963118553,0.9459113081296285,0.9262879292170206,0.9094355901082357,0.8656626343727112
final_20260804-224906_augmented_spots_train_e200_b20_lr0.0002_s1,?|Iron_deformed_logtif.h5|205|205|865164,39,0.8835943310688703,0.7999178782487527,0.06464426811688985,0.9517692510898297,0.9436173240343729,0.9094750330998347,0.843867027759552
final_20260804-224906_augmented_spots_train_e200_b20_lr0.0002_s1,?|Ti7Al_logtif.h5|883|1864|751918,14,0.8746816281761441,0.8145578993218285,0.055661889990525584,0.9205840953758785,0.9034473023244313,0.9095098546573094,0.8020628809928894
final_20260804-224906_augmented_spots_train_e200_b20_lr0.0002_s1,?|Iron_logtif.h5|6988|14687|1315294,3,0.8779400785764059,0.7906463543574015,0.058909229934215546,0.9471390644709269,0.8791609207789103,0.9095154205958048,0.9054536581039428
final_20260804-224906_augmented_spots_train_e200_b20_lr0.0002_s1,?|Iron_deformed_logtif.h5|155|155|621482,34,0.8821605303708244,0.8021876706796534,0.0627603078918422,0.9452974165187162,0.9390975464792812,0.9097001201966229,0.8448760449886322
final_20260804-224906_augmented_spots_train_e200_b20_lr0.0002_s1,?|Ti7Al_logtif.h5|819|819|345297,18,0.8639861345291138,0.7904044770532184,0.0444596264925268,0.9181527594725291,0.85738319489691,0.9097632600201501,0.8327209770679473
final_20260804-224906_augmented_spots_train_e200_b20_lr0.0002_s1,?|Iron_logtif.h5|4521|4521|377464,3,0.8837155103683472,0.7977820038795471,0.06367128590742747,0.9589876731236776,0.9408866365750631,0.9100220799446106,0.8622087478637696
final_20260804-224906_augmented_spots_train_e200_b20_lr0.0002_s1,?|Iron_logtif.h5|2844|2844|240104,3,0.9079229434331259,0.8337298035621643,0.08769589910904567,0.9464524984359741,0.9444644053777059,0.910113513469696,0.8910267114639282
final_20260804-224906_augmented_spots_train_e200_b20_lr0.0002_s1,?|Ti7Al_logtif.h5|446|446|198257,10,0.867718032002449,0.8071743756532669,0.0474065013229847,0.9208340317010879,0.9178713679313659,0.9101557672023773,0.8058685183525085
final_20260804-224906_augmented_spots_train_e200_b20_lr0.0002_s1,?|Iron_deformed_logtif.h5|239|519|2328517,48,0.8799836778392395,0.8010328467935324,0.05966602448218813,0.9317253300299247,0.9064759028454622,0.91015882914265,0.8482540726661683
final_20260804-224906_augmented_spots_train_e200_b20_lr0.0002_s1,?|Al_big_grains_logtif.h5|1886|6830|211145,4,0.8924287110567093,0.8192872107028961,0.07203125557862222,0.9046424478292465,0.8776386678218842,0.9101987481117249,0.875414389371872
final_20260804-224906_augmented_spots_train_e200_b20_lr0.0002_s1,?|Iron_deformed_logtif.h5|175|175|668818,44,0.8866989504207264,0.8060868545012041,0.06628811033442616,0.9659727540883151,0.9593720083886926,0.9102054157040336,0.8505820572376251
final_20260804-224906_augmented_spots_train_e200_b20_lr0.0002_s1,?|Iron_logtif.h5|2273|9973|888095,3,0.8913753032684326,0.8074657718340555,0.07091837065915267,0.9655006130536398,0.961106538772583,0.910228451093038,0.8591444253921509
final_20260804-224906_augmented_spots_train_e200_b20_lr0.0002_s1,?|Al_big_grains_logtif.h5|3862|3862|125774,3,0.8697254260381063,0.7858542601267496,0.049041466787457466,0.9559753934542338,0.9543251792589823,0.9103419780731201,0.9001020431518555
final_20260804-224906_augmented_spots_train_e200_b20_lr0.0002_s1,?|Ti7Al_logtif.h5|884|884|358042,11,0.8827390399846163,0.8014667738567699,0.062033749778162346,0.9373387044126337,0.9293052337386392,0.9103526635603472,0.8563447594642639
final_20260804-224906_augmented_spots_train_e200_b20_lr0.0002_s1,?|Iron_logtif.h5|7423|7423|668449,4,0.8751706182956696,0.8143700361251831,0.05445824284106493,0.8853072822093964,0.8844654411077499,0.9103562235832214,0.8215824425220489
final_20260804-224906_augmented_spots_train_e200_b20_lr0.0002_s1,?|Iron_deformed_logtif.h5|110|390|1638966,38,0.8846881891551771,0.8159210634858984,0.06357531553428424,0.9394391382995405,0.9248926310162795,0.9105564449962816,0.8036117494106293
final_20260804-224906_augmented_spots_train_e200_b20_lr0.0002_s1,?|Al_big_grains_logtif.h5|3878|8821|281962,8,0.8527215421199799,0.7763861790299416,0.03156733838841319,0.9082082286477089,0.9056419134140015,0.9105770885944366,0.8426244258880615
final_20260804-224906_augmented_spots_train_e200_b20_lr0.0002_s1,?|Iron_logtif.h5|1327|9022|810158,3,0.8588558832804362,0.7910118301709493,0.037560353676478066,0.9333044489224752,0.7753848433494568,0.9106477697690328,0.8493452906608582
final_20260804-224906_augmented_spots_train_e200_b20_lr0.0002_s1,?|Al_big_grains_logtif.h5|4836|4836|154564,3,0.8767728805541992,0.8003953496615092,0.05505085860689481,0.9034453630447388,0.8360317150751749,0.9108609954516093,0.8466416716575622
final_20260804-224906_augmented_spots_train_e200_b20_lr0.0002_s1,?|Al_segvol.h5|5371|12400|69474,3,0.9140685002009074,0.8519640366236368,0.09228805887202422,0.8956576188405355,0.8012969493865967,0.9108902215957642,0.8181063652038574
final_20260804-224906_augmented_spots_train_e200_b20_lr0.0002_s1,?|Ti7Al_logtif.h5|829|1811|740032,12,0.8639140874147415,0.7941062102715174,0.042122181272134185,0.9152637322743734,0.8983479936917623,0.9108959585428238,0.8579480946063995
final_20260804-224906_augmented_spots_train_e200_b20_lr0.0002_s1,?|Iron_logtif.h5|119|7813|704522,4,0.8921746611595154,0.8120736181735992,0.07036138931289315,0.9651015400886536,0.9474132806062698,0.9109066426753998,0.8496907353401184
final_20260804-224906_augmented_spots_train_e200_b20_lr0.0002_s1,?|Al_big_grains_logtif.h5|3429|3429|109857,3,0.890466034412384,0.8238268693288168,0.0685825248559316,0.9545355836550394,0.9389036496480306,0.9109417597452799,0.8381954908370972
final_20260804-224906_augmented_spots_train_e200_b20_lr0.0002_s1,?|Cu_logtif.h5|9364|29228|3103810,3,0.8871306578318278,0.8014512062072754,0.06518032774329185,0.9791759053866068,0.9779030879338583,0.9109751582145691,0.8932183742523193
final_20260804-224906_augmented_spots_train_e200_b20_lr0.0002_s1,?|Iron_deformed_logtif.h5|220|500|2234024,49,0.8831976433189548,0.8040723630360195,0.060966909806035,0.975327087908375,0.961179362267864,0.9111153580704514,0.8092357635498046
final_20260804-224906_augmented_spots_train_e200_b20_lr0.0002_s1,?|Cu_logtif.h5|6910|6910|741454,3,0.8959948420524597,0.8162433703740438,0.07373546063899994,0.9453697204589844,0.9363309741020203,0.9111296931902567,0.904062807559967
final_20260804-224906_augmented_spots_train_e200_b20_lr0.0002_s1,?|Al_big_grains_logtif.h5|849|5794|179074,4,0.8602911978960037,0.79637411236763,0.0380188412964344,0.8803651481866837,0.8493227362632751,0.9111361503601074,0.8597684621810913
final_20260804-224906_augmented_spots_train_e200_b20_lr0.0002_s1,?|Iron_deformed_logtif.h5|262|262|1179792,56,0.8926065489649773,0.8166526023830686,0.07032693237332362,0.9503453230219228,0.9420832496668611,0.9111398117882865,0.8305603861808777
final_20260804-224906_augmented_spots_train_e200_b20_lr0.0002_s1,?|Iron_logtif.h5|5707|13403|1184066,5,0.875304913520813,0.8175024390220642,0.05298139825463295,0.8988471269607544,0.8982460260391235,0.911161732673645,0.8433222770690918
final_20260804-224906_augmented_spots_train_e200_b20_lr0.0002_s1,?|Ti7Al_logtif.h5|824|1806|739504,18,0.87950256632434,0.8147045655383004,0.057173289410356015,0.8962595098548465,0.8780201474825541,0.9111646281348335,0.7897393107414246
final_20260804-224906_augmented_spots_train_e200_b20_lr0.0002_s1,?|Ti7Al_logtif.h5|212|212|76677,15,0.8921118259429932,0.8225814382235209,0.06963632528980573,0.9245286623636881,0.9153027971585591,0.9112377564112345,0.8324414730072022
final_20260804-224906_augmented_spots_train_e200_b20_lr0.0002_s1,?|Al_big_grains_logtif.h5|758|758|20010,3,0.8782832622528076,0.794876495997111,0.055718251504004,0.812900185585022,0.7550039490063986,0.911282499631246,0.854728889465332
final_20260804-224906_augmented_spots_train_e200_b20_lr0.0002_s1,?|Cu_logtif.h5|9058|9058|942098,6,0.8789259692033132,0.8032580415407816,0.056302795807520546,0.939041276772817,0.9127354323863983,0.9113115866978964,0.8388564884662628
final_20260804-224906_augmented_spots_train_e200_b20_lr0.0002_s1,?|Iron_logtif.h5|3445|3445|288351,4,0.8890648931264877,0.8063252717256546,0.06628845352679491,0.9439734667539597,0.9421173185110092,0.9113882333040237,0.8927720725536347
final_20260804-224906_augmented_spots_train_e200_b20_lr0.0002_s1,?|Iron_logtif.h5|5843|13539|1196984,3,0.8479571541150411,0.7635247707366943,0.025024576112627983,0.9390534162521362,0.8312723239262899,0.9114662607510885,0.8808090448379516
final_20260804-224906_augmented_spots_train_e200_b20_lr0.0002_s1,?|Iron_logtif.h5|5183|12879|1137228,4,0.8966408371925354,0.823260948061943,0.07358051324263215,0.9197403937578201,0.9008502513170242,0.9115301370620728,0.8224295079708099
final_20260804-224906_augmented_spots_train_e200_b20_lr0.0002_s1,?|Iron_deformed_logtif.h5|256|536|2375129,44,0.8783657997846603,0.795205832882361,0.05527833451262929,0.9525964734229174,0.9310364005240527,0.9115437269210815,0.8399979770183563
final_20260804-224906_augmented_spots_train_e200_b20_lr0.0002_s1,?|Al_big_grains_logtif.h5|2883|2883|91247,4,0.8906022161245346,0.8118836730718613,0.06721026543527842,0.9731360226869583,0.9706319719552994,0.9116959720849991,0.8805271744728088
final_20260804-224906_augmented_spots_train_e200_b20_lr0.0002_s1,?|Ti7Al_logtif.h5|275|1257|494440,13,0.8747690595113314,0.814700736449315,0.05136863285532364,0.9244297811618218,0.907953340273637,0.9117002074535077,0.7905104756355286
final_20260804-224906_augmented_spots_train_e200_b20_lr0.0002_s1,?|Iron_logtif.h5|4978|12674|1118441,3,0.8646783034006754,0.78059321641922,0.041258689016103745,0.9670855402946472,0.9597067832946777,0.9117098053296407,0.8943662047386169
final_20260804-224906_augmented_spots_train_e200_b20_lr0.0002_s1,?|Cu_logtif.h5|8423|8423|884689,3,0.9128788312276205,0.8404868046442667,0.08932738626996677,0.9448546369870504,0.9447043935457865,0.9117757081985474,0.8931885480880737
final_20260804-224906_augmented_spots_train_e200_b20_lr0.0002_s1,?|Ti7Al_logtif.h5|713|713|310121,10,0.8858164340257645,0.8243043720722198,0.062117671221494676,0.8739374250173568,0.8559981152415276,0.9118493735790253,0.8332360684871674
final_20260804-224906_augmented_spots_train_e200_b20_lr0.0002_s1,?|Ti7Al_logtif.h5|454|1436|594398,17,0.887320010101094,0.8138276548946605,0.06337499152868986,0.9165388030164382,0.9076177092159495,0.9119725192294401,0.8448315501213074
final_20260804-224906_augmented_spots_train_e200_b20_lr0.0002_s1,?|Iron_logtif.h5|322|8015|722375,5,0.897896659374237,0.8237185835838318,0.0739267434924841,0.951439642906189,0.9426187634468078,0.9119849681854248,0.8295442581176757
final_20260804-224906_augmented_spots_train_e200_b20_lr0.0002_s1,?|Al_big_grains_logtif.h5|879|5821|179690,3,0.867100715637207,0.8015999595324198,0.04302086556951205,0.8539365331331888,0.851505180199941,0.9120399157206217,0.8738521099090576
final_20260804-224906_augmented_spots_train_e200_b20_lr0.0002_s1,?|Ti7Al_logtif.h5|545|545|246066,11,0.8648338941010562,0.8023978011174635,0.040677916766567665,0.9167249202728271,0.9120678359811957,0.9120779958638278,0.8073111772537231
final_20260804-224906_augmented_spots_train_e200_b20_lr0.0002_s1,?|Ti7Al_logtif.h5|677|677|299095,10,0.8810680329799652,0.8068120658397675,0.05684303343296051,0.9072741270065308,0.8896763384342193,0.9121124923229218,0.8153049349784851
final_20260804-224906_augmented_spots_train_e200_b20_lr0.0002_s1,?|Ti7Al_logtif.h5|747|1729|712720,12,0.8851570884386698,0.807094469666481,0.060656368266791105,0.9173133398095766,0.9050253927707672,0.9122503598531088,0.8442270934581757
final_20260804-224906_augmented_spots_train_e200_b20_lr0.0002_s1,?|Ti7Al_logtif.h5|494|494|224054,14,0.9048935728413718,0.8421277105808258,0.08035639873040575,0.8747058212757111,0.8661107293197087,0.912268591778619,0.8081149637699128
final_20260804-224906_augmented_spots_train_e200_b20_lr0.0002_s1,?|Cu_logtif.h5|16151|36018|3829297,3,0.9026544491449991,0.8304583628972372,0.0780919740597407,0.9390666882197062,0.9348815679550171,0.9122812151908875,0.9001020193099976
final_20260804-224906_augmented_spots_train_e200_b20_lr0.0002_s1,?|Ti7Al_logtif.h5|664|1646|682570,17,0.884874519179849,0.8155743286890142,0.06030398623689132,0.9089172131874982,0.9010847701745874,0.9122852683067322,0.8084694266319274
final_20260804-224906_augmented_spots_train_e200_b20_lr0.0002_s1,?|Al_big_grains_logtif.h5|3518|8463|268751,5,0.8556906461715699,0.8186962068080902,0.030996806174516677,0.8905067563056945,0.8898485004901886,0.9123469233512879,0.8123078107833862
final_20260804-224906_augmented_spots_train_e200_b20_lr0.0002_s1,?|Ti7Al_logtif.h5|173|1155|445529,11,0.8851829062808644,0.8233406056057323,0.06044280529022217,0.8843083273280751,0.8826986063610424,0.9123700532046232,0.834477424621582
final_20260804-224906_augmented_spots_train_e200_b20_lr0.0002_s1,?|Iron_logtif.h5|400|8098|729767,3,0.8672615687052408,0.781136691570282,0.04250933167835077,0.9561426043510437,0.9540491302808126,0.9123761256535848,0.8749146938323975
final_20260804-224906_augmented_spots_train_e200_b20_lr0.0002_s1,?|Al_big_grains_logtif.h5|2608|7554|235609,3,0.8754037817319235,0.8150445421536764,0.05057814996689558,0.8528112173080444,0.8521216114362081,0.9124128023783366,0.8731036424636841
final_20260804-224906_augmented_spots_train_e200_b20_lr0.0002_s1,?|Al_big_grains_logtif.h5|435|435|12522,4,0.8895300030708313,0.815738320350647,0.0644969567656517,0.8857578635215759,0.8830148279666901,0.9125165194272995,0.8519440948963165
final_20260804-224906_augmented_spots_train_e200_b20_lr0.0002_s1,?|Ti7Al_logtif.h5|445|445|197575,12,0.8731079796950022,0.801531138519446,0.04803775646723807,0.9339245955149332,0.9142610430717468,0.9125351160764694,0.7902621805667878
final_20260804-224906_augmented_spots_train_e200_b20_lr0.0002_s1,?|Iron_logtif.h5|789|789|71990,3,0.9104231397310892,0.8394044836362203,0.08529959991574287,0.8656666477521261,0.839160144329071,0.9125617742538452,0.903616726398468
final_20260804-224906_augmented_spots_train_e200_b20_lr0.0002_s1,?|Iron_deformed_logtif.h5|202|482|2071358,29,0.8944507755082229,0.8147962257779878,0.06931623187044571,0.9635878040872771,0.9594728638385904,0.9125672661024948,0.8588730692863464
final_20260804-224906_augmented_spots_train_e200_b20_lr0.0002_s1,?|Iron_deformed_logtif.h5|106|386|1632031,35,0.8910331112997872,0.8114922847066607,0.06586041854960578,0.9600238834108625,0.9544959085328238,0.9125863432884216,0.818667197227478
final_20260804-224906_augmented_spots_train_e200_b20_lr0.0002_s1,?|Al_big_grains_logtif.h5|1603|1603|46149,3,0.9096790353457133,0.855730930964152,0.08441554506619771,0.8731054862340292,0.7870679895083109,0.9126317501068115,0.8931623816490173
final_20260804-224906_augmented_spots_train_e200_b20_lr0.0002_s1,?|Al_big_grains_logtif.h5|1529|1529|43864,3,0.8733507990837097,0.7970171372095743,0.04792409390211105,0.8711508711179098,0.8680679599444071,0.912713348865509,0.8838590621948242
final_20260804-224906_augmented_spots_train_e200_b20_lr0.0002_s1,?|Ti7Al_logtif.h5|908|1890|754782,6,0.8803397615750631,0.8023804426193237,0.05474944536884626,0.8984937270482382,0.8826058904329935,0.9127951463063558,0.8196566700935364
final_20260804-224906_augmented_spots_train_e200_b20_lr0.0002_s1,?|Iron_deformed_logtif.h5|222|222|999489,27,0.8883602839929087,0.8087842309916461,0.06267697322699758,0.9478648702303568,0.9423317048284743,0.9128416511747572,0.8433411359786988
final_20260804-224906_augmented_spots_train_e200_b20_lr0.0002_s1,?|Cu_logtif.h5|3507|3507|357824,3,0.9050801197687784,0.8306213219960531,0.07921252648035686,0.9451911449432373,0.9425464868545532,0.9129337867101034,0.8604849219322205
final_20260804-224906_augmented_spots_train_e200_b20_lr0.0002_s1,?|Ti7Al_logtif.h5|21|1003|394720,10,0.8943436920642853,0.8256875038146972,0.06843758542090654,0.9078451216220855,0.8776647627353669,0.9129530668258667,0.8229496359825135
final_20260804-224906_augmented_spots_train_e200_b20_lr0.0002_s1,?|Iron_deformed_logtif.h5|202|202|832654,35,0.8855277146611895,0.8032355070114136,0.05949031825044326,0.9659823417663574,0.9614455325262887,0.9130186983517238,0.8546609520912171
final_20260804-224906_augmented_spots_train_e200_b20_lr0.0002_s1,?|Ti7Al_logtif.h5|582|1564|652536,8,0.8882530033588409,0.8226785957813263,0.062079111114144325,0.8792723268270493,0.8363705836236477,0.9130869507789612,0.8256450057029724
final_20260804-224906_augmented_spots_train_e200_b20_lr0.0002_s1,?|Iron_logtif.h5|3043|10739|950231,3,0.9138316114743551,0.8468650778134664,0.08755859484275182,0.8982286850611368,0.8971593578656515,0.9131365021069845,0.8665230751037598
final_20260804-224906_augmented_spots_train_e200_b20_lr0.0002_s1,?|Ti7Al_logtif.h5|242|1224|474315,7,0.8727449434144157,0.7990956221308027,0.04645616853875773,0.9199734330177307,0.9034514767783028,0.9131443926266262,0.8375578880310058
final_20260804-224906_augmented_spots_train_e200_b20_lr0.0002_s1,?|Iron_logtif.h5|504|504|46730,5,0.8692609310150147,0.8059881091117859,0.042959225922822954,0.8814901351928711,0.8762399673461914,0.9131508350372315,0.8395244479179382
final_20260804-224906_augmented_spots_train_e200_b20_lr0.0002_s1,?|Iron_deformed_logtif.h5|113|113|401131,42,0.8983986434482393,0.8240829890682584,0.07201325937750794,0.9562242173013233,0.9470643386954353,0.9131926936762673,0.8148361325263977
final_20260804-224906_augmented_spots_train_e200_b20_lr0.0002_s1,?|Al_big_grains_logtif.h5|2307|7250|224894,3,0.8771992127100626,0.8101403713226318,0.05073480183879534,0.9852400620778402,0.9072849551836649,0.9132322072982788,0.8490741133689881
final_20260804-224906_augmented_spots_train_e200_b20_lr0.0002_s1,?|Cu_logtif.h5|16868|36739|3903194,3,0.90664009253184,0.8306678136189779,0.08015905072291692,0.9820704261461893,0.9815800786018372,0.9132404724756876,0.8809410095214844
final_20260804-224906_augmented_spots_train_e200_b20_lr0.0002_s1,?|Ti7Al_logtif.h5|453|453|205933,8,0.8897857069969177,0.8149863556027412,0.06327497563324869,0.9400666803121567,0.9221535846590996,0.913255363702774,0.8469425320625306
final_20260804-224906_augmented_spots_train_e200_b20_lr0.0002_s1,?|Al_big_grains_logtif.h5|1843|1843|54596,6,0.8594511349995931,0.7915061016877493,0.032906992050508656,0.8688096205393473,0.8475666840871176,0.9132720629374186,0.837430864572525
final_20260804-224906_augmented_spots_train_e200_b20_lr0.0002_s1,?|Iron_logtif.h5|1430|1430|124074,4,0.9088747948408127,0.83855339884758,0.08218871941789985,0.9186056405305862,0.91276054084301,0.9133430421352386,0.8374480962753296
final_20260804-224906_augmented_spots_train_e200_b20_lr0.0002_s1,?|Iron_deformed_logtif.h5|35|35|111721,31,0.8905853244566149,0.8172655528591525,0.06352472245212525,0.9492647763221495,0.9409768696754209,0.9135303055086443,0.8507823348045349
final_20260804-224906_augmented_spots_train_e200_b20_lr0.0002_s1,?|Ti7Al_logtif.h5|739|1721|711786,8,0.8701625391840935,0.8022323027253151,0.042972437222488225,0.907864049077034,0.9042807184159756,0.9135950580239296,0.8405464053153991
final_20260804-224906_augmented_spots_train_e200_b20_lr0.0002_s1,?|Al_big_grains_logtif.h5|351|5296|166584,3,0.8950429757436117,0.8232248028119405,0.06779031331340472,0.9584465424219767,0.9339556694030762,0.9136263330777487,0.8575496196746826
final_20260804-224906_augmented_spots_train_e200_b20_lr0.0002_s1,?|Al_big_grains_logtif.h5|769|769|20220,3,0.8969053824742635,0.8196646372477213,0.06958709098398685,0.8917340437571207,0.8505451877911886,0.91365913550059,0.8777777314186096
final_20260804-224906_augmented_spots_train_e200_b20_lr0.0002_s1,?|Iron_logtif.h5|6771|14468|1292011,3,0.8903192281723022,0.8139710426330566,0.06291321168343227,0.923555870850881,0.9208568731943766,0.9137030243873596,0.8643318891525269
final_20260804-224906_augmented_spots_train_e200_b20_lr0.0002_s1,?|Ti7Al_logtif.h5|817|817|343498,12,0.8796791036923727,0.7986210982004801,0.052250328163305916,0.9136425703763962,0.9082818428675333,0.9137143890062968,0.8551415622234344
final_20260804-224906_augmented_spots_train_e200_b20_lr0.0002_s1,?|Ti7Al_logtif.h5|34|1016|400955,11,0.9041839783841913,0.8475374525243585,0.07675020464441994,0.9030904336409136,0.8833418109200217,0.9137168851765719,0.7950335144996643
final_20260804-224906_augmented_spots_train_e200_b20_lr0.0002_s1,?|Iron_deformed_logtif.h5|156|436|1859663,41,0.8952274729565877,0.8191940726303473,0.06762739375415372,0.9580500692856021,0.9553578626818773,0.9138000374887048,0.8493757247924805
final_20260804-224906_augmented_spots_train_e200_b20_lr0.0002_s1,?|Iron_logtif.h5|1778|9475|850654,4,0.8839642405509949,0.8197445422410965,0.05621267482638359,0.9160596430301666,0.9071312099695206,0.9138757735490799,0.8446004569530488
final_20260804-224906_augmented_spots_train_e200_b20_lr0.0002_s1,?|Cu_logtif.h5|18903|18903|1988883,3,0.9027629892031351,0.8246367573738098,0.07488872110843658,0.9828969438870748,0.9799267053604126,0.9139371514320374,0.8731898903846741
final_20260804-224906_augmented_spots_train_e200_b20_lr0.0002_s1,?|Al_big_grains_logtif.h5|3419|3419|109512,3,0.8652753432591757,0.7854832808176676,0.03721681050956249,0.9270439346631368,0.8988542159398397,0.9140292803446451,0.881636667251587
final_20260804-224906_augmented_spots_train_e200_b20_lr0.0002_s1,?|Cu_logtif.h5|13466|33335|3509898,3,0.8772463798522949,0.7866757909456888,0.049005997677644096,0.9776659607887268,0.9775225321451823,0.9141201774279276,0.8846594810485839
final_20260804-224906_augmented_spots_train_e200_b20_lr0.0002_s1,?|Al_big_grains_logtif.h5|4632|4632|149208,3,0.8962573607762655,0.8337282339731852,0.06750812381505966,0.9431875546773275,0.9104058146476746,0.914374589920044,0.824729037284851
final_20260804-224906_augmented_spots_train_e200_b20_lr0.0002_s1,?|Iron_logtif.h5|4569|4569|382293,4,0.8812675476074219,0.7913008034229279,0.052438690327107906,0.9829880595207214,0.979005292057991,0.9144144356250763,0.8810836195945739
final_20260804-224906_augmented_spots_train_e200_b20_lr0.0002_s1,?|Cu_logtif.h5|2672|2672|271769,4,0.8859236091375351,0.8008010387420654,0.05700960475951433,0.9614591002464294,0.9613245129585266,0.9144569933414459,0.8976178228855133
final_20260804-224906_augmented_spots_train_e200_b20_lr0.0002_s1,?|Cu_logtif.h5|8225|28096|3002561,3,0.8991129795710245,0.8175902764002482,0.07016772776842117,0.9773932496706644,0.9771792491277059,0.9144726395606995,0.8848621845245361
final_20260804-224906_augmented_spots_train_e200_b20_lr0.0002_s1,?|Al_big_grains_logtif.h5|513|5457|170306,4,0.9075728505849838,0.8326525986194611,0.07856315188109875,0.873889610171318,0.84273761510849,0.9145048707723618,0.8916896641254425
final_20260804-224906_augmented_spots_train_e200_b20_lr0.0002_s1,?|Al_big_grains_logtif.h5|4059|4059|132388,5,0.901540732383728,0.8338884353637696,0.07236144207417965,0.9194546222686768,0.9066981792449951,0.9145896196365356,0.8488895416259765
final_20260804-224906_augmented_spots_train_e200_b20_lr0.0002_s1,?|Ti7Al_logtif.h5|61|1043|408220,13,0.8912340494302603,0.8305694690117469,0.06197119575853531,0.8918855006878192,0.8830415766972762,0.9146314355043265,0.8379875063896179
final_20260804-224906_augmented_spots_train_e200_b20_lr0.0002_s1,?|Ti7Al_logtif.h5|543|543|245837,16,0.8846952673047781,0.8280784841626883,0.055393879069015384,0.8991871923208237,0.8835819326341152,0.914650697261095,0.8519764542579651
final_20260804-224906_augmented_spots_train_e200_b20_lr0.0002_s1,?|Iron_deformed_logtif.h5|203|203|840700,34,0.8929019684300703,0.816647824995658,0.06347324781338959,0.9717749497469734,0.9565580925520729,0.9147143644445083,0.8947659611701966
final_20260804-224906_augmented_spots_train_e200_b20_lr0.0002_s1,?|Iron_logtif.h5|3246|3246|271295,5,0.9022363662719727,0.8427676320075989,0.07266918495297432,0.890025281906128,0.8886341094970703,0.9147835850715638,0.8122719287872314
final_20260804-224906_augmented_spots_train_e200_b20_lr0.0002_s1,?|Iron_deformed_logtif.h5|227|227|1008833,34,0.897384152692907,0.8186300957904142,0.06770066021229415,0.965746225679622,0.962395990596098,0.9148417588542489,0.8780463218688965
final_20260804-224906_augmented_spots_train_e200_b20_lr0.0002_s1,?|Ti7Al_logtif.h5|676|676|298974,7,0.9112289547920227,0.8443351898874555,0.08143489861062594,0.8828306198120117,0.8713589651244027,0.9148970161165509,0.8385437250137329
final_20260804-224906_augmented_spots_train_e200_b20_lr0.0002_s1,?|Iron_logtif.h5|5742|13439|1188270,4,0.9007655680179596,0.8262779265642166,0.07092530280351639,0.951627105474472,0.9509731978178024,0.9149201363325119,0.8641534745693207
final_20260804-224906_augmented_spots_train_e200_b20_lr0.0002_s1,?|Iron_logtif.h5|3142|10841|957235,3,0.8774357636769613,0.7890328367551168,0.04743599519133568,0.9465545813242594,0.9043204585711161,0.9149998823801676,0.8843124032020568
final_20260804-224906_augmented_spots_train_e200_b20_lr0.0002_s1,?|Ti7Al_logtif.h5|392|1374|536617,10,0.8927109897136688,0.8214602828025818,0.06268670782446861,0.9279263615608215,0.908642441034317,0.9150121510028839,0.8253443121910096
final_20260804-224906_augmented_spots_train_e200_b20_lr0.0002_s1,?|Al_big_grains_logtif.h5|4378|4378|141373,3,0.8931386272112528,0.8244574467341105,0.0630847867578268,0.9019861022631327,0.866275429725647,0.9150269230206808,0.8619358897209167
final_20260804-224906_augmented_spots_train_e200_b20_lr0.0002_s1,?|Ti7Al_logtif.h5|913|913|364694,16,0.8723764941096306,0.796950276941061,0.042246633442118764,0.8278263658285141,0.7597886323928833,0.9150649309158325,0.8568860292434692
final_20260804-224906_augmented_spots_train_e200_b20_lr0.0002_s1,?|Al_big_grains_logtif.h5|3495|8438|267850,6,0.9105644822120667,0.8448888460795084,0.08040942375858624,0.9022250672181448,0.8805161913235983,0.9150775174299876,0.8546278178691864
final_20260804-224906_augmented_spots_train_e200_b20_lr0.0002_s1,?|Ti7Al_logtif.h5|786|1768|720394,11,0.8940898017449812,0.8359363241629167,0.06381508013741537,0.9047278436747465,0.9021771875294772,0.9151373613964428,0.8135669231414795
final_20260804-224906_augmented_spots_train_e200_b20_lr0.0002_s1,?|Al_big_grains_logtif.h5|4545|4545|145774,3,0.907947321732839,0.8403745094935099,0.0775940368572871,0.9200630187988281,0.9128297567367554,0.9151766498883566,0.8615929365158081
final_20260804-224906_augmented_spots_train_e200_b20_lr0.0002_s1,?|Iron_logtif.h5|6862|6862|607177,3,0.8757265011469523,0.7874291141827902,0.04537173919379711,0.9349736173947653,0.9289576808611552,0.9151773850123087,0.8608099222183228
final_20260804-224906_augmented_spots_train_e200_b20_lr0.0002_s1,?|Ti7Al_logtif.h5|584|1566|652676,14,0.8929743639060429,0.8170815408229828,0.06261131553245443,0.9120495702539172,0.900530972651073,0.9151815261159625,0.8610718131065369
final_20260804-224906_augmented_spots_train_e200_b20_lr0.0002_s1,?|Ti7Al_logtif.h5|344|344|124986,15,0.8656915128231049,0.8096645752588908,0.03516344980647167,0.9053277413050334,0.8755077918370565,0.9152640263239543,0.7985697507858276
final_20260804-224906_augmented_spots_train_e200_b20_lr0.0002_s1,?|Al_big_grains_logtif.h5|431|431|12457,4,0.8532105088233948,0.7843768894672394,0.022673343773931265,0.9912700802087784,0.9146048277616501,0.9152685701847076,0.8469886600971221
final_20260804-224906_augmented_spots_train_e200_b20_lr0.0002_s1,?|Ti7Al_logtif.h5|21|21|5364,13,0.8985159901472238,0.8328324143703167,0.06792034509663399,0.9235774920536921,0.9013288066937373,0.915297820017888,0.8589611768722534
final_20260804-224906_augmented_spots_train_e200_b20_lr0.0002_s1,?|Ti7Al_logtif.h5|545|1526|637732,21,0.8877530239877247,0.8164038260777792,0.05710471532351914,0.8990754527705056,0.8947667209875017,0.9153241543542772,0.8637650012969971
final_20260804-224906_augmented_spots_train_e200_b20_lr0.0002_s1,?|Al_big_grains_logtif.h5|4869|9813|311624,3,0.9190460443496704,0.8557433684666952,0.088356152176857,0.8831769227981567,0.8683805465698242,0.9153449336687723,0.8648144006729126
final_20260804-224906_augmented_spots_train_e200_b20_lr0.0002_s1,?|Cu_logtif.h5|15772|15772|1659766,3,0.8948708573977152,0.8193205197652181,0.06413394957780838,0.9399902025858561,0.9363117615381876,0.9153684576352438,0.9111156463623047
final_20260804-224906_augmented_spots_train_e200_b20_lr0.0002_s1,?|Cu_logtif.h5|15976|15976|1680293,3,0.8938996394475301,0.808655321598053,0.06292745471000671,0.9731837113698324,0.9729137023289999,0.9154860973358154,0.9113245487213135
final_20260804-224906_augmented_spots_train_e200_b20_lr0.0002_s1,?|Ti7Al_logtif.h5|161|1142|441223,12,0.8933575302362442,0.8260150204102198,0.06233005101482073,0.912509135901928,0.9041262144843737,0.9155137489239374,0.8751979351043702
final_20260804-224906_augmented_spots_train_e200_b20_lr0.0002_s1,?|Iron_logtif.h5|1883|9577|856945,3,0.8945089181264242,0.8186657428741455,0.06344906551142533,0.9213119149208069,0.9154283006985983,0.9155299266179403,0.8626000761985779
final_20260804-224906_augmented_spots_train_e200_b20_lr0.0002_s1,?|Al_big_grains_logtif.h5|220|220|7766,4,0.873930498957634,0.8110194802284241,0.042661145562306046,0.8991174399852753,0.8706882894039154,0.9156346768140793,0.8394478917121887
final_20260804-224906_augmented_spots_train_e200_b20_lr0.0002_s1,?|Iron_deformed_logtif.h5|154|434|1858994,48,0.8930219933390617,0.8133042951424917,0.06172598844083647,0.9661273919045925,0.9584979688127836,0.9156480021774769,0.8586722254753113
final_20260804-224906_augmented_spots_train_e200_b20_lr0.0002_s1,?|Al_big_grains_logtif.h5|2648|2648|81475,3,0.8523260752360026,0.7775407234827677,0.02099682204425335,0.9189335505167643,0.9164118568102518,0.9156646331151327,0.8916000008583069
final_20260804-224906_augmented_spots_train_e200_b20_lr0.0002_s1,?|Iron_logtif.h5|7134|14831|1333875,3,0.8950410485267639,0.8183324138323466,0.063710975771149,0.9480901559193929,0.944884717464447,0.9156650304794312,0.8655122756958008
final_20260804-224906_augmented_spots_train_e200_b20_lr0.0002_s1,?|Cu_logtif.h5|6203|26072|2799253,6,0.9001299738883972,0.825859010219574,0.06865668296813965,0.9605677326520284,0.9452256460984548,0.9157366454601288,0.8369241058826447
final_20260804-224906_augmented_spots_train_e200_b20_lr0.0002_s1,?|Cu_logtif.h5|2685|22552|2410200,3,0.905572235584259,0.8294576009114584,0.07400989532470703,0.9791448513666788,0.9788753986358643,0.9157811601956686,0.9004969477653504
final_20260804-224906_augmented_spots_train_e200_b20_lr0.0002_s1,?|Iron_logtif.h5|5860|5860|502525,3,0.8534010648727417,0.7946189641952515,0.021693540426592033,0.8403083483378092,0.8371443947156271,0.9158537785212199,0.8493298530578614
final_20260804-224906_augmented_spots_train_e200_b20_lr0.0002_s1,?|Ti7Al_logtif.h5|772|1754|717393,18,0.8852037654982673,0.8181702792644501,0.05337948755671581,0.9140289657645755,0.9009084867106544,0.9159121347798241,0.7783203125
final_20260804-224906_augmented_spots_train_e200_b20_lr0.0002_s1,?|Al_big_grains_logtif.h5|2400|2400|72755,3,0.8713000615437826,0.8147836327552795,0.03946703175703684,0.8933355013529459,0.8903532226880392,0.9159165223439535,0.8407536268234252
final_20260804-224906_augmented_spots_train_e200_b20_lr0.0002_s1,?|Ti7Al_logtif.h5|945|945|375962,10,0.8854718565940857,0.8145166516304017,0.05344582572579384,0.910520750284195,0.8762461304664612,0.9160130202770234,0.8464409947395325
final_20260804-224906_augmented_spots_train_e200_b20_lr0.0002_s1,?|Ti7Al_logtif.h5|875|1857|749985,5,0.8718587040901185,0.8051813840866089,0.03973243869841099,0.9699403166770935,0.9150632619857788,0.916063129901886,0.8626383543014526
final_20260804-224906_augmented_spots_train_e200_b20_lr0.0002_s1,?|Al_big_grains_logtif.h5|2160|7102|220146,3,0.883625328540802,0.8079474965731303,0.05139332450926304,0.9222099582354227,0.8456999460856119,0.9161159992218018,0.8933581113815308
final_20260804-224906_augmented_spots_train_e200_b20_lr0.0002_s1,?|Ti7Al_logtif.h5|194|194|64600,11,0.8896033601327376,0.8131246566772461,0.05731141787361015,0.9243916869163513,0.9209611849351362,0.9161459695209156,0.868918776512146
final_20260804-224906_augmented_spots_train_e200_b20_lr0.0002_s1,?|Ti7Al_logtif.h5|582|582|261708,10,0.9050567209720611,0.836968994140625,0.07266775462776423,0.8890238702297211,0.8721996963024139,0.916194474697113,0.8480269372463226
final_20260804-224906_augmented_spots_train_e200_b20_lr0.0002_s1,?|Iron_logtif.h5|1095|1095|97524,3,0.8947455088297526,0.8330030043919882,0.06221615398923556,0.8913008173306783,0.8904818495114645,0.9162646730740865,0.8377822160720825
final_20260804-224906_augmented_spots_train_e200_b20_lr0.0002_s1,?|Al_big_grains_logtif.h5|3247|8192|261057,3,0.9253523151079813,0.8695072730382284,0.09278221676747005,0.8448058764139811,0.8241956035296122,0.9162850578625997,0.8404504537582398
final_20260804-224906_augmented_spots_train_e200_b20_lr0.0002_s1,?|Iron_logtif.h5|1897|9596|858094,4,0.889261856675148,0.8070579320192337,0.05659462325274944,0.9703303724527359,0.9653235971927643,0.9163336306810379,0.8553543865680695
final_20260804-224906_augmented_spots_train_e200_b20_lr0.0002_s1,?|Iron_deformed_logtif.h5|204|484|2085595,43,0.891054303147072,0.81166880491168,0.058297990864619266,0.9512182169182356,0.9471369399580845,0.9163781529249146,0.87057523727417
final_20260804-224906_augmented_spots_train_e200_b20_lr0.0002_s1,?|Al_big_grains_logtif.h5|1489|1489|42760,5,0.8933633804321289,0.8251135230064393,0.06047102399170399,0.9019850373268128,0.8973661899566651,0.9164461851119995,0.8675951480865478
final_20260804-224906_augmented_spots_train_e200_b20_lr0.0002_s1,?|Iron_logtif.h5|2606|2606|221103,3,0.8786834478378296,0.8042391935984293,0.04568452201783657,0.9004362225532532,0.8970232407251993,0.9164994756380717,0.889720356464386
final_20260804-224906_augmented_spots_train_e200_b20_lr0.0002_s1,?|Cu_logtif.h5|7706|7706|818372,3,0.8564801017443339,0.7754212617874146,0.023471140923599403,0.9177457094192505,0.9044453303019205,0.916504442691803,0.8640530347824097
final_20260804-224906_augmented_spots_train_e200_b20_lr0.0002_s1,?|Ti7Al_logtif.h5|650|1632|675110,15,0.873727269967397,0.8051546931266784,0.04063593552758296,0.865867034594218,0.8584144731362661,0.9165456612904866,0.862325394153595
final_20260804-224906_augmented_spots_train_e200_b20_lr0.0002_s1,?|Ti7Al_logtif.h5|374|1356|530910,14,0.8844819366931915,0.8243038462741035,0.051116536504455974,0.8902465999126434,0.8882887789181301,0.9166826946394784,0.7999535083770752
final_20260804-224906_augmented_spots_train_e200_b20_lr0.0002_s1,?|Cu_logtif.h5|866|866|82562,3,0.8935960133870443,0.8108227451642355,0.060191882153352104,0.9846909840901693,0.9835491180419922,0.9167020718256632,0.9093579530715943
final_20260804-224906_augmented_spots_train_e200_b20_lr0.0002_s1,?|Ti7Al_logtif.h5|971|971|380237,12,0.8952309042215347,0.822051003575325,0.06177563996364673,0.9413812309503555,0.9362577249606451,0.9167276173830032,0.859378558397293
final_20260804-224906_augmented_spots_train_e200_b20_lr0.0002_s1,?|Al_big_grains_logtif.h5|3744|8687|276647,4,0.9173042178153992,0.8580844551324844,0.08369903732091188,0.9205394089221954,0.9171826541423798,0.9168026000261307,0.8584207177162171
final_20260804-224906_augmented_spots_train_e200_b20_lr0.0002_s1,?|Cu_logtif.h5|1983|21831|2328011,3,0.9081212679545084,0.835098147392273,0.07438103978832562,0.9707045157750448,0.9678000410397848,0.9168700774510702,0.8715122699737549
final_20260804-224906_augmented_spots_train_e200_b20_lr0.0002_s1,?|Iron_deformed_logtif.h5|49|329|1431667,40,0.8854816690087318,0.804033862054348,0.05171788115985691,0.9605663061141968,0.9581962540745735,0.9168818935751915,0.8656395554542542
final_20260804-224906_augmented_spots_train_e200_b20_lr0.0002_s1,?|Iron_logtif.h5|224|224|19517,3,0.8940497040748596,0.8180346091588339,0.06024626145760218,0.962841252485911,0.9501043558120728,0.916901707649231,0.8502821207046509
final_20260804-224906_augmented_spots_train_e200_b20_lr0.0002_s1,?|Iron_logtif.h5|3360|3360|280747,3,0.8925830920537313,0.8395224213600159,0.05864506307989359,0.9402847091356913,0.9398967027664185,0.9169690012931824,0.8376693844795227
final_20260804-224906_augmented_spots_train_e200_b20_lr0.0002_s1,?|Ti7Al_logtif.h5|366|366|137533,5,0.8966448545455933,0.8417513489723205,0.06266087554395199,0.9007365226745605,0.8910734832286835,0.9169919967651368,0.8267254710197449
final_20260804-224906_augmented_spots_train_e200_b20_lr0.0002_s1,?|Iron_deformed_logtif.h5|51|51|209757,36,0.8889982592728403,0.8125448814696736,0.054992720381253295,0.9738107257419162,0.9718553688791063,0.9170027689801322,0.8846855461597443
final_20260804-224906_augmented_spots_train_e200_b20_lr0.0002_s1,?|Al_big_grains_logtif.h5|2819|2819|88835,3,0.8903762499491373,0.8182729681332906,0.05622349803646406,0.939067006111145,0.9333777825037638,0.9170763691266378,0.8750599503517151
final_20260804-224906_augmented_spots_train_e200_b20_lr0.0002_s1,?|Cu_logtif.h5|7275|7275|777584,3,0.9139542977015177,0.8422262271245321,0.07975918799638748,0.9792238275210062,0.9777115980784098,0.9170975486437479,0.9084100365638733
final_20260804-224906_augmented_spots_train_e200_b20_lr0.0002_s1,?|Ti7Al_logtif.h5|401|1383|540988,9,0.9048047065734863,0.8387866682476468,0.07053963446782695,0.8916186756557889,0.8747451504071554,0.9171325100792779,0.8215223789215088
final_20260804-224906_augmented_spots_train_e200_b20_lr0.0002_s1,?|Ti7Al_logtif.h5|952|952|378529,13,0.9148065998004034,0.8508016375394968,0.08028301933350471,0.8930749022043668,0.8785665310346163,0.9172618022331824,0.8372947931289673
final_20260804-224906_augmented_spots_train_e200_b20_lr0.0002_s1,?|Ti7Al_logtif.h5|522|1504|626923,6,0.8961053192615509,0.8287765582402548,0.06154143096258243,0.9174540638923645,0.9154859085877737,0.9172819256782532,0.8472163081169128
final_20260804-224906_augmented_spots_train_e200_b20_lr0.0002_s1,?|Al_big_grains_logtif.h5|4020|8963|286548,3,0.9397915204366049,0.8881198167800903,0.10490949638187885,0.9007264971733093,0.8976914683977762,0.9174410303433737,0.8617239475250245
final_20260804-224906_augmented_spots_train_e200_b20_lr0.0002_s1,?|Ti7Al_logtif.h5|50|50|17309,13,0.8883917836042551,0.8210077469165509,0.0534806102156066,0.9110767428691571,0.9040295160733737,0.9174555769333472,0.8445527911186218
final_20260804-224906_augmented_spots_train_e200_b20_lr0.0002_s1,?|Ti7Al_logtif.h5|318|1300|503243,10,0.913054347038269,0.8477763533592224,0.07801147364079952,0.9315756499767304,0.8871029198169709,0.9175214350223542,0.8311397671699524
final_20260804-224906_augmented_spots_train_e200_b20_lr0.0002_s1,?|Iron_deformed_logtif.h5|140|140|523752,45,0.8828950259420607,0.7965723699993558,0.047834976845317415,0.9762062483363682,0.9734457612037659,0.9175300280253093,0.8691338658332824
final_20260804-224906_augmented_spots_train_e200_b20_lr0.0002_s1,?|Cu_logtif.h5|4718|24573|2628589,3,0.8992140889167786,0.8200242122014364,0.0638367806871732,0.9769144455591837,0.9644754727681478,0.9176886280377706,0.9069501161575317
final_20260804-224906_augmented_spots_train_e200_b20_lr0.0002_s1,?|Iron_logtif.h5|1353|9053|811898,5,0.8861398696899414,0.8081112980842591,0.05068465210497379,0.9136533737182617,0.9005851745605469,0.9177276134490967,0.8420372009277344
final_20260804-224906_augmented_spots_train_e200_b20_lr0.0002_s1,?|Iron_deformed_logtif.h5|132|412|1696549,40,0.9057532772421837,0.8361094579100609,0.07029569544829428,0.957094095647335,0.9543501824140549,0.9177287921309472,0.8581475138664245
final_20260804-224906_augmented_spots_train_e200_b20_lr0.0002_s1,?|Al_big_grains_logtif.h5|4810|4810|153332,3,0.8949773708979288,0.8387365142504374,0.059476579229036965,0.8800683617591858,0.8786696195602417,0.9177503983179728,0.870989727973938
final_20260804-224906_augmented_spots_train_e200_b20_lr0.0002_s1,?|Iron_logtif.h5|1937|9631|860313,3,0.9091007908185323,0.835516353448232,0.0735844870408376,0.9690836866696676,0.9686499436696371,0.9177581667900085,0.8998006105422973
final_20260804-224906_augmented_spots_train_e200_b20_lr0.0002_s1,?|Iron_logtif.h5|2490|2490|211252,3,0.9026679595311483,0.8294535080591837,0.0670484434813261,0.9270725647608439,0.9209805528322855,0.9178097446759542,0.8668865919113159
final_20260804-224906_augmented_spots_train_e200_b20_lr0.0002_s1,?|Iron_deformed_logtif.h5|251|531|2347270,44,0.8941123776815154,0.8231358433311636,0.05842902676456354,0.9655778441916812,0.9569504112005234,0.9178416742519899,0.8823878526687622
final_20260804-224906_augmented_spots_train_e200_b20_lr0.0002_s1,?|Al_big_grains_logtif.h5|1105|1105|31128,3,0.8892156283060709,0.8141279617945353,0.05346466849247614,0.9536121090253195,0.941453754901886,0.9178754687309265,0.868780791759491
final_20260804-224906_augmented_spots_train_e200_b20_lr0.0002_s1,?|Al_big_grains_logtif.h5|3106|3106|98724,3,0.898565411567688,0.8263322909673055,0.06278993686040242,0.9212918678919474,0.9075523416201273,0.9178877472877502,0.8438770532608032
final_20260804-224906_augmented_spots_train_e200_b20_lr0.0002_s1,?|Al_big_grains_logtif.h5|4439|9384|299076,3,0.8682455817858378,0.8027653296788534,0.03242516207198302,0.9028690854708353,0.8844390908877054,0.9179102381070455,0.888604748249054
final_20260804-224906_augmented_spots_train_e200_b20_lr0.0002_s1,?|Iron_logtif.h5|2488|10185|905456,3,0.8811546564102173,0.8155151605606079,0.04525402126212915,0.8734084765116373,0.8698850671450297,0.9179502924283346,0.8805678367614747
final_20260804-224906_augmented_spots_train_e200_b20_lr0.0002_s1,?|Ti7Al_logtif.h5|296|296|109506,10,0.8736341714859008,0.8137670814990997,0.03771623075008392,0.9133626461029053,0.9101479768753051,0.9179589688777924,0.8095489561557769
final_20260804-224906_augmented_spots_train_e200_b20_lr0.0002_s1,?|Iron_deformed_logtif.h5|206|206|869602,42,0.9029940593810308,0.8289304106008439,0.06699479293699066,0.9543829091957637,0.9499435921510061,0.9179996365592593,0.847326683998108
final_20260804-224906_augmented_spots_train_e200_b20_lr0.0002_s1,?|Iron_deformed_logtif.h5|107|107|393239,40,0.8928641550242901,0.8188836961984635,0.05667730709537864,0.9668314613401889,0.962879866361618,0.9180934235453606,0.8735421001911163
final_20260804-224906_augmented_spots_train_e200_b20_lr0.0002_s1,?|Ti7Al_logtif.h5|802|1784|730179,12,0.8652681261301041,0.8102064182360967,0.028971741752078135,0.895236017803351,0.8904353578885397,0.9181481997172037,0.8768173575401306
final_20260804-224906_augmented_spots_train_e200_b20_lr0.0002_s1,?|Ti7Al_logtif.h5|889|889|358303,4,0.8887479156255722,0.8090991675853729,0.05237359646707773,0.9733373820781708,0.9646529853343964,0.918187141418457,0.8823132455348969
final_20260804-224906_augmented_spots_train_e200_b20_lr0.0002_s1,?|Al_big_grains_logtif.h5|2086|2086|62284,5,0.8970890998840332,0.8321816563606262,0.0606664776802063,0.9249074578285217,0.9180358648300171,0.9182113289833069,0.875999641418457
final_20260804-224906_augmented_spots_train_e200_b20_lr0.0002_s1,?|Al_big_grains_logtif.h5|1887|1887|55809,3,0.9020173947016398,0.8350123961766561,0.06522169709205627,0.9640583992004395,0.8843619624773661,0.918397843837738,0.885807740688324
final_20260804-224906_augmented_spots_train_e200_b20_lr0.0002_s1,?|Ti7Al_logtif.h5|775|1756|717561,11,0.893764159896157,0.827678149396723,0.0569546033882282,0.9179818521846425,0.9151398756287314,0.9184047688137401,0.8925126791000366
final_20260804-224906_augmented_spots_train_e200_b20_lr0.0002_s1,?|Iron_logtif.h5|7550|15245|1377285,5,0.8930931925773621,0.8201312899589539,0.0562351344153285,0.9107818007469177,0.8787622928619385,0.9184290409088135,0.8453370690345764
final_20260804-224906_augmented_spots_train_e200_b20_lr0.0002_s1,?|Cu_logtif.h5|8730|28589|3045638,3,0.8966280420621237,0.8144247929255167,0.05976700223982334,0.9495591918627421,0.9379467169443766,0.9184305469195048,0.8967084884643555
final_20260804-224906_augmented_spots_train_e200_b20_lr0.0002_s1,?|Al_big_grains_logtif.h5|3758|3758|121709,3,0.8763584097226461,0.795163631439209,0.03946266726901134,0.9815802176793417,0.9744147062301636,0.9184478720029196,0.8996485114097595
final_20260804-224906_augmented_spots_train_e200_b20_lr0.0002_s1,?|Ti7Al_logtif.h5|642|642|283299,15,0.8919416824976604,0.8163851698239645,0.054999954005082445,0.905894919236501,0.8953839063644409,0.918470847606659,0.8375163674354553
final_20260804-224906_augmented_spots_train_e200_b20_lr0.0002_s1,?|Ti7Al_logtif.h5|974|1956|787651,6,0.8831334213415781,0.8393809497356415,0.0460805476953586,0.910838117202123,0.9079312980175018,0.9185264607270559,0.8142844140529633
final_20260804-224906_augmented_spots_train_e200_b20_lr0.0002_s1,?|Cu_logtif.h5|8022|27888|2984354,3,0.8971317211786906,0.8163863023122152,0.06000799437363943,0.9740884701410929,0.9736290574073792,0.9185618956883749,0.904286241531372
final_20260804-224906_augmented_spots_train_e200_b20_lr0.0002_s1,?|Ti7Al_logtif.h5|496|496|224676,20,0.8969270050525665,0.8261781513690949,0.05965279322117567,0.911893630027771,0.9033359110355377,0.9186371117830276,0.856625747680664
final_20260804-224906_augmented_spots_train_e200_b20_lr0.0002_s1,?|Cu_logtif.h5|4837|4837|512534,3,0.9035155574480692,0.8294032414754232,0.06619727363189061,0.9794547160466512,0.9739389618237814,0.9186591506004333,0.8791732549667358
final_20260804-224906_augmented_spots_train_e200_b20_lr0.0002_s1,?|Iron_deformed_logtif.h5|154|154|621143,32,0.8996658474206924,0.8249098602682352,0.062280644779093564,0.9620429091155529,0.9511251021176577,0.9186926018446684,0.8732232928276062
final_20260804-224906_augmented_spots_train_e200_b20_lr0.0002_s1,?|Iron_logtif.h5|5096|12790|1128144,3,0.8925503492355347,0.8185723821322123,0.05508104215065638,0.9238303502400717,0.9197550415992737,0.9187346696853638,0.8852673292160034
final_20260804-224906_augmented_spots_train_e200_b20_lr0.0002_s1,?|Cu_logtif.h5|18711|18711|1970140,3,0.9011861085891724,0.8252600034077963,0.06350264449914296,0.9660405317942301,0.9453107913335165,0.9188417196273804,0.883477759361267
final_20260804-224906_augmented_spots_train_e200_b20_lr0.0002_s1,?|Ti7Al_logtif.h5|860|1842|746270,19,0.8914631840429807,0.8204654329701474,0.05376581558467526,0.9357063676181593,0.9160845781627455,0.9188486808224728,0.8735216498374939
final_20260804-224906_augmented_spots_train_e200_b20_lr0.0002_s1,?|Al_big_grains_logtif.h5|934|5879|181668,4,0.8852780908346176,0.8028412312269211,0.0473291571252048,0.9572124034166336,0.9479086101055145,0.918974444270134,0.8761706113815307
final_20260804-224906_augmented_spots_train_e200_b20_lr0.0002_s1,?|Iron_logtif.h5|2388|2388|203179,3,0.8613815506299337,0.7953073183695475,0.023282350972294807,0.9715426762898763,0.8357867399851481,0.9190495808919271,0.8545026063919068
final_20260804-224906_augmented_spots_train_e200_b20_lr0.0002_s1,?|Cu_logtif.h5|13157|13157|1339929,3,0.9020693500836691,0.8228706320126852,0.06395680581529935,0.982525110244751,0.9814125498135885,0.9190562963485718,0.8966287851333619
final_20260804-224906_augmented_spots_train_e200_b20_lr0.0002_s1,?|Al_big_grains_logtif.h5|1373|1373|39162,4,0.8851908594369888,0.8186782896518707,0.047020481899380684,0.8978836834430695,0.8887985199689865,0.9190851897001266,0.8518884718418122
final_20260804-224906_augmented_spots_train_e200_b20_lr0.0002_s1,?|Iron_logtif.h5|2785|2785|236274,3,0.8903872966766357,0.8184618751207987,0.05217184002200762,0.8984611431757609,0.8894577622413635,0.9191077351570129,0.8847964644432068
final_20260804-224906_augmented_spots_train_e200_b20_lr0.0002_s1,?|Iron_logtif.h5|6174|13870|1229823,3,0.9016797145207723,0.8262602090835571,0.0633713627854983,0.9762428601582845,0.9757409890492758,0.919154167175293,0.9041924953460694
final_20260804-224906_augmented_spots_train_e200_b20_lr0.0002_s1,?|Iron_logtif.h5|2759|10458|930104,4,0.8988081961870193,0.8333455622196198,0.06048190826550126,0.9597770869731903,0.947144627571106,0.9191631376743317,0.8353668034076691
final_20260804-224906_augmented_spots_train_e200_b20_lr0.0002_s1,?|Iron_logtif.h5|1945|1945|166387,5,0.9136645555496216,0.8434156894683837,0.07532218433916568,0.9443693161010742,0.9426138877868653,0.9191711902618408,0.8875480175018311
final_20260804-224906_augmented_spots_train_e200_b20_lr0.0002_s1,?|Iron_logtif.h5|4191|11885|1046310,3,0.899811307589213,0.8182879686355591,0.061418493588765465,0.9792355895042419,0.9735646843910217,0.9191963871320089,0.8929870367050171
final_20260804-224906_augmented_spots_train_e200_b20_lr0.0002_s1,?|Iron_logtif.h5|1030|8727|785396,3,0.8807018597920736,0.8015722235043844,0.04230811384816965,0.9587805867195129,0.9477318723996481,0.9191968441009521,0.8844343662261963
final_20260804-224906_augmented_spots_train_e200_b20_lr0.0002_s1,?|Iron_deformed_logtif.h5|12|292|1278087,38,0.9064382440165469,0.8360754690672222,0.06802111060211533,0.9551630490704587,0.9498282404322373,0.9192085626878237,0.8590146601200104
final_20260804-224906_augmented_spots_train_e200_b20_lr0.0002_s1,?|Al_big_grains_logtif.h5|1284|6229|192404,3,0.865218460559845,0.8079812526702881,0.02668714274962743,0.8966247042020162,0.8954994877179464,0.9192656675974528,0.8582910060882568
final_20260804-224906_augmented_spots_train_e200_b20_lr0.0002_s1,?|Iron_deformed_logtif.h5|35|315|1350863,36,0.9003690464629067,0.8265002088414298,0.06176338246506122,0.9546795950995551,0.946539001332389,0.9193028377162086,0.8708274662494659
final_20260804-224906_augmented_spots_train_e200_b20_lr0.0002_s1,?|Cu_logtif.h5|13493|33346|3511653,4,0.9107345193624496,0.8374728858470917,0.07208639988675714,0.9700730293989182,0.968938022851944,0.9193240702152252,0.8853736639022827
final_20260804-224906_augmented_spots_train_e200_b20_lr0.0002_s1,?|Iron_logtif.h5|4650|4650|387820,3,0.9226586818695068,0.8601574897766113,0.08396742306649685,0.9229589899381002,0.9212469061215719,0.9193455974260966,0.8636712551116943
final_20260804-224906_augmented_spots_train_e200_b20_lr0.0002_s1,?|Iron_deformed_logtif.h5|182|462|1956497,34,0.8845513349070269,0.8181647579459583,0.0458518426920123,0.9432643389000612,0.9245478949126076,0.9193497440394234,0.8468524754047394
final_20260804-224906_augmented_spots_train_e200_b20_lr0.0002_s1,?|Ti7Al_logtif.h5|293|293|108194,10,0.900130033493042,0.8331624627113342,0.06139321308583021,0.9054150342941284,0.8945309281349182,0.9193684101104737,0.8232042908668518
final_20260804-224906_augmented_spots_train_e200_b20_lr0.0002_s1,?|Al_big_grains_logtif.h5|3912|3912|127266,3,0.927709956963857,0.8709376056989034,0.08886985729138057,0.9066697557767233,0.9014145930608114,0.919420063495636,0.8847326874732971
final_20260804-224906_augmented_spots_train_e200_b20_lr0.0002_s1,?|Al_big_grains_logtif.h5|824|824|21813,6,0.9048623045285543,0.8393177390098572,0.06598628840098779,0.9405616422494253,0.9249245921770731,0.9194380144278208,0.8519549667835236
final_20260804-224906_augmented_spots_train_e200_b20_lr0.0002_s1,?|Iron_deformed_logtif.h5|133|133|467660,33,0.8953328096505367,0.8193355031085737,0.05636535686525432,0.9534082566246842,0.9407457871870561,0.9194837248686588,0.8678710222244262
final_20260804-224906_augmented_spots_train_e200_b20_lr0.0002_s1,?|Al_big_grains_logtif.h5|1631|1631|47104,3,0.8867739836374918,0.817360520362854,0.04763162725915512,0.8034712274869283,0.7932517727216085,0.9195711811383566,0.8838797092437745
final_20260804-224906_augmented_spots_train_e200_b20_lr0.0002_s1,?|Al_big_grains_logtif.h5|4633|4633|149272,3,0.9245175917943319,0.8644465605417887,0.08534891903400421,0.85052490234375,0.8462685743967692,0.919584333896637,0.8578411221504212
final_20260804-224906_augmented_spots_train_e200_b20_lr0.0002_s1,?|Iron_logtif.h5|4899|12596|1110547,3,0.9041629632314047,0.8329445521036783,0.06490720932682355,0.9693310062090555,0.9068126479784647,0.919627865155538,0.8744239449501038
final_20260804-224906_augmented_spots_train_e200_b20_lr0.0002_s1,?|Iron_logtif.h5|2759|2759|234931,5,0.904319417476654,0.8340201616287232,0.06497500464320183,0.9569247364997864,0.9052328705787659,0.9196722149848938,0.8592913031578064
final_20260804-224906_augmented_spots_train_e200_b20_lr0.0002_s1,?|Iron_logtif.h5|3650|3650|303416,4,0.9117984026670456,0.8435444533824921,0.07213818561285734,0.9399329274892807,0.9364151358604431,0.9198301285505295,0.8729815721511841
final_20260804-224906_augmented_spots_train_e200_b20_lr0.0002_s1,?|Iron_deformed_logtif.h5|205|485|2104516,39,0.8943891586401523,0.8163360617099664,0.05468911367158095,0.9638343101892716,0.961545664530534,0.9198500223648853,0.8636027336120605
final_20260804-224906_augmented_spots_train_e200_b20_lr0.0002_s1,?|Al_big_grains_logtif.h5|1014|1014|28147,5,0.8673754692077636,0.8015840649604797,0.02752505335956812,0.936592984199524,0.8806539654731751,0.9199252009391785,0.853441035747528
final_20260804-224906_augmented_spots_train_e200_b20_lr0.0002_s1,?|Iron_logtif.h5|4781|4781|401600,3,0.8890591661135355,0.8109062314033508,0.04916528860727946,0.9338132739067078,0.9280033508936564,0.9199469486872355,0.8609812498092652
final_20260804-224906_augmented_spots_train_e200_b20_lr0.0002_s1,?|Cu_logtif.h5|12585|32451|3409942,3,0.9140791495641073,0.841867725054423,0.07391903549432755,0.9811502893765768,0.9808583656946818,0.9200800259908041,0.9024711847305298
final_20260804-224906_augmented_spots_train_e200_b20_lr0.0002_s1,?|Iron_deformed_logtif.h5|115|115|401831,43,0.9049914396086405,0.834880015184713,0.06468970835382162,0.9441514638967292,0.94034105262091,0.9201508621836818,0.8527125597000123
final_20260804-224906_augmented_spots_train_e200_b20_lr0.0002_s1,?|Al_big_grains_logtif.h5|85|85|3793,5,0.8661696791648865,0.7968483448028565,0.025827337242662906,0.8977118372917176,0.8959662914276123,0.9201711535453796,0.8527562856674195
final_20260804-224906_augmented_spots_train_e200_b20_lr0.0002_s1,?|Ti7Al_logtif.h5|92|1074|414687,11,0.9106629978526722,0.8609914237802679,0.07030889510431072,0.9129700877449729,0.9117259952155027,0.9201770587400957,0.8555781841278076
final_20260804-224906_augmented_spots_train_e200_b20_lr0.0002_s1,?|Iron_logtif.h5|208|208|18644,5,0.9034355401992797,0.8276910901069641,0.06305995248258114,0.9445105075836182,0.9425734996795654,0.920187771320343,0.8704614877700806
final_20260804-224906_augmented_spots_train_e200_b20_lr0.0002_s1,?|Cu_logtif.h5|5443|5443|580695,3,0.9149311780929565,0.8435078263282776,0.07444498439629872,0.982154905796051,0.9821468989054362,0.9202431042989095,0.8969268679618836
final_20260804-224906_augmented_spots_train_e200_b20_lr0.0002_s1,?|Ti7Al_logtif.h5|873|1855|749785,10,0.8891323536634446,0.8293923914432526,0.04847348546609283,0.9222404807806015,0.9036365136504173,0.9203294336795806,0.8617805123329163
final_20260804-224906_augmented_spots_train_e200_b20_lr0.0002_s1,?|Iron_logtif.h5|65|7762|700560,3,0.9122718572616577,0.851815938949585,0.07150887822111447,0.920577863852183,0.9198408325513204,0.920381486415863,0.8772868871688843
final_20260804-224906_augmented_spots_train_e200_b20_lr0.0002_s1,?|Al_big_grains_logtif.h5|1573|1573|45553,6,0.8788756926854452,0.836392323176066,0.03807492290313045,0.8955090045928955,0.8950824936230978,0.9204003711541494,0.8211216330528259
final_20260804-224906_augmented_spots_train_e200_b20_lr0.0002_s1,?|Iron_logtif.h5|7050|7050|624692,4,0.8677991479635239,0.8011336922645569,0.026960342889651656,0.8267942816019058,0.8172499090433121,0.9204194098711014,0.8559749186038971
final_20260804-224906_augmented_spots_train_e200_b20_lr0.0002_s1,?|Ti7Al_logtif.h5|452|1434|591278,17,0.8988096854265999,0.8406633559395286,0.05792525859878344,0.9191413732135997,0.9122740871766034,0.9204422095242668,0.8721848487854004
final_20260804-224906_augmented_spots_train_e200_b20_lr0.0002_s1,?|Ti7Al_logtif.h5|833|833|348760,7,0.8931741118431091,0.8253093021256583,0.052286362541573386,0.926656152520861,0.9197819318090167,0.9204438839639936,0.8657832145690918
final_20260804-224906_augmented_spots_train_e200_b20_lr0.0002_s1,?|Ti7Al_logtif.h5|630|630|282401,14,0.9042237954480308,0.8327494604246957,0.06332869229039975,0.940802778516497,0.9293597723756518,0.9204475581645966,0.8544781386852265
final_20260804-224906_augmented_spots_train_e200_b20_lr0.0002_s1,?|Iron_logtif.h5|3588|3588|297195,3,0.9035614927609762,0.8299654722213745,0.06248944749434789,0.9403660297393799,0.9349167346954346,0.9205360412597656,0.9117017269134522
final_20260804-224906_augmented_spots_train_e200_b20_lr0.0002_s1,?|Ti7Al_logtif.h5|121|1104|427363,12,0.9113104591766993,0.8504200130701065,0.06974170077592134,0.9395933449268341,0.9176696638266245,0.9207843939463297,0.8263486683368683
final_20260804-224906_augmented_spots_train_e200_b20_lr0.0002_s1,?|Ti7Al_logtif.h5|84|1066|411596,7,0.900331974029541,0.828536834035601,0.05872133853180068,0.9609725815909249,0.9507377658571515,0.9208053180149623,0.8646116852760315
final_20260804-224906_augmented_spots_train_e200_b20_lr0.0002_s1,?|Iron_logtif.h5|3662|11357|1000472,3,0.909584661324819,0.8373503883679708,0.067682604615887,0.9631484746932983,0.9619009494781494,0.9209510286649069,0.9005027294158936
final_20260804-224906_augmented_spots_train_e200_b20_lr0.0002_s1,?|Al_big_grains_logtif.h5|2695|2695|83189,4,0.9140497893095016,0.8460259586572647,0.07212628796696663,0.9609729796648026,0.9587890952825546,0.9209617674350739,0.8900204777717591
final_20260804-224906_augmented_spots_train_e200_b20_lr0.0002_s1,?|Iron_deformed_logtif.h5|132|132|456107,34,0.9011609843548607,0.8322706660803627,0.05909157988122281,0.9495290026945227,0.9469452062073875,0.9210346972241121,0.8598056554794311
final_20260804-224906_augmented_spots_train_e200_b20_lr0.0002_s1,?|Iron_logtif.h5|1648|9345|839173,4,0.8961892575025558,0.8220950067043304,0.054063597694039345,0.951192170381546,0.9427478611469269,0.9210628420114517,0.8573632836341858
final_20260804-224906_augmented_spots_train_e200_b20_lr0.0002_s1,?|IN718_twins_logtif.h5|1085|1085|90901,7,0.9160943031311035,0.8829102516174316,0.07389133370348386,0.930188604763576,0.902774167912347,0.9211014934948513,0.7899173617362977
final_20260804-224906_augmented_spots_train_e200_b20_lr0.0002_s1,?|Ti7Al_logtif.h5|662|662|290785,16,0.8982514142990112,0.8249562457203865,0.05603738606441766,0.9338815547525883,0.9266591295599937,0.9211070090532303,0.8518666326999664
final_20260804-224906_augmented_spots_train_e200_b20_lr0.0002_s1,?|Al_big_grains_logtif.h5|4767|9710|308758,3,0.9085360964139303,0.8485507567723592,0.06631380009154479,0.9401113192240397,0.8646688461303711,0.9211111466089884,0.8396925449371337
final_20260804-224906_augmented_spots_train_e200_b20_lr0.0002_s1,?|Ti7Al_logtif.h5|701|1682|697539,9,0.8965647021929423,0.8540892269876268,0.05434040373398198,0.893704785241021,0.8912871215078566,0.921112146642473,0.8085610508918762
final_20260804-224906_augmented_spots_train_e200_b20_lr0.0002_s1,?|Iron_logtif.h5|3322|3322|276980,3,0.9030757943789164,0.8280394673347473,0.06080173701047897,0.9258886973063151,0.9218250115712484,0.9211370150248209,0.8849419355392456
final_20260804-224906_augmented_spots_train_e200_b20_lr0.0002_s1,?|Al_big_grains_logtif.h5|1581|1581|45709,3,0.9094602664311727,0.8387258648872375,0.06716130301356316,0.9155966639518738,0.9062105814615885,0.921149472395579,0.8791316986083985
final_20260804-224906_augmented_spots_train_e200_b20_lr0.0002_s1,?|Iron_logtif.h5|5242|12940|1142625,4,0.8915174007415771,0.8180762082338333,0.04909620527178049,0.9421670734882355,0.9387919902801514,0.9212106168270111,0.8535333335399627
final_20260804-224906_augmented_spots_train_e200_b20_lr0.0002_s1,?|Iron_logtif.h5|3024|3024|253847,3,0.911553422609965,0.845663865407308,0.06908727437257767,0.9079229633013407,0.8932314515113831,0.921233077843984,0.9038649916648864
final_20260804-224906_augmented_spots_train_e200_b20_lr0.0002_s1,?|Iron_logtif.h5|1433|1433|124939,3,0.9148027499516805,0.8448513348897299,0.07224464478592078,0.9454121788342794,0.9444789091746012,0.9212790330251058,0.8769874215126038
final_20260804-224906_augmented_spots_train_e200_b20_lr0.0002_s1,?|Cu_logtif.h5|8724|8724|911727,3,0.9053712884585062,0.8281510869661967,0.0627808968226115,0.9816067218780518,0.9806779026985168,0.92129518588384,0.9203062415122986
final_20260804-224906_augmented_spots_train_e200_b20_lr0.0002_s1,?|Iron_logtif.h5|4909|12609|1111715,3,0.9066375096638998,0.8330656886100769,0.06393652409315109,0.9567933877309164,0.9413866996765137,0.9213504791259766,0.8966444730758667
final_20260804-224906_augmented_spots_train_e200_b20_lr0.0002_s1,?|Cu_logtif.h5|16732|36601|3890762,4,0.9018332660198212,0.8249672502279282,0.058842187747359276,0.951390728354454,0.9496024549007416,0.9214955270290375,0.9002374529838562
final_20260804-224906_augmented_spots_train_e200_b20_lr0.0002_s1,?|Cu_logtif.h5|1149|21012|2236088,3,0.8904402454694113,0.8067722717920939,0.047266353542606034,0.9756190379460653,0.9722998340924581,0.9215869506200155,0.9018995285034179
final_20260804-224906_augmented_spots_train_e200_b20_lr0.0002_s1,?|Iron_deformed_logtif.h5|110|110|397097,43,0.8994610933370368,0.8340527006359988,0.056241653513076695,0.9547172951143842,0.9437243051307146,0.9216097163599591,0.8504426121711731
final_20260804-224906_augmented_spots_train_e200_b20_lr0.0002_s1,?|Iron_logtif.h5|6251|6251|545040,3,0.8995204170544943,0.829181969165802,0.05610625445842743,0.9138528108596802,0.8934359749158224,0.9217070539792379,0.8673201084136963
final_20260804-224906_augmented_spots_train_e200_b20_lr0.0002_s1,?|Iron_logtif.h5|3294|10992|971242,4,0.8862758725881577,0.8145972937345505,0.0423268536105752,0.9661016166210175,0.959359735250473,0.9219744950532913,0.8838442504405976
final_20260804-224906_augmented_spots_train_e200_b20_lr0.0002_s1,?|Al_big_grains_logtif.h5|4358|4358|140859,3,0.8729895353317261,0.8131759166717529,0.02879070428510507,0.9651824235916138,0.8400678634643555,0.9220994114875793,0.8697296500205993
final_20260804-224906_augmented_spots_train_e200_b20_lr0.0002_s1,?|Ti7Al_logtif.h5|884|1868|752172,11,0.9018004699186846,0.8349959037520669,0.057434043593027374,0.9250021522695367,0.917197888547724,0.9221832101995294,0.8747653961181641
final_20260804-224906_augmented_spots_train_e200_b20_lr0.0002_s1,?|Cu_logtif.h5|8321|28199|3012168,5,0.9061841011047364,0.8293703913688659,0.061653516441583636,0.9860152244567871,0.9856172561645508,0.9222653031349182,0.8899287343025207
final_20260804-224906_augmented_spots_train_e200_b20_lr0.0002_s1,?|Al_big_grains_logtif.h5|2622|2622|80734,4,0.8999372720718384,0.822044238448143,0.055095821619033813,0.9481981545686722,0.888040229678154,0.9224206954240799,0.8780752003192902
final_20260804-224906_augmented_spots_train_e200_b20_lr0.0002_s1,?|Iron_deformed_logtif.h5|66|346|1504132,36,0.9084549893935522,0.8374985572364595,0.06348558484266202,0.9689131130774816,0.963695670167605,0.9224847025341458,0.8692082762718201
final_20260804-224906_augmented_spots_train_e200_b20_lr0.0002_s1,?|Ti7Al_logtif.h5|5|987|387702,14,0.8951164398874555,0.8258098704474313,0.04999139219788568,0.9429150181157249,0.9367543927260807,0.9225625268050602,0.8212054610252381
final_20260804-224906_augmented_spots_train_e200_b20_lr0.0002_s1,?|Ti7Al_logtif.h5|811|811|339145,7,0.9003155742372785,0.8305862035070147,0.05519034527242184,0.9349176457950047,0.927020822252546,0.9225625906671796,0.855166244506836
final_20260804-224906_augmented_spots_train_e200_b20_lr0.0002_s1,?|Al_big_grains_logtif.h5|581|5527|171730,4,0.8864252120256424,0.8218190670013428,0.041260210797190666,0.9130158871412277,0.9107857048511505,0.9225824773311615,0.8848556399345398
final_20260804-224906_augmented_spots_train_e200_b20_lr0.0002_s1,?|Ti7Al_logtif.h5|811|1793|732676,16,0.8936080187559128,0.8237833231687546,0.04842736694263294,0.9336216263473034,0.9307907037436962,0.9225903302431107,0.8426010012626648
final_20260804-224906_augmented_spots_train_e200_b20_lr0.0002_s1,?|Al_big_grains_logtif.h5|3823|3823|124232,3,0.87307741244634,0.8284768660863241,0.027884894981980324,0.8338324228922526,0.8336856166521708,0.922596255938212,0.8470260739326477
final_20260804-224906_augmented_spots_train_e200_b20_lr0.0002_s1,?|Al_segvol.h5|1959|1959|10789,3,0.8905310233434042,0.8210448026657104,0.04511760796109835,0.9241829713185629,0.9053654472033182,0.9227067033449808,0.847495722770691
final_20260804-224906_augmented_spots_train_e200_b20_lr0.0002_s1,?|Ti7Al_logtif.h5|173|173|56465,10,0.9111513197422028,0.8489799857139587,0.06571416351944208,0.9246086120605469,0.9179910063743592,0.9227185904979706,0.8824877560138702
final_20260804-224906_augmented_spots_train_e200_b20_lr0.0002_s1,?|Iron_logtif.h5|4613|12308|1081176,3,0.9091325799624125,0.8428766131401062,0.06362790241837502,0.9135182499885559,0.9057961503664652,0.9227523406346639,0.8817586779594422
final_20260804-224906_augmented_spots_train_e200_b20_lr0.0002_s1,?|Iron_logtif.h5|3780|3780|317714,3,0.9214924176534017,0.8578210870424906,0.07595699032147725,0.9350493748982748,0.9324375788370768,0.922767718633016,0.8642409086227417
final_20260804-224906_augmented_spots_train_e200_b20_lr0.0002_s1,?|Al_big_grains_logtif.h5|1332|6276|194304,5,0.8972938895225525,0.8203086972236633,0.05168907642364502,0.9532346487045288,0.9516197562217712,0.9228024125099182,0.8820038318634034
final_20260804-224906_augmented_spots_train_e200_b20_lr0.0002_s1,?|Iron_logtif.h5|2303|9999|889411,3,0.9121751189231873,0.8486423095067342,0.06649082526564598,0.9650923212369283,0.9529829422632853,0.9228421449661255,0.8798040628433228
final_20260804-224906_augmented_spots_train_e200_b20_lr0.0002_s1,?|Iron_logtif.h5|2564|10265|911801,3,0.917543629805247,0.8516149719556173,0.0717826175192992,0.9638964136441549,0.9613105058670044,0.922880490620931,0.8854724884033203
final_20260804-224906_augmented_spots_train_e200_b20_lr0.0002_s1,?|Iron_logtif.h5|2365|10063|895007,3,0.9015959103902181,0.8330194552739462,0.055704222371180855,0.9363981882731119,0.935829222202301,0.9229458371798197,0.8764394402503968
final_20260804-224906_augmented_spots_train_e200_b20_lr0.0002_s1,?|Al_big_grains_logtif.h5|219|5163|163889,6,0.8738147566715876,0.8361347069342931,0.027842146654923756,0.9079849123954773,0.9077704946200053,0.9229863186677297,0.8406602442264557
final_20260804-224906_augmented_spots_train_e200_b20_lr0.0002_s1,?|Al_big_grains_logtif.h5|2368|2368|71758,7,0.9038727964673724,0.8334304775510516,0.05784730799496174,0.925475708075932,0.9143796137401036,0.9230127675192696,0.8754677772521973
final_20260804-224906_augmented_spots_train_e200_b20_lr0.0002_s1,?|Iron_logtif.h5|5063|12765|1125887,5,0.912149453163147,0.8490345239639282,0.0661206677556038,0.9619964361190796,0.9561988115310669,0.9230143904685975,0.8478711128234864
final_20260804-224906_augmented_spots_train_e200_b20_lr0.0002_s1,?|Iron_logtif.h5|2278|9976|888160,3,0.9242507815361023,0.8647588690121969,0.0781314770380656,0.9705432454744974,0.9644856850306193,0.9230596621831259,0.884639585018158
final_20260804-224906_augmented_spots_train_e200_b20_lr0.0002_s1,?|Iron_logtif.h5|3981|11676|1026436,3,0.9016489783922831,0.8253535032272339,0.055409650628765426,0.9490191340446472,0.9400903582572937,0.9231196641921997,0.8990251779556274
final_20260804-224906_augmented_spots_train_e200_b20_lr0.0002_s1,?|Cu_logtif.h5|18984|18984|1996661,3,0.8952805201212565,0.8113712072372437,0.0488976314663887,0.9913415710131327,0.9912280440330505,0.9231914679209391,0.912065863609314
final_20260804-224906_augmented_spots_train_e200_b20_lr0.0002_s1,?|Ti7Al_logtif.h5|344|1326|512334,11,0.8981713544238697,0.829766338521784,0.05168848738751628,0.9026299552483992,0.8892783901908181,0.9232414310628717,0.9043234586715698
final_20260804-224906_augmented_spots_train_e200_b20_lr0.0002_s1,?|Cu_logtif.h5|6658|26525|2849420,7,0.911137981074197,0.8403687306812831,0.06437381463391441,0.9654850959777832,0.9626619986125401,0.9233820949281965,0.8869828820228577
final_20260804-224906_augmented_spots_train_e200_b20_lr0.0002_s1,?|Iron_deformed_logtif.h5|6|6|18468,44,0.9114232970909639,0.8430495682087812,0.06464967144314539,0.9612976285544309,0.9577446932142432,0.923386810855432,0.8618598818778992
final_20260804-224906_augmented_spots_train_e200_b20_lr0.0002_s1,?|Cu_logtif.h5|13562|13562|1385628,3,0.8946261803309122,0.8215143879254659,0.04783953415850798,0.9465312361717224,0.9457914034525553,0.9233933289845785,0.8929350256919861
final_20260804-224906_augmented_spots_train_e200_b20_lr0.0002_s1,?|Iron_logtif.h5|7426|15124|1364943,3,0.9190924167633057,0.851318379243215,0.07228830829262733,0.976437489191691,0.9710281093915304,0.9234020511309305,0.8959473490715026
final_20260804-224906_augmented_spots_train_e200_b20_lr0.0002_s1,?|Iron_deformed_logtif.h5|222|502|2239052,40,0.8887575641274452,0.8126729100942611,0.041938921366818246,0.9540217563509941,0.9434203207492828,0.9234093204140663,0.829175990819931
final_20260804-224906_augmented_spots_train_e200_b20_lr0.0002_s1,?|Ti7Al_logtif.h5|22|1004|395052,12,0.8981917724013329,0.8499820530414581,0.05126691935583949,0.9088958079616228,0.8969558080037435,0.9234624107678732,0.8360517740249633
final_20260804-224906_augmented_spots_train_e200_b20_lr0.0002_s1,?|Ti7Al_logtif.h5|614|1595|667883,14,0.8978441144738879,0.8386566979544503,0.05079635299210038,0.9326537592070443,0.9297909608909062,0.9235238816056933,0.8481910467147827
final_20260804-224906_augmented_spots_train_e200_b20_lr0.0002_s1,?|Al_big_grains_logtif.h5|510|5451|170231,3,0.9015268882115682,0.8324184616406759,0.05447329767048359,0.935487429300944,0.9290278355280558,0.9235267837842306,0.9031282901763916
final_20260804-224906_augmented_spots_train_e200_b20_lr0.0002_s1,?|Al_big_grains_logtif.h5|77|5018|159673,4,0.8929198086261749,0.8208983391523361,0.04580141697078943,0.9661598652601242,0.9161411821842194,0.9235592037439346,0.8670835077762604
final_20260804-224906_augmented_spots_train_e200_b20_lr0.0002_s1,?|Al_big_grains_logtif.h5|1665|6606|203984,3,0.8985419273376465,0.8263787825902303,0.05134911586840948,0.9466943144798279,0.9413323005040487,0.9235964218775431,0.8685585975646972
final_20260804-224906_augmented_spots_train_e200_b20_lr0.0002_s1,?|Iron_logtif.h5|6293|13992|1242947,3,0.8720334768295288,0.7926583488782247,0.02477728792776664,0.9074571331342062,0.8629173239072164,0.9236280719439188,0.90708429813385
final_20260804-224906_augmented_spots_train_e200_b20_lr0.0002_s1,?|Iron_logtif.h5|1063|1063|94985,3,0.9285032153129578,0.8677052060763041,0.0810927323376139,0.9429980317751566,0.9400571783383688,0.9237052400906881,0.8900328040122986
final_20260804-224906_augmented_spots_train_e200_b20_lr0.0002_s1,?|Iron_logtif.h5|246|246|22060,3,0.9186428984006246,0.8568259676297506,0.07103352807462215,0.9701681335767111,0.9700727462768555,0.9238047003746033,0.8713116407394409
final_20260804-224906_augmented_spots_train_e200_b20_lr0.0002_s1,?|Ti7Al_logtif.h5|630|1612|673294,13,0.9031056945140545,0.8381031201435969,0.05526696410603248,0.9392065726793729,0.9340806374183068,0.9239193705412058,0.8452838778495788
final_20260804-224906_augmented_spots_train_e200_b20_lr0.0002_s1,?|Ti7Al_logtif.h5|676|1658|690789,17,0.9005052131765029,0.8394892583875095,0.052602991461753845,0.9382238107569078,0.9209871572606704,0.9239511069129495,0.8467686414718628
final_20260804-224906_augmented_spots_train_e200_b20_lr0.0002_s1,?|Iron_logtif.h5|5712|5712|486807,4,0.9186398237943649,0.8541340231895447,0.07055964507162571,0.9487853199243546,0.9471599012613297,0.9240400940179825,0.8943670094013214
final_20260804-224906_augmented_spots_train_e200_b20_lr0.0002_s1,?|Ti7Al_logtif.h5|946|1928|780763,14,0.8919155129364559,0.8186340715203967,0.043708619728152244,0.8906657184873309,0.8652034508330482,0.9241034431116921,0.8521257162094116
final_20260804-224906_augmented_spots_train_e200_b20_lr0.0002_s1,?|Ti7Al_logtif.h5|548|1530|638229,10,0.8943586587905884,0.8182632684707641,0.04610182410106063,0.9210383117198944,0.9100609004497529,0.9241284251213073,0.8439610958099365
final_20260804-224906_augmented_spots_train_e200_b20_lr0.0002_s1,?|Ti7Al_logtif.h5|608|608|273430,8,0.8942156955599785,0.8195921257138252,0.045832758420147,0.9436409175395966,0.9371613189578056,0.9241914823651314,0.8786037981510162
final_20260804-224906_augmented_spots_train_e200_b20_lr0.0002_s1,?|Iron_deformed_logtif.h5|54|54|220251,44,0.9058191329240799,0.833433289419521,0.05736821695146235,0.9793994941494681,0.9721995863047513,0.9242254576899789,0.89460009932518
final_20260804-224906_augmented_spots_train_e200_b20_lr0.0002_s1,?|Ti7Al_logtif.h5|243|243|87010,11,0.8824439157139171,0.8058773333376105,0.033772486431354824,0.9532929875633933,0.91065359657461,0.9243357181549072,0.8792631030082703
final_20260804-224906_augmented_spots_train_e200_b20_lr0.0002_s1,?|Ti7Al_logtif.h5|794|1776|724825,17,0.9030759720241323,0.8391724141205058,0.05402212146231357,0.9414391552700716,0.9292678534984589,0.9245269263491911,0.8584353446960449
final_20260804-224906_augmented_spots_train_e200_b20_lr0.0002_s1,?|Ti7Al_logtif.h5|262|1244|484738,17,0.9034734508570503,0.837385026847615,0.054414961048785376,0.9372612623607411,0.9293376698213465,0.9245292439180262,0.8707135081291199
final_20260804-224906_augmented_spots_train_e200_b20_lr0.0002_s1,?|Al_big_grains_logtif.h5|4148|4148|135285,5,0.9383192658424377,0.8873529672622681,0.08922239318490029,0.9260812401771545,0.9202988147735596,0.9245484352111817,0.8711721897125244
final_20260804-224906_augmented_spots_train_e200_b20_lr0.0002_s1,?|Iron_deformed_logtif.h5|10|10|38214,38,0.9050452724883431,0.8306796613492464,0.055872195596365554,0.9795087136720356,0.9770203060225436,0.9245865376372087,0.8880776226520538
final_20260804-224906_augmented_spots_train_e200_b20_lr0.0002_s1,?|Ti7Al_logtif.h5|62|62|18668,5,0.9046342730522156,0.8372524499893188,0.05540978461503983,0.9075579047203064,0.9017929077148438,0.9246122479438782,0.8849722743034363
final_20260804-224906_augmented_spots_train_e200_b20_lr0.0002_s1,?|Iron_deformed_logtif.h5|115|395|1643368,57,0.9099108979367373,0.8467829206533599,0.06057760152116157,0.9557486610454425,0.9533588410469523,0.9246666525539599,0.8889180779457092
final_20260804-224906_augmented_spots_train_e200_b20_lr0.0002_s1,?|Ti7Al_logtif.h5|830|830|347550,10,0.8938732624053956,0.8195784449577331,0.04445077907294035,0.9481236696243286,0.9472378075122834,0.9247112393379211,0.866727328300476
final_20260804-224906_augmented_spots_train_e200_b20_lr0.0002_s1,?|Al_big_grains_logtif.h5|3977|3977|129764,3,0.9169904192288717,0.865221897761027,0.06755617260932922,0.9014033873875936,0.900310238202413,0.9247171481450399,0.8754049897193908
final_20260804-224906_augmented_spots_train_e200_b20_lr0.0002_s1,?|Iron_logtif.h5|7309|15005|1350302,7,0.9046693614550999,0.8335686666624886,0.055224835872650146,0.9409013390541077,0.9364781720297677,0.9247222542762756,0.8598877668380738
final_20260804-224906_augmented_spots_train_e200_b20_lr0.0002_s1,?|Iron_deformed_logtif.h5|206|486|2108440,42,0.9058808953989119,0.837186533070746,0.05643544902670242,0.9668447644937606,0.964171948887053,0.9247227169218517,0.8661524713039398
final_20260804-224906_augmented_spots_train_e200_b20_lr0.0002_s1,?|Al_big_grains_logtif.h5|3518|3518|113023,5,0.9112651705741882,0.849614930152893,0.06156125254929066,0.9697706937789917,0.9517700910568238,0.924851942062378,0.8424970388412476
final_20260804-224906_augmented_spots_train_e200_b20_lr0.0002_s1,?|Iron_deformed_logtif.h5|182|182|719167,36,0.8936874957548248,0.8325177853306135,0.04372457332081265,0.9290687152081065,0.9242794728941388,0.924981458319558,0.8827497959136963
final_20260804-224906_augmented_spots_train_e200_b20_lr0.0002_s1,?|Al_big_grains_logtif.h5|424|5368|168519,3,0.8913740118344625,0.8162888685862223,0.04140943133582672,0.9269238909085592,0.9172136386235555,0.9249822894732157,0.8661047339439392
final_20260804-224906_augmented_spots_train_e200_b20_lr0.0002_s1,?|Ti7Al_logtif.h5|180|1162|448120,8,0.9117494001984596,0.8475717082619667,0.06173247389961034,0.9302929118275642,0.9223652631044388,0.9250084459781647,0.8784115672111511
final_20260804-224906_augmented_spots_train_e200_b20_lr0.0002_s1,?|Ti7Al_logtif.h5|675|675|298746,15,0.9052930235862732,0.839820663134257,0.05527228017648061,0.9490802923838297,0.9279171744982402,0.9250103672345479,0.8736408710479736
final_20260804-224906_augmented_spots_train_e200_b20_lr0.0002_s1,?|Ti7Al_logtif.h5|889|1869|752261,10,0.896917325258255,0.8292762875556946,0.04677326800301671,0.959307050704956,0.9508354306221009,0.9250720202922821,0.8613314986228943
final_20260804-224906_augmented_spots_train_e200_b20_lr0.0002_s1,?|Ti7Al_logtif.h5|584|584|261859,9,0.914264029926724,0.8557267718844943,0.0640373784634802,0.9427711963653564,0.9267080161306593,0.925113320350647,0.8205703735351563
final_20260804-224906_augmented_spots_train_e200_b20_lr0.0002_s1,?|Iron_logtif.h5|6702|6702|587899,3,0.894005020459493,0.8292664686838785,0.04374949882427851,0.9444635113080343,0.9152845541636149,0.9251277446746826,0.8904425144195557
final_20260804-224906_augmented_spots_train_e200_b20_lr0.0002_s1,?|Cu_logtif.h5|1548|1548|155518,4,0.9141901731491089,0.8443634957075119,0.06385568901896477,0.973225548863411,0.966532900929451,0.9251672476530075,0.890206640958786
final_20260804-224906_augmented_spots_train_e200_b20_lr0.0002_s1,?|Al_big_grains_logtif.h5|962|5906|182602,6,0.8903319736321768,0.8384907344977061,0.039987687642375626,0.979328066110611,0.922124981880188,0.9251721501350403,0.8526045083999634
final_20260804-224906_augmented_spots_train_e200_b20_lr0.0002_s1,?|Al_big_grains_logtif.h5|1110|6051|187344,3,0.900169849395752,0.8234959840774536,0.04981190152466297,0.9679362177848816,0.961758553981781,0.9251790046691895,0.9002554655075073
final_20260804-224906_augmented_spots_train_e200_b20_lr0.0002_s1,?|Al_big_grains_logtif.h5|222|222|7819,4,0.9079866260290146,0.850050538778305,0.0574910300783813,0.9163863062858582,0.9143742471933365,0.9252478033304214,0.8707780599594116
final_20260804-224906_augmented_spots_train_e200_b20_lr0.0002_s1,?|Iron_deformed_logtif.h5|48|328|1429602,51,0.902560734281353,0.8408305335278604,0.05202594919897178,0.9542716233169332,0.9458673783377105,0.9252673936825172,0.8574553728103638
final_20260804-224906_augmented_spots_train_e200_b20_lr0.0002_s1,?|Al_big_grains_logtif.h5|4234|4234|137629,3,0.9162690242131551,0.8494569063186646,0.06571694215138753,0.9734234809875488,0.9690085252126058,0.9252760410308838,0.898682689666748
final_20260804-224906_augmented_spots_train_e200_b20_lr0.0002_s1,?|Al_big_grains_logtif.h5|4506|4506|144541,3,0.9233561555544535,0.8603123823801676,0.07273372386892636,0.9280636707941691,0.9232152104377747,0.9253112077713013,0.8840334177017212
final_20260804-224906_augmented_spots_train_e200_b20_lr0.0002_s1,?|Iron_deformed_logtif.h5|45|325|1403342,48,0.9088528677821159,0.8372287886838118,0.05819075116111586,0.9780695450802644,0.9740884515146414,0.9253310623268286,0.8720621049404145
final_20260804-224906_augmented_spots_train_e200_b20_lr0.0002_s1,?|Iron_logtif.h5|4721|4721|394551,4,0.9279736876487732,0.8671692609786987,0.0773087926208973,0.9479262828826904,0.947255328297615,0.9253324568271637,0.9146019577980041
final_20260804-224906_augmented_spots_train_e200_b20_lr0.0002_s1,?|Ti7Al_logtif.h5|824|824|345972,8,0.9115571826696396,0.8411426767706871,0.06078275293111801,0.9210129454731941,0.9149473309516907,0.9253872260451317,0.8929371356964111
final_20260804-224906_augmented_spots_train_e200_b20_lr0.0002_s1,?|Cu_logtif.h5|349|20214|2149766,3,0.9188357392946879,0.8508183558781942,0.06781837592522304,0.9763097564379374,0.9752105077107748,0.9255086779594421,0.9180250048637391
final_20260804-224906_augmented_spots_train_e200_b20_lr0.0002_s1,?|Al_big_grains_logtif.h5|991|991|27523,4,0.9143910259008408,0.8516725450754166,0.06336684338748455,0.9143342822790146,0.8992190062999725,0.9255120754241943,0.8675431787967682
final_20260804-224906_augmented_spots_train_e200_b20_lr0.0002_s1,?|Al_big_grains_logtif.h5|2909|7851|247157,6,0.8857291440169016,0.8121909499168396,0.03468766575679183,0.9245498180389404,0.896560788154602,0.9255207379659017,0.9002140462398529
final_20260804-224906_augmented_spots_train_e200_b20_lr0.0002_s1,?|Al_big_grains_logtif.h5|2285|7229|224274,5,0.915738046169281,0.8616831421852111,0.06454380005598068,0.917121434211731,0.916344940662384,0.9255971074104309,0.8377133250236511
final_20260804-224906_augmented_spots_train_e200_b20_lr0.0002_s1,?|Al_big_grains_logtif.h5|3068|8014|253186,3,0.9034060637156168,0.8478142817815145,0.05217912048101425,0.8975934584935507,0.8903615474700928,0.9256134827931722,0.8879893898963929
final_20260804-224906_augmented_spots_train_e200_b20_lr0.0002_s1,?|Iron_logtif.h5|5385|5385|456503,3,0.9147374232610067,0.8454003731409708,0.06342499889433384,0.9485294222831726,0.9476248025894165,0.9256562193234762,0.9020481705665588
final_20260804-224906_augmented_spots_train_e200_b20_lr0.0002_s1,?|Iron_logtif.h5|5340|13038|1149495,3,0.9161447882652283,0.8500068386395773,0.06474846291045348,0.9529984394709269,0.9498691161473592,0.9256981611251831,0.8791804790496827
final_20260804-224906_augmented_spots_train_e200_b20_lr0.0002_s1,?|Iron_logtif.h5|2263|9961|887525,4,0.9152180552482605,0.8504126816987991,0.06382001843303442,0.9584447294473648,0.9582377672195435,0.9256990402936935,0.9083969295024872
final_20260804-224906_augmented_spots_train_e200_b20_lr0.0002_s1,?|Iron_logtif.h5|6678|14374|1280061,5,0.8927427172660828,0.8198009014129639,0.041255845502018926,0.9430881261825561,0.9420607209205627,0.9257434487342835,0.8848345875740051
final_20260804-224906_augmented_spots_train_e200_b20_lr0.0002_s1,?|Al_big_grains_logtif.h5|1593|1593|45980,4,0.9290657490491867,0.8771312385797501,0.077570881228894,0.9000636488199234,0.8753465414047241,0.9257474392652512,0.8557329475879669
final_20260804-224906_augmented_spots_train_e200_b20_lr0.0002_s1,?|Cu_logtif.h5|10503|10503|1079016,3,0.9067339698473612,0.8313539425532023,0.05518068683644136,0.9829124609629313,0.9820696512858073,0.9257766207059225,0.8885373115539551
final_20260804-224906_augmented_spots_train_e200_b20_lr0.0002_s1,?|Ti7Al_logtif.h5|68|68|19404,12,0.9124894092480341,0.8476902445157369,0.0608981231537958,0.9462897678216299,0.9404532710711161,0.925795649488767,0.8709228157997131
final_20260804-224906_augmented_spots_train_e200_b20_lr0.0002_s1,?|Ti7Al_logtif.h5|650|650|283923,13,0.8912200377537653,0.8190412635986621,0.039563448956379525,0.9100311902853159,0.896241884965163,0.9258283009895911,0.8465903282165528
final_20260804-224906_augmented_spots_train_e200_b20_lr0.0002_s1,?|Al_big_grains_logtif.h5|841|5784|178773,4,0.9112602472305298,0.8545957952737808,0.05954014789313078,0.9529989659786224,0.9283452481031418,0.9258600324392319,0.8391509830951691
final_20260804-224906_augmented_spots_train_e200_b20_lr0.0002_s1,?|IN718_twins_logtif.h5|430|430|37867,4,0.9421374350786209,0.9022378772497177,0.09034260455518961,0.9382199048995972,0.9064722657203674,0.9258974194526672,0.8277914762496948
final_20260804-224906_augmented_spots_train_e200_b20_lr0.0002_s1,?|Al_big_grains_logtif.h5|2433|7377|229428,4,0.9007079005241394,0.8289109021425247,0.04887387319467962,0.9149570018053055,0.8641947954893112,0.9259169846773148,0.8688815653324127
final_20260804-224906_augmented_spots_train_e200_b20_lr0.0002_s1,?|Cu_logtif.h5|10765|30627|3238180,3,0.8962771892547607,0.816092332204183,0.044437473018964134,0.9825823108355204,0.9687909483909607,0.9259198705355326,0.9165628910064697
final_20260804-224906_augmented_spots_train_e200_b20_lr0.0002_s1,?|Ti7Al_logtif.h5|691|1673|696693,13,0.9127368927001953,0.8588479252961966,0.060679664477132834,0.9345297354918259,0.9279754276459034,0.9260286230307359,0.8997663140296936
final_20260804-224906_augmented_spots_train_e200_b20_lr0.0002_s1,?|Al_big_grains_logtif.h5|2206|2206|66090,3,0.8909487128257751,0.8236913482348124,0.03875508469839891,0.9878275593121847,0.9522821307182312,0.9260967969894409,0.8837617039680481
final_20260804-224906_augmented_spots_train_e200_b20_lr0.0002_s1,?|Iron_deformed_logtif.h5|45|45|163279,38,0.9076208480094609,0.8439704650326779,0.055392715442729626,0.9669767735820067,0.9629990850624285,0.9261140697880795,0.8634672939777375
final_20260804-224906_augmented_spots_train_e200_b20_lr0.0002_s1,?|Cu_logtif.h5|19454|39320|4178285,3,0.893944501876831,0.8187358776728312,0.041608937084674835,0.9795422156651815,0.8659080068270365,0.9261677662531534,0.8739702939987183
final_20260804-224906_augmented_spots_train_e200_b20_lr0.0002_s1,?|Ti7Al_logtif.h5|910|1892|756304,6,0.9005584816137949,0.8413748145103455,0.048222682904452085,0.9446704188982645,0.9213745991388956,0.9261679152647654,0.859494686126709
final_20260804-224906_augmented_spots_train_e200_b20_lr0.0002_s1,?|Iron_logtif.h5|5499|13199|1164167,4,0.8981294184923172,0.828177347779274,0.045641837641596794,0.920429140329361,0.9162986278533936,0.9262438118457794,0.8613660454750061
final_20260804-224906_augmented_spots_train_e200_b20_lr0.0002_s1,?|Al_big_grains_logtif.h5|4803|4803|153202,7,0.913634751524244,0.8514040793691363,0.061118987788047106,0.906831511429378,0.8824679170336042,0.9262578742844718,0.8546838760375977
final_20260804-224906_augmented_spots_train_e200_b20_lr0.0002_s1,?|Al_big_grains_logtif.h5|1820|6764|208989,4,0.897665485739708,0.8393439948558807,0.04508120287209749,0.9343407601118088,0.9262395203113556,0.9262921661138535,0.8782098591327667
final_20260804-224906_augmented_spots_train_e200_b20_lr0.0002_s1,?|Ti7Al_logtif.h5|793|793|331681,3,0.9228945771853129,0.8595012823740641,0.07025603701670964,0.9492695132891337,0.9434162576993307,0.9263192613919576,0.9193972229957581
final_20260804-224906_augmented_spots_train_e200_b20_lr0.0002_s1,?|Iron_deformed_logtif.h5|171|171|666807,45,0.9064329107602437,0.8394984914196862,0.05376984224551254,0.9622247351540459,0.9510396222273508,0.926331541273329,0.8622138977050782
final_20260804-224906_augmented_spots_train_e200_b20_lr0.0002_s1,?|Al_big_grains_logtif.h5|3839|3839|124998,3,0.8820516665776571,0.8181535601615906,0.02938220091164112,0.9640645980834961,0.9578261375427246,0.9263347188631693,0.879676103591919
final_20260804-224906_augmented_spots_train_e200_b20_lr0.0002_s1,?|Ti7Al_logtif.h5|307|307|113255,12,0.9082575986782709,0.8439122289419174,0.05554365855641663,0.9458868304888407,0.9388832002878189,0.9263569712638855,0.8285191535949707
final_20260804-224906_augmented_spots_train_e200_b20_lr0.0002_s1,?|Iron_logtif.h5|6949|14647|1311200,3,0.9148520429929098,0.8438454270362854,0.06207278184592724,0.9867016871770223,0.9844873547554016,0.9263896346092224,0.8964409828186035
final_20260804-224906_augmented_spots_train_e200_b20_lr0.0002_s1,?|Cu_logtif.h5|7686|27545|2950133,4,0.9074865132570267,0.8312691450119019,0.05460486467927694,0.9876147508621216,0.987314373254776,0.9264408200979233,0.9112177789211273
final_20260804-224906_augmented_spots_train_e200_b20_lr0.0002_s1,?|Al_big_grains_logtif.h5|2773|2773|86797,3,0.9077249765396118,0.8440928061803182,0.05474558100104332,0.9428763389587402,0.9426018595695496,0.9264896909395853,0.9083426356315613
final_20260804-224906_augmented_spots_train_e200_b20_lr0.0002_s1,?|Al_big_grains_logtif.h5|2342|2342|70470,4,0.9152129292488098,0.8578105866909027,0.062066804617643356,0.916552722454071,0.9151517301797867,0.9265730679035187,0.8908552050590515
final_20260804-224906_augmented_spots_train_e200_b20_lr0.0002_s1,?|Al_big_grains_logtif.h5|4257|4257|138537,3,0.9120752016703287,0.8426453868548075,0.05882112185160319,0.9472395579020182,0.8946177164713541,0.9266270399093628,0.8733210563659668
final_20260804-224906_augmented_spots_train_e200_b20_lr0.0002_s1,?|Ti7Al_logtif.h5|860|860|352649,12,0.9007988671461741,0.8335544466972351,0.04752823136126002,0.9610325147708257,0.9584177931149801,0.9266353199879328,0.875259518623352
final_20260804-224906_augmented_spots_train_e200_b20_lr0.0002_s1,?|Iron_logtif.h5|1015|1015|90839,3,0.9195092916488647,0.8530724247296652,0.06622257456183434,0.9505353371302286,0.9481692711512247,0.9266433517138163,0.9119832634925842
final_20260804-224906_augmented_spots_train_e200_b20_lr0.0002_s1,?|Al_big_grains_logtif.h5|4746|4746|151996,3,0.8999608357747396,0.8288034796714783,0.0464082695543766,0.9664277036984762,0.9610943794250488,0.9267762899398804,0.8713945746421814
final_20260804-224906_augmented_spots_train_e200_b20_lr0.0002_s1,?|Iron_logtif.h5|4032|11729|1033316,5,0.9101924180984498,0.843425190448761,0.05651964899152517,0.9286921739578247,0.9233213901519776,0.9268363833427429,0.8492754459381103
final_20260804-224906_augmented_spots_train_e200_b20_lr0.0002_s1,?|Al_big_grains_logtif.h5|3375|8321|263964,5,0.9058214664459229,0.837567937374115,0.052138177677989006,0.9605876088142395,0.9500266909599304,0.9268416643142701,0.8609764575958252
final_20260804-224906_augmented_spots_train_e200_b20_lr0.0002_s1,?|Iron_logtif.h5|991|8688|782243,3,0.909082849820455,0.8390820026397705,0.05524188093841076,0.9714010159174601,0.9642452001571655,0.926920493443807,0.8817549228668213
final_20260804-224906_augmented_spots_train_e200_b20_lr0.0002_s1,?|Iron_deformed_logtif.h5|247|528|2345206,35,0.9066407459122794,0.8343814100537982,0.05276171160595758,0.9848418491227287,0.9766469614846366,0.9269395130021232,0.886468482017517
final_20260804-224906_augmented_spots_train_e200_b20_lr0.0002_s1,?|Iron_logtif.h5|7139|7139|639209,3,0.9363995393117269,0.8833162585894266,0.08251278847455978,0.9299089312553406,0.929003099600474,0.9269433617591858,0.9143499612808228
final_20260804-224906_augmented_spots_train_e200_b20_lr0.0002_s1,?|Al_big_grains_logtif.h5|1311|1311|37333,3,0.9351575573285421,0.8850331703821818,0.08123705101509889,0.9148422082265218,0.8912320534388224,0.9269602497418722,0.8786031603813171
final_20260804-224906_augmented_spots_train_e200_b20_lr0.0002_s1,?|Cu_logtif.h5|14184|34046|3591015,3,0.9088910619417826,0.8375697533289591,0.05487068990866343,0.9679180185000101,0.9671376546223959,0.927010198434194,0.8990641355514526
final_20260804-224906_augmented_spots_train_e200_b20_lr0.0002_s1,?|Ti7Al_logtif.h5|226|226|83264,18,0.9040563172764249,0.8330028288894229,0.049935446276019015,0.9534450835651822,0.9493546187877655,0.9270604385270013,0.8687804937362671
final_20260804-224906_augmented_spots_train_e200_b20_lr0.0002_s1,?|Ti7Al_logtif.h5|229|1211|471170,17,0.9136171200696159,0.8577833561336293,0.05943857812706162,0.9376477599143982,0.9219830737394445,0.9270892634111292,0.8506277322769165
final_20260804-224906_augmented_spots_train_e200_b20_lr0.0002_s1,?|Iron_logtif.h5|4469|4469|373468,3,0.9040112098058065,0.8294357260068258,0.049522443364063896,0.969131330649058,0.9657902320226034,0.9272443850835165,0.8897056102752685
final_20260804-224906_augmented_spots_train_e200_b20_lr0.0002_s1,?|Iron_logtif.h5|284|7981|718056,4,0.9121845811605453,0.8433126360177994,0.057690427638590336,0.9680955410003662,0.9661594331264496,0.9272470623254776,0.8965340316295624
final_20260804-224906_augmented_spots_train_e200_b20_lr0.0002_s1,?|Iron_logtif.h5|5110|5110|433251,3,0.9195611874262491,0.8528942863146464,0.0650055892765522,0.9444825450579325,0.9407214323679606,0.9272778034210205,0.8905945062637329
final_20260804-224906_augmented_spots_train_e200_b20_lr0.0002_s1,?|Iron_logtif.h5|1338|9031|810578,3,0.9079193671544393,0.8371852238972982,0.05326115215818087,0.9692330161730448,0.9568086862564087,0.9273291031519572,0.908711063861847
final_20260804-224906_augmented_spots_train_e200_b20_lr0.0002_s1,?|Iron_deformed_logtif.h5|171|451|1903109,45,0.9089481208059523,0.842165384027693,0.05422119241621759,0.9724005659421285,0.9631873885790507,0.9273634645673964,0.8724085092544556
final_20260804-224906_augmented_spots_train_e200_b20_lr0.0002_s1,?|Al_big_grains_logtif.h5|85|5030|160073,3,0.8913317124048868,0.8104989329973856,0.03637829298774401,0.9660048087437948,0.9622096618016561,0.927476704120636,0.9055970311164856
final_20260804-224906_augmented_spots_train_e200_b20_lr0.0002_s1,?|Ti7Al_logtif.h5|830|1813|741170,14,0.9098941896642957,0.8469283261469432,0.05492136401257345,0.9235851849828448,0.9220072286469596,0.9274864154202598,0.8954840660095215
final_20260804-224906_augmented_spots_train_e200_b20_lr0.0002_s1,?|Iron_logtif.h5|7487|15174|1369701,4,0.8739047050476074,0.815471813082695,0.01889654155820608,0.9963089227676392,0.9329216033220291,0.9275040924549103,0.8609076976776123
final_20260804-224906_augmented_spots_train_e200_b20_lr0.0002_s1,?|Cu_logtif.h5|10046|10046|1035246,3,0.921815554300944,0.8553862571716309,0.06679283951719601,0.9200197656949362,0.918425977230072,0.9275113542874655,0.9112389206886291
final_20260804-224906_augmented_spots_train_e200_b20_lr0.0002_s1,?|Al_big_grains_logtif.h5|2954|7897|248485,4,0.8767554312944412,0.8014344871044159,0.02158339717425406,0.9781583547592163,0.9746876358985901,0.927586019039154,0.8678450763225556
final_20260804-224906_augmented_spots_train_e200_b20_lr0.0002_s1,?|Cu_logtif.h5|4632|24496|2620326,3,0.9115837613741556,0.8390370011329651,0.056299060583114624,0.9857144355773926,0.984609584013621,0.9276423454284668,0.9120521306991577
final_20260804-224906_augmented_spots_train_e200_b20_lr0.0002_s1,?|Al_big_grains_logtif.h5|232|5177|164135,3,0.9095201889673868,0.8401494224866232,0.054218726232647896,0.9655650655428568,0.9636491338411967,0.9276507298151652,0.9049461603164672
final_20260804-224906_augmented_spots_train_e200_b20_lr0.0002_s1,?|Iron_logtif.h5|3453|3453|288759,3,0.8772420088450114,0.8114823500315348,0.021878595774372418,0.8693253000577291,0.8673888047536215,0.9276817043622335,0.8775730729103088
final_20260804-224906_augmented_spots_train_e200_b20_lr0.0002_s1,?|Iron_deformed_logtif.h5|66|66|263768,36,0.9170681238174438,0.8532425918512874,0.061691467106963195,0.9642671462562349,0.9600263502862718,0.927688330411911,0.8924183547496796
final_20260804-224906_augmented_spots_train_e200_b20_lr0.0002_s1,?|Al_big_grains_logtif.h5|1021|5965|184699,3,0.902838389078776,0.8378691871960958,0.047347866309185825,0.9216143488883972,0.9173698425292969,0.9277452627817789,0.8732481002807617
final_20260804-224906_augmented_spots_train_e200_b20_lr0.0002_s1,?|Ti7Al_logtif.h5|465|1447|601927,12,0.9103520512580872,0.8563117037216822,0.054589636235808335,0.9373276184002558,0.9346287498871485,0.927881196141243,0.8157523036003113
final_20260804-224906_augmented_spots_train_e200_b20_lr0.0002_s1,?|Al_big_grains_logtif.h5|514|5456|170300,3,0.904870609442393,0.8500677744547526,0.04908784727255503,0.8998870849609375,0.8983143965403239,0.9278913736343384,0.8727219820022583
final_20260804-224906_augmented_spots_train_e200_b20_lr0.0002_s1,?|Iron_deformed_logtif.h5|107|387|1634540,40,0.9173309862613678,0.8516672939062119,0.06143848840147257,0.958634278178215,0.9556855618953705,0.9279462441802024,0.8600533187389374
final_20260804-224906_augmented_spots_train_e200_b20_lr0.0002_s1,?|Iron_logtif.h5|6173|6173|535188,4,0.9213429540395737,0.8599920123815536,0.06542449770495296,0.8623694181442261,0.8468435406684875,0.9279592335224152,0.8929932534694671
final_20260804-224906_augmented_spots_train_e200_b20_lr0.0002_s1,?|Ti7Al_logtif.h5|974|974|381826,13,0.9100776314735413,0.8449900150299072,0.054046192564643346,0.9654797315597534,0.9218910519893353,0.9280157180932852,0.8574151754379272
final_20260804-224906_augmented_spots_train_e200_b20_lr0.0002_s1,?|Al_big_grains_logtif.h5|775|775|20335,6,0.890441358089447,0.8193765183289846,0.03426079684868455,0.9740702211856842,0.9662710825602213,0.9280902743339539,0.8687005937099457
final_20260804-224906_augmented_spots_train_e200_b20_lr0.0002_s1,?|Iron_logtif.h5|5786|13483|1193322,3,0.8827046950658163,0.8080285588900248,0.02648769412189722,0.966788629690806,0.93101833264033,0.9281085332234701,0.8748599052429199
final_20260804-224906_augmented_spots_train_e200_b20_lr0.0002_s1,?|Ti7Al_logtif.h5|654|654|285485,13,0.8873437413802514,0.8219786836550786,0.031117066454428893,0.9192354449859033,0.9157055066182063,0.9281133413314819,0.8731533050537109
final_20260804-224906_augmented_spots_train_e200_b20_lr0.0002_s1,?|Al_big_grains_logtif.h5|952|5896|182285,5,0.8879245042800903,0.8558590948581696,0.03164506759494543,0.8994097590446473,0.8991389751434327,0.9281397342681885,0.8290236234664917
final_20260804-224906_augmented_spots_train_e200_b20_lr0.0002_s1,?|Iron_logtif.h5|2946|10646|944023,4,0.9203454107046127,0.8587298840284348,0.06397458678111434,0.9558504074811935,0.9544129073619843,0.9281854033470154,0.8886623084545135
final_20260804-224906_augmented_spots_train_e200_b20_lr0.0002_s1,?|Al_big_grains_logtif.h5|2639|2639|81252,3,0.9269112348556519,0.8671231468518575,0.07043685453633468,0.9275594552357992,0.9227744936943054,0.9282371799151102,0.8859392046928406
final_20260804-224906_augmented_spots_train_e200_b20_lr0.0002_s1,?|Cu_logtif.h5|15347|15347|1605276,3,0.9243488510449728,0.8614144722620646,0.0677531436085701,0.9792431592941284,0.9788862466812134,0.9282978375752767,0.9082217931747436
final_20260804-224906_augmented_spots_train_e200_b20_lr0.0002_s1,?|Iron_logtif.h5|2890|2890|244908,3,0.9172481099764506,0.8475326299667358,0.06064258764187495,0.9792436758677164,0.9788104891777039,0.9283027648925781,0.9187416553497314
final_20260804-224906_augmented_spots_train_e200_b20_lr0.0002_s1,?|Al_big_grains_logtif.h5|1948|1948|57339,4,0.8927275538444519,0.8241007030010223,0.035931867780163884,0.9063426107168198,0.9004753232002258,0.9283978641033173,0.8826122581958771
final_20260804-224906_augmented_spots_train_e200_b20_lr0.0002_s1,?|Al_big_grains_logtif.h5|1825|6765|209008,3,0.881534218788147,0.8093195756276449,0.02464204840362072,0.9103878935178121,0.9049867590268453,0.928446094195048,0.8902159214019776
final_20260804-224906_augmented_spots_train_e200_b20_lr0.0002_s1,?|Iron_logtif.h5|1095|8791|791602,3,0.917515238126119,0.8594626585642496,0.06046679491798083,0.953276793162028,0.9393561283747355,0.9285242358843485,0.8784247994422912
final_20260804-224906_augmented_spots_train_e200_b20_lr0.0002_s1,?|Ti7Al_logtif.h5|925|1907|762391,10,0.8859254598617554,0.8104198396205902,0.028781349025666713,0.9471440553665161,0.9273849368095398,0.9285720586776733,0.8883562207221984
final_20260804-224906_augmented_spots_train_e200_b20_lr0.0002_s1,?|Iron_logtif.h5|1520|1520|134924,4,0.9209656715393066,0.8556734472513199,0.06378901470452547,0.9629907459020615,0.959826186299324,0.9285883456468582,0.8906845033168793
final_20260804-224906_augmented_spots_train_e200_b20_lr0.0002_s1,?|Ti7Al_logtif.h5|494|1476|613493,12,0.9124527126550674,0.8555819590886434,0.055252417301138244,0.9260330001513163,0.9127051482597986,0.9286001523335775,0.8957078039646149
final_20260804-224906_augmented_spots_train_e200_b20_lr0.0002_s1,?|Iron_deformed_logtif.h5|262|542|2421126,40,0.9111301317811012,0.8434461563825607,0.05386669635772705,0.9682449370622634,0.9650139436125755,0.9286317110061646,0.8914891362190247
final_20260804-224906_augmented_spots_train_e200_b20_lr0.0002_s1,?|Iron_logtif.h5|303|303|27757,3,0.9143198927243551,0.8460053205490112,0.05700768809765577,0.9482844273249308,0.9459930857022604,0.9286561012268066,0.8835334181785583
final_20260804-224906_augmented_spots_train_e200_b20_lr0.0002_s1,?|Iron_logtif.h5|121|7819|704907,7,0.9035870518003192,0.8317804336547852,0.04617848646427904,0.9908475961003985,0.9897374851363046,0.9287042958395821,0.8924908399581909
final_20260804-224906_augmented_spots_train_e200_b20_lr0.0002_s1,?|Al_big_grains_logtif.h5|1067|1067|29884,4,0.9272263646125793,0.8694006204605103,0.06976835755631328,0.8895379602909088,0.8871493339538574,0.9287289828062057,0.8656753182411194
final_20260804-224906_augmented_spots_train_e200_b20_lr0.0002_s1,?|Cu_logtif.h5|10778|30654|3240617,3,0.9096965789794922,0.8369624416033427,0.05209245905280113,0.9744514226913452,0.973564068476359,0.9288020531336466,0.9210830092430115
final_20260804-224906_augmented_spots_train_e200_b20_lr0.0002_s1,?|Iron_logtif.h5|2245|2245|192009,3,0.8835414449373881,0.8073736627896627,0.025848946223656338,0.9608553846677145,0.9605137507120768,0.9288462599118551,0.8894005537033081
final_20260804-224906_augmented_spots_train_e200_b20_lr0.0002_s1,?|Ti7Al_logtif.h5|366|1348|525169,10,0.9204952418804169,0.8595681428909302,0.06259416807442904,0.9385250151157379,0.9328367650508881,0.9289505362510682,0.9086010575294494
final_20260804-224906_augmented_spots_train_e200_b20_lr0.0002_s1,?|Ti7Al_logtif.h5|361|1342|524570,21,0.910046725046067,0.8516715537934076,0.05208819807462749,0.9169540007909139,0.9034853222824278,0.9289792690958295,0.8836640119552612
final_20260804-224906_augmented_spots_train_e200_b20_lr0.0002_s1,?|Al_big_grains_logtif.h5|3809|8754|279356,3,0.8771693507830302,0.83280481894811,0.01916426606476307,0.8945890466372172,0.8888885974884033,0.929002563158671,0.8538547039031983
final_20260804-224906_augmented_spots_train_e200_b20_lr0.0002_s1,?|Al_big_grains_logtif.h5|3447|8393|266460,3,0.8837478955586752,0.8048823873202006,0.025694043685992558,0.9411292473475138,0.9389871954917908,0.9290269414583842,0.9044061779975892
final_20260804-224906_augmented_spots_train_e200_b20_lr0.0002_s1,?|Iron_deformed_logtif.h5|148|428|1797498,43,0.9101334865703139,0.8398482009421947,0.051991761900311295,0.9842168023419935,0.9813728970150615,0.9290708594543989,0.8855424880981445
final_20260804-224906_augmented_spots_train_e200_b20_lr0.0002_s1,?|Ti7Al_logtif.h5|11|994|389343,9,0.9047436515490214,0.846153027481503,0.046368414950039655,0.891082333193885,0.8883251746495565,0.9291876157124838,0.8763044357299805
final_20260804-224906_augmented_spots_train_e200_b20_lr0.0002_s1,?|Iron_logtif.h5|1805|1805|157785,3,0.9142794807751974,0.8478783766428629,0.05585587241997322,0.9601372877756754,0.9519279400507609,0.9292118151982626,0.8885130882263184
final_20260804-224906_augmented_spots_train_e200_b20_lr0.0002_s1,?|Iron_logtif.h5|3200|3200|267586,4,0.9203870594501495,0.8595337867736816,0.0618490856140852,0.9688706398010254,0.9147901684045792,0.9292689859867096,0.8923184514045716
final_20260804-224906_augmented_spots_train_e200_b20_lr0.0002_s1,?|Iron_logtif.h5|4554|12251|1076656,3,0.8964637716611227,0.8177469372749329,0.03778585108617941,0.9713580211003622,0.9599460363388062,0.9293389320373535,0.9081602811813354
final_20260804-224906_augmented_spots_train_e200_b20_lr0.0002_s1,?|Al_big_grains_logtif.h5|2767|7711|241661,3,0.8848192890485128,0.8403444687525431,0.026111226839323837,0.9194252888361613,0.8700788617134094,0.9293540120124817,0.8537425518035888
final_20260804-224906_augmented_spots_train_e200_b20_lr0.0002_s1,?|Iron_deformed_logtif.h5|223|503|2241624,33,0.911303820032062,0.841816347656828,0.052543516637700974,0.9773125341444304,0.9750524181308169,0.9293801549709204,0.873214066028595
final_20260804-224906_augmented_spots_train_e200_b20_lr0.0002_s1,?|Al_big_grains_logtif.h5|334|334|9777,3,0.8972477714220682,0.8416930437088013,0.03847327890495459,0.9284348885218302,0.9276215632756551,0.9293872515360514,0.8884087443351746
final_20260804-224906_augmented_spots_train_e200_b20_lr0.0002_s1,?|Ti7Al_logtif.h5|19|1002|393764,12,0.9053957959016165,0.8394004156192144,0.04652855979899565,0.9400456746419271,0.9371990064779917,0.929433618982633,0.8656883597373962
final_20260804-224906_augmented_spots_train_e200_b20_lr0.0002_s1,?|Al_big_grains_logtif.h5|135|135|5202,4,0.883108839392662,0.8186599910259247,0.024066823069006205,0.882742315530777,0.8803365230560303,0.9295209795236588,0.8914758265018463
final_20260804-224906_augmented_spots_train_e200_b20_lr0.0002_s1,?|Iron_logtif.h5|5579|5579|472920,4,0.9151519536972046,0.8623449504375458,0.056007365230470896,0.9193783849477768,0.8859581351280212,0.9295722991228104,0.8663242399692536
final_20260804-224906_augmented_spots_train_e200_b20_lr0.0002_s1,?|Cu_logtif.h5|3127|22991|2451985,3,0.9062369267145792,0.8308700720469157,0.047077483808000885,0.9910333156585693,0.9904844164848328,0.9295797149340311,0.8946337461471557
final_20260804-224906_augmented_spots_train_e200_b20_lr0.0002_s1,?|Iron_logtif.h5|4111|11807|1040932,3,0.8825335502624512,0.8051753242810568,0.023281066368023556,0.9533900022506714,0.9484333992004395,0.9296262462933859,0.9234974622726441
final_20260804-224906_augmented_spots_train_e200_b20_lr0.0002_s1,?|Ti7Al_logtif.h5|591|591|264950,7,0.8920948675700596,0.8190951773098537,0.0326288997062615,0.9435034394264221,0.938412777015141,0.9297330038888114,0.8938704252243042
final_20260804-224906_augmented_spots_train_e200_b20_lr0.0002_s1,?|Cu_logtif.h5|3025|22900|2442968,3,0.9063960711161295,0.8303315043449402,0.04692506417632103,0.9665977954864502,0.9653948744138082,0.9297355016072592,0.9021219253540039
final_20260804-224906_augmented_spots_train_e200_b20_lr0.0002_s1,?|Iron_logtif.h5|3984|3984|330909,3,0.910252054532369,0.8409083882967631,0.050775221859415375,0.9372484485308329,0.9267080624898275,0.9297384222348531,0.886794912815094
final_20260804-224906_augmented_spots_train_e200_b20_lr0.0002_s1,?|Cu_logtif.h5|3294|3294|332336,3,0.9152170817057291,0.8475528558095297,0.05569349726041158,0.9582919279734293,0.9519169926643372,0.92976180712382,0.8946425676345825
final_20260804-224906_augmented_spots_train_e200_b20_lr0.0002_s1,?|Iron_logtif.h5|4031|4031|336941,3,0.9024654229482015,0.8268414338429769,0.04288210471471151,0.9832109610239664,0.9805646141370138,0.9297916889190674,0.9117620944976806
final_20260804-224906_augmented_spots_train_e200_b20_lr0.0002_s1,?|Cu_logtif.h5|18190|18190|1921218,3,0.926776130994161,0.8642334143320719,0.06711879869302113,0.9782599409421285,0.9765502214431763,0.9298287034034729,0.9020720005035401
final_20260804-224906_augmented_spots_train_e200_b20_lr0.0002_s1,?|Iron_logtif.h5|1145|1145|101977,4,0.8847216069698334,0.8063969165086746,0.02498479001224041,0.9779062122106552,0.9763244241476059,0.9298684000968933,0.8975846946239472
final_20260804-224906_augmented_spots_train_e200_b20_lr0.0002_s1,?|Al_big_grains_logtif.h5|3375|3375|108068,5,0.9104413032531739,0.8497647166252136,0.05067228712141514,0.948102879524231,0.9427006840705872,0.9298845291137695,0.8712654709815979
final_20260804-224906_augmented_spots_train_e200_b20_lr0.0002_s1,?|Al_big_grains_logtif.h5|354|5298|166648,4,0.8880194574594498,0.8279637396335602,0.02823246386833489,0.938213899731636,0.932800680398941,0.9298935085535049,0.8779781818389892
final_20260804-224906_augmented_spots_train_e200_b20_lr0.0002_s1,?|Ti7Al_logtif.h5|50|1032|406831,11,0.9104760939424689,0.8510154594074596,0.05068345706571232,0.9590158733454618,0.9568351778117093,0.9298963167450645,0.8379513025283813
final_20260804-224906_augmented_spots_train_e200_b20_lr0.0002_s1,?|Iron_deformed_logtif.h5|147|147|554369,40,0.9136098727583886,0.845495842397213,0.05370382873807102,0.9668594241142273,0.964381392300129,0.9299530237913132,0.8828756809234619
final_20260804-224906_augmented_spots_train_e200_b20_lr0.0002_s1,?|Ti7Al_logtif.h5|861|1843|746708,16,0.9139439389109612,0.8605866357684135,0.05399512668373063,0.9103687703609467,0.9049112591892481,0.9299743995070457,0.8961219489574432
final_20260804-224906_augmented_spots_train_e200_b20_lr0.0002_s1,?|Al_big_grains_logtif.h5|933|5875|181550,6,0.9050540427366892,0.843043843905131,0.04505724196011821,0.8871632218360901,0.8760045568148295,0.929998387893041,0.8651421368122101
final_20260804-224906_augmented_spots_train_e200_b20_lr0.0002_s1,?|Ti7Al_logtif.h5|392|392|149273,9,0.9023243321312798,0.8296596341662936,0.04225622117519379,0.9472140603595309,0.9148505926132202,0.9300340612729391,0.9076724052429199
final_20260804-224906_augmented_spots_train_e200_b20_lr0.0002_s1,?|Iron_logtif.h5|6222|6222|541547,4,0.9203166216611862,0.8576354831457138,0.06020880397409201,0.9793690592050552,0.9791317284107208,0.9300539046525955,0.904579758644104
final_20260804-224906_augmented_spots_train_e200_b20_lr0.0002_s1,?|Iron_logtif.h5|3790|11488|1014917,4,0.9049053639173508,0.836450457572937,0.04478338127955794,0.9441483914852142,0.940276488661766,0.9300609827041626,0.9092431664466858
final_20260804-224906_augmented_spots_train_e200_b20_lr0.0002_s1,?|Al_big_grains_logtif.h5|1607|1607|46345,4,0.908591702580452,0.8366155028343201,0.048443119041621685,0.9729629307985306,0.9684971868991852,0.9300742745399475,0.8998232007026672
final_20260804-224906_augmented_spots_train_e200_b20_lr0.0002_s1,?|Ti7Al_logtif.h5|910|910|362554,21,0.9114573058627901,0.8494210555439904,0.051225231250836736,0.9190937564486549,0.9005087926274254,0.9301160403660366,0.8702665567398071
final_20260804-224906_augmented_spots_train_e200_b20_lr0.0002_s1,?|Al_deformed_LoG_logtif.h5|23|57|870008,326,0.9161373038599097,0.8493172188112341,0.055722197746298066,0.9825149663021228,0.9784904531905988,0.9302075519883559,0.8779895901679993
final_20260804-224906_augmented_spots_train_e200_b20_lr0.0002_s1,?|Iron_logtif.h5|3162|10860|958597,3,0.9160609841346741,0.8465245366096497,0.055634096885720886,0.9720115065574646,0.9698736270268759,0.930213471253713,0.9126195669174194
final_20260804-224906_augmented_spots_train_e200_b20_lr0.0002_s1,?|Ti7Al_logtif.h5|644|1626|674645,11,0.8933849443088878,0.822111037644473,0.03290630953217095,0.9290532740679655,0.924654407934709,0.9302393360571428,0.8826853036880493
final_20260804-224906_augmented_spots_train_e200_b20_lr0.0002_s1,?|Iron_logtif.h5|4502|12198|1071698,3,0.9310851295789083,0.8754649758338928,0.07044741014639537,0.9579676787058512,0.957313060760498,0.9303188522656759,0.8754307270050049
final_20260804-224906_augmented_spots_train_e200_b20_lr0.0002_s1,?|Iron_logtif.h5|2565|10259|911303,3,0.9246525963147482,0.8615103960037231,0.06398786356051762,0.9734294811884562,0.9721495906511942,0.93033234278361,0.9208335876464844
final_20260804-224906_augmented_spots_train_e200_b20_lr0.0002_s1,?|Iron_logtif.h5|5170|5170|439779,3,0.8807650009791056,0.8042963941891988,0.020049380138516426,0.9733183979988098,0.8668036858240763,0.9303577939669291,0.9070597410202026
final_20260804-224906_augmented_spots_train_e200_b20_lr0.0002_s1,?|Ti7Al_logtif.h5|347|347|127633,20,0.9071853518486023,0.8422361195087433,0.04627677658572793,0.9571600943803787,0.9283768475055695,0.9304542899131775,0.8571327328681946
final_20260804-224906_augmented_spots_train_e200_b20_lr0.0002_s1,?|Ti7Al_logtif.h5|199|199|66791,9,0.8980390760633681,0.8266301684909396,0.037127947020861835,0.935639222462972,0.9230242172876993,0.9304555588298373,0.8573589086532593
final_20260804-224906_augmented_spots_train_e200_b20_lr0.0002_s1,?|Ti7Al_logtif.h5|121|121|37867,11,0.912474204193462,0.8474882678552107,0.05153874985196374,0.924734971740029,0.9231919808821245,0.9304677248001099,0.9016103744506836
final_20260804-224906_augmented_spots_train_e200_b20_lr0.0002_s1,?|Al_big_grains_logtif.h5|1449|6393|197969,4,0.9201639890670776,0.8603150844573975,0.05921721179038286,0.9777380228042603,0.9697141647338867,0.9304733872413635,0.907233601808548
final_20260804-224906_augmented_spots_train_e200_b20_lr0.0002_s1,?|Iron_deformed_logtif.h5|244|244|1094267,30,0.9114827513694763,0.8449209729830424,0.050488667810956636,0.9553316473960877,0.9466641207536062,0.9304970443248749,0.8755355894565582
final_20260804-224906_augmented_spots_train_e200_b20_lr0.0002_s1,?|Al_big_grains_logtif.h5|6|4949|157471,3,0.9253400166829427,0.8669380148251852,0.06434150661031406,0.9151666760444641,0.9011329809824625,0.930499255657196,0.8725817918777465
final_20260804-224906_augmented_spots_train_e200_b20_lr0.0002_s1,?|Al_big_grains_logtif.h5|1100|1100|31044,6,0.8812902470429739,0.8466552893320719,0.020228525158017874,0.909378319978714,0.9048768977324168,0.9305308560530344,0.843660980463028
final_20260804-224906_augmented_spots_train_e200_b20_lr0.0002_s1,?|Al_big_grains_logtif.h5|560|560|14946,3,0.9149631261825562,0.8514230052630106,0.053792886435985565,0.9480194250742594,0.936578373114268,0.9305851062138876,0.88728107213974
final_20260804-224906_augmented_spots_train_e200_b20_lr0.0002_s1,?|Iron_logtif.h5|1406|9105|816312,4,0.9067888259887695,0.8401721119880676,0.045520252315327525,0.9435783177614212,0.9429711848497391,0.9306342899799347,0.9025766015052795
final_20260804-224906_augmented_spots_train_e200_b20_lr0.0002_s1,?|Ti7Al_logtif.h5|4|4|755,12,0.9089920421441396,0.8452029724915823,0.047718994008998074,0.9564468860626221,0.952859491109848,0.9306365251541138,0.877493005990982
final_20260804-224906_augmented_spots_train_e200_b20_lr0.0002_s1,?|Al_big_grains_logtif.h5|4823|4823|153817,5,0.9182117581367493,0.8561544299125672,0.05692909471690655,0.9471373081207275,0.9366940379142761,0.9306413412094117,0.8899621486663818
final_20260804-224906_augmented_spots_train_e200_b20_lr0.0002_s1,?|Iron_deformed_logtif.h5|148|148|557969,38,0.9196218816857589,0.8542066247839677,0.05824228273214478,0.9738425675191378,0.9702532354154085,0.9306898038638266,0.8953522622585297
final_20260804-224906_augmented_spots_train_e200_b20_lr0.0002_s1,?|Al_big_grains_logtif.h5|2453|7397|229885,3,0.9049243927001953,0.8366592725118002,0.04353701199094454,0.9197783271471659,0.9014646212259928,0.9306936860084534,0.9065900087356568
final_20260804-224906_augmented_spots_train_e200_b20_lr0.0002_s1,?|Iron_logtif.h5|5424|13122|1157443,4,0.8937263637781143,0.8189264535903931,0.0322567424736917,0.9270214140415192,0.9081469476222992,0.9307347983121872,0.9173443675041199
final_20260804-224906_augmented_spots_train_e200_b20_lr0.0002_s1,?|Al_big_grains_logtif.h5|2192|2192|65498,5,0.9031595706939697,0.828083872795105,0.041661616414785385,0.9658950328826904,0.9624560594558715,0.930748987197876,0.8948259353637695
final_20260804-224906_augmented_spots_train_e200_b20_lr0.0002_s1,?|Iron_logtif.h5|2633|10334|917772,4,0.9107974916696548,0.8382158875465393,0.04925142414867878,0.9334508776664734,0.9245683550834656,0.9307730495929718,0.9149937987327575
final_20260804-224906_augmented_spots_train_e200_b20_lr0.0002_s1,?|Al_big_grains_logtif.h5|416|5361|168309,4,0.8909324556589127,0.8383668810129166,0.029318171087652445,0.935666635632515,0.89858178794384,0.9308071434497833,0.864769172668457
final_20260804-224906_augmented_spots_train_e200_b20_lr0.0002_s1,?|Al_big_grains_logtif.h5|4106|4106|134085,3,0.9267970124880472,0.8705441355705261,0.06508317962288857,0.9529443383216858,0.9503143032391866,0.9308569232622782,0.8799660444259644
final_20260804-224906_augmented_spots_train_e200_b20_lr0.0002_s1,?|Al_big_grains_logtif.h5|2249|7193|223173,4,0.8880598396062851,0.8377706855535507,0.026276849675923586,0.9229552745819092,0.8428720980882645,0.9308914840221405,0.8583037078380584
final_20260804-224906_augmented_spots_train_e200_b20_lr0.0002_s1,?|Al_segvol.h5|4491|4491|24612,4,0.9139756411314011,0.8523877263069153,0.05213742330670357,0.9695303291082382,0.947718545794487,0.9309190958738327,0.86050363779068
final_20260804-224906_augmented_spots_train_e200_b20_lr0.0002_s1,?|Ti7Al_logtif.h5|307|1289|501364,13,0.9207254877457252,0.8647572306486276,0.058881009284120336,0.9419183501830468,0.935866539294903,0.9309222423113309,0.9152520537376404
final_20260804-224906_augmented_spots_train_e200_b20_lr0.0002_s1,?|Iron_deformed_logtif.h5|220|220|994429,37,0.906557065409583,0.8395192228459023,0.04468848797920588,0.9785047624562238,0.9780403142039841,0.9309342906281755,0.9147119760513306
final_20260804-224906_augmented_spots_train_e200_b20_lr0.0002_s1,?|Iron_logtif.h5|7211|7211|647454,3,0.9223619500796,0.8600578904151917,0.060389058043559395,0.9516768256823221,0.9476280808448792,0.9309864441553751,0.8961378931999207
final_20260804-224906_augmented_spots_train_e200_b20_lr0.0002_s1,?|Iron_logtif.h5|7643|7643|687255,4,0.9192114025354385,0.8566319048404694,0.05719574121758342,0.96430903673172,0.9504749327898026,0.9310078173875809,0.8722852826118469
final_20260804-224906_augmented_spots_train_e200_b20_lr0.0002_s1,?|Iron_logtif.h5|502|502|45911,3,0.9029286702473959,0.8347763617833456,0.04086426148811976,0.9706296324729919,0.9562073747316996,0.9310322205225626,0.9021366357803344
final_20260804-224906_augmented_spots_train_e200_b20_lr0.0002_s1,?|Iron_logtif.h5|6085|6085|525482,3,0.9052280982335409,0.8290419777234396,0.0431511215865612,0.9863802393277487,0.9843458731969198,0.931038498878479,0.9079192399978637
final_20260804-224906_augmented_spots_train_e200_b20_lr0.0002_s1,?|Iron_deformed_logtif.h5|31|312|1320393,37,0.8941249291639071,0.8350040928737538,0.03194549667170724,0.9243600650413616,0.9220639370583199,0.9310897169886408,0.8778525948524475
final_20260804-224906_augmented_spots_train_e200_b20_lr0.0002_s1,?|Al_big_grains_logtif.h5|1359|1359|38803,4,0.9364374876022339,0.8844660222530365,0.0741985198110342,0.9415476322174072,0.922629103064537,0.9311195015907288,0.873296982049942
final_20260804-224906_augmented_spots_train_e200_b20_lr0.0002_s1,?|Ti7Al_logtif.h5|4|986|387401,11,0.9227313778617166,0.8639086322350935,0.06045902147889137,0.9559913006695834,0.9510557380589572,0.9311361800540577,0.8991872072219849
final_20260804-224906_augmented_spots_train_e200_b20_lr0.0002_s1,?|Al_big_grains_logtif.h5|4258|9201|294190,4,0.889302670955658,0.8241007328033447,0.026972299441695213,0.9279572069644928,0.9193374812602997,0.9311651736497879,0.8928659558296204
final_20260804-224906_augmented_spots_train_e200_b20_lr0.0002_s1,?|Iron_logtif.h5|5766|5766|493337,3,0.8902613719304403,0.818386435508728,0.02782529965043068,0.9531610012054443,0.9531594713528951,0.9312180479367574,0.897214126586914
final_20260804-224906_augmented_spots_train_e200_b20_lr0.0002_s1,?|IN718_twins_logtif.h5|1119|2496|213841,7,0.9207190615790231,0.8871487847396305,0.0582061910203525,0.9460217356681824,0.9305431842803955,0.9312564219747271,0.8338159084320069
final_20260804-224906_augmented_spots_train_e200_b20_lr0.0002_s1,?|Ti7Al_logtif.h5|296|1278|497486,10,0.9197888016700745,0.8591208219528198,0.05717662498354912,0.9499376535415649,0.945918345451355,0.9313060879707337,0.8965294063091278
final_20260804-224906_augmented_spots_train_e200_b20_lr0.0002_s1,?|Cu_logtif.h5|7324|27188|2915350,3,0.9240194956461588,0.8593822320302328,0.06136048833529154,0.989706794420878,0.9886895219484965,0.9313295086224874,0.9253758311271667
final_20260804-224906_augmented_spots_train_e200_b20_lr0.0002_s1,?|Iron_logtif.h5|6042|6042|521930,3,0.9200406074523926,0.8553999861081442,0.05726210152109464,0.9753971099853516,0.9743099013964335,0.9313892523447672,0.9115067720413208
final_20260804-224906_augmented_spots_train_e200_b20_lr0.0002_s1,?|Iron_logtif.h5|7566|7566|681526,3,0.9200633962949117,0.864736000696818,0.05722383223474026,0.9324363072713217,0.931496818860372,0.9314197897911072,0.8756708860397339
final_20260804-224906_augmented_spots_train_e200_b20_lr0.0002_s1,?|Ti7Al_logtif.h5|361|361|137107,16,0.9071195423603058,0.8448437266051769,0.04419184778816998,0.9652849845588207,0.9439054597169161,0.9314638525247574,0.8901737034320831
final_20260804-224906_augmented_spots_train_e200_b20_lr0.0002_s1,?|Ti7Al_logtif.h5|62|1044|408338,8,0.9176135435700417,0.8524069935083389,0.05467603844590485,0.9572648629546165,0.9545101746916771,0.9314687550067902,0.8861814200878143
final_20260804-224906_augmented_spots_train_e200_b20_lr0.0002_s1,?|Al_deformed_LoG_logtif.h5|23|23|419818,329,0.9191589958761963,0.8539480456465284,0.05604927852115733,0.9796288354056222,0.9761516701849036,0.9315548593512422,0.87419114112854
final_20260804-224906_augmented_spots_train_e200_b20_lr0.0002_s1,?|Al_big_grains_logtif.h5|4664|9605|306073,4,0.913674920797348,0.8601541370153427,0.05047752009704709,0.9366158246994019,0.9347646534442902,0.9315986782312393,0.868104076385498
final_20260804-224906_augmented_spots_train_e200_b20_lr0.0002_s1,?|Al_big_grains_logtif.h5|3893|8839|282300,3,0.9142352938652039,0.8556051055590311,0.051008173575003944,0.9760939876238505,0.967841108640035,0.931613544623057,0.8668123245239258
final_20260804-224906_augmented_spots_train_e200_b20_lr0.0002_s1,?|Al_big_grains_logtif.h5|352|5295|166582,3,0.894066055615743,0.8249913851420084,0.03081427173068126,0.9263855417569479,0.8569223284721375,0.9316259225209554,0.8984204530715942
final_20260804-224906_augmented_spots_train_e200_b20_lr0.0002_s1,?|Ti7Al_logtif.h5|768|768|324205,11,0.9045241095803,0.8397216742688959,0.04127035713331266,0.9409084428440441,0.9395969293334268,0.9316268780014731,0.8457168340682983
final_20260804-224906_augmented_spots_train_e200_b20_lr0.0002_s1,?|IN718_twins_logtif.h5|430|1807|157341,8,0.9247831404209137,0.8937272727489471,0.061471678549423814,0.9487444832921028,0.9278282336890697,0.9316557422280312,0.8345360457897186
final_20260804-224906_augmented_spots_train_e200_b20_lr0.0002_s1,?|Ti7Al_logtif.h5|231|231|84081,7,0.9123817256518773,0.8434397322790963,0.0488579607169543,0.9402871557644435,0.9188260691506522,0.9317618693624224,0.8869014859199524
final_20260804-224906_augmented_spots_train_e200_b20_lr0.0002_s1,?|Al_big_grains_logtif.h5|4455|9398|299362,4,0.8853533118963242,0.8303837031126022,0.021814982406795025,0.9812928140163422,0.8935125023126602,0.9317691773176193,0.8841849863529205
final_20260804-224906_augmented_spots_train_e200_b20_lr0.0002_s1,?|Al_big_grains_logtif.h5|2094|7038|218144,3,0.9170990586280823,0.8575242956479391,0.05347302183508873,0.9387649496396383,0.935964047908783,0.9318130016326904,0.8819743394851685
final_20260804-224906_augmented_spots_train_e200_b20_lr0.0002_s1,?|Iron_logtif.h5|1419|9115|817305,4,0.9327145218849182,0.8810881525278091,0.06903313286602497,0.9632138907909393,0.9631913900375366,0.9318407028913498,0.9081012964248657
final_20260804-224906_augmented_spots_train_e200_b20_lr0.0002_s1,?|Al_big_grains_logtif.h5|2970|2970|93828,4,0.8937889188528061,0.8287725299596786,0.030094933230429888,0.9353947788476944,0.9311923533678055,0.931847020983696,0.8891167283058167
final_20260804-224906_augmented_spots_train_e200_b20_lr0.0002_s1,?|Al_big_grains_logtif.h5|2703|7649|239202,5,0.9051967859268188,0.8500074863433837,0.041226520016789434,0.9160713195800781,0.9135720372200012,0.9319851398468018,0.8763292789459228
final_20260804-224906_augmented_spots_train_e200_b20_lr0.0002_s1,?|Ti7Al_logtif.h5|161|161|52302,7,0.9157271640641349,0.8554506727627346,0.051634429554854124,0.9084611279623849,0.9068086913653782,0.9320463623319354,0.8979478120803833
final_20260804-224906_augmented_spots_train_e200_b20_lr0.0002_s1,?|Iron_deformed_logtif.h5|209|489|2114036,43,0.9151205406632534,0.8455947512804076,0.05100316277077032,0.9850256983623948,0.9841763183128002,0.9320586822753729,0.902531361579895
final_20260804-224906_augmented_spots_train_e200_b20_lr0.0002_s1,?|Ti7Al_logtif.h5|831|831|347676,11,0.9101212891665372,0.8521576957269148,0.04595551842992956,0.9385068199851296,0.9186217513951388,0.9320829023014415,0.8920440673828125
final_20260804-224906_augmented_spots_train_e200_b20_lr0.0002_s1,?|Al_big_grains_logtif.h5|1082|6026|186683,3,0.9170398712158203,0.8502590656280518,0.052766394490996994,0.8503341873486837,0.8424498041470846,0.9321367144584656,0.910807752609253
final_20260804-224906_augmented_spots_train_e200_b20_lr0.0002_s1,?|Iron_logtif.h5|5501|5501|466746,3,0.9132389624913534,0.8466862440109253,0.04896397143602371,0.9721157352129618,0.9220658342043558,0.9321374893188477,0.9172172546386719
final_20260804-224906_augmented_spots_train_e200_b20_lr0.0002_s1,?|Al_big_grains_logtif.h5|353|5297|166617,3,0.9232166806856791,0.8661214311917623,0.0588452722877264,0.96446426709493,0.9584747552871704,0.932185709476471,0.8839387774467469
final_20260804-224906_augmented_spots_train_e200_b20_lr0.0002_s1,?|Ti7Al_logtif.h5|208|208|75667,10,0.9152114510536193,0.8529481887817383,0.05083090607076883,0.9748202502727509,0.9656094074249267,0.9321902692317963,0.8847854197025299
final_20260804-224906_augmented_spots_train_e200_b20_lr0.0002_s1,?|Iron_deformed_logtif.h5|8|288|1260004,46,0.9091222532417463,0.8451450259789176,0.044645055359148464,0.9502545556296473,0.9469808508520541,0.932238598232684,0.8662241399288177
final_20260804-224906_augmented_spots_train_e200_b20_lr0.0002_s1,?|Cu_logtif.h5|13701|33562|3537847,3,0.9118188222249349,0.8384952545166016,0.04719522098700205,0.9956076939900717,0.9952709277470907,0.9323117931683859,0.9239182710647583
final_20260804-224906_augmented_spots_train_e200_b20_lr0.0002_s1,?|Al_big_grains_logtif.h5|659|659|17379,5,0.9211789250373841,0.8694200396537781,0.05649848952889443,0.938526451587677,0.9325168251991272,0.9323402047157288,0.8795804023742676
final_20260804-224906_augmented_spots_train_e200_b20_lr0.0002_s1,?|Iron_deformed_logtif.h5|8|8|20145,50,0.9055737173557281,0.8389500737190246,0.04080300681293011,0.949757616519928,0.9459644401073456,0.9323853576183319,0.8741497337818146
final_20260804-224906_augmented_spots_train_e200_b20_lr0.0002_s1,?|Ti7Al_logtif.h5|92|92|25196,12,0.9256626864274343,0.873851070801417,0.06082891998812556,0.9274967511494955,0.9215762068827947,0.9324168761571249,0.9048186302185058
final_20260804-224906_augmented_spots_train_e200_b20_lr0.0002_s1,?|Al_big_grains_logtif.h5|3925|3925|127649,3,0.9321508804957072,0.8771425485610962,0.0672671211262544,0.9576049248377482,0.9562647143999735,0.9324418902397156,0.9052624702453613
final_20260804-224906_augmented_spots_train_e200_b20_lr0.0002_s1,?|Al_big_grains_logtif.h5|2912|2912|92118,5,0.9084422349929809,0.8632640957832336,0.043470703065395355,0.9009954690933227,0.8972383141517639,0.9324857592582703,0.8741082668304443
final_20260804-224906_augmented_spots_train_e200_b20_lr0.0002_s1,?|Al_big_grains_logtif.h5|3465|8408|266903,4,0.914782926440239,0.8531408458948135,0.04976612329483032,0.910617470741272,0.9090468138456345,0.9325084090232849,0.8825753629207611
final_20260804-224906_augmented_spots_train_e200_b20_lr0.0002_s1,?|Al_big_grains_logtif.h5|944|944|25161,4,0.9242324233055115,0.8658400475978851,0.05909451423212886,0.9671897739171982,0.9571918100118637,0.9325689673423767,0.8688397586345673
final_20260804-224906_augmented_spots_train_e200_b20_lr0.0002_s1,?|Al_big_grains_logtif.h5|587|587|15600,4,0.9070422351360321,0.8668365478515625,0.04186340747401118,0.8940212279558182,0.8938112109899521,0.9325894117355347,0.8563651323318482
final_20260804-224906_augmented_spots_train_e200_b20_lr0.0002_s1,?|Cu_logtif.h5|8020|8020|849377,3,0.9250008463859558,0.8618418971697489,0.05975233390927315,0.9776407281557719,0.9757508039474487,0.9326242804527283,0.9217186570167542
final_20260804-224906_augmented_spots_train_e200_b20_lr0.0002_s1,?|Cu_logtif.h5|18773|38639|4108530,3,0.9109302759170532,0.8369502027829488,0.04563807509839535,0.9922284086545309,0.9921579162279764,0.9326460957527161,0.9101115942001343
final_20260804-224906_augmented_spots_train_e200_b20_lr0.0002_s1,?|Iron_logtif.h5|5326|13024|1148450,3,0.8809928099314371,0.8085351387659708,0.015488792831699053,0.9482065836588541,0.9459529916445414,0.9327520330746969,0.9058277130126953
final_20260804-224906_augmented_spots_train_e200_b20_lr0.0002_s1,?|Iron_logtif.h5|2335|2335|198015,3,0.9222632447878519,0.8612773815790812,0.056691575795412064,0.9350340962409973,0.9186242818832397,0.9327858487764994,0.8903696298599243
final_20260804-224906_augmented_spots_train_e200_b20_lr0.0002_s1,?|Ti7Al_logtif.h5|338|338|120963,10,0.9145609080791474,0.852087926864624,0.04887358294799924,0.9472530424594879,0.923086267709732,0.9328436732292176,0.8824564218521118
final_20260804-224906_augmented_spots_train_e200_b20_lr0.0002_s1,?|IN718_twins_logtif.h5|312|312|26771,4,0.9147369861602783,0.8627137094736099,0.04898185236379504,0.9751065075397491,0.9460624605417252,0.9328775703907013,0.8520328938961029
final_20260804-224906_augmented_spots_train_e200_b20_lr0.0002_s1,?|Iron_logtif.h5|2573|10272|913054,4,0.9140757024288177,0.8449140340089798,0.048209832049906254,0.9769052714109421,0.9643338620662689,0.9329329282045364,0.9034005165100097
final_20260804-224906_augmented_spots_train_e200_b20_lr0.0002_s1,?|Al_segvol.h5|4260|4260|23326,3,0.8947650194168091,0.8317237297693888,0.028886778901020687,0.897964080174764,0.8647527694702148,0.9329391320546468,0.8969998955726624
final_20260804-224906_augmented_spots_train_e200_b20_lr0.0002_s1,?|Al_big_grains_logtif.h5|1943|6887|212559,6,0.9003873368104299,0.8352181514104208,0.03436021677528819,0.9411282539367676,0.9373753269513448,0.9330135683218638,0.8837133646011353
final_20260804-224906_augmented_spots_train_e200_b20_lr0.0002_s1,?|Iron_logtif.h5|2752|2752|234407,4,0.9312307834625244,0.8780397921800613,0.06517745554447174,0.961045578122139,0.9605237245559692,0.9330267012119293,0.8697733402252197
final_20260804-224906_augmented_spots_train_e200_b20_lr0.0002_s1,?|Ti7Al_logtif.h5|249|249|93899,8,0.9108726903796196,0.8465268686413765,0.04464027006179094,0.9447982981801033,0.9394826292991638,0.9331162124872208,0.8723278641700745
final_20260804-224906_augmented_spots_train_e200_b20_lr0.0002_s1,?|Iron_logtif.h5|2929|10625|943220,3,0.9337150851885477,0.8775006333986918,0.06748056784272194,0.9482828776041666,0.9460175434748331,0.9331172704696655,0.9100428581237793
final_20260804-224906_augmented_spots_train_e200_b20_lr0.0002_s1,?|Al_big_grains_logtif.h5|1822|1822|53609,5,0.9135019540786743,0.8488034725189209,0.047193233668804166,0.9683959245681762,0.9598297238349914,0.9331543803215027,0.8839584350585937
final_20260804-224906_augmented_spots_train_e200_b20_lr0.0002_s1,?|Al_big_grains_logtif.h5|2861|2861|90700,6,0.9105337162812551,0.8516510426998138,0.044049106538295746,0.9425955911477407,0.9408872624238332,0.9332423110802969,0.9012055099010468
final_20260804-224906_augmented_spots_train_e200_b20_lr0.0002_s1,?|Cu_logtif.h5|19300|19300|2038951,3,0.891444464524587,0.8292577068010966,0.024567881288627785,0.9733782211939493,0.9723683595657349,0.9334383010864258,0.8841317176818848
final_20260804-224906_augmented_spots_train_e200_b20_lr0.0002_s1,?|Al_big_grains_logtif.h5|3149|8093|256572,3,0.8943878014882406,0.8349943161010742,0.02733332912127177,0.8807532588640848,0.8783857226371765,0.9335272312164307,0.8935062289237976
final_20260804-224906_augmented_spots_train_e200_b20_lr0.0002_s1,?|Iron_logtif.h5|366|8062|727646,3,0.9094717105229696,0.8361918926239014,0.04237436627348264,0.9852427442868551,0.9834452470143636,0.9335486888885498,0.9276841163635254
final_20260804-224906_augmented_spots_train_e200_b20_lr0.0002_s1,?|Iron_deformed_logtif.h5|218|498|2218448,44,0.9128513525832783,0.8471797975626859,0.04573594806292518,0.9730661931363019,0.9694518568840894,0.9335577054457231,0.8638700246810913
final_20260804-224906_augmented_spots_train_e200_b20_lr0.0002_s1,?|Al_big_grains_logtif.h5|1091|1091|30773,3,0.8783981800079346,0.8086497584978739,0.011169941474994024,0.9357619285583496,0.9340919256210327,0.9336141347885132,0.9013720512390136
final_20260804-224906_augmented_spots_train_e200_b20_lr0.0002_s1,?|Al_big_grains_logtif.h5|1092|1092|30786,4,0.9301771521568298,0.8729478865861893,0.06290230480954051,0.9510745108127594,0.9394316375255585,0.9336373955011368,0.9014887630939483
final_20260804-224906_augmented_spots_train_e200_b20_lr0.0002_s1,?|Al_big_grains_logtif.h5|2181|2181|65168,4,0.9128201603889465,0.8474775850772858,0.04548402410000563,0.9613601565361023,0.9548504501581192,0.9336680620908737,0.9087958693504333
final_20260804-224906_augmented_spots_train_e200_b20_lr0.0002_s1,?|Cu_logtif.h5|5650|25513|2736871,3,0.9211720824241638,0.8545466462771097,0.05367875595887502,0.9861737887064616,0.9853005806605021,0.9337466756502787,0.9174839138984681
final_20260804-224906_augmented_spots_train_e200_b20_lr0.0002_s1,?|Iron_logtif.h5|6596|14295|1269942,4,0.9199859499931335,0.8586673587560654,0.05245898524299264,0.9612763822078705,0.9604268968105316,0.9337634593248367,0.9066533267498016
final_20260804-224906_augmented_spots_train_e200_b20_lr0.0002_s1,?|Al_segvol.h5|6199|13231|74063,3,0.9581199089686075,0.9218607346216837,0.09035801390806834,0.9373138546943665,0.9356651306152344,0.9338809450467428,0.909567654132843
final_20260804-224906_augmented_spots_train_e200_b20_lr0.0002_s1,?|Ti7Al_logtif.h5|240|1222|473315,14,0.9060705176421574,0.8415916647229876,0.03826807166582772,0.9256551308291299,0.8472516196114677,0.9339012248175484,0.8830669224262238
final_20260804-224906_augmented_spots_train_e200_b20_lr0.0002_s1,?|Al_big_grains_logtif.h5|1142|1142|31782,3,0.9246531923611959,0.8649959564208984,0.056827674309412636,0.9007362922032675,0.867036759853363,0.9339127540588379,0.9243255496025086
final_20260804-224906_augmented_spots_train_e200_b20_lr0.0002_s1,?|Iron_logtif.h5|7375|7375|662119,5,0.9250957131385803,0.8652180552482605,0.05724486522376537,0.940317940711975,0.9337757349014282,0.9339254021644592,0.8848811984062195
final_20260804-224906_augmented_spots_train_e200_b20_lr0.0002_s1,?|Iron_logtif.h5|5499|5499|466715,3,0.905547300974528,0.8501504262288412,0.03762072448929151,0.8528611262639364,0.8520647883415222,0.9339632987976074,0.8904545545578003
final_20260804-224906_augmented_spots_train_e200_b20_lr0.0002_s1,?|Al_deformed_LoG_logtif.h5|21|21|390033,298,0.9169206935287322,0.8501327837873626,0.04877381944003821,0.9852266909692111,0.9829338720980907,0.9340734383803886,0.9089452862739563
final_20260804-224906_augmented_spots_train_e200_b20_lr0.0002_s1,?|Iron_logtif.h5|6118|6118|530347,9,0.9084592792722914,0.8411197198761834,0.04028880430592431,0.9581382208400302,0.9510858721203275,0.9340852300326029,0.9046889066696167
final_20260804-224906_augmented_spots_train_e200_b20_lr0.0002_s1,?|Iron_logtif.h5|246|7945|715039,3,0.9213570555051168,0.85508265097936,0.05316699668765068,0.9704316655794779,0.9668813347816467,0.9340950051943461,0.911138916015625
final_20260804-224906_augmented_spots_train_e200_b20_lr0.0002_s1,?|Ti7Al_logtif.h5|415|415|169572,8,0.9142447486519814,0.854828268289566,0.045960769639350474,0.933074563741684,0.9239687472581863,0.9341419860720634,0.896193528175354
final_20260804-224906_augmented_spots_train_e200_b20_lr0.0002_s1,?|Ti7Al_logtif.h5|233|233|84753,15,0.914211106300354,0.8663955171902974,0.04592649998764197,0.9195834914843242,0.9030632177988688,0.9341423074404399,0.883766508102417
final_20260804-224906_augmented_spots_train_e200_b20_lr0.0002_s1,?|Al_big_grains_logtif.h5|4283|9227|295087,4,0.9256050437688828,0.8756953924894333,0.0572151280939579,0.968807652592659,0.9648947566747665,0.9341949373483658,0.8864074051380157
final_20260804-224906_augmented_spots_train_e200_b20_lr0.0002_s1,?|Iron_logtif.h5|6500|14196|1259260,3,0.9171348611513773,0.8491001923878988,0.048694100230932236,0.9876720905303955,0.9871223171552023,0.9342203736305237,0.9080291390419006
final_20260804-224906_augmented_spots_train_e200_b20_lr0.0002_s1,?|Al_big_grains_logtif.h5|59|5001|159046,3,0.9015839894612631,0.8411221702893575,0.033138103783130646,0.952434261639913,0.8687395254770914,0.934222936630249,0.9004210829734802
final_20260804-224906_augmented_spots_train_e200_b20_lr0.0002_s1,?|Iron_logtif.h5|2837|10537|934728,3,0.9194589257240295,0.8535710573196411,0.05098266527056694,0.9797516663869222,0.9794577757517496,0.9342381358146667,0.9336795210838318
final_20260804-224906_augmented_spots_train_e200_b20_lr0.0002_s1,?|Iron_logtif.h5|395|8087|729320,3,0.9194663166999817,0.8530453642209371,0.05092236710091432,0.988698144753774,0.9885810414950053,0.9342719713846842,0.9119651913642883
final_20260804-224906_augmented_spots_train_e200_b20_lr0.0002_s1,?|Cu_logtif.h5|2910|22782|2432109,4,0.9181742817163467,0.8504725694656372,0.049625787883996964,0.981022372841835,0.9781190007925034,0.9342742562294006,0.9075505256652832
final_20260804-224906_augmented_spots_train_e200_b20_lr0.0002_s1,?|Iron_logtif.h5|4100|4100|344123,3,0.914785365263621,0.8468513488769531,0.04622302483767271,0.9805241624514262,0.9759467641512553,0.9342811703681946,0.8986233592033386
final_20260804-224906_augmented_spots_train_e200_b20_lr0.0002_s1,?|Al_small_grains_logtif.h5|11151|11151|116888,3,0.9096770683924357,0.8402892748514811,0.04104624812801679,0.9587560494740804,0.9548460841178894,0.9343154033025106,0.9234228253364563
final_20260804-224906_augmented_spots_train_e200_b20_lr0.0002_s1,?|Iron_logtif.h5|1015|8712|784496,3,0.9145111441612244,0.8480637669563293,0.04582286129395167,0.9846440752347311,0.9837501446406046,0.9343441327412924,0.9131951093673706
final_20260804-224906_augmented_spots_train_e200_b20_lr0.0002_s1,?|Al_deformed_LoG_logtif.h5|21|55|838164,344,0.9197072695161022,0.8540050033913102,0.050932290674143926,0.9882158685562222,0.9865742233950038,0.9343874875542729,0.9034431338310241
final_20260804-224906_augmented_spots_train_e200_b20_lr0.0002_s1,?|Al_big_grains_logtif.h5|3736|8678|276359,3,0.9001821080843607,0.8308483759562174,0.03136149731775125,0.9736507137616476,0.9676162401835123,0.9344103336334229,0.907556700706482
final_20260804-224906_augmented_spots_train_e200_b20_lr0.0002_s1,?|Al_big_grains_logtif.h5|4323|9269|296008,3,0.928046981493632,0.8664980332056681,0.059208291272322335,0.9744629263877869,0.9733477234840393,0.9344193339347839,0.9255356192588806
final_20260804-224906_augmented_spots_train_e200_b20_lr0.0002_s1,?|Ti7Al_logtif.h5|464|464|211949,12,0.9196809033552805,0.8688794076442719,0.05081374213720361,0.9478319187959036,0.94723179936409,0.9344335893789927,0.8413612127304078
final_20260804-224906_augmented_spots_train_e200_b20_lr0.0002_s1,?|Iron_deformed_logtif.h5|277|557|2462054,55,0.9181006442416798,0.8532875689593229,0.049170337566597895,0.9761636701497165,0.9731049581007524,0.9344651547345248,0.8967251539230346
final_20260804-224906_augmented_spots_train_e200_b20_lr0.0002_s1,?|Ti7Al_logtif.h5|669|1651|688712,7,0.9200036610875811,0.8562637482370649,0.050928649093423574,0.9452502812658038,0.9396438087735858,0.9345375044005257,0.9148472905158996
final_20260804-224906_augmented_spots_train_e200_b20_lr0.0002_s1,?|Ti7Al_logtif.h5|813|1796|733962,13,0.9214869966873755,0.8611500950960013,0.05239290113632496,0.9585063090691199,0.9526761999497046,0.9345470483486469,0.9068680763244629
final_20260804-224906_augmented_spots_train_e200_b20_lr0.0002_s1,?|Ti7Al_logtif.h5|75|1057|409998,12,0.9135659039020538,0.8554046750068665,0.04445126699283719,0.9472251733144125,0.9438079595565796,0.934557318687439,0.9040845096111297
final_20260804-224906_augmented_spots_train_e200_b20_lr0.0002_s1,?|Iron_logtif.h5|1841|1841|160366,3,0.9293266534805298,0.8689917127291361,0.06004036838809649,0.9808529814084371,0.9789019823074341,0.9346431493759155,0.9205377101898193
final_20260804-224906_augmented_spots_train_e200_b20_lr0.0002_s1,?|Iron_logtif.h5|4423|4423|369420,3,0.9018573959668478,0.8314576943715414,0.03248995232085387,0.9283045530319214,0.9077202479044596,0.9346837401390076,0.9195092916488647
final_20260804-224906_augmented_spots_train_e200_b20_lr0.0002_s1,?|Iron_logtif.h5|1907|9605|858808,3,0.9292074839274088,0.8690980871518453,0.059688406685988106,0.9908407926559448,0.9907840490341187,0.934759517510732,0.9176600694656372
final_20260804-224906_augmented_spots_train_e200_b20_lr0.0002_s1,?|Iron_deformed_logtif.h5|254|534|2358781,45,0.9191897365781996,0.8546646475791931,0.04962918609380722,0.9790772265858121,0.9732825901773241,0.9347802639007569,0.8852708339691162
final_20260804-224906_augmented_spots_train_e200_b20_lr0.0002_s1,?|Iron_logtif.h5|7076|14772|1323432,3,0.9151250521341959,0.8456324934959412,0.0455510001629591,0.9815616210301717,0.9800708889961243,0.9347870349884033,0.9080763339996338
final_20260804-224906_augmented_spots_train_e200_b20_lr0.0002_s1,?|Iron_logtif.h5|3395|3395|282929,3,0.9077528516451517,0.8381853699684143,0.03816066620250543,0.9507789413134257,0.9343047142028809,0.9347960948944092,0.9297417879104615
final_20260804-224906_augmented_spots_train_e200_b20_lr0.0002_s1,?|Cu_logtif.h5|9363|29218|3103237,3,0.8902419209480286,0.8124721447626749,0.02063225768506527,0.9618791739145914,0.9460238615671793,0.9348048369089762,0.919793164730072
final_20260804-224906_augmented_spots_train_e200_b20_lr0.0002_s1,?|Ti7Al_logtif.h5|139|1121|431476,13,0.9186256711299603,0.8614452481269836,0.04894086790199463,0.9506087945057795,0.9479059072641226,0.9348423985334543,0.8822822213172913
final_20260804-224906_augmented_spots_train_e200_b20_lr0.0002_s1,?|Iron_logtif.h5|194|7894|710386,3,0.9244725108146667,0.861463189125061,0.05439940343300501,0.9554778734842936,0.9546579917271932,0.9350365797678629,0.9106033921241761
final_20260804-224906_augmented_spots_train_e200_b20_lr0.0002_s1,?|Al_big_grains_logtif.h5|400|400|11353,4,0.9026718735694885,0.8352306336164474,0.032489702105522156,0.9689348340034485,0.9586749970912933,0.9350910931825638,0.9184523224830627
final_20260804-224906_augmented_spots_train_e200_b20_lr0.0002_s1,?|Iron_logtif.h5|6942|6942|614552,5,0.9234775185585022,0.8603344082832336,0.05316553339362144,0.9504022002220154,0.9485933542251587,0.9351559996604919,0.9120448589324951
final_20260804-224906_augmented_spots_train_e200_b20_lr0.0002_s1,?|Ti7Al_logtif.h5|520|520|234394,10,0.905223548412323,0.8464389383792877,0.03472858816385269,0.9658657729625701,0.9346026003360748,0.9352474868297577,0.8817891299724578
final_20260804-224906_augmented_spots_train_e200_b20_lr0.0002_s1,?|Iron_logtif.h5|6443|14139|1253954,3,0.9104238152503967,0.8443487882614136,0.03980561283727487,0.9684822956720988,0.8970243533452352,0.935309112071991,0.8879507780075073
final_20260804-224906_augmented_spots_train_e200_b20_lr0.0002_s1,?|Al_big_grains_logtif.h5|4716|9660|307280,6,0.9076814552148184,0.8476092517375946,0.03683442653467258,0.9361904561519623,0.9091956516106924,0.9354235033194224,0.8881131410598755
final_20260804-224906_augmented_spots_train_e200_b20_lr0.0002_s1,?|Iron_logtif.h5|592|592|54968,4,0.9040753245353699,0.8353781402111053,0.033140815794467926,0.9876058846712112,0.9677516520023346,0.9354672282934189,0.8884473204612732
final_20260804-224906_augmented_spots_train_e200_b20_lr0.0002_s1,?|Iron_logtif.h5|244|244|21594,6,0.925367405017217,0.8670604825019836,0.05433468101546168,0.9442108571529388,0.9409684638182322,0.935516357421875,0.8723199367523193
final_20260804-224906_augmented_spots_train_e200_b20_lr0.0002_s1,?|Al_big_grains_logtif.h5|3875|8819|281868,5,0.9261018872261048,0.8759544730186463,0.0549539465457201,0.9371717095375061,0.9359906077384949,0.9355739712715149,0.8800449848175049
final_20260804-224906_augmented_spots_train_e200_b20_lr0.0002_s1,?|Al_segvol.h5|6444|13478|75388,3,0.9370581110318502,0.8909422357877096,0.06586864838997523,0.9307535489400228,0.9285420576731364,0.9355947573979696,0.9182674646377563
final_20260804-224906_augmented_spots_train_e200_b20_lr0.0002_s1,?|Iron_logtif.h5|6331|14031|1245003,3,0.9082739154497782,0.8381404876708984,0.036898331716656685,0.9638983805974325,0.9560887416203817,0.935687800248464,0.9312331438064575
final_20260804-224906_augmented_spots_train_e200_b20_lr0.0002_s1,?|Al_segvol.h5|4379|11412|63617,3,0.944974402586619,0.8974509835243225,0.07349994219839573,0.9637195467948914,0.9608560005823771,0.9357372323671976,0.8961211681365967
final_20260804-224906_augmented_spots_train_e200_b20_lr0.0002_s1,?|Ti7Al_logtif.h5|818|1800|738363,16,0.9162300936877728,0.8548895083367825,0.04471186571754515,0.921592466533184,0.9126328155398369,0.9357591159641743,0.8919373750686646
final_20260804-224906_augmented_spots_train_e200_b20_lr0.0002_s1,?|Al_big_grains_logtif.h5|3571|8516|271141,4,0.9303854405879974,0.8714700490236282,0.05878492537885904,0.9771439284086227,0.9730093330144882,0.9358002841472626,0.9263386845588684
final_20260804-224906_augmented_spots_train_e200_b20_lr0.0002_s1,?|Al_big_grains_logtif.h5|4188|4188|136344,3,0.9334123531977335,0.8776203393936157,0.06175625572601954,0.9542330702145895,0.9470008015632629,0.9358280301094055,0.9190759658813477
final_20260804-224906_augmented_spots_train_e200_b20_lr0.0002_s1,?|Iron_logtif.h5|1766|9463|848914,3,0.9301585555076599,0.8714152971903483,0.058484415213267006,0.9795223275820414,0.9704046646753947,0.9358370701471964,0.9251325130462646
final_20260804-224906_augmented_spots_train_e200_b20_lr0.0002_s1,?|Iron_logtif.h5|7052|7052|625307,3,0.9139458735783895,0.8475650946299235,0.042190348729491234,0.9867146809895834,0.9863282442092896,0.9358777403831482,0.9215092658996582
final_20260804-224906_augmented_spots_train_e200_b20_lr0.0002_s1,?|Cu_logtif.h5|18767|38632|4107585,3,0.9224406083424886,0.8567629853884379,0.05053150653839111,0.9605821569760641,0.9604294697443644,0.9359545707702637,0.9260144710540772
final_20260804-224906_augmented_spots_train_e200_b20_lr0.0002_s1,?|Iron_deformed_logtif.h5|251|251|1107622,31,0.9189710309428554,0.8520366222627701,0.04697546275753167,0.988854706287384,0.9882007875750142,0.9359977802922649,0.9109498262405396
final_20260804-224906_augmented_spots_train_e200_b20_lr0.0002_s1,?|Iron_logtif.h5|7674|15370|1387673,3,0.9133026997248331,0.841843326886495,0.04130243820448717,0.9673386216163635,0.9661421775817871,0.936000128587087,0.9276164531707763
final_20260804-224906_augmented_spots_train_e200_b20_lr0.0002_s1,?|Al_big_grains_logtif.h5|4299|9244|295463,5,0.9189844489097595,0.8663329482078552,0.0468881506472826,0.9323964834213256,0.9317234754562378,0.936048150062561,0.8897905468940734
final_20260804-224906_augmented_spots_train_e200_b20_lr0.0002_s1,?|Al_big_grains_logtif.h5|3297|8242|261833,4,0.9113115668296814,0.8524783998727798,0.039195660036057234,0.9417296200990677,0.9355528056621552,0.9360579550266266,0.8956627309322357
final_20260804-224906_augmented_spots_train_e200_b20_lr0.0002_s1,?|Iron_logtif.h5|3633|11329|997482,6,0.9164034922917684,0.8488886952400208,0.04426798519367973,0.9652712543805441,0.9645233750343323,0.9360677599906921,0.9151324033737183
final_20260804-224906_augmented_spots_train_e200_b20_lr0.0002_s1,?|Cu_logtif.h5|2434|22304|2384292,4,0.9061310887336731,0.8313631415367126,0.033986334688961506,0.9793148040771484,0.9784471988677979,0.9360723793506622,0.9202404856681824
final_20260804-224906_augmented_spots_train_e200_b20_lr0.0002_s1,?|Ti7Al_logtif.h5|908|908|360903,12,0.9166815727949142,0.8575762013594309,0.04452517985676726,0.9521270841360092,0.9423619906107584,0.9360781908035278,0.8623006165027618
final_20260804-224906_augmented_spots_train_e200_b20_lr0.0002_s1,?|Iron_logtif.h5|1391|9090|814746,3,0.9409550825754801,0.8901950716972351,0.0687501101444165,0.9358821113904318,0.9350815614064535,0.9361024498939514,0.9039585709571838
final_20260804-224906_augmented_spots_train_e200_b20_lr0.0002_s1,?|Al_big_grains_logtif.h5|4574|9517|302884,3,0.9156651695569357,0.8539878527323405,0.043413241704305015,0.9800252517064413,0.9592227935791016,0.9361259539922079,0.8903373003005981
final_20260804-224906_augmented_spots_train_e200_b20_lr0.0002_s1,?|Al_big_grains_logtif.h5|1003|5947|184306,4,0.9478176236152649,0.9041362851858139,0.07556277513504028,0.9250069111585617,0.921378567814827,0.9361274242401123,0.8958796620368957
final_20260804-224906_augmented_spots_train_e200_b20_lr0.0002_s1,?|Ti7Al_logtif.h5|128|128|38430,11,0.9139815839854154,0.8542566841298883,0.041685476899147034,0.9569845307957042,0.9542301026257601,0.9361480582844127,0.9071258306503296
final_20260804-224906_augmented_spots_train_e200_b20_lr0.0002_s1,?|Cu_logtif.h5|8975|8975|935263,3,0.9167046348253886,0.847991148630778,0.04431962097684542,0.9793136517206827,0.9772899945576986,0.936192512512207,0.9274042129516602
final_20260804-224906_augmented_spots_train_e200_b20_lr0.0002_s1,?|Iron_logtif.h5|4061|11759|1036135,4,0.9058538377285004,0.8406459093093872,0.033419993007555604,0.9733910709619522,0.9686014950275421,0.9362169206142426,0.8945533752441406
final_20260804-224906_augmented_spots_train_e200_b20_lr0.0002_s1,?|Cu_logtif.h5|1141|21002|2235679,3,0.907450000445048,0.836393932501475,0.035015846292177834,0.9816753268241882,0.9804350535074869,0.9362170894940695,0.9222787380218506
final_20260804-224906_augmented_spots_train_e200_b20_lr0.0002_s1,?|Al_big_grains_logtif.h5|3861|8805|281366,4,0.9371139407157898,0.8855943232774734,0.06466226186603308,0.939061775803566,0.9200425893068314,0.9362258315086365,0.8838360249996186
final_20260804-224906_augmented_spots_train_e200_b20_lr0.0002_s1,?|Iron_logtif.h5|2761|10462|930188,3,0.9243729114532471,0.8618124723434448,0.05170515986780325,0.93683389822642,0.9331804911295573,0.9363338947296143,0.9166317939758301
final_20260804-224906_augmented_spots_train_e200_b20_lr0.0002_s1,?|Cu_logtif.h5|1123|1123|104447,3,0.9129738012949625,0.8412922223409017,0.04023769746224085,0.9928544561068217,0.9926599065462748,0.9363680680592855,0.9191411852836608
final_20260804-224906_augmented_spots_train_e200_b20_lr0.0002_s1,?|Ti7Al_logtif.h5|645|645|283576,11,0.9068582220511003,0.8402672410011292,0.03411923264237968,0.9535465836524963,0.9366826794364236,0.9363694895397533,0.9092432856559753
final_20260804-224906_augmented_spots_train_e200_b20_lr0.0002_s1,?|Iron_logtif.h5|3226|3226|269240,4,0.8910851031541824,0.8177836984395981,0.01831723004579544,0.9550509601831436,0.9494538307189941,0.936383917927742,0.9120541751384735
final_20260804-224906_augmented_spots_train_e200_b20_lr0.0002_s1,?|Ti7Al_logtif.h5|568|1551|648121,8,0.925358347594738,0.8671939894556999,0.052412457996979356,0.9478064179420471,0.9466158822178841,0.9364729598164558,0.8926534473896026
final_20260804-224906_augmented_spots_train_e200_b20_lr0.0002_s1,?|Al_big_grains_logtif.h5|4772|9715|308817,3,0.9276029467582703,0.867854098478953,0.05465616285800934,0.9753904143969218,0.9737692872683207,0.9364733894666036,0.9242933750152588
final_20260804-224906_augmented_spots_train_e200_b20_lr0.0002_s1,?|Al_big_grains_logtif.h5|4572|9516|302829,4,0.9294242262840271,0.8723540157079697,0.056418248219415545,0.9639583230018616,0.9615468829870224,0.936502993106842,0.8815977692604064
final_20260804-224906_augmented_spots_train_e200_b20_lr0.0002_s1,?|Cu_logtif.h5|1784|21645|2308598,3,0.9377121527989706,0.883848508199056,0.06464825446407,0.9705763459205627,0.9703860878944397,0.9365319410959879,0.9207313060760498
final_20260804-224906_augmented_spots_train_e200_b20_lr0.0002_s1,?|Ti7Al_logtif.h5|813|813|340249,8,0.9179654121398926,0.8521717041730881,0.04487781412899494,0.9552160203456879,0.9489487260580063,0.936543807387352,0.9086216568946839
final_20260804-224906_augmented_spots_train_e200_b20_lr0.0002_s1,?|Al_big_grains_logtif.h5|1853|1853|54798,4,0.908035010099411,0.842278778553009,0.034945126390084624,0.9290353655815125,0.9158863425254822,0.9365449249744415,0.9148398637771606
final_20260804-224906_augmented_spots_train_e200_b20_lr0.0002_s1,?|Al_big_grains_logtif.h5|294|294|9129,4,0.9199485778808594,0.8682282567024231,0.04675121558830142,0.9300036430358887,0.9294822216033936,0.9365987032651901,0.8816564202308654
final_20260804-224906_augmented_spots_train_e200_b20_lr0.0002_s1,?|Ti7Al_logtif.h5|697|1678|697306,5,0.9140509247779847,0.8601710677146912,0.040761684998869896,0.9444085955619812,0.9226924419403076,0.9366446375846863,0.8595833778381348
final_20260804-224906_augmented_spots_train_e200_b20_lr0.0002_s1,?|Iron_logtif.h5|190|7888|709841,3,0.928873876730601,0.8687721888224283,0.055455874651670456,0.9686907927195231,0.9677856167157491,0.9367090066274008,0.9276411533355713
final_20260804-224906_augmented_spots_train_e200_b20_lr0.0002_s1,?|Cu_logtif.h5|11007|30864|3257926,3,0.9310543338457743,0.8730656305948893,0.05755384514729182,0.9802494247754415,0.9802424112955729,0.9367502331733704,0.9266821861267089
final_20260804-224906_augmented_spots_train_e200_b20_lr0.0002_s1,?|Iron_logtif.h5|6804|6804|601184,4,0.9128669649362564,0.8525150716304779,0.03934511821717024,0.9650899916887283,0.9646448194980621,0.9367609173059464,0.903660637140274
final_20260804-224906_augmented_spots_train_e200_b20_lr0.0002_s1,?|Cu_logtif.h5|1193|1193|112364,3,0.9144602020581564,0.8435300588607788,0.040913078313072525,0.9881799419720968,0.9878496527671814,0.9367735783259074,0.9216598033905029
final_20260804-224906_augmented_spots_train_e200_b20_lr0.0002_s1,?|Iron_logtif.h5|4200|4200|351348,3,0.936949094136556,0.8817330797513326,0.06325881245235603,0.9567493200302124,0.9563295642534891,0.9368451833724976,0.9070812940597535
final_20260804-224906_augmented_spots_train_e200_b20_lr0.0002_s1,?|Iron_logtif.h5|2354|10052|893728,3,0.895956794420878,0.8352022171020508,0.022249627237518627,0.9657827615737915,0.8910742600758871,0.9368535677591959,0.9031102895736695
final_20260804-224906_augmented_spots_train_e200_b20_lr0.0002_s1,?|Al_big_grains_logtif.h5|1565|6508|201151,6,0.9244778156280518,0.8699246446291605,0.05070071186249455,0.9524968266487122,0.9490678310394287,0.9368885556856791,0.8693705201148987
final_20260804-224906_augmented_spots_train_e200_b20_lr0.0002_s1,?|Ti7Al_logtif.h5|590|590|264948,16,0.9194003567099571,0.8568915836513042,0.04562257678480819,0.975512757897377,0.9719655476510525,0.9368888773024082,0.9081282615661621
final_20260804-224906_augmented_spots_train_e200_b20_lr0.0002_s1,?|Cu_logtif.h5|15702|35563|3785875,3,0.9202529589335123,0.8532931407292684,0.04646339267492294,0.9888825019200643,0.9886875947316488,0.9368947943051656,0.9227530360221863
final_20260804-224906_augmented_spots_train_e200_b20_lr0.0002_s1,?|Iron_logtif.h5|1803|9500|852489,3,0.9225065112113953,0.8604796131451925,0.04870129625002543,0.9674159288406372,0.9669143756230673,0.9369025826454163,0.9271236538887024
final_20260804-224906_augmented_spots_train_e200_b20_lr0.0002_s1,?|Cu_logtif.h5|6749|26611|2859174,3,0.9228041370709738,0.8582839369773865,0.04870763917764028,0.9917320609092712,0.9917137225468954,0.9370482563972473,0.9330596566200257
final_20260804-224906_augmented_spots_train_e200_b20_lr0.0002_s1,?|Al_big_grains_logtif.h5|2219|7163|222264,4,0.9453947246074677,0.9010141491889954,0.07118440372869372,0.9434143304824829,0.9245493710041046,0.937105193734169,0.8693196415901184
final_20260804-224906_augmented_spots_train_e200_b20_lr0.0002_s1,?|Iron_logtif.h5|6980|14680|1314577,5,0.9189967393875123,0.8615141153335572,0.04461556673049927,0.9477595806121826,0.9393225908279419,0.937190580368042,0.9016427159309387
final_20260804-224906_augmented_spots_train_e200_b20_lr0.0002_s1,?|Al_big_grains_logtif.h5|3228|3228|104761,4,0.915783017873764,0.8561343550682068,0.04139106930233538,0.9420532882213593,0.8847457766532898,0.9371959567070007,0.8751429557800293
final_20260804-224906_augmented_spots_train_e200_b20_lr0.0002_s1,?|Al_big_grains_logtif.h5|2315|7261|225136,3,0.8931711514790853,0.8329706390698751,0.018730137186745804,0.9596110582351685,0.9353520671526591,0.9372205138206482,0.8898947238922119
final_20260804-224906_augmented_spots_train_e200_b20_lr0.0002_s1,?|Al_big_grains_logtif.h5|2317|7262|225146,4,0.9147327691316605,0.8536204993724823,0.040026729460805655,0.9781986176967621,0.9324572831392288,0.9373530000448227,0.8867222130298614
final_20260804-224906_augmented_spots_train_e200_b20_lr0.0002_s1,?|Al_big_grains_logtif.h5|4506|9451|300585,5,0.9124558925628662,0.8590468645095826,0.03750124853104353,0.9208532452583313,0.9087122678756714,0.9374773263931274,0.8844043970108032
final_20260804-224906_augmented_spots_train_e200_b20_lr0.0002_s1,?|Al_big_grains_logtif.h5|2237|2237|67351,3,0.917963961760203,0.8510282238324484,0.042931350568930306,0.9781230290730795,0.9766423503557841,0.9375162919362386,0.9245984435081482
final_20260804-224906_augmented_spots_train_e200_b20_lr0.0002_s1,?|Iron_logtif.h5|6683|6683|585105,4,0.8980065435171127,0.8380419760942459,0.022884725127369165,0.9158144593238831,0.8794144988059998,0.9375609308481216,0.8821016252040863
final_20260804-224906_augmented_spots_train_e200_b20_lr0.0002_s1,?|Al_big_grains_logtif.h5|4466|4466|143845,4,0.9019658267498016,0.8400774151086807,0.026772762648761272,0.9353921115398407,0.9342682063579559,0.9375965297222137,0.898624837398529
final_20260804-224906_augmented_spots_train_e200_b20_lr0.0002_s1,?|Iron_logtif.h5|2173|2173|187673,4,0.9052146077156067,0.832452192902565,0.02998118451796472,0.9846759140491486,0.9816165715456009,0.9376167058944702,0.914606773853302
final_20260804-224906_augmented_spots_train_e200_b20_lr0.0002_s1,?|Iron_logtif.h5|1760|1760|153492,5,0.9084268689155579,0.8396710276603698,0.03313620537519455,0.9645504236221314,0.9644036769866944,0.9376453161239624,0.9076168417930603
final_20260804-224906_augmented_spots_train_e200_b20_lr0.0002_s1,?|Al_big_grains_logtif.h5|355|355|10466,4,0.8972291201353073,0.8320600092411041,0.021932731149718165,0.9234563112258911,0.9226137399673462,0.937648206949234,0.8976417720317841
final_20260804-224906_augmented_spots_train_e200_b20_lr0.0002_s1,?|Iron_logtif.h5|6645|14341|1276931,4,0.9133240133523941,0.8619961589574814,0.03799535217694938,0.9291467219591141,0.9287669360637665,0.9376643151044846,0.8908214330673218
final_20260804-224906_augmented_spots_train_e200_b20_lr0.0002_s1,?|Ti7Al_logtif.h5|543|1524|637490,13,0.9222447046866784,0.8693816386736356,0.04687102912710263,0.9651248225798974,0.9555037938631498,0.9376868422214801,0.8947589516639709
final_20260804-224906_augmented_spots_train_e200_b20_lr0.0002_s1,?|Ti7Al_logtif.h5|224|224|82357,13,0.925202841942127,0.8648138092114375,0.049689675466372416,0.9548701002047613,0.9498456991635836,0.9377565750708947,0.91031813621521
final_20260804-224906_augmented_spots_train_e200_b20_lr0.0002_s1,?|Cu_logtif.h5|8123|8123|859023,3,0.9128083984057108,0.8412428100903829,0.03720921340088049,0.9912868738174438,0.991076131661733,0.9377995928128561,0.9271179676055908
final_20260804-224906_augmented_spots_train_e200_b20_lr0.0002_s1,?|Al_big_grains_logtif.h5|1365|1365|38956,3,0.9142672220865885,0.8552932739257812,0.03812444147964319,0.9579811890920004,0.9557097951571146,0.9380713701248169,0.9111916065216065
final_20260804-224906_augmented_spots_train_e200_b20_lr0.0002_s1,?|Al_deformed_LoG_logtif.h5|28|62|895368,323,0.9226592915715078,0.8587206268089106,0.046441569183333184,0.9885312197009107,0.9869845352674785,0.938108859047432,0.9102604627609253
final_20260804-224906_augmented_spots_train_e200_b20_lr0.0002_s1,?|Al_big_grains_logtif.h5|3899|3899|126781,4,0.9199689775705338,0.8582158982753754,0.04366723634302616,0.9689415097236633,0.9642172306776047,0.9381508678197861,0.9270841240882873
final_20260804-224906_augmented_spots_train_e200_b20_lr0.0002_s1,?|Iron_logtif.h5|3177|3177|264417,3,0.9141117930412292,0.8485349416732788,0.03762957081198692,0.9672172665596008,0.9665437936782837,0.9382411042849222,0.9346370220184326
final_20260804-224906_augmented_spots_train_e200_b20_lr0.0002_s1,?|Al_segvol.h5|4718|4718|25902,3,0.9180548191070557,0.8657893538475037,0.04145754501223564,0.9059376120567322,0.8944590091705322,0.9382986426353455,0.9093136310577392
final_20260804-224906_augmented_spots_train_e200_b20_lr0.0002_s1,?|Ti7Al_logtif.h5|802|802|336800,12,0.9171034048000971,0.8611474434534708,0.04044454630153874,0.9231310784816742,0.9136039565006892,0.938329428434372,0.8930351078510285
final_20260804-224906_augmented_spots_train_e200_b20_lr0.0002_s1,?|Iron_logtif.h5|4176|4176|350008,5,0.9192073941230774,0.8562979578971863,0.04241690151393414,0.9779625654220581,0.9684079051017761,0.9383952617645264,0.9096454381942749
final_20260804-224906_augmented_spots_train_e200_b20_lr0.0002_s1,?|Ti7Al_logtif.h5|262|262|97255,11,0.9258584976196289,0.87095430764285,0.04878464679826389,0.9580295952883634,0.9496911709958856,0.9385369311679493,0.8927150964736938
final_20260804-224906_augmented_spots_train_e200_b20_lr0.0002_s1,?|Ti7Al_logtif.h5|373|1357|530911,10,0.9305528342723847,0.874513566493988,0.05329142231494188,0.9705398201942443,0.9700497806072235,0.9386307120323181,0.8885159432888031
final_20260804-224906_augmented_spots_train_e200_b20_lr0.0002_s1,?|Al_big_grains_logtif.h5|4172|4172|135937,9,0.9034378992186652,0.848480933242374,0.02599410381582048,0.8999477889802721,0.897494395573934,0.9387218952178955,0.8790855407714844
final_20260804-224906_augmented_spots_train_e200_b20_lr0.0002_s1,?|Ti7Al_logtif.h5|929|1911|767656,12,0.933185413479805,0.8845752974351248,0.05563310657938322,0.954870825012525,0.9495995591084162,0.9387761503458023,0.8875803887844086
final_20260804-224906_augmented_spots_train_e200_b20_lr0.0002_s1,?|Ti7Al_logtif.h5|642|1624|674450,8,0.9077496603131294,0.8434380441904068,0.03015204647090286,0.9503445997834206,0.9409331232309341,0.9387988075613976,0.8723353147506714
final_20260804-224906_augmented_spots_train_e200_b20_lr0.0002_s1,?|Al_big_grains_logtif.h5|2823|7768|244320,4,0.9360575526952744,0.8846197426319122,0.05838090367615223,0.9532931596040726,0.9517794698476791,0.9388383328914642,0.924879002571106
final_20260804-224906_augmented_spots_train_e200_b20_lr0.0002_s1,?|Cu_logtif.h5|17713|37581|3998925,4,0.9138165563344955,0.8421816974878311,0.03585023432970047,0.9954536557197571,0.9953969419002533,0.9389831572771072,0.9316794395446777
final_20260804-224906_augmented_spots_train_e200_b20_lr0.0002_s1,?|Iron_logtif.h5|1832|1832|159535,3,0.9206119179725647,0.8551439245541891,0.042520167926947273,0.9690623879432678,0.9676664670308431,0.9390458663304647,0.9331400394439697
final_20260804-224906_augmented_spots_train_e200_b20_lr0.0002_s1,?|Cu_logtif.h5|17070|17070|1790340,3,0.9333668152491251,0.8753735224405924,0.05512953922152519,0.9906202753384908,0.9905769030253092,0.9391186436017355,0.9284532308578491
final_20260804-224906_augmented_spots_train_e200_b20_lr0.0002_s1,?|Al_big_grains_logtif.h5|4555|9496|302089,3,0.9316443999608358,0.8781244158744812,0.05319916953643163,0.9672904809316,0.9627899726231893,0.9392226139704386,0.8947323203086853
final_20260804-224906_augmented_spots_train_e200_b20_lr0.0002_s1,?|Iron_logtif.h5|2344|2344|198593,3,0.9119300842285156,0.8470150232315063,0.03340755651394526,0.9450604120890299,0.9198827942212423,0.939261257648468,0.9268416881561279
final_20260804-224906_augmented_spots_train_e200_b20_lr0.0002_s1,?|Al_big_grains_logtif.h5|1712|6658|205524,3,0.9199269612630209,0.8666296203931173,0.04137037880718708,0.9532339771588644,0.9512646198272705,0.9392783045768738,0.9151491284370422
final_20260804-224906_augmented_spots_train_e200_b20_lr0.0002_s1,?|Ti7Al_logtif.h5|453|1435|594296,13,0.924360454082489,0.864738418505742,0.04557936395017,0.9741151974751399,0.9682960143456092,0.9393905492929312,0.8942288875579834
final_20260804-224906_augmented_spots_train_e200_b20_lr0.0002_s1,?|Al_big_grains_logtif.h5|993|5937|184079,4,0.9346053302288055,0.883648082613945,0.05555987358093262,0.940220907330513,0.8817761689424515,0.9395227283239365,0.8959789931774139
final_20260804-224906_augmented_spots_train_e200_b20_lr0.0002_s1,?|Al_big_grains_logtif.h5|934|934|24935,5,0.9253722548484802,0.8841023683547974,0.046303124912083146,0.9010026335716248,0.8798487424850464,0.9395345568656921,0.864499831199646
final_20260804-224906_augmented_spots_train_e200_b20_lr0.0002_s1,?|Al_big_grains_logtif.h5|3155|8100|256839,3,0.9333118398984274,0.8898982008298238,0.05421387900908788,0.9118009606997172,0.9107044736544291,0.9395489692687988,0.900193190574646
final_20260804-224906_augmented_spots_train_e200_b20_lr0.0002_s1,?|Al_segvol.h5|2390|2390|13231,3,0.9492960174878439,0.9054212768872579,0.07015091925859451,0.9712412556012472,0.9611463944117228,0.9395725528399149,0.9281841039657592
final_20260804-224906_augmented_spots_train_e200_b20_lr0.0002_s1,?|Al_big_grains_logtif.h5|2508|7452|231753,3,0.9235160946846008,0.8688978155454,0.044191655392448105,0.9729934533437093,0.968839148680369,0.9396622180938721,0.9094046950340271
final_20260804-224906_augmented_spots_train_e200_b20_lr0.0002_s1,?|Iron_deformed_logtif.h5|218|218|979332,37,0.9255179633965364,0.8672742231472118,0.04616340677681807,0.9704511278384441,0.9698802393835944,0.9396772819596368,0.899395203590393
final_20260804-224906_augmented_spots_train_e200_b20_lr0.0002_s1,?|Iron_logtif.h5|2688|2688|228580,3,0.9260982473691305,0.8637192249298096,0.04671012982726097,0.9808956782023112,0.9801667332649231,0.9396940668423971,0.921312403678894
final_20260804-224906_augmented_spots_train_e200_b20_lr0.0002_s1,?|Iron_logtif.h5|4275|4275|357579,3,0.9339493711789449,0.8771322170893351,0.054506599282224975,0.9748417337735494,0.9746412436167399,0.9397213657697042,0.9312977433204651
final_20260804-224906_augmented_spots_train_e200_b20_lr0.0002_s1,?|Iron_logtif.h5|1641|9338|838559,3,0.9366856416066488,0.8826924761136373,0.057182379687825836,0.9551900227864584,0.9549263914426168,0.939751664797465,0.920745313167572
final_20260804-224906_augmented_spots_train_e200_b20_lr0.0002_s1,?|Ti7Al_logtif.h5|320|1302|503431,12,0.9367335389057795,0.8857899804910024,0.05716090012962619,0.9629331777493159,0.9601243336995443,0.9397863348325094,0.89588463306427
final_20260804-224906_augmented_spots_train_e200_b20_lr0.0002_s1,?|Iron_logtif.h5|2706|2706|230254,3,0.9398845831553141,0.8884259263674418,0.060234732925891876,0.9440140525499979,0.9372243285179138,0.9398249387741089,0.8981613874435425
final_20260804-224906_augmented_spots_train_e200_b20_lr0.0002_s1,?|Al_big_grains_logtif.h5|4143|9087|290523,4,0.9081447124481201,0.8607406169176102,0.028494147583842278,0.9343371689319611,0.9336441457271576,0.9398252665996552,0.8749248087406158
final_20260804-224906_augmented_spots_train_e200_b20_lr0.0002_s1,?|Al_big_grains_logtif.h5|414|414|11905,4,0.9383304119110107,0.8914328217506409,0.05857690284028649,0.9622585624456406,0.9493000209331512,0.9398767501115799,0.8798736810684205
final_20260804-224906_augmented_spots_train_e200_b20_lr0.0002_s1,?|Ti7Al_logtif.h5|338|1320|508639,11,0.9276692433790727,0.870400916446339,0.047820669429546055,0.9762946638193998,0.9732455123554576,0.9399242834611372,0.9271498918533325
final_20260804-224906_augmented_spots_train_e200_b20_lr0.0002_s1,?|Al_big_grains_logtif.h5|945|945|25242,5,0.9374330639839172,0.8848671436309814,0.05758126899600029,0.9358616948127747,0.929192042350769,0.9399258971214295,0.9118407726287842
final_20260804-224906_augmented_spots_train_e200_b20_lr0.0002_s1,?|Al_big_grains_logtif.h5|1058|1058|29653,4,0.918331503868103,0.8686721324920654,0.03844630531966686,0.9366148114204407,0.9362994581460953,0.9399425983428955,0.907858157157898
final_20260804-224906_augmented_spots_train_e200_b20_lr0.0002_s1,?|Iron_logtif.h5|4787|4787|401967,3,0.9308726588884989,0.8721491893132528,0.050897665321826935,0.9751606583595276,0.9738362034161886,0.9399875005086263,0.9194291591644287
final_20260804-224906_augmented_spots_train_e200_b20_lr0.0002_s1,?|Al_big_grains_logtif.h5|1110|1110|31154,3,0.9286917448043823,0.8703607718149821,0.04864475503563881,0.9584762255350748,0.950421134630839,0.9400234818458557,0.9284650087356567
final_20260804-224906_augmented_spots_train_e200_b20_lr0.0002_s1,?|Al_big_grains_logtif.h5|3461|3461|111038,4,0.9150544703006744,0.8542624115943909,0.03496704110875726,0.8426480293273926,0.837983250617981,0.9400437027215958,0.9103743672370911
final_20260804-224906_augmented_spots_train_e200_b20_lr0.0002_s1,?|Al_big_grains_logtif.h5|2639|7583|236860,4,0.9231303632259369,0.8618593364953995,0.042831247206777334,0.960639089345932,0.9585674554109573,0.9401495903730392,0.9257789134979248
final_20260804-224906_augmented_spots_train_e200_b20_lr0.0002_s1,?|Al_big_grains_logtif.h5|136|136|5212,6,0.9209133088588715,0.878600557645162,0.040598690820237,0.9678547481695811,0.9161099791526794,0.9401573340098063,0.869908481836319
final_20260804-224906_augmented_spots_train_e200_b20_lr0.0002_s1,?|Iron_logtif.h5|6548|6548|567952,4,0.9330660551786423,0.875001460313797,0.05274883098900318,0.9833470582962036,0.9830696880817413,0.9401586055755615,0.9302373766899109
final_20260804-224906_augmented_spots_train_e200_b20_lr0.0002_s1,?|Al_big_grains_logtif.h5|2502|7445|231562,3,0.9233708381652832,0.868407686551412,0.043006666004657745,0.9670431216557821,0.9376679062843323,0.940182109673818,0.9114398717880249
final_20260804-224906_augmented_spots_train_e200_b20_lr0.0002_s1,?|Ti7Al_logtif.h5|797|1779|726919,6,0.928816537062327,0.8703873256842295,0.04828971438109875,0.957274317741394,0.9470457832018534,0.9402634004751841,0.9046050906181335
final_20260804-224906_augmented_spots_train_e200_b20_lr0.0002_s1,?|Al_big_grains_logtif.h5|312|312|9462,3,0.9429987668991089,0.8962881763776144,0.06239565834403038,0.9582036932309469,0.9541343053181967,0.9403015375137329,0.9109675407409668
final_20260804-224906_augmented_spots_train_e200_b20_lr0.0002_s1,?|Al_segvol.h5|3870|3870|21129,5,0.901011300086975,0.8350686073303223,0.020321307331323625,0.93391854763031,0.9318377852439881,0.9403450012207031,0.9065037846565247
final_20260804-224906_augmented_spots_train_e200_b20_lr0.0002_s1,?|Iron_logtif.h5|2924|2924|247720,3,0.9363594055175781,0.882698118686676,0.05550896003842354,0.9833933313687643,0.9831705093383789,0.9404252370198568,0.930223798751831
final_20260804-224906_augmented_spots_train_e200_b20_lr0.0002_s1,?|Al_deformed_LoG_logtif.h5|28|28|444359,313,0.9255055729954388,0.8629505318193771,0.04464023638242921,0.9899811047715501,0.9891761760361278,0.9404326700174008,0.9172541499137878
final_20260804-224906_augmented_spots_train_e200_b20_lr0.0002_s1,?|Al_big_grains_logtif.h5|4109|4109|134137,4,0.912968099117279,0.8593699336051941,0.032096896320581436,0.9227928668260574,0.918483778834343,0.9404355883598328,0.9038365006446838
final_20260804-224906_augmented_spots_train_e200_b20_lr0.0002_s1,?|Iron_logtif.h5|355|8052|726526,3,0.9120540420214335,0.8395074605941772,0.031012751162052155,0.9904997944831848,0.9904772639274597,0.9405206441879272,0.9262014746665954
final_20260804-224906_augmented_spots_train_e200_b20_lr0.0002_s1,?|Al_big_grains_logtif.h5|1438|1438|41407,6,0.9276516338189443,0.8729749917984009,0.046558969343701996,0.9691972732543945,0.9566765129566193,0.940546323855718,0.9156136810779572
final_20260804-224906_augmented_spots_train_e200_b20_lr0.0002_s1,?|Cu_logtif.h5|15584|35450|3771303,3,0.9257902900377909,0.8630701700846354,0.044695619183282055,0.9861690799395243,0.9862190882364908,0.9405473470687866,0.9247087478637696
final_20260804-224906_augmented_spots_train_e200_b20_lr0.0002_s1,?|Iron_logtif.h5|2565|2565|216991,3,0.9432501196861267,0.8933813770612081,0.0620582178235054,0.9715874989827474,0.9712690909703573,0.9405959447224935,0.927422308921814
final_20260804-224906_augmented_spots_train_e200_b20_lr0.0002_s1,?|Iron_logtif.h5|2564|2564|216935,3,0.922513465086619,0.8598731756210327,0.0413071575264136,0.9552775820096334,0.9513633847236633,0.9406031370162964,0.9295487761497497
final_20260804-224906_augmented_spots_train_e200_b20_lr0.0002_s1,?|Iron_logtif.h5|502|8197|739267,3,0.9204444090525309,0.8595039049784342,0.03908672680457433,0.9747482538223267,0.9733030597368876,0.9406788547833761,0.9196123600006103
final_20260804-224906_augmented_spots_train_e200_b20_lr0.0002_s1,?|Al_segvol.h5|1480|8510|47542,3,0.9419124523798624,0.8946189085642496,0.06055269576609135,0.9741165041923523,0.9661796887715658,0.9406798879305521,0.8927573919296264
final_20260804-224906_augmented_spots_train_e200_b20_lr0.0002_s1,?|Al_big_grains_logtif.h5|494|494|13792,4,0.931814968585968,0.8798031955957413,0.05041760206222534,0.9740979969501495,0.9723618179559708,0.9406986832618713,0.8997876048088074
final_20260804-224906_augmented_spots_train_e200_b20_lr0.0002_s1,?|Cu_logtif.h5|3854|3854|389209,3,0.9409028689066569,0.8884451985359192,0.05941976917286714,0.9803000887235006,0.9801571170488993,0.9407415390014648,0.9239051818847657
final_20260804-224906_augmented_spots_train_e200_b20_lr0.0002_s1,?|Iron_logtif.h5|2326|10022|891059,4,0.9253842234611511,0.8629428148269653,0.043879618402570486,0.9845102429389954,0.9843259006738663,0.940752312541008,0.9180244386196137
final_20260804-224906_augmented_spots_train_e200_b20_lr0.0002_s1,?|Cu_logtif.h5|16936|36802|3909848,3,0.916296641031901,0.8465035756429037,0.03474420619507631,0.9970191121101379,0.9970157742500305,0.9407761891682943,0.9356743335723877
final_20260804-224906_augmented_spots_train_e200_b20_lr0.0002_s1,?|Al_big_grains_logtif.h5|4047|8987|287336,4,0.9120078533887863,0.8462036997079849,0.030455227941274643,0.9788283556699753,0.9672772884368896,0.9407763183116913,0.9090827226638794
final_20260804-224906_augmented_spots_train_e200_b20_lr0.0002_s1,?|Iron_logtif.h5|6054|6054|522348,3,0.9177364508310953,0.849570651849111,0.036074962466955185,0.9917531212170919,0.9915633201599121,0.9408307472864786,0.9368292689323425
final_20260804-224906_augmented_spots_train_e200_b20_lr0.0002_s1,?|Al_deformed_LoG_logtif.h5|31|31|445182,342,0.9270709782664539,0.8657459447606962,0.04527186869224261,0.9887233841837498,0.9875620410107729,0.9408995556203943,0.9050921559333801
final_20260804-224906_augmented_spots_train_e200_b20_lr0.0002_s1,?|Iron_deformed_logtif.h5|156|156|621842,33,0.9284567598140601,0.8683388197060787,0.04652929198787068,0.9861541733597264,0.9837550719579061,0.9409637433109861,0.9258540987968444
final_20260804-224906_augmented_spots_train_e200_b20_lr0.0002_s1,?|Al_big_grains_logtif.h5|4231|4231|137538,3,0.9402611255645752,0.8891894022623698,0.05829265216986338,0.9456708232561747,0.941618820031484,0.9409842491149902,0.9186878561973572
final_20260804-224906_augmented_spots_train_e200_b20_lr0.0002_s1,?|Iron_logtif.h5|189|7885|709490,3,0.9408037662506104,0.8909594019254049,0.058760968347390495,0.9736209114392599,0.9690260489781698,0.9410213828086853,0.9034043312072754
final_20260804-224906_augmented_spots_train_e200_b20_lr0.0002_s1,?|Ti7Al_logtif.h5|347|1329|514740,17,0.925374844494988,0.8679026575649486,0.043328101911089,0.9661283002180212,0.9633298060473274,0.9410233778112075,0.8976728200912476
final_20260804-224906_augmented_spots_train_e200_b20_lr0.0002_s1,?|IN718_twins_logtif.h5|769|769|66876,7,0.9402158430644444,0.9073859368051801,0.058121995734316964,0.9600755912917001,0.9166880207402366,0.9410469106265477,0.8652273416519165
final_20260804-224906_augmented_spots_train_e200_b20_lr0.0002_s1,?|Iron_logtif.h5|64|64|7610,6,0.8979707459608713,0.8372502426306406,0.015856601297855377,0.96965158979098,0.9692254761854807,0.9410570760567983,0.8991905450820923
final_20260804-224906_augmented_spots_train_e200_b20_lr0.0002_s1,?|Iron_logtif.h5|1973|1973|168700,4,0.9103131145238876,0.8448574841022491,0.028128029080107808,0.9585925042629242,0.95623978972435,0.9410925209522247,0.9042102575302124
final_20260804-224906_augmented_spots_train_e200_b20_lr0.0002_s1,?|Ti7Al_logtif.h5|883|883|357956,12,0.9298874487479528,0.8764924108982086,0.04755626944825053,0.9665815681219101,0.9611251950263977,0.9411655912796656,0.8882581114768981
final_20260804-224906_augmented_spots_train_e200_b20_lr0.0002_s1,?|Al_segvol.h5|6826|6826|37797,3,0.9304815729459127,0.8838251431783041,0.04812463000416756,0.9384118318557739,0.9374243418375651,0.9411784807840983,0.921417498588562
final_20260804-224906_augmented_spots_train_e200_b20_lr0.0002_s1,?|Iron_logtif.h5|7018|14718|1318048,3,0.9109005133310953,0.8449053764343262,0.02831336452315251,0.9197061856587728,0.8969387610753378,0.9412935773531595,0.9223838567733764
final_20260804-224906_augmented_spots_train_e200_b20_lr0.0002_s1,?|Al_big_grains_logtif.h5|3814|8757|279461,4,0.939263328909874,0.8891191929578781,0.05660389130935073,0.9533688575029373,0.9523361623287201,0.9413297176361084,0.9102165341377259
final_20260804-224906_augmented_spots_train_e200_b20_lr0.0002_s1,?|Iron_logtif.h5|2735|2735|232255,3,0.9222809473673502,0.8563348650932312,0.03962125691274802,0.9893150528271993,0.9891045093536377,0.9413298567136129,0.9229863166809082
final_20260804-224906_augmented_spots_train_e200_b20_lr0.0002_s1,?|Iron_logtif.h5|4273|4273|357419,3,0.9338434338569641,0.8782031138737997,0.05111565192540487,0.9596358140309652,0.9546815554300944,0.9413638909657797,0.9145204544067382
final_20260804-224906_augmented_spots_train_e200_b20_lr0.0002_s1,?|Al_deformed_LoG_logtif.h5|31|66|896198,345,0.9271095728528672,0.8660820864248967,0.04429244000626647,0.9899814799212028,0.9885695609493532,0.9414085652517236,0.9190083861351013
final_20260804-224906_augmented_spots_train_e200_b20_lr0.0002_s1,?|Iron_logtif.h5|3423|3423|286333,3,0.9220010042190552,0.8577120900154114,0.039181614915529885,0.9916705886522929,0.9908221165339152,0.941409707069397,0.9245748519897461
final_20260804-224906_augmented_spots_train_e200_b20_lr0.0002_s1,?|Al_big_grains_logtif.h5|4260|9204|294457,5,0.9312278032302856,0.8831827878952027,0.04838703647255897,0.9437147736549377,0.9428173780441285,0.9414203763008118,0.8873471736907959
final_20260804-224906_augmented_spots_train_e200_b20_lr0.0002_s1,?|Iron_logtif.h5|7691|15391|1390990,3,0.9133101304372152,0.8430379430452982,0.030402193466822307,0.9790905912717184,0.9788778424263,0.9414539734522501,0.9371807098388671
final_20260804-224906_augmented_spots_train_e200_b20_lr0.0002_s1,?|Iron_logtif.h5|1067|8765|789441,5,0.9342009425163269,0.8806488513946533,0.051289189420640466,0.9722591519355774,0.9684513330459594,0.941455888748169,0.8892680406570435
final_20260804-224906_augmented_spots_train_e200_b20_lr0.0002_s1,?|Al_big_grains_logtif.h5|4367|9312|296836,3,0.9271035194396973,0.8691826860109965,0.04404641315340996,0.9647311965624491,0.9497775236765543,0.9415285785992941,0.9238507151603699
final_20260804-224906_augmented_spots_train_e200_b20_lr0.0002_s1,?|Iron_logtif.h5|664|664|61482,3,0.9174665808677673,0.8572189807891846,0.03439078480005264,0.9463252822558085,0.945828398068746,0.9415378967920939,0.915153980255127
final_20260804-224906_augmented_spots_train_e200_b20_lr0.0002_s1,?|Ti7Al_logtif.h5|840|1823|742991,10,0.9207754611968995,0.8645939648151397,0.03758170334622264,0.9379970312118531,0.9237788617610931,0.9415968894958496,0.9190869331359863
final_20260804-224906_augmented_spots_train_e200_b20_lr0.0002_s1,?|Al_big_grains_logtif.h5|4197|9140|292258,5,0.9191919565200806,0.8571574449539184,0.035969192534685133,0.9394068598747254,0.9362127900123596,0.941611385345459,0.9025788903236389
final_20260804-224906_augmented_spots_train_e200_b20_lr0.0002_s1,?|Iron_logtif.h5|1013|1013|90485,3,0.924278716246287,0.8620090285936991,0.04092869348824024,0.9662848711013794,0.9657025535901388,0.9416749874750773,0.9280184745788574
final_20260804-224906_augmented_spots_train_e200_b20_lr0.0002_s1,?|Iron_logtif.h5|3971|3971|329902,3,0.928525427977244,0.8681415716807047,0.04510342019299666,0.9364757140477499,0.9340992967287699,0.9417110085487366,0.9149224519729614
final_20260804-224906_augmented_spots_train_e200_b20_lr0.0002_s1,?|Iron_logtif.h5|5256|12954|1144030,3,0.9202884833017985,0.8615330259005228,0.03685980103909969,0.9827091097831726,0.9823244015375773,0.941714346408844,0.9131402611732483
final_20260804-224906_augmented_spots_train_e200_b20_lr0.0002_s1,?|Al_big_grains_logtif.h5|2573|7518|234615,5,0.9292924165725708,0.8737702012062073,0.045782556757330894,0.968191635608673,0.9675904512405396,0.941754937171936,0.8920636653900147
final_20260804-224906_augmented_spots_train_e200_b20_lr0.0002_s1,?|Iron_logtif.h5|5403|13100|1155736,4,0.9281448572874069,0.8685138821601868,0.044602859765291214,0.9865958988666534,0.9861423224210739,0.9417710155248642,0.9223416328430176
final_20260804-224906_augmented_spots_train_e200_b20_lr0.0002_s1,?|Cu_logtif.h5|16210|16210|1701677,3,0.9197838306427002,0.853400468826294,0.036134052400787674,0.9870507518450419,0.986974855264028,0.9418248931566874,0.9245598554611206
final_20260804-224906_augmented_spots_train_e200_b20_lr0.0002_s1,?|Ti7Al_logtif.h5|496|1478|614260,8,0.9258318915963173,0.8695212230086327,0.042154195136390626,0.9390157833695412,0.9215249121189117,0.9418388530611992,0.9062691032886505
final_20260804-224906_augmented_spots_train_e200_b20_lr0.0002_s1,?|Iron_logtif.h5|6118|13816|1225138,3,0.9190084139506022,0.8506303429603577,0.03526535692314307,0.9725604852040609,0.9707254568735758,0.9418715039889017,0.9293273448944092
final_20260804-224906_augmented_spots_train_e200_b20_lr0.0002_s1,?|Al_big_grains_logtif.h5|3893|3893|126605,4,0.9007456451654434,0.8540915250778198,0.01695924741216004,0.9531130492687225,0.9524782449007034,0.9418931901454926,0.8902175188064575
final_20260804-224906_augmented_spots_train_e200_b20_lr0.0002_s1,?|IN718_twins_logtif.h5|350|1725|148938,8,0.9388643130660057,0.9031140878796577,0.0550645743496716,0.9637167528271675,0.9542387127876282,0.9418998882174492,0.8417319655418396
final_20260804-224906_augmented_spots_train_e200_b20_lr0.0002_s1,?|Iron_logtif.h5|4466|4466|373318,3,0.9157955447832743,0.8485532601674398,0.031965430825948715,0.9869954586029053,0.9858353932698568,0.9419150749842325,0.9144956707954407
final_20260804-224906_augmented_spots_train_e200_b20_lr0.0002_s1,?|Ti7Al_logtif.h5|232|1215|472264,10,0.9255836308002472,0.8717947840690613,0.041727297194302085,0.9626118659973144,0.9576654136180878,0.9419281721115113,0.9043608725070953
final_20260804-224906_augmented_spots_train_e200_b20_lr0.0002_s1,?|Al_big_grains_logtif.h5|1814|1814|53270,3,0.898181140422821,0.8274605671564738,0.014265111337105433,0.9618680874506632,0.9608423312505087,0.9419579903284708,0.9267707586288452
final_20260804-224906_augmented_spots_train_e200_b20_lr0.0002_s1,?|Iron_logtif.h5|2752|10448|929429,4,0.9249722510576248,0.8638732582330704,0.04105065413750708,0.9838557541370392,0.976974368095398,0.941960796713829,0.9055736780166626
final_20260804-224906_augmented_spots_train_e200_b20_lr0.0002_s1,?|Cu_logtif.h5|16430|16430|1725495,3,0.9137002031008402,0.8416676123936971,0.02958697887758414,0.9962153236071268,0.9961512883504232,0.9420566161473592,0.9394745469093323
final_20260804-224906_augmented_spots_train_e200_b20_lr0.0002_s1,?|Iron_logtif.h5|7398|7398|665112,3,0.9359200596809387,0.881748636563619,0.05175836508472761,0.9627344012260437,0.9626878698666891,0.9420808355013529,0.9239044666290284
final_20260804-224906_augmented_spots_train_e200_b20_lr0.0002_s1,?|Iron_logtif.h5|7141|14839|1335445,3,0.9386311769485474,0.8872467478116354,0.05439349760611852,0.9809856414794922,0.9808822075525919,0.9421188433965048,0.9265481472015381
final_20260804-224906_augmented_spots_train_e200_b20_lr0.0002_s1,?|Iron_logtif.h5|3994|3994|331845,4,0.9236045777797699,0.8616316467523575,0.03936437261290848,0.9820917695760727,0.9820730835199356,0.9421201199293137,0.9270214676856995
final_20260804-224906_augmented_spots_train_e200_b20_lr0.0002_s1,?|Iron_logtif.h5|1793|9491|851909,4,0.9165642857551575,0.8483083844184875,0.03228606656193733,0.9916087538003922,0.9909279495477676,0.9421390891075134,0.9299613833427429
final_20260804-224906_augmented_spots_train_e200_b20_lr0.0002_s1,?|Iron_logtif.h5|7422|7422|668381,5,0.9416800141334534,0.8910537600517273,0.057352949306368826,0.9795634746551514,0.9791271328926087,0.9421635508537293,0.9168747305870056
final_20260804-224906_augmented_spots_train_e200_b20_lr0.0002_s1,?|Al_big_grains_logtif.h5|4305|9248|295543,4,0.9106784760951996,0.844269186258316,0.02634898852556944,0.9448782950639725,0.9353875815868378,0.9421647489070892,0.9254535675048828
final_20260804-224906_augmented_spots_train_e200_b20_lr0.0002_s1,?|Iron_logtif.h5|1841|9539|855041,3,0.9213710427284241,0.858857532342275,0.037036064391334854,0.9841361840566,0.9833748936653137,0.9421674609184265,0.9327302932739258
final_20260804-224906_augmented_spots_train_e200_b20_lr0.0002_s1,?|Al_big_grains_logtif.h5|75|75|3368,5,0.9442323565483093,0.8971708059310913,0.05979229435324669,0.9577905297279358,0.9540001392364502,0.9422200202941895,0.9067439317703248
final_20260804-224906_augmented_spots_train_e200_b20_lr0.0002_s1,?|Iron_logtif.h5|6471|6471|561244,5,0.9301407694816589,0.8709643363952637,0.045559154078364375,0.9419146656990052,0.9234393477439881,0.9422908067703247,0.9328267335891723
final_20260804-224906_augmented_spots_train_e200_b20_lr0.0002_s1,?|Iron_logtif.h5|6336|6336|550104,4,0.9121812433004379,0.8460162580013275,0.0274993684142828,0.9669148772954941,0.9665254503488541,0.9423409402370453,0.9241694033145904
final_20260804-224906_augmented_spots_train_e200_b20_lr0.0002_s1,?|Iron_logtif.h5|4016|11713|1030550,3,0.9273256262143453,0.8662891785303751,0.0424368754029274,0.9844649831453959,0.9842589696248373,0.942444364229838,0.9324883818626404
final_20260804-224906_augmented_spots_train_e200_b20_lr0.0002_s1,?|Iron_logtif.h5|84|7780|702401,3,0.9408814708391825,0.8894544839859009,0.0559402604897817,0.9662328958511353,0.9655128518740336,0.9424706101417542,0.9156327366828918
final_20260804-224906_augmented_spots_train_e200_b20_lr0.0002_s1,?|Al_big_grains_logtif.h5|19|4964|157925,4,0.9160830676555634,0.8554952442646027,0.031118835788220167,0.9306014478206635,0.9178784489631653,0.9424820989370346,0.9194595575332641
final_20260804-224906_augmented_spots_train_e200_b20_lr0.0002_s1,?|Al_big_grains_logtif.h5|1986|1986|58506,4,0.9158644527196884,0.8546523153781891,0.03077525459229946,0.948302298784256,0.9456224590539932,0.9425445795059204,0.9283229172229767
final_20260804-224906_augmented_spots_train_e200_b20_lr0.0002_s1,?|Iron_logtif.h5|3884|3884|324519,4,0.9364666789770126,0.882482498884201,0.05118132336065173,0.9752870500087738,0.9752093851566315,0.9426426738500595,0.916642141342163
final_20260804-224906_augmented_spots_train_e200_b20_lr0.0002_s1,?|Iron_logtif.h5|1779|1779|155954,3,0.9308445453643799,0.8754332264264425,0.04555712888638178,0.9734442830085754,0.9712121884028116,0.9426436821619669,0.9241667985916138
final_20260804-224906_augmented_spots_train_e200_b20_lr0.0002_s1,?|Al_big_grains_logtif.h5|4426|4426|142974,3,0.9490982492764791,0.9042383631070455,0.06380510330200195,0.9635286529858907,0.9611978133519491,0.9426465630531311,0.9394260048866272
final_20260804-224906_augmented_spots_train_e200_b20_lr0.0002_s1,?|Al_big_grains_logtif.h5|4591|9535|303978,3,0.9374001423517863,0.8864046732584635,0.05209276576836904,0.9691718022028605,0.9670508901278178,0.9426537354787191,0.9090042829513549
final_20260804-224906_augmented_spots_train_e200_b20_lr0.0002_s1,?|Al_big_grains_logtif.h5|2094|2094|62829,4,0.9069496393203735,0.8521627187728882,0.021636471385136247,0.9522798359394073,0.9502377361059189,0.9426565766334534,0.9010839104652405
final_20260804-224906_augmented_spots_train_e200_b20_lr0.0002_s1,?|Iron_logtif.h5|4389|12086|1062246,4,0.9334966093301773,0.8802192807197571,0.04811080638319254,0.9741256386041641,0.9740343391895294,0.942692905664444,0.9104211747646331
final_20260804-224906_augmented_spots_train_e200_b20_lr0.0002_s1,?|Cu_logtif.h5|5801|5801|620154,3,0.9294187426567078,0.8690603375434875,0.043956272304058075,0.9886011481285095,0.988594134648641,0.942731241385142,0.9384576678276062
final_20260804-224906_augmented_spots_train_e200_b20_lr0.0002_s1,?|Iron_logtif.h5|6790|14486|1294987,4,0.9194759875535965,0.8536218255758286,0.033924678107723594,0.9922221004962921,0.9919213205575943,0.9427756518125534,0.9278306365013123
final_20260804-224906_augmented_spots_train_e200_b20_lr0.0002_s1,?|Iron_logtif.h5|2939|10633|943593,3,0.916715164979299,0.8512481649716696,0.031142393747965496,0.9745105504989624,0.973048726717631,0.9427863756815592,0.9281625628471375
final_20260804-224906_augmented_spots_train_e200_b20_lr0.0002_s1,?|Al_big_grains_logtif.h5|2403|2403|72844,4,0.9146421402692795,0.861638143658638,0.02898314781486988,0.9239491969347,0.913978785276413,0.9428294897079468,0.9075950443744659
final_20260804-224906_augmented_spots_train_e200_b20_lr0.0002_s1,?|Ti7Al_logtif.h5|614|614|277406,9,0.928414695792728,0.8802335129843818,0.042649442330002785,0.9131470620632172,0.9123376905918121,0.9428826305601332,0.9084440469741821
final_20260804-224906_augmented_spots_train_e200_b20_lr0.0002_s1,?|Al_big_grains_logtif.h5|1263|1263|35583,3,0.9484913349151611,0.9039092063903809,0.06254536223908265,0.9326153000195821,0.930900772412618,0.9429729779561361,0.9079896569252014
final_20260804-224906_augmented_spots_train_e200_b20_lr0.0002_s1,?|Al_big_grains_logtif.h5|189|189|6911,3,0.9299640854199728,0.8770012855529785,0.0440112209568421,0.9206815759340922,0.9082001050313314,0.9429764350255331,0.9236224293708801
final_20260804-224906_augmented_spots_train_e200_b20_lr0.0002_s1,?|Al_big_grains_logtif.h5|2465|2465|74693,4,0.918622300028801,0.8712909817695618,0.032598732970654964,0.9202571511268616,0.9162550866603851,0.9430117905139923,0.8875960350036621
final_20260804-224906_augmented_spots_train_e200_b20_lr0.0002_s1,?|Al_big_grains_logtif.h5|2895|2895|91665,3,0.930243730545044,0.8700397809346517,0.04421790440877279,0.9854478240013123,0.9842080275217692,0.9430129329363505,0.9333709716796875
final_20260804-224906_augmented_spots_train_e200_b20_lr0.0002_s1,?|Iron_deformed_logtif.h5|223|223|1001878,38,0.927720025966042,0.8675247305317929,0.041650781505986265,0.9803135253881153,0.9790612992487455,0.9430346190929413,0.9097557067871094
final_20260804-224906_augmented_spots_train_e200_b20_lr0.0002_s1,?|Iron_logtif.h5|5928|13625|1204350,3,0.9383059144020081,0.884844958782196,0.052216993334392704,0.9793475270271301,0.9789091149965922,0.9430445035298666,0.9096341133117676
final_20260804-224906_augmented_spots_train_e200_b20_lr0.0002_s1,?|Ti7Al_logtif.h5|662|1644|682000,12,0.9429773290952047,0.8949203093846639,0.05688365898095071,0.9399756590525309,0.9384047240018845,0.9430468281110128,0.9219859898090362
final_20260804-224906_augmented_spots_train_e200_b20_lr0.0002_s1,?|Iron_logtif.h5|6114|13811|1224710,5,0.9133591294288635,0.8522235989570618,0.027214886993169783,0.9733196139335633,0.9669102311134339,0.9430721282958985,0.90002943277359
final_20260804-224906_augmented_spots_train_e200_b20_lr0.0002_s1,?|Al_big_grains_logtif.h5|3624|8566|272673,4,0.9404385089874268,0.8960468620061874,0.05429295310750604,0.9115247130393982,0.9052514731884003,0.9430727809667587,0.8782033622264862
final_20260804-224906_augmented_spots_train_e200_b20_lr0.0002_s1,?|Al_big_grains_logtif.h5|1950|1950|57468,6,0.9287311732769012,0.877685954173406,0.0425351665665706,0.9896213610967001,0.9791602989037832,0.9430980285008749,0.8876502513885498
final_20260804-224906_augmented_spots_train_e200_b20_lr0.0002_s1,?|Al_big_grains_logtif.h5|205|5149|163541,3,0.9117451906204224,0.8538214763005575,0.025192410374681156,0.8797231316566467,0.8789194027582804,0.9432763655980428,0.9165422439575195
final_20260804-224906_augmented_spots_train_e200_b20_lr0.0002_s1,?|Iron_logtif.h5|4798|4798|402947,4,0.9186674803495407,0.8549360036849976,0.03201995883136988,0.9758883714675903,0.9748268574476242,0.9433237612247467,0.9199223160743714
final_20260804-224906_augmented_spots_train_e200_b20_lr0.0002_s1,?|Iron_logtif.h5|2222|2222|190964,5,0.9065200090408325,0.8498706459999085,0.019749458506703378,0.9096968770027161,0.9059288382530213,0.9433852672576905,0.8963126540184021
final_20260804-224906_augmented_spots_train_e200_b20_lr0.0002_s1,?|Iron_logtif.h5|2939|2939|248579,3,0.947620670000712,0.9015223781267802,0.06081496737897396,0.9713399012883505,0.9712551434834799,0.9434028665224711,0.9228573679924011
final_20260804-224906_augmented_spots_train_e200_b20_lr0.0002_s1,?|Iron_logtif.h5|6315|14011|1243779,3,0.9326619903246561,0.8747697869936625,0.04585497702161471,0.9911247690518697,0.9910457531611124,0.9434035023053488,0.9325342774391174
final_20260804-224906_augmented_spots_train_e200_b20_lr0.0002_s1,?|Iron_logtif.h5|5799|13497|1194332,6,0.9185462395350138,0.8621542553106943,0.03172946783403555,0.8999914626280466,0.8643160462379456,0.9434083898862203,0.9195663332939148
final_20260804-224906_augmented_spots_train_e200_b20_lr0.0002_s1,?|Iron_logtif.h5|996|8693|782554,3,0.9378724892934164,0.8885726531346639,0.05099836799005667,0.9604754050572714,0.9599494735399882,0.9434370795885721,0.9079099774360657
final_20260804-224906_augmented_spots_train_e200_b20_lr0.0002_s1,?|Al_segvol.h5|5946|5946|33031,4,0.9381908029317856,0.8864958584308624,0.051230513490736485,0.9762886166572571,0.9706348180770874,0.9434801489114761,0.9122828066349029
final_20260804-224906_augmented_spots_train_e200_b20_lr0.0002_s1,?|Ti7Al_logtif.h5|401|401|153318,11,0.9305797544392672,0.876185720617121,0.04354441792450168,0.945891261100769,0.9441490173339844,0.9435176686807112,0.9091974496841431
final_20260804-224906_augmented_spots_train_e200_b20_lr0.0002_s1,?|Iron_logtif.h5|5524|5524|468862,3,0.9276041388511658,0.8692272702852885,0.040370539762079716,0.9726466337839762,0.9704040288925171,0.94361678759257,0.9133644104003906
final_20260804-224906_augmented_spots_train_e200_b20_lr0.0002_s1,?|Iron_logtif.h5|190|190|17201,3,0.9462127685546875,0.8986004789670309,0.05897071212530136,0.97484157482783,0.9746876160303751,0.943621039390564,0.9307667374610901
final_20260804-224906_augmented_spots_train_e200_b20_lr0.0002_s1,?|Cu_logtif.h5|5082|5082|543376,3,0.9258524179458618,0.8625584046045939,0.038542830074826874,0.9945574800173441,0.9944224953651428,0.9436547954877218,0.9377506732940674
final_20260804-224906_augmented_spots_train_e200_b20_lr0.0002_s1,?|Al_big_grains_logtif.h5|4646|4646|149546,3,0.9210269848505656,0.8632154862085978,0.0335781779140234,0.9671029051144918,0.9562653303146362,0.9437244137128195,0.926308524608612
final_20260804-224906_augmented_spots_train_e200_b20_lr0.0002_s1,?|Iron_logtif.h5|7221|14916|1343871,4,0.9267446100711823,0.8673665523529053,0.03927241452038288,0.9593683183193207,0.9543827474117279,0.9437361061573029,0.9380529344081878
final_20260804-224906_augmented_spots_train_e200_b20_lr0.0002_s1,?|Iron_logtif.h5|2010|9707|867700,4,0.9195483177900314,0.852885976433754,0.031643630005419254,0.9826940894126892,0.9825095236301422,0.943952351808548,0.9314833402633667
final_20260804-224906_augmented_spots_train_e200_b20_lr0.0002_s1,?|Al_big_grains_logtif.h5|1588|6532|201642,3,0.9183871547381083,0.8611743450164795,0.030433085126181442,0.9264933466911316,0.920992374420166,0.9439770380655924,0.9214327335357666
final_20260804-224906_augmented_spots_train_e200_b20_lr0.0002_s1,?|IN718_twins_logtif.h5|1049|2426|207531,7,0.9483115587915693,0.9105710472379412,0.06034136137792042,0.9701651334762573,0.936280642236982,0.943985104560852,0.8779576301574707
final_20260804-224906_augmented_spots_train_e200_b20_lr0.0002_s1,?|Al_big_grains_logtif.h5|744|5688|175893,5,0.9524523973464966,0.9110077381134033,0.06446199044585228,0.9434881687164307,0.9384056091308594,0.9439952135086059,0.8992444038391113
final_20260804-224906_augmented_spots_train_e200_b20_lr0.0002_s1,?|Iron_logtif.h5|6900|6900|610104,3,0.9244322776794434,0.8637269337972006,0.03606506623327732,0.9402351776758829,0.9350985288619995,0.9441836078961691,0.928496491909027
final_20260804-224906_augmented_spots_train_e200_b20_lr0.0002_s1,?|Al_big_grains_logtif.h5|945|5891|181989,3,0.9429608782132467,0.8942895332972208,0.054328763857483864,0.9838316043217977,0.980596919854482,0.94431604941686,0.9272322177886962
final_20260804-224906_augmented_spots_train_e200_b20_lr0.0002_s1,?|Iron_logtif.h5|318|8016|722565,5,0.9302713751792908,0.8715575337409973,0.04156044982373715,0.9828232288360595,0.982721471786499,0.9443554759025574,0.9316631078720092
final_20260804-224906_augmented_spots_train_e200_b20_lr0.0002_s1,?|Iron_logtif.h5|5898|5898|505774,3,0.9145146409670512,0.8498860200246176,0.025766865039865177,0.9921357234319051,0.9919285774230957,0.9443738659222921,0.9221595168113709
final_20260804-224906_augmented_spots_train_e200_b20_lr0.0002_s1,?|Al_big_grains_logtif.h5|3496|3496|112131,3,0.9201395114262899,0.8652811845143636,0.03138819026450316,0.9713106950124105,0.9705667297045389,0.9443756540616354,0.9293820023536682
final_20260804-224906_augmented_spots_train_e200_b20_lr0.0002_s1,?|Al_big_grains_logtif.h5|3823|8767|279873,3,0.92193204164505,0.8657285968462626,0.03305571898818016,0.9568056662877401,0.9516001343727112,0.9444381594657898,0.9026281595230102
final_20260804-224906_augmented_spots_train_e200_b20_lr0.0002_s1,?|Al_big_grains_logtif.h5|3898|8842|282383,5,0.9086758255958557,0.853312087059021,0.0197652880102396,0.9396698951721192,0.8918180942535401,0.9444552659988403,0.9050729513168335
final_20260804-224906_augmented_spots_train_e200_b20_lr0.0002_s1,?|Al_big_grains_logtif.h5|1501|1501|43169,3,0.9138587315877279,0.8508226275444031,0.024930180981755257,0.9310192664464315,0.9294951558113098,0.9444643060366312,0.933063268661499
final_20260804-224906_augmented_spots_train_e200_b20_lr0.0002_s1,?|Al_big_grains_logtif.h5|2059|7003|216513,5,0.9265103101730346,0.872919750213623,0.037468279525637624,0.9618822336196899,0.9583736777305603,0.9445210218429565,0.905776047706604
final_20260804-224906_augmented_spots_train_e200_b20_lr0.0002_s1,?|Al_big_grains_logtif.h5|558|558|14932,4,0.9339996427297592,0.8796098977327347,0.044810133054852486,0.974726140499115,0.972842201590538,0.9445947557687759,0.9355125069618225
final_20260804-224906_augmented_spots_train_e200_b20_lr0.0002_s1,?|Iron_logtif.h5|7583|15284|1380658,3,0.9248763720194498,0.8613860805829366,0.035676817099253334,0.9735721151034037,0.9732720255851746,0.9445997873942057,0.9311130762100219
final_20260804-224906_augmented_spots_train_e200_b20_lr0.0002_s1,?|Al_big_grains_logtif.h5|3228|8172|260600,4,0.9153124839067459,0.8607286363840103,0.026040770579129457,0.9107149690389633,0.9086450487375259,0.9446358531713486,0.909186840057373
final_20260804-224906_augmented_spots_train_e200_b20_lr0.0002_s1,?|Iron_logtif.h5|5376|5376|456078,3,0.9330916802088419,0.8753727277119955,0.04356364098687967,0.9842208623886108,0.980199376742045,0.9447640180587769,0.9221856117248535
final_20260804-224906_augmented_spots_train_e200_b20_lr0.0002_s1,?|Ti7Al_logtif.h5|455|455|206173,9,0.9288495977719625,0.8707489636209276,0.03931277307371298,0.9873382515377469,0.9835339122348361,0.9447684155570136,0.9073641896247864
final_20260804-224906_augmented_spots_train_e200_b20_lr0.0002_s1,?|Iron_logtif.h5|6224|6224|541628,5,0.9247373700141907,0.8677229881286621,0.03515938073396683,0.980292809009552,0.9801732659339905,0.9447889924049377,0.9148988962173462
final_20260804-224906_augmented_spots_train_e200_b20_lr0.0002_s1,?|Cu_logtif.h5|6320|26184|2813403,3,0.9200416803359985,0.8529065648714701,0.03046058987577756,0.9944281578063965,0.9941002130508423,0.9447905421257019,0.9373970627784729
final_20260804-224906_augmented_spots_train_e200_b20_lr0.0002_s1,?|Al_big_grains_logtif.h5|3571|3571|115502,4,0.9432452917098999,0.8965961039066315,0.0536407264880836,0.9751495271921158,0.9720396846532822,0.9448022842407227,0.9072653710842132
final_20260804-224906_augmented_spots_train_e200_b20_lr0.0002_s1,?|Al_big_grains_logtif.h5|4077|9021|288421,4,0.9213533848524094,0.8661850094795227,0.03166236449033022,0.9921911954879761,0.9794991314411163,0.944845512509346,0.9213469445705413
final_20260804-224906_augmented_spots_train_e200_b20_lr0.0002_s1,?|Cu_logtif.h5|6022|25894|2776919,3,0.9213966131210327,0.8583948214848837,0.03165133111178875,0.9364913503328959,0.9296785394350687,0.9448726375897726,0.928476357460022
final_20260804-224906_augmented_spots_train_e200_b20_lr0.0002_s1,?|Al_big_grains_logtif.h5|2745|2745|85246,4,0.9245007336139679,0.8848922252655029,0.03472333704121411,0.9395004361867905,0.8817761242389679,0.9448886960744858,0.8985566556453705
final_20260804-224906_augmented_spots_train_e200_b20_lr0.0002_s1,?|Al_big_grains_logtif.h5|2226|7172|222521,3,0.9321861664454142,0.8795767823855082,0.0423085888226827,0.9741049607594808,0.9507280190785726,0.9449387788772583,0.930125069618225
final_20260804-224906_augmented_spots_train_e200_b20_lr0.0002_s1,?|Ti7Al_logtif.h5|818|818|344770,14,0.9355338428701673,0.8815713013921466,0.04564888855176313,0.9456579812935421,0.9426778980663845,0.9449424701077598,0.9071778655052185
final_20260804-224906_augmented_spots_train_e200_b20_lr0.0002_s1,?|Iron_logtif.h5|6013|6013|517840,5,0.9161545753479003,0.8584051132202148,0.026213277876377106,0.9368929505348206,0.9304124236106872,0.9449706554412842,0.9178549766540527
final_20260804-224906_augmented_spots_train_e200_b20_lr0.0002_s1,?|Iron_logtif.h5|15|7712|695885,4,0.9251499474048615,0.8637267351150513,0.03514686273410916,0.9812999069690704,0.9768393635749817,0.9450015425682068,0.9341545164585113
final_20260804-224906_augmented_spots_train_e200_b20_lr0.0002_s1,?|Al_big_grains_logtif.h5|3416|3416|109430,4,0.9351481944322586,0.8834300935268402,0.04459552513435483,0.9784756600856781,0.9704165607690811,0.9452763199806213,0.9173370897769928
final_20260804-224906_augmented_spots_train_e200_b20_lr0.0002_s1,?|Cu_logtif.h5|7655|7655|815067,4,0.9324500411748886,0.8753486722707748,0.041832133661955595,0.985060378909111,0.9842929244041443,0.9453089535236359,0.9354957580566406
final_20260804-224906_augmented_spots_train_e200_b20_lr0.0002_s1,?|Al_big_grains_logtif.h5|1089|6032|186973,4,0.9374199658632278,0.8921847343444824,0.04675716208294034,0.9540890604257584,0.953694611787796,0.9453314244747162,0.8942089796066284
final_20260804-224906_augmented_spots_train_e200_b20_lr0.0002_s1,?|Cu_logtif.h5|2064|2064|202517,3,0.9206007917722067,0.8543660044670105,0.02985099454720815,0.9737588167190552,0.9695098797480265,0.9453749060630798,0.9394015789031982
final_20260804-224906_augmented_spots_train_e200_b20_lr0.0002_s1,?|Al_big_grains_logtif.h5|1978|1978|58226,4,0.9298648089170456,0.8756076693534851,0.03902563685551286,0.9858329892158508,0.978000819683075,0.945419579744339,0.9207690596580506
final_20260804-224906_augmented_spots_train_e200_b20_lr0.0002_s1,?|Al_big_grains_logtif.h5|2262|2262|68002,4,0.9264659881591797,0.872409000992775,0.03556374600157142,0.9444917887449265,0.942913293838501,0.9454511255025864,0.8927524745464325
final_20260804-224906_augmented_spots_train_e200_b20_lr0.0002_s1,?|Al_big_grains_logtif.h5|1535|1535|44088,3,0.9043936332066854,0.8445043166478475,0.013353853796919187,0.9956507484118143,0.9796489477157593,0.9455199042956034,0.918146812915802
final_20260804-224906_augmented_spots_train_e200_b20_lr0.0002_s1,?|Cu_logtif.h5|2219|22082|2357588,3,0.9227944215138754,0.8569911122322083,0.03173783173163732,0.9828990896542867,0.9821714361508688,0.9455282886823019,0.9354710340499878
final_20260804-224906_augmented_spots_train_e200_b20_lr0.0002_s1,?|Iron_logtif.h5|2879|10578|938875,3,0.9411649107933044,0.8894869486490885,0.05010366439819336,0.9886761705080668,0.9884609778722128,0.945530633131663,0.9386539578437805
final_20260804-224906_augmented_spots_train_e200_b20_lr0.0002_s1,?|Al_big_grains_logtif.h5|2833|7777|244860,5,0.9426774501800537,0.8971410989761353,0.05152143649756909,0.958316957950592,0.9544592142105103,0.9455780148506164,0.8999207615852356
final_20260804-224906_augmented_spots_train_e200_b20_lr0.0002_s1,?|Iron_logtif.h5|2|7696|693717,3,0.9363675117492676,0.8819336493810018,0.04519720127185186,0.9879797299702963,0.987740139166514,0.9455851515134176,0.924878740310669
final_20260804-224906_augmented_spots_train_e200_b20_lr0.0002_s1,?|Al_small_grains_logtif.h5|20713|123187|1252592,3,0.926785965760549,0.863695502281189,0.035466874639193215,0.9752160906791687,0.9751224517822266,0.9456595579783121,0.937873649597168
final_20260804-224906_augmented_spots_train_e200_b20_lr0.0002_s1,?|Iron_logtif.h5|1159|8857|797199,3,0.9529837369918823,0.9112671613693237,0.06165336693326632,0.9517996509869894,0.9512439171473185,0.945665200551351,0.9330799341201782
final_20260804-224906_augmented_spots_train_e200_b20_lr0.0002_s1,?|Iron_logtif.h5|6123|13820|1225667,3,0.939139743645986,0.8864509463310242,0.04774877615272999,0.9833779335021973,0.9833033482233683,0.9456954797108968,0.9203853487968445
final_20260804-224906_augmented_spots_train_e200_b20_lr0.0002_s1,?|Al_big_grains_logtif.h5|450|450|12932,5,0.9362622380256653,0.88685142993927,0.04469757378101349,0.9444660425186158,0.9195348143577575,0.9457823276519776,0.9251371860504151
final_20260804-224906_augmented_spots_train_e200_b20_lr0.0002_s1,?|Iron_logtif.h5|6921|14618|1308464,3,0.9312601486841837,0.877891739209493,0.039634895200530686,0.973051905632019,0.9729959567387899,0.9458126227060953,0.9110850095748901
final_20260804-224906_augmented_spots_train_e200_b20_lr0.0002_s1,?|Cu_logtif.h5|19478|19478|2058649,3,0.9244397878646851,0.8605014483133951,0.03273122385144234,0.9876967072486877,0.9872925877571106,0.9458542664845785,0.9395110130310058
final_20260804-224906_augmented_spots_train_e200_b20_lr0.0002_s1,?|IN718_twins_logtif.h5|1332|2710|233777,6,0.9556742211182913,0.9221910337607065,0.06391887677212556,0.973943422238032,0.9562755028406779,0.9458776712417603,0.8844022452831268
final_20260804-224906_augmented_spots_train_e200_b20_lr0.0002_s1,?|Ti7Al_logtif.h5|226|1207|470838,6,0.9417016605536143,0.8926459948221842,0.04987618187442422,0.9689102868239085,0.9684998691082001,0.9459127386411031,0.9061339199542999
final_20260804-224906_augmented_spots_train_e200_b20_lr0.0002_s1,?|Al_big_grains_logtif.h5|2763|7707|241387,3,0.9219948053359985,0.8595235546429952,0.03015695543338855,0.9784536361694336,0.9748008251190186,0.9459189176559448,0.9342233777046204
final_20260804-224906_augmented_spots_train_e200_b20_lr0.0002_s1,?|Iron_logtif.h5|794|794|72508,3,0.9390640457471212,0.8871614933013916,0.047172162060936294,0.9581722418467203,0.9558848937352499,0.945945938428243,0.912217628955841
final_20260804-224906_augmented_spots_train_e200_b20_lr0.0002_s1,?|Iron_logtif.h5|3392|3392|282855,3,0.9293256600697836,0.8699274063110352,0.03742812698086103,0.9910816351572672,0.9909106492996216,0.9459487597147623,0.9208733439445496
final_20260804-224906_augmented_spots_train_e200_b20_lr0.0002_s1,?|Iron_logtif.h5|3822|11521|1016718,3,0.9380161960919698,0.8841065963109335,0.04606263339519501,0.9809877475102743,0.9799010157585144,0.9459767937660217,0.9392696380615234
final_20260804-224906_augmented_spots_train_e200_b20_lr0.0002_s1,?|Al_big_grains_logtif.h5|3400|3400|108610,4,0.9157754182815552,0.8669036626815796,0.023805638309568167,0.9660100042819977,0.9610546827316284,0.9459848999977112,0.8999057292938233
final_20260804-224906_augmented_spots_train_e200_b20_lr0.0002_s1,?|Ti7Al_logtif.h5|99|1081|419783,10,0.9303096532821655,0.8787790477275849,0.038264150358736516,0.9336319684982299,0.9174537837505341,0.9460227489471436,0.8857510328292847
final_20260804-224906_augmented_spots_train_e200_b20_lr0.0002_s1,?|Iron_logtif.h5|6262|13961|1241101,3,0.9193922678629557,0.8614147702852885,0.027214627092083294,0.9692949652671814,0.9489882389704386,0.9460888306299845,0.937766170501709
final_20260804-224906_augmented_spots_train_e200_b20_lr0.0002_s1,?|Iron_logtif.h5|3676|11374|1002132,3,0.93629523118337,0.882096509138743,0.04401260117689768,0.9847325483957926,0.9845249255498251,0.9461412827173868,0.9430648803710937
final_20260804-224906_augmented_spots_train_e200_b20_lr0.0002_s1,?|Al_big_grains_logtif.h5|3493|8437|267751,4,0.9380419850349426,0.892590269446373,0.04558899090625346,0.9530602693557739,0.9509124606847763,0.946226492524147,0.8955119848251343
final_20260804-224906_augmented_spots_train_e200_b20_lr0.0002_s1,?|Al_big_grains_logtif.h5|570|570|15172,3,0.9483189384142557,0.9051408370335897,0.055733597526947655,0.960966944694519,0.9581787784894308,0.9462927182515463,0.8996213674545288
final_20260804-224906_augmented_spots_train_e200_b20_lr0.0002_s1,?|Al_big_grains_logtif.h5|1244|1244|35027,4,0.926761120557785,0.873231828212738,0.034165503457188606,0.9806842058897018,0.9773571193218231,0.946297824382782,0.9011877655982972
final_20260804-224906_augmented_spots_train_e200_b20_lr0.0002_s1,?|Ti7Al_logtif.h5|714|1696|703461,8,0.9177736043930054,0.8568581566214561,0.0251349073369056,0.996586412191391,0.9957689642906189,0.9463193416595459,0.9112704515457153
final_20260804-224906_augmented_spots_train_e200_b20_lr0.0002_s1,?|Al_big_grains_logtif.h5|1810|6753|208538,3,0.9331831733385721,0.8772480090459188,0.04038465147217115,0.9873747825622559,0.9823430975278219,0.9463992714881897,0.9400564789772033
final_20260804-224906_augmented_spots_train_e200_b20_lr0.0002_s1,?|Ti7Al_logtif.h5|455|1437|594613,13,0.9386091461548438,0.887907835153433,0.045760298147797585,0.9758684084965632,0.9741847881904016,0.9464244200633123,0.9190585970878601
final_20260804-224906_augmented_spots_train_e200_b20_lr0.0002_s1,?|Al_big_grains_logtif.h5|1146|6088|187981,5,0.9244703054428101,0.8802085399627686,0.03148056343197823,0.991209602355957,0.9726022005081176,0.9464948654174805,0.9007668137550354
final_20260804-224906_augmented_spots_train_e200_b20_lr0.0002_s1,?|Iron_logtif.h5|7617|7617|685955,3,0.9276611606280009,0.8685099681218466,0.03458875728150209,0.9919255574544271,0.991733451684316,0.9465362032254537,0.9198377013206482
final_20260804-224906_augmented_spots_train_e200_b20_lr0.0002_s1,?|Al_big_grains_logtif.h5|4306|4306|139876,4,0.9379933923482895,0.8868642002344131,0.0445623598061502,0.9775606095790863,0.9662109017372131,0.9467155039310455,0.9227064967155456
final_20260804-224906_augmented_spots_train_e200_b20_lr0.0002_s1,?|Iron_logtif.h5|605|605|55678,3,0.9260845184326172,0.8683643937110901,0.032574404031038284,0.9878959258397421,0.9721559484799703,0.946755031744639,0.9321317672729492
final_20260804-224906_augmented_spots_train_e200_b20_lr0.0002_s1,?|Al_big_grains_logtif.h5|3613|8557|272458,3,0.9337895711263021,0.882120152314504,0.0402010182539622,0.9590760866800944,0.9527208805084229,0.9467942714691162,0.9212346792221069
final_20260804-224906_augmented_spots_train_e200_b20_lr0.0002_s1,?|Iron_logtif.h5|4473|12166|1069456,3,0.9202006856600443,0.8604185978571574,0.026564577594399452,0.9597810904184977,0.9586440920829773,0.9468180735905966,0.9296445846557617
final_20260804-224906_augmented_spots_train_e200_b20_lr0.0002_s1,?|Iron_logtif.h5|1037|1037|92261,3,0.9264035026232401,0.8670275211334229,0.0326833159973224,0.9840340415636698,0.979070246219635,0.9468600749969482,0.9376185059547424
final_20260804-224906_augmented_spots_train_e200_b20_lr0.0002_s1,?|Iron_logtif.h5|6165|6165|534365,4,0.9262563586235046,0.865970179438591,0.03250461630523205,0.9927650988101959,0.9907993972301483,0.9468758702278137,0.9336392223834992
final_20260804-224906_augmented_spots_train_e200_b20_lr0.0002_s1,?|Iron_logtif.h5|7375|15068|1358110,4,0.9347249269485474,0.8799838125705719,0.04078611871227622,0.9604703634977341,0.9599661529064178,0.9469694048166275,0.9269556641578675
final_20260804-224906_augmented_spots_train_e200_b20_lr0.0002_s1,?|Al_small_grains_logtif.h5|28377|28377|278179,3,0.9363389213879904,0.8818822503089905,0.04236301903923353,0.9869934320449829,0.9868253866831461,0.9469879468282064,0.9356186389923096
final_20260804-224906_augmented_spots_train_e200_b20_lr0.0002_s1,?|Iron_logtif.h5|7000|7000|620707,5,0.9312540173530579,0.8727094292640686,0.03720263987779617,0.977007019519806,0.9765097618103027,0.9470256805419922,0.9352835655212403
final_20260804-224906_augmented_spots_train_e200_b20_lr0.0002_s1,?|Iron_logtif.h5|6508|14207|1260627,3,0.9408711989720663,0.8895583748817444,0.04664519615471363,0.9780021905899048,0.9763374328613281,0.9471129973729452,0.9320307612419129
final_20260804-224906_augmented_spots_train_e200_b20_lr0.0002_s1,?|Iron_logtif.h5|4169|11862|1044930,4,0.9333853423595428,0.8782858997583389,0.03900104807689786,0.9885334670543671,0.9879858046770096,0.9471921622753143,0.9238560676574707
final_20260804-224906_augmented_spots_train_e200_b20_lr0.0002_s1,?|Cu_logtif.h5|13363|13363|1362748,3,0.9296329220136007,0.8702901800473531,0.035243468979994454,0.9916176001230875,0.9914766351381937,0.9471947153409322,0.9355928182601929
final_20260804-224906_augmented_spots_train_e200_b20_lr0.0002_s1,?|Iron_logtif.h5|4198|4198|351120,3,0.9249800046284994,0.8644563555717468,0.030543764121830463,0.9700692892074585,0.969640831152598,0.947218120098114,0.9127583503723145
final_20260804-224906_augmented_spots_train_e200_b20_lr0.0002_s1,?|Ti7Al_logtif.h5|11|11|2047,10,0.9196053981781006,0.8694011807441712,0.02516131391748786,0.9268431484699249,0.9113067269325257,0.9472220599651336,0.9247870028018952
final_20260804-224906_augmented_spots_train_e200_b20_lr0.0002_s1,?|Iron_logtif.h5|6864|6864|607222,3,0.9379466772079468,0.8837388952573141,0.04348076010743777,0.9832939108212789,0.98307204246521,0.9472329616546631,0.9343847274780274
final_20260804-224906_augmented_spots_train_e200_b20_lr0.0002_s1,?|Iron_logtif.h5|2973|2973|250789,3,0.9214533368746439,0.8620644211769104,0.026971448212862015,0.9440881609916687,0.9426717360814413,0.947240928808848,0.9278974533081055
final_20260804-224906_augmented_spots_train_e200_b20_lr0.0002_s1,?|Iron_logtif.h5|71|71|8544,3,0.9479596018791199,0.9024484753608704,0.053418042759100594,0.981082002321879,0.9810473322868347,0.9472707708676656,0.9445320129394531
final_20260804-224906_augmented_spots_train_e200_b20_lr0.0002_s1,?|Ti7Al_logtif.h5|819|1801|738817,9,0.9309330052799649,0.8773209386401706,0.036318463583787285,0.9686209559440613,0.9647495945294698,0.947307268778483,0.9220277547836304
final_20260804-224906_augmented_spots_train_e200_b20_lr0.0002_s1,?|Al_big_grains_logtif.h5|2058|7002|216490,3,0.9421119689941406,0.8974759181340536,0.04743770634134611,0.9666694005330404,0.9659883975982666,0.9473371505737305,0.9117881059646606
final_20260804-224906_augmented_spots_train_e200_b20_lr0.0002_s1,?|Iron_logtif.h5|2706|10403|924928,3,0.9369888504346212,0.8823570410410563,0.04215990131100019,0.9874436060587565,0.9871754844983419,0.9474145174026489,0.9373837232589721
final_20260804-224906_augmented_spots_train_e200_b20_lr0.0002_s1,?|Al_small_grains_logtif.h5|48621|151072|1503167,3,0.9305723309516907,0.8718735973040262,0.035717666149139404,0.9815291166305542,0.9808459480603536,0.9474273324012756,0.9409988999366761
final_20260804-224906_augmented_spots_train_e200_b20_lr0.0002_s1,?|Iron_logtif.h5|2338|10034|892270,3,0.9338159362475077,0.8791816234588623,0.03893776051700115,0.9653334617614746,0.9576790928840637,0.9474390943845113,0.9391950607299805
final_20260804-224906_augmented_spots_train_e200_b20_lr0.0002_s1,?|Cu_logtif.h5|2165|22028|2350248,3,0.9291277527809143,0.8678340911865234,0.03424207245310148,0.986200193564097,0.9860433538754781,0.9474428494771322,0.9395445942878723
final_20260804-224906_augmented_spots_train_e200_b20_lr0.0002_s1,?|Cu_logtif.h5|2751|2751|281283,4,0.9233257472515106,0.8610664159059525,0.02843654784373939,0.9787794649600983,0.9619970768690109,0.9474446177482605,0.9304230093955994
final_20260804-224906_augmented_spots_train_e200_b20_lr0.0002_s1,?|Iron_logtif.h5|4689|12389|1087922,3,0.9171762466430664,0.8507474859555563,0.022149965167045593,0.965136706829071,0.9647924502690634,0.9475131630897522,0.9353255867958069
final_20260804-224906_augmented_spots_train_e200_b20_lr0.0002_s1,?|Iron_logtif.h5|3084|3084|257678,3,0.9213399887084961,0.8610665202140808,0.02628172313173612,0.9525121649106344,0.9503838022549947,0.947529137134552,0.939168381690979
final_20260804-224906_augmented_spots_train_e200_b20_lr0.0002_s1,?|Ti7Al_logtif.h5|902|902|358920,7,0.9396543417658124,0.8940020459038871,0.04445545694657734,0.9609213471412659,0.9597360832350594,0.94759943655559,0.9115371704101562
final_20260804-224906_augmented_spots_train_e200_b20_lr0.0002_s1,?|Al_big_grains_logtif.h5|2695|7637|238820,5,0.9406445980072021,0.8911787033081054,0.045419512689113616,0.97059166431427,0.9683676362037659,0.9476125478744507,0.9214651346206665
final_20260804-224906_augmented_spots_train_e200_b20_lr0.0002_s1,?|Iron_logtif.h5|64|7761|700400,3,0.9310193657875061,0.8759282032648722,0.03574514016509056,0.9484734733899435,0.9455543756484985,0.94763712088267,0.9338040947914124
final_20260804-224906_augmented_spots_train_e200_b20_lr0.0002_s1,?|Al_big_grains_logtif.h5|785|5729|177051,3,0.948300321896871,0.9028804103533427,0.052967398116985955,0.9807705481847128,0.9794615109761556,0.9476664662361145,0.9388398885726928
final_20260804-224906_augmented_spots_train_e200_b20_lr0.0002_s1,?|Ti7Al_logtif.h5|358|358|134941,14,0.942468136548996,0.894494388784681,0.047109948471188545,0.9563927693026406,0.9523305382047381,0.9476790981633323,0.9131489992141724
final_20260804-224906_augmented_spots_train_e200_b20_lr0.0002_s1,?|Al_big_grains_logtif.h5|2098|7043|218378,3,0.9503046870231628,0.9078564445177714,0.05491684873898824,0.9346985220909119,0.9287032683690389,0.9476939042409261,0.9375530123710633
final_20260804-224906_augmented_spots_train_e200_b20_lr0.0002_s1,?|Al_big_grains_logtif.h5|558|5504|171169,3,0.9390276869138082,0.8903876145680746,0.043438661843538284,0.9699413379033407,0.9695594708124796,0.947794497013092,0.9126781105995179
final_20260804-224906_augmented_spots_train_e200_b20_lr0.0002_s1,?|Al_big_grains_logtif.h5|3977|8921|285385,4,0.9463025033473969,0.9002714455127716,0.05063305702060461,0.9719004333019257,0.9695857018232346,0.9478347301483154,0.9234427332878112
final_20260804-224906_augmented_spots_train_e200_b20_lr0.0002_s1,?|Iron_logtif.h5|3776|3776|317378,4,0.9250946193933487,0.8644514977931976,0.029303232207894325,0.9907618761062622,0.9820572435855865,0.9478957056999207,0.9288928091526032
final_20260804-224906_augmented_spots_train_e200_b20_lr0.0002_s1,?|Al_small_grains_logtif.h5|14007|14007|144753,3,0.9511580268541971,0.9071648120880127,0.05519270648558935,0.9863991340001425,0.9863246480623881,0.947982668876648,0.9378527522087097
final_20260804-224906_augmented_spots_train_e200_b20_lr0.0002_s1,?|Cu_logtif.h5|8636|8636|904119,3,0.9326673348744711,0.8741038839022318,0.03660392016172409,0.9944611390431722,0.994413693745931,0.9480317036310831,0.9431888699531555
final_20260804-224906_augmented_spots_train_e200_b20_lr0.0002_s1,?|Iron_logtif.h5|2688|10385|923221,3,0.9377110004425049,0.8837742209434509,0.0415191613137722,0.9912900328636169,0.9912282824516296,0.9480959177017212,0.9259159207344055
final_20260804-224906_augmented_spots_train_e200_b20_lr0.0002_s1,?|Iron_logtif.h5|6788|6788|598780,3,0.9385908842086792,0.8865482608477274,0.042277041201790176,0.937495748202006,0.9343929688135783,0.9481569329897562,0.9353365898132324
final_20260804-224906_augmented_spots_train_e200_b20_lr0.0002_s1,?|Ti7Al_logtif.h5|697|697|304955,16,0.9456103593111038,0.9017440117895603,0.04921951156575233,0.9553879536688328,0.9505026191473007,0.9481954202055931,0.9099791049957275
final_20260804-224906_augmented_spots_train_e200_b20_lr0.0002_s1,?|Iron_logtif.h5|7536|15234|1376148,3,0.9268490473429362,0.8652167121569315,0.030450004463394482,0.995270291964213,0.9952004750569662,0.9481995105743408,0.9393351316452027
final_20260804-224906_augmented_spots_train_e200_b20_lr0.0002_s1,?|Al_big_grains_logtif.h5|393|5339|167592,3,0.9243987798690796,0.8657005230585734,0.027928447040418785,0.982477068901062,0.9810611406962076,0.9482351740201315,0.9309255361557007
final_20260804-224906_augmented_spots_train_e200_b20_lr0.0002_s1,?|Al_big_grains_logtif.h5|3800|3800|123341,3,0.9324572881062826,0.8797477682431539,0.03587213158607483,0.9238168001174927,0.8660789529482523,0.948292593161265,0.9369254589080811
final_20260804-224906_augmented_spots_train_e200_b20_lr0.0002_s1,?|Al_big_grains_logtif.h5|1736|6678|206341,3,0.9400091965993246,0.8901567856470743,0.04342142057915529,0.9571764866511027,0.9539558291435242,0.9482939044634501,0.9434761524200439
final_20260804-224906_augmented_spots_train_e200_b20_lr0.0002_s1,?|Al_big_grains_logtif.h5|2084|2084|62223,5,0.9373044490814209,0.8856638312339783,0.04069434963166714,0.9765707373619079,0.9670257449150086,0.9483050465583801,0.9158499836921692
final_20260804-224906_augmented_spots_train_e200_b20_lr0.0002_s1,?|Al_big_grains_logtif.h5|605|5551|172261,3,0.9404613574345907,0.8905753294626871,0.04376347238818804,0.9514068961143494,0.9384516676266988,0.9483489394187927,0.931663703918457
final_20260804-224906_augmented_spots_train_e200_b20_lr0.0002_s1,?|Iron_logtif.h5|3329|3329|277482,3,0.9485719005266825,0.9040595889091492,0.05185656622052193,0.9707872867584229,0.9703104893366495,0.9483576615651449,0.925611424446106
final_20260804-224906_augmented_spots_train_e200_b20_lr0.0002_s1,?|Al_big_grains_logtif.h5|4283|4283|139391,5,0.9545919895172119,0.9139989256858826,0.057874920591711995,0.959052050113678,0.958408260345459,0.9483585357666016,0.9233276605606079
final_20260804-224906_augmented_spots_train_e200_b20_lr0.0002_s1,?|Al_big_grains_logtif.h5|3908|3908|127163,3,0.9404338200887045,0.9015510280927023,0.0436713012556235,0.962308923403422,0.9460122187932333,0.948381265004476,0.8995918154716491
final_20260804-224906_augmented_spots_train_e200_b20_lr0.0002_s1,?|Iron_logtif.h5|4763|12460|1095435,3,0.9351213574409485,0.8790887594223022,0.038335337614019714,0.982242484887441,0.9815773169199625,0.9483929872512817,0.9366167068481446
final_20260804-224906_augmented_spots_train_e200_b20_lr0.0002_s1,?|Ti7Al_logtif.h5|99|99|30451,7,0.9109607934951782,0.8536684087344578,0.013906704661037241,0.93619190795081,0.9341031312942505,0.9485270551272801,0.9110889673233032
final_20260804-224906_augmented_spots_train_e200_b20_lr0.0002_s1,?|Iron_logtif.h5|6620|14317|1272372,3,0.9327669342358907,0.8762083252271017,0.03566987874607245,0.9779790838559469,0.9777667125066122,0.9485485355059305,0.9251907110214234
final_20260804-224906_augmented_spots_train_e200_b20_lr0.0002_s1,?|Iron_logtif.h5|1834|9531|854404,3,0.9376089175542196,0.8835310935974121,0.04047882851834098,0.9916847546895345,0.9911517302195231,0.9485650459925333,0.932565975189209
final_20260804-224906_augmented_spots_train_e200_b20_lr0.0002_s1,?|Ti7Al_logtif.h5|406|406|161392,9,0.9379185636838278,0.8878261844317118,0.04077748581767082,0.957746254073249,0.9565599428282844,0.9485705494880676,0.9154686212539673
final_20260804-224906_augmented_spots_train_e200_b20_lr0.0002_s1,?|Iron_logtif.h5|5718|13415|1185735,3,0.9349233508110046,0.8806038498878479,0.03773961029946804,0.985253910223643,0.9820801814397176,0.9485918482144674,0.9331713914871216
final_20260804-224906_augmented_spots_train_e200_b20_lr0.0002_s1,?|Al_big_grains_logtif.h5|1392|6335|195847,3,0.940805971622467,0.8918343782424927,0.043582157542308174,0.9707658886909485,0.9671642780303955,0.9486119151115417,0.9149507999420166
final_20260804-224906_augmented_spots_train_e200_b20_lr0.0002_s1,?|Al_big_grains_logtif.h5|4292|9236|295352,4,0.9266613125801086,0.882451206445694,0.029345300048589706,0.913536325097084,0.9130105972290039,0.9486580193042755,0.9071171402931213
final_20260804-224906_augmented_spots_train_e200_b20_lr0.0002_s1,?|Iron_logtif.h5|1329|1329|116203,4,0.9299611002206802,0.871165543794632,0.03246809262782335,0.9853854179382324,0.9850712865591049,0.9487464725971222,0.9386677861213684
final_20260804-224906_augmented_spots_train_e200_b20_lr0.0002_s1,?|Iron_logtif.h5|3297|10995|971441,4,0.9273373782634735,0.8751202672719955,0.029819741379469633,0.9752830862998962,0.9622399359941483,0.9487588256597519,0.9206860423088074
final_20260804-224906_augmented_spots_train_e200_b20_lr0.0002_s1,?|Ti7Al_logtif.h5|75|75|20251,8,0.9388779625296593,0.8872918263077736,0.04108635266311467,0.9806782975792885,0.9796703159809113,0.9488958120346069,0.9265316426753998
final_20260804-224906_augmented_spots_train_e200_b20_lr0.0002_s1,?|Al_big_grains_logtif.h5|2492|2492|75434,3,0.949549674987793,0.9113106926282247,0.05173954057196776,0.9532134135564169,0.9519508679707845,0.9489050507545471,0.9032636880874634
final_20260804-224906_augmented_spots_train_e200_b20_lr0.0002_s1,?|Al_big_grains_logtif.h5|2342|7286|226126,3,0.9418495098749796,0.8931247194608053,0.04400964826345444,0.9468799233436584,0.9448137680689493,0.948919932047526,0.9395691633224488
final_20260804-224906_augmented_spots_train_e200_b20_lr0.0002_s1,?|Iron_logtif.h5|99|99|10708,4,0.9331895112991333,0.876399040222168,0.035233240108937025,0.9930166155099869,0.9927667826414108,0.9489781260490417,0.9342772245407105
final_20260804-224906_augmented_spots_train_e200_b20_lr0.0002_s1,?|Al_segvol.h5|5050|5050|27831,5,0.9446709513664245,0.9160234808921814,0.046596105024218556,0.9414455413818359,0.9382970929145813,0.9490374326705933,0.8837364196777344
final_20260804-224906_augmented_spots_train_e200_b20_lr0.0002_s1,?|Iron_deformed_logtif.h5|31|31|81264,37,0.9259947183969859,0.8703384318867246,0.027909983754963487,0.9697732619337134,0.9644726176519651,0.9490423653576825,0.9120482921600341
final_20260804-224906_augmented_spots_train_e200_b20_lr0.0002_s1,?|Al_big_grains_logtif.h5|3345|3345|107238,5,0.9547062277793884,0.9153798460960388,0.05657788589596748,0.9438886284828186,0.9424175024032593,0.9490641832351685,0.9211026787757873
final_20260804-224906_augmented_spots_train_e200_b20_lr0.0002_s1,?|Iron_logtif.h5|1417|1417|123450,3,0.9493651191393534,0.903983453909556,0.05121260384718577,0.9855042298634847,0.9851716160774231,0.949076255162557,0.9386098146438598
final_20260804-224906_augmented_spots_train_e200_b20_lr0.0002_s1,?|Iron_logtif.h5|5517|13214|1165532,7,0.9318464142935616,0.8822974903242928,0.03367042355239391,0.95213440486363,0.9406555635588509,0.9490880029542106,0.9267358422279358
final_20260804-224906_augmented_spots_train_e200_b20_lr0.0002_s1,?|Al_big_grains_logtif.h5|385|385|11126,4,0.9369562417268753,0.8870149701833725,0.0387006476521492,0.9692662060260773,0.9490793198347092,0.949127808213234,0.9398521065711976
final_20260804-224906_augmented_spots_train_e200_b20_lr0.0002_s1,?|Al_big_grains_logtif.h5|3419|8363|265365,4,0.913172110915184,0.8542223125696182,0.014828665647655725,0.9652142077684402,0.9636671543121338,0.9491717219352722,0.9193959832191467
final_20260804-224906_augmented_spots_train_e200_b20_lr0.0002_s1,?|Iron_logtif.h5|7086|7086|630051,3,0.9344452619552612,0.8782244324684143,0.03609209197262923,0.9742551247278849,0.9737366835276285,0.9491766095161438,0.9347006916999817
final_20260804-224906_augmented_spots_train_e200_b20_lr0.0002_s1,?|Al_big_grains_logtif.h5|446|446|12812,4,0.9455533474683762,0.8986808359622955,0.047199442982673645,0.9635103940963745,0.9562661796808243,0.9491769522428513,0.9233180940151214
final_20260804-224906_augmented_spots_train_e200_b20_lr0.0002_s1,?|Iron_logtif.h5|1778|1778|155940,4,0.940212681889534,0.8879640400409698,0.0417010230012238,0.99117711186409,0.9908909797668457,0.9492558389902115,0.9395598530769348
final_20260804-224906_augmented_spots_train_e200_b20_lr0.0002_s1,?|Iron_logtif.h5|1905|9600|858430,3,0.9333474437395731,0.8768323063850403,0.03483201377093792,0.9912401040395101,0.9910693367322286,0.9492576917012533,0.9335240125656128
final_20260804-224906_augmented_spots_train_e200_b20_lr0.0002_s1,?|Iron_logtif.h5|3483|3483|291190,3,0.93988569577535,0.8899088104565939,0.04128419607877731,0.9755816658337911,0.9748553236325582,0.949300746122996,0.9385177612304687
final_20260804-224906_augmented_spots_train_e200_b20_lr0.0002_s1,?|Al_big_grains_logtif.h5|857|857|22653,5,0.9446057558059693,0.8966667056083679,0.04597548767924309,0.9793878078460694,0.976143217086792,0.9493151426315307,0.9453542232513428
final_20260804-224906_augmented_spots_train_e200_b20_lr0.0002_s1,?|Al_big_grains_logtif.h5|4838|4838|154594,3,0.9483183026313782,0.9047358830769857,0.0495795930425326,0.961980402469635,0.9517386356989542,0.9493693510691324,0.9219181895256042
final_20260804-224906_augmented_spots_train_e200_b20_lr0.0002_s1,?|Al_segvol.h5|6784|6784|37608,5,0.9595787167549134,0.9269057989120484,0.060762081295251846,0.9675150990486145,0.9475714683532714,0.9494083166122437,0.8969035863876342
final_20260804-224906_augmented_spots_train_e200_b20_lr0.0002_s1,?|Cu_logtif.h5|12529|32398|3404365,3,0.9343796968460083,0.8774683872858683,0.03552178852260113,0.9810357093811035,0.9809678792953491,0.9494289557139078,0.9476280927658081
final_20260804-224906_augmented_spots_train_e200_b20_lr0.0002_s1,?|Al_deformed_LoG_logtif.h5|2|2|20096,276,0.9385615483574246,0.88583944781103,0.03959885926620252,0.9912925302118495,0.9897619386514028,0.9494813449572825,0.9325317442417145
final_20260804-224906_augmented_spots_train_e200_b20_lr0.0002_s1,?|Iron_logtif.h5|5663|5663|482281,4,0.9360634982585907,0.881904274225235,0.03698505228385329,0.9736245572566986,0.9733674079179764,0.9495392441749573,0.934751445055008
final_20260804-224906_augmented_spots_train_e200_b20_lr0.0002_s1,?|Iron_logtif.h5|7018|7018|621995,3,0.9293004870414734,0.8695342342058817,0.030200324952602386,0.9740429520606995,0.9723300735155741,0.9495500723520914,0.940909743309021
final_20260804-224906_augmented_spots_train_e200_b20_lr0.0002_s1,?|Iron_logtif.h5|3855|3855|322358,4,0.9353027790784836,0.8808123171329498,0.036196302622556686,0.9891001284122467,0.9889756292104721,0.9495532512664795,0.9388959288597107
final_20260804-224906_augmented_spots_train_e200_b20_lr0.0002_s1,?|Iron_logtif.h5|956|956|85896,3,0.9308517773946127,0.8788494269053141,0.031732611979047455,0.9743298093477885,0.9721234440803528,0.9495595892270406,0.9239161372184753
final_20260804-224906_augmented_spots_train_e200_b20_lr0.0002_s1,?|Al_big_grains_logtif.h5|1291|1291|36540,4,0.9354006052017212,0.8812974244356155,0.03619616664946079,0.9865421652793884,0.9837819039821625,0.9496022015810013,0.9410443425178527
final_20260804-224906_augmented_spots_train_e200_b20_lr0.0002_s1,?|Al_big_grains_logtif.h5|4425|4425|142951,7,0.9442946485110691,0.8981458715030125,0.045001850596496036,0.9851495027542114,0.9783022999763489,0.9496464048113141,0.9225328207015991
final_20260804-224906_augmented_spots_train_e200_b20_lr0.0002_s1,?|Iron_logtif.h5|4808|12502|1100165,4,0.919434204697609,0.8590900748968124,0.020099005196243525,0.9455857276916504,0.9428124129772186,0.9496676176786423,0.9289263546466827
final_20260804-224906_augmented_spots_train_e200_b20_lr0.0002_s1,?|Ti7Al_logtif.h5|713|1694|702959,10,0.942510449886322,0.8940717935562134,0.04309553988277912,0.9598922789096832,0.9508730947971344,0.9497074663639069,0.9092441439628601
final_20260804-224906_augmented_spots_train_e200_b20_lr0.0002_s1,?|Iron_logtif.h5|3885|11580|1020672,3,0.9388835827509562,0.884925127029419,0.03946523927152157,0.9880159497261047,0.9880019028981527,0.9497091770172119,0.9429526567459107
final_20260804-224906_augmented_spots_train_e200_b20_lr0.0002_s1,?|Iron_logtif.h5|2764|10456|929961,3,0.9280026157697042,0.8694411516189575,0.02855514983336131,0.98328697681427,0.9788469870885214,0.9497237006823221,0.9329546928405762
final_20260804-224906_augmented_spots_train_e200_b20_lr0.0002_s1,?|Iron_logtif.h5|5782|5782|495597,4,0.9546438008546829,0.9140057563781738,0.05517984088510275,0.9771433770656586,0.9765437096357346,0.9497319906949997,0.9370209038257599
final_20260804-224906_augmented_spots_train_e200_b20_lr0.0002_s1,?|Al_big_grains_logtif.h5|792|5737|177284,4,0.9389325380325317,0.8880809098482132,0.0394100253470242,0.9812750518321991,0.9791773110628128,0.9497612416744232,0.9345046997070312
final_20260804-224906_augmented_spots_train_e200_b20_lr0.0002_s1,?|Al_big_grains_logtif.h5|1684|1684|48746,5,0.9342412114143371,0.8820444464683532,0.03468288965523243,0.9315700531005859,0.9284802436828613,0.9497791647911071,0.9358121752738953
final_20260804-224906_augmented_spots_train_e200_b20_lr0.0002_s1,?|Iron_logtif.h5|7583|7583|683143,4,0.9283831715583801,0.8686855882406235,0.028802939224988222,0.9955601394176483,0.9948774725198746,0.9497901201248169,0.9327753484249115
final_20260804-224906_augmented_spots_train_e200_b20_lr0.0002_s1,?|Cu_logtif.h5|6173|6173|662711,3,0.9263801972071329,0.8663597106933594,0.026771293953061104,0.9959109028180441,0.9958728154500326,0.949804425239563,0.9369261980056762
final_20260804-224906_augmented_spots_train_e200_b20_lr0.0002_s1,?|Al_big_grains_logtif.h5|4015|4015|130895,4,0.9229663014411926,0.8628231137990952,0.023355647921562195,0.9918676465749741,0.9910129308700562,0.9498053044080734,0.9367268502712249
final_20260804-224906_augmented_spots_train_e200_b20_lr0.0002_s1,?|Al_big_grains_logtif.h5|1500|1500|43162,6,0.9373266597588857,0.8854574064413706,0.037710863165557384,0.9682871798674265,0.9525460302829742,0.9498078922430674,0.938212662935257
final_20260804-224906_augmented_spots_train_e200_b20_lr0.0002_s1,?|Iron_logtif.h5|629|629|58398,3,0.9255384604136149,0.8701215783754984,0.025827086220184963,0.9845753312110901,0.9842727382977804,0.9498556852340698,0.9228865742683411
final_20260804-224906_augmented_spots_train_e200_b20_lr0.0002_s1,?|Al_segvol.h5|1345|8377|46869,4,0.9550958126783371,0.9167950600385666,0.05530225858092308,0.9725069552659988,0.9667214453220367,0.9498967826366425,0.9026512086391449
final_20260804-224906_augmented_spots_train_e200_b20_lr0.0002_s1,?|Al_segvol.h5|2834|2834|15604,3,0.9415786465009054,0.8904165625572205,0.04161566433807214,0.9878670374552408,0.9856900771458944,0.9499814907709757,0.9271954774856568
final_20260804-224906_augmented_spots_train_e200_b20_lr0.0002_s1,?|Al_big_grains_logtif.h5|4115|9057|289698,7,0.9571495737348285,0.9186527558735439,0.05704021107937608,0.9560025078909737,0.9530411532946995,0.9500546881130764,0.9368975758552551
final_20260804-224906_augmented_spots_train_e200_b20_lr0.0002_s1,?|Al_big_grains_logtif.h5|2509|2509|76369,5,0.916579270362854,0.8589280009269714,0.016438982263207436,0.9389487147331238,0.9240865588188172,0.9500701546669006,0.9197548389434814
final_20260804-224906_augmented_spots_train_e200_b20_lr0.0002_s1,?|Iron_logtif.h5|4397|4397|366834,3,0.9437484542528788,0.894273042678833,0.043576532353957496,0.9823459188143412,0.9821313818295797,0.9500859379768372,0.9350476622581482
final_20260804-224906_augmented_spots_train_e200_b20_lr0.0002_s1,?|Iron_logtif.h5|7133|14830|1333713,3,0.9363506436347961,0.8806456923484802,0.0361658309896787,0.9925692677497864,0.992554763952891,0.9500923951466879,0.9420552134513855
final_20260804-224906_augmented_spots_train_e200_b20_lr0.0002_s1,?|Iron_logtif.h5|5195|12894|1139061,3,0.9522616863250732,0.9103235006332397,0.05200193139413992,0.9667616883913676,0.9665308197339376,0.9501298864682516,0.9241024017333984
final_20260804-224906_augmented_spots_train_e200_b20_lr0.0002_s1,?|Ti7Al_logtif.h5|205|1187|460057,11,0.9401279525323347,0.8929607272148132,0.039740214801647446,0.942661621353843,0.9399781606414102,0.9501938711513173,0.9091758131980896
final_20260804-224906_augmented_spots_train_e200_b20_lr0.0002_s1,?|Al_big_grains_logtif.h5|3222|8167|260300,4,0.9319193512201309,0.8757457584142685,0.03152025304734707,0.9932191222906113,0.9929512739181519,0.9501995295286179,0.9424216032028199
final_20260804-224906_augmented_spots_train_e200_b20_lr0.0002_s1,?|Cu_logtif.h5|3834|23697|2522296,3,0.9209397832552592,0.8545198837916056,0.020472331593434017,0.996427853902181,0.9963478843371073,0.9502337376276652,0.9474916934967041
final_20260804-224906_augmented_spots_train_e200_b20_lr0.0002_s1,?|Al_big_grains_logtif.h5|4353|4353|140775,3,0.9462149143218994,0.8996111949284872,0.045685055976112686,0.9617922902107239,0.9581332008043925,0.9502649108568827,0.9297327280044556
final_20260804-224906_augmented_spots_train_e200_b20_lr0.0002_s1,?|Al_segvol.h5|1189|1189|6538,3,0.9609708189964294,0.9269358317057291,0.06032810608545939,0.9619688391685486,0.960450808207194,0.950321356455485,0.9144073009490967
final_20260804-224906_augmented_spots_train_e200_b20_lr0.0002_s1,?|Cu_logtif.h5|13868|13868|1418772,4,0.934521496295929,0.8782424628734589,0.03371303481981158,0.9917342215776443,0.9916941225528717,0.9504042416810989,0.9356772661209106
final_20260804-224906_augmented_spots_train_e200_b20_lr0.0002_s1,?|Al_big_grains_logtif.h5|726|5669|175120,3,0.9446370402971903,0.8997937242190043,0.04358988689879576,0.9527989228566488,0.9498739441235861,0.9505235950152079,0.9287404179573059
final_20260804-224906_augmented_spots_train_e200_b20_lr0.0002_s1,?|Iron_logtif.h5|794|8492|766481,3,0.9431979854901632,0.8931033412615458,0.04212870076298714,0.9871239264806112,0.9867118000984192,0.9505346218744913,0.9443445920944213
final_20260804-224906_augmented_spots_train_e200_b20_lr0.0002_s1,?|Iron_logtif.h5|1706|1706|148508,4,0.9311905205249786,0.8731978684663773,0.03009992279112339,0.9787259101867676,0.978307843208313,0.9505452960729599,0.9412841677665711
final_20260804-224906_augmented_spots_train_e200_b20_lr0.0002_s1,?|Iron_logtif.h5|4816|12512|1100902,3,0.9266976316769918,0.8698809345563253,0.025591576161483925,0.9816551804542542,0.9680663347244263,0.9505530397097269,0.940624189376831
final_20260804-224906_augmented_spots_train_e200_b20_lr0.0002_s1,?|Iron_logtif.h5|2113|2113|182367,3,0.9409821033477783,0.8908558090527853,0.039829266257584095,0.9932015339533488,0.993103047211965,0.950576384862264,0.9282594323158264
final_20260804-224906_augmented_spots_train_e200_b20_lr0.0002_s1,?|Cu_logtif.h5|18740|18740|1973751,3,0.9320100347201029,0.875821848710378,0.030821813891331356,0.9663980404535929,0.9653923511505127,0.9505941073099772,0.9389493227005005
final_20260804-224906_augmented_spots_train_e200_b20_lr0.0002_s1,?|Al_big_grains_logtif.h5|3073|8019|253385,5,0.9319100618362427,0.8788660049438477,0.030629887990653516,0.9834470152854919,0.9795827627182007,0.950640082359314,0.9182070732116699
final_20260804-224906_augmented_spots_train_e200_b20_lr0.0002_s1,?|Iron_logtif.h5|7641|7641|687225,3,0.9444876909255981,0.8967925310134888,0.04317178763449192,0.9861949880917867,0.9855932394663492,0.9506579438845316,0.9239462494850159
final_20260804-224906_augmented_spots_train_e200_b20_lr0.0002_s1,?|Iron_logtif.h5|60|7756|699474,3,0.9248430927594503,0.8795793453852335,0.02336618521561225,0.9910808006922404,0.9790999293327332,0.9507384498914083,0.9070119619369507
final_20260804-224906_augmented_spots_train_e200_b20_lr0.0002_s1,?|Al_big_grains_logtif.h5|3757|8700|277242,6,0.9474299550056458,0.9011030495166779,0.045938062792023025,0.9793799420197805,0.9776548047860464,0.9507459302743276,0.9244816899299622
final_20260804-224906_augmented_spots_train_e200_b20_lr0.0002_s1,?|Al_big_grains_logtif.h5|2577|2577|79099,6,0.9479565620422363,0.9052408734957377,0.04645707489301761,0.970537930727005,0.9702282845973969,0.9507497251033783,0.9384697675704956
final_20260804-224906_augmented_spots_train_e200_b20_lr0.0002_s1,?|Cu_logtif.h5|2538|22402|2393119,3,0.9175523519515991,0.8557027379671732,0.01598459854722023,0.9887234965960184,0.9881700476010641,0.9507838686307272,0.9332891464233398
final_20260804-224906_augmented_spots_train_e200_b20_lr0.0002_s1,?|Ti7Al_logtif.h5|701|701|305138,7,0.9334149020058768,0.8804809536252703,0.031793620836521895,0.983497176851545,0.977303649697985,0.9508106538227626,0.9109672546386719
final_20260804-224906_augmented_spots_train_e200_b20_lr0.0002_s1,?|Al_big_grains_logtif.h5|3353|8295|263415,4,0.9376503229141235,0.8924401551485062,0.03602754417806864,0.9506402164697647,0.9500535577535629,0.9508113861083984,0.9251631259918213
final_20260804-224906_augmented_spots_train_e200_b20_lr0.0002_s1,?|Iron_logtif.h5|6287|6287|547715,3,0.951849897702535,0.9110758304595947,0.05006409498552481,0.9454063971837362,0.941428562005361,0.9508929053942362,0.942381751537323
final_20260804-224906_augmented_spots_train_e200_b20_lr0.0002_s1,?|Al_big_grains_logtif.h5|4175|9119|291532,3,0.9239650964736938,0.862689216931661,0.022150648136933643,0.9972787896792094,0.9972754120826721,0.9509072105089823,0.944089663028717
final_20260804-224906_augmented_spots_train_e200_b20_lr0.0002_s1,?|Cu_logtif.h5|8759|28626|3048913,3,0.9279671907424927,0.8668901522954305,0.026049525787432987,0.9935563604036967,0.9935489694277445,0.9509588479995728,0.9431472301483155
final_20260804-224906_augmented_spots_train_e200_b20_lr0.0002_s1,?|Iron_logtif.h5|3895|11591|1021469,3,0.9396441976229349,0.8869643012682596,0.03752469395597776,0.9893219868342081,0.9892870585123698,0.9510597785313925,0.9375019669532776
final_20260804-224906_augmented_spots_train_e200_b20_lr0.0002_s1,?|Iron_logtif.h5|2036|2036|175598,3,0.9442297220230103,0.8956514000892639,0.042001658429702125,0.9765646457672119,0.9762188196182251,0.9511140386263529,0.9263184309005738
final_20260804-224906_augmented_spots_train_e200_b20_lr0.0002_s1,?|Ti7Al_logtif.h5|677|1659|690903,4,0.9535907506942749,0.9134698361158371,0.051349363988265395,0.9678578227758408,0.9653099179267883,0.9511207193136215,0.9307051420211792
final_20260804-224906_augmented_spots_train_e200_b20_lr0.0002_s1,?|Al_big_grains_logtif.h5|1376|6321|195387,3,0.9445090095202128,0.8964348236719767,0.04208942875266075,0.9702387650807699,0.9688427845637003,0.9512098034222921,0.9438414812088013
final_20260804-224906_augmented_spots_train_e200_b20_lr0.0002_s1,?|Iron_logtif.h5|7268|14963|1347497,3,0.9361268083254496,0.8808326721191406,0.033705061922470726,0.9902506271998087,0.9902010361353556,0.9512108564376831,0.9428617238998414
final_20260804-224906_augmented_spots_train_e200_b20_lr0.0002_s1,?|Al_big_grains_logtif.h5|2790|7733|242829,3,0.943848709265391,0.895490825176239,0.04142031570275625,0.9788656234741211,0.9747509558995565,0.9512142141660055,0.9227502584457398
final_20260804-224906_augmented_spots_train_e200_b20_lr0.0002_s1,?|IN718_twins_logtif.h5|256|256|22324,5,0.948280680179596,0.9116691946983337,0.04578806310892105,0.9773798108100891,0.9590938568115235,0.9512463212013245,0.8910654544830322
final_20260804-224906_augmented_spots_train_e200_b20_lr0.0002_s1,?|Al_segvol.h5|1996|9026|50548,5,0.9337778568267823,0.8861823201179504,0.03109159171581268,0.9466444253921509,0.9456532597541809,0.9513431429862976,0.9180292367935181
final_20260804-224906_augmented_spots_train_e200_b20_lr0.0002_s1,?|Iron_logtif.h5|3969|3969|329761,3,0.9410136342048645,0.8890409469604492,0.03821020076672236,0.9928749998410543,0.9926440715789795,0.9514017105102539,0.95033198595047
final_20260804-224906_augmented_spots_train_e200_b20_lr0.0002_s1,?|Al_big_grains_logtif.h5|2447|7393|229731,3,0.949491043885549,0.907449205716451,0.04664034272233645,0.9566013415654501,0.9539216955502828,0.9514253338177999,0.9314712882041931
final_20260804-224906_augmented_spots_train_e200_b20_lr0.0002_s1,?|Cu_logtif.h5|6281|6281|676963,3,0.9282578627268473,0.8666255474090576,0.025290099283059437,0.9970585902531942,0.997050960858663,0.9514839053153992,0.9488442420959473
final_20260804-224906_augmented_spots_train_e200_b20_lr0.0002_s1,?|Iron_logtif.h5|2697|10395|924297,4,0.9291256070137024,0.8706958740949631,0.026118583977222443,0.9683257788419724,0.9656271189451218,0.9515035003423691,0.9416684806346893
final_20260804-224906_augmented_spots_train_e200_b20_lr0.0002_s1,?|Al_big_grains_logtif.h5|4540|4540|145527,3,0.9606391191482544,0.9258488019307455,0.05753975299497446,0.9579674998919169,0.9569187760353088,0.9515496691068014,0.930060088634491
final_20260804-224906_augmented_spots_train_e200_b20_lr0.0002_s1,?|Ti7Al_logtif.h5|452|452|203299,12,0.9478501925865809,0.9055482794841131,0.04469364136457443,0.9831798126300176,0.9807542612155279,0.9515782793362936,0.9313882231712342
final_20260804-224906_augmented_spots_train_e200_b20_lr0.0002_s1,?|Ti7Al_logtif.h5|714|714|310605,9,0.9325820869869657,0.8863457838694254,0.029396191756758425,0.9723470343483819,0.9705047872331407,0.9515929487016466,0.9224201202392578
final_20260804-224906_augmented_spots_train_e200_b20_lr0.0002_s1,?|Iron_logtif.h5|6619|14314|1271756,5,0.9309796690940857,0.8738436222076416,0.02778281196951866,0.9910017013549804,0.9884626507759094,0.9515984296798706,0.9421966552734375
final_20260804-224906_augmented_spots_train_e200_b20_lr0.0002_s1,?|Al_big_grains_logtif.h5|1098|6043|187237,3,0.9353950421015421,0.8845772743225098,0.0321778729557991,0.9875645041465759,0.9833650390307108,0.9516086181004842,0.9150825262069702
final_20260804-224906_augmented_spots_train_e200_b20_lr0.0002_s1,?|IN718_twins_logtif.h5|17|17|840,9,0.9561729696061876,0.9299890398979187,0.05292839308579763,0.9730912314520942,0.956888046529558,0.9516223006778293,0.9147433638572693
final_20260804-224906_augmented_spots_train_e200_b20_lr0.0002_s1,?|Iron_logtif.h5|6749|6749|593133,4,0.9342215657234192,0.8798704445362091,0.030969895888119936,0.975380003452301,0.9731529802083969,0.9516258239746094,0.9332724332809448
final_20260804-224906_augmented_spots_train_e200_b20_lr0.0002_s1,?|Iron_logtif.h5|3746|11442|1010858,3,0.9388303558031718,0.8849834402402242,0.03556116670370102,0.9864565134048462,0.9863335887591044,0.9516346057256063,0.9467309713363647
final_20260804-224906_augmented_spots_train_e200_b20_lr0.0002_s1,?|Iron_logtif.h5|1691|9389|842624,3,0.9320168892542521,0.8747193018595377,0.028730193773905437,0.9862565596898397,0.9851272702217102,0.9516433477401733,0.9475399374961853
final_20260804-224906_augmented_spots_train_e200_b20_lr0.0002_s1,?|Iron_logtif.h5|294|7991|719039,4,0.937500536441803,0.8835843056440353,0.03419351717457175,0.9943685978651047,0.9943894296884537,0.9516534954309464,0.9341744005680084
final_20260804-224906_augmented_spots_train_e200_b20_lr0.0002_s1,?|Al_big_grains_logtif.h5|1408|6353|196140,5,0.9274471998214722,0.8800577998161316,0.02411267813295126,0.952980375289917,0.9517140746116638,0.9516672849655151,0.9166821718215943
final_20260804-224906_augmented_spots_train_e200_b20_lr0.0002_s1,?|Al_big_grains_logtif.h5|2641|2641|81294,4,0.9263469129800797,0.8707967847585678,0.022949754958972335,0.9219508469104767,0.9201585650444031,0.9516985565423965,0.9417037844657898
final_20260804-224906_augmented_spots_train_e200_b20_lr0.0002_s1,?|Al_segvol.h5|6606|6606|36602,3,0.9649213155110677,0.933602511882782,0.061401755238572754,0.9635933836301168,0.9580166339874268,0.9517597953478495,0.9114727735519409
final_20260804-224906_augmented_spots_train_e200_b20_lr0.0002_s1,?|IN718_twins_logtif.h5|662|2039|174380,13,0.9466674557098975,0.9156095293851999,0.04314200529971948,0.9677846660980811,0.9619417098852304,0.9517627266737131,0.8351720690727235
final_20260804-224906_augmented_spots_train_e200_b20_lr0.0002_s1,?|Al_big_grains_logtif.h5|3274|3274|105509,3,0.9539458354314169,0.9124362667401632,0.0502733513712883,0.9799724221229553,0.9793305397033691,0.9518362085024515,0.9367582321166992
final_20260804-224906_augmented_spots_train_e200_b20_lr0.0002_s1,?|Iron_logtif.h5|2329|10021|891040,3,0.9402438203493754,0.8881231745084127,0.03638378499696652,0.9786300460497538,0.9785277843475342,0.951930026213328,0.9368983507156372
final_20260804-224906_augmented_spots_train_e200_b20_lr0.0002_s1,?|Al_big_grains_logtif.h5|970|970|26124,4,0.9401550740003586,0.8995474129915237,0.03619920555502176,0.9336020052433014,0.9328998774290085,0.9519779533147812,0.9093782007694244
final_20260804-224906_augmented_spots_train_e200_b20_lr0.0002_s1,?|Al_big_grains_logtif.h5|458|458|13161,5,0.9372348308563232,0.8852267980575561,0.03306277133524418,0.9907801747322083,0.9903865575790405,0.9520860433578491,0.9248375177383423
final_20260804-224906_augmented_spots_train_e200_b20_lr0.0002_s1,?|Al_big_grains_logtif.h5|1917|6862|211884,4,0.9577832221984863,0.9201382398605347,0.05355248833075166,0.9751588553190231,0.974381297826767,0.952115386724472,0.917587548494339
final_20260804-224906_augmented_spots_train_e200_b20_lr0.0002_s1,?|Al_segvol.h5|1268|8299|46409,3,0.9540988008181254,0.9133517146110535,0.04986163725455602,0.9764748811721802,0.9756938616434733,0.9521185755729675,0.938519024848938
final_20260804-224906_augmented_spots_train_e200_b20_lr0.0002_s1,?|Al_big_grains_logtif.h5|2029|6973|214950,6,0.9417683482170105,0.9026844799518585,0.0375081580132246,0.9609727462132772,0.959261953830719,0.9521301090717316,0.9176094830036163
final_20260804-224906_augmented_spots_train_e200_b20_lr0.0002_s1,?|Iron_logtif.h5|4648|12341|1083488,5,0.9296312928199768,0.8731924295425415,0.02536116763949394,0.9619954466819763,0.9593624114990235,0.9521350741386414,0.9328616619110107
final_20260804-224906_augmented_spots_train_e200_b20_lr0.0002_s1,?|Iron_logtif.h5|3689|3689|306850,3,0.9414217869440714,0.896061897277832,0.036996275186538696,0.9711147348086039,0.9680973688761393,0.9522127707799276,0.933716094493866
final_20260804-224906_augmented_spots_train_e200_b20_lr0.0002_s1,?|Al_segvol.h5|6301|13333|74582,3,0.9453821182250977,0.8982429703076681,0.04086170718073845,0.9886446396509806,0.983622670173645,0.9522602160771688,0.9244617581367492
final_20260804-224906_augmented_spots_train_e200_b20_lr0.0002_s1,?|Iron_logtif.h5|2521|2521|213847,4,0.9362923800945282,0.8862247467041016,0.031636166386306286,0.9491764008998871,0.9245677143335342,0.9523281008005142,0.9309967160224915
final_20260804-224906_augmented_spots_train_e200_b20_lr0.0002_s1,?|Iron_logtif.h5|615|8313|751169,3,0.9363800485928854,0.8818328777949015,0.03171175469954809,0.9672871033350626,0.9670602877934774,0.9523341457049052,0.9343996047973633
final_20260804-224906_augmented_spots_train_e200_b20_lr0.0002_s1,?|Iron_logtif.h5|5773|13471|1191510,3,0.9358629981676737,0.8823583722114563,0.03102233074605465,0.9823999007542928,0.9815419316291809,0.9524203538894653,0.9341121792793274
final_20260804-224906_augmented_spots_train_e200_b20_lr0.0002_s1,?|Iron_logtif.h5|6269|6269|546703,3,0.9344459772109985,0.8820036252339681,0.029599324489633243,0.9762616554896036,0.9717881878217062,0.9524233341217041,0.9353526115417481
final_20260804-224906_augmented_spots_train_e200_b20_lr0.0002_s1,?|Al_deformed_LoG_logtif.h5|2|36|468413,292,0.942154103354232,0.892244281834119,0.03729722687770447,0.9928037950845614,0.9915554470395389,0.9524284388921033,0.9357821941375732
final_20260804-224906_augmented_spots_train_e200_b20_lr0.0002_s1,?|Al_big_grains_logtif.h5|1379|1379|39303,7,0.9414474282945905,0.892434333051954,0.03643364352839334,0.9855254377637591,0.9837507946150643,0.9525069083486285,0.9261514067649841
final_20260804-224906_augmented_spots_train_e200_b20_lr0.0002_s1,?|Iron_logtif.h5|7219|14918|1343926,3,0.9234300255775452,0.8655813733736674,0.018170036065081756,0.9829899271329244,0.9671095808347067,0.9526299834251404,0.9362486362457275
final_20260804-224906_augmented_spots_train_e200_b20_lr0.0002_s1,?|Al_big_grains_logtif.h5|364|364|10656,3,0.9393248558044434,0.8893158634503683,0.03403265525897344,0.9831379055976868,0.9534304539362589,0.9526460965474447,0.9247461080551147
final_20260804-224906_augmented_spots_train_e200_b20_lr0.0002_s1,?|Iron_logtif.h5|733|733|66417,3,0.9385270277659098,0.8849185307820638,0.03323067476352056,0.9946951071421305,0.9920322895050049,0.9526481827100118,0.9480792760849
final_20260804-224906_augmented_spots_train_e200_b20_lr0.0002_s1,?|Iron_logtif.h5|6058|6058|522796,3,0.954723060131073,0.913895865281423,0.04932889466484388,0.9790147542953491,0.9789673089981079,0.9526970386505127,0.9330522298812867
final_20260804-224906_augmented_spots_train_e200_b20_lr0.0002_s1,?|Iron_logtif.h5|5312|13009|1147865,3,0.9202390909194946,0.8640731573104858,0.014832890902956327,0.993284543355306,0.9889945586522421,0.9527030984560648,0.9316348314285279
final_20260804-224906_augmented_spots_train_e200_b20_lr0.0002_s1,?|Al_big_grains_logtif.h5|4507|9452|300587,4,0.937887504696846,0.8868203312158585,0.03240754106082022,0.9767616391181946,0.9757571667432785,0.9527399837970734,0.9425666689872741
final_20260804-224906_augmented_spots_train_e200_b20_lr0.0002_s1,?|Iron_logtif.h5|1943|1943|166319,4,0.9317845851182938,0.8789355307817459,0.026255673728883266,0.9818172305822372,0.9814540147781372,0.952764481306076,0.9232647180557251
final_20260804-224906_augmented_spots_train_e200_b20_lr0.0002_s1,?|Al_big_grains_logtif.h5|1943|1943|57191,3,0.9279594024022421,0.869050403436025,0.02242259370783965,0.9952409664789835,0.9935995737711588,0.9527684052785238,0.9424368143081665
final_20260804-224906_augmented_spots_train_e200_b20_lr0.0002_s1,?|Iron_logtif.h5|1311|9017|809957,4,0.9303999841213226,0.8723715096712112,0.024798342026770115,0.9837872684001923,0.9833068996667862,0.9528008252382278,0.9425082921981811
final_20260804-224906_augmented_spots_train_e200_b20_lr0.0002_s1,?|Iron_logtif.h5|3217|3217|268627,3,0.933290958404541,0.8791187604268392,0.02765735114614169,0.991418719291687,0.990683376789093,0.9528167843818665,0.9467368364334107
final_20260804-224906_augmented_spots_train_e200_b20_lr0.0002_s1,?|Iron_logtif.h5|3677|11377|1002319,3,0.9438520669937134,0.8945468465487162,0.038161282117168106,0.989803413550059,0.9897624452908834,0.9528453747431437,0.9345149755477905
final_20260804-224906_augmented_spots_train_e200_b20_lr0.0002_s1,?|Ti7Al_logtif.h5|810|810|338693,11,0.9475247914140875,0.9019907821308483,0.0418131331151182,0.9753707213835283,0.9738856554031372,0.9528558362614025,0.9345318078994751
final_20260804-224906_augmented_spots_train_e200_b20_lr0.0002_s1,?|Al_segvol.h5|6052|6052|33527,3,0.9659538865089417,0.9349379539489746,0.06023218110203743,0.9708201090494791,0.9668067892392477,0.9528608719507853,0.9241534948349
final_20260804-224906_augmented_spots_train_e200_b20_lr0.0002_s1,?|Iron_logtif.h5|3770|11468|1013662,3,0.9476000467936198,0.9014295935630798,0.04178511258214712,0.9816994269688925,0.9810737768809,0.9529074629147848,0.9369661331176757
final_20260804-224906_augmented_spots_train_e200_b20_lr0.0002_s1,?|Al_big_grains_logtif.h5|3637|8582|273120,4,0.9451381862163544,0.9001315981149673,0.039322071708738804,0.9558386653661728,0.9485525339841843,0.9529080539941788,0.9342886984348298
final_20260804-224906_augmented_spots_train_e200_b20_lr0.0002_s1,?|Al_big_grains_logtif.h5|1904|1904|56105,3,0.9279284477233887,0.8736990491549174,0.02203218700985114,0.9812655846277872,0.9593896071116129,0.9529481331507365,0.9377329349517822
final_20260804-224906_augmented_spots_train_e200_b20_lr0.0002_s1,?|Al_big_grains_logtif.h5|2613|7557|235850,3,0.9631473422050476,0.9301339387893677,0.05718872013191382,0.9381953875223795,0.9361591339111328,0.952979326248169,0.9244498968124389
final_20260804-224906_augmented_spots_train_e200_b20_lr0.0002_s1,?|Iron_logtif.h5|5074|12770|1126820,4,0.9261245131492615,0.8662702441215515,0.02015639585442841,0.9895572364330292,0.989560067653656,0.9529840648174286,0.9318320989608765
final_20260804-224906_augmented_spots_train_e200_b20_lr0.0002_s1,?|Al_big_grains_logtif.h5|4764|9708|308718,3,0.9390177726745605,0.8889107704162598,0.03300040711959203,0.9697109858194987,0.9411696394284567,0.9530086716016134,0.9349785327911377
final_20260804-224906_augmented_spots_train_e200_b20_lr0.0002_s1,?|Al_big_grains_logtif.h5|4942|4942|157019,5,0.9491141319274903,0.9057085037231445,0.04307732954621315,0.9793460965156555,0.9792036533355712,0.9530184030532837,0.9339162111282349
final_20260804-224906_augmented_spots_train_e200_b20_lr0.0002_s1,?|Al_big_grains_logtif.h5|1190|6135|189407,3,0.9264003237088522,0.870193600654602,0.020333733409643173,0.8982524673144022,0.8929156462351481,0.9530332684516907,0.9417612433433533
final_20260804-224906_augmented_spots_train_e200_b20_lr0.0002_s1,?|Al_big_grains_logtif.h5|2861|7806|245886,4,0.9539821892976761,0.9135963618755341,0.04791100858710706,0.9623355865478516,0.96133191883564,0.9530355781316757,0.9358619511127472
final_20260804-224906_augmented_spots_train_e200_b20_lr0.0002_s1,?|Cu_logtif.h5|16576|36444|3875660,3,0.9388697544733683,0.8847992022832235,0.032717122385899224,0.9929763873418173,0.9925633470217387,0.9530763228734335,0.9460753202438354
final_20260804-224906_augmented_spots_train_e200_b20_lr0.0002_s1,?|Iron_logtif.h5|1831|9527|854213,3,0.9363664587338766,0.8840068578720093,0.030133542294303577,0.9873868823051453,0.985615611076355,0.9531164566675822,0.9331335067749024
final_20260804-224906_augmented_spots_train_e200_b20_lr0.0002_s1,?|Cu_logtif.h5|18927|38792|4121606,3,0.94039519627889,0.8890417814254761,0.0341522873689731,0.9908204873402914,0.9908086657524109,0.9531214435895284,0.9454918146133423
final_20260804-224906_augmented_spots_train_e200_b20_lr0.0002_s1,?|Iron_logtif.h5|1430|9124|817999,4,0.9406942576169968,0.8894160389900208,0.03444356610998511,0.9727060198783875,0.9705716520547867,0.9531253278255463,0.9351854920387268
final_20260804-224906_augmented_spots_train_e200_b20_lr0.0002_s1,?|Al_big_grains_logtif.h5|3759|3759|121714,6,0.9493393301963806,0.9063157637914022,0.04295246613522371,0.9517307082811991,0.9388655722141266,0.9531934360663096,0.935783863067627
final_20260804-224906_augmented_spots_train_e200_b20_lr0.0002_s1,?|Iron_logtif.h5|4506|12202|1072069,3,0.9241746068000793,0.8670496940612793,0.017773934019108612,0.9684554735819498,0.9662641882896423,0.9532003402709961,0.9251431226730347
final_20260804-224906_augmented_spots_train_e200_b20_lr0.0002_s1,?|Iron_logtif.h5|7140|7140|639405,3,0.938394824663798,0.8870723644892374,0.03192876434574524,0.9790943662325541,0.9780532717704773,0.953233023484548,0.9318325996398926
final_20260804-224906_augmented_spots_train_e200_b20_lr0.0002_s1,?|Al_big_grains_logtif.h5|4940|9886|313266,3,0.9255630373954773,0.8759035666783651,0.01907403611888488,0.9549417694409689,0.9127222895622253,0.9532444874445597,0.9152423143386841
final_20260804-224906_augmented_spots_train_e200_b20_lr0.0002_s1,?|Al_big_grains_logtif.h5|993|993|27549,5,0.9403006434440613,0.895956528186798,0.03375084884464741,0.962175452709198,0.9605395913124084,0.9532749056816101,0.9203818440437317
final_20260804-224906_augmented_spots_train_e200_b20_lr0.0002_s1,?|Al_big_grains_logtif.h5|2095|7039|218343,3,0.9355429212252299,0.8858293692270914,0.028939729866882164,0.9754515886306763,0.9735235770543417,0.9533015886942545,0.9380768299102783
final_20260804-224906_augmented_spots_train_e200_b20_lr0.0002_s1,?|Al_big_grains_logtif.h5|646|646|17178,4,0.9467217922210693,0.9015166461467743,0.039903213270008564,0.9758791327476501,0.9747762084007263,0.9534092992544174,0.930545550584793
final_20260804-224906_augmented_spots_train_e200_b20_lr0.0002_s1,?|Al_big_grains_logtif.h5|2837|2837|89826,6,0.9642051060994467,0.9316841661930084,0.05735257547348738,0.956415722767512,0.9540506104628245,0.9534262716770172,0.9128568470478058
final_20260804-224906_augmented_spots_train_e200_b20_lr0.0002_s1,?|Iron_logtif.h5|4034|4034|337705,4,0.9326304197311401,0.8771832287311554,0.02571487450040877,0.9729953408241272,0.9719308167695999,0.953457772731781,0.9447833716869354
final_20260804-224906_augmented_spots_train_e200_b20_lr0.0002_s1,?|Al_big_grains_logtif.h5|3874|3874|126168,3,0.9282691876093546,0.8740779956181844,0.02133619785308838,0.9569964408874512,0.9564315875371298,0.9534664948781332,0.9402138113975524
final_20260804-224906_augmented_spots_train_e200_b20_lr0.0002_s1,?|Al_big_grains_logtif.h5|1397|1397|39865,5,0.955380129814148,0.916775643825531,0.04836972989141941,0.9619139552116394,0.9559708952903747,0.9535052061080933,0.9329029202461243
final_20260804-224906_augmented_spots_train_e200_b20_lr0.0002_s1,?|Iron_logtif.h5|4585|12275|1079045,4,0.9418653547763824,0.8917951583862305,0.03485017828643322,0.9852357506752014,0.9830962866544724,0.9535076022148132,0.9400265276432037
final_20260804-224906_augmented_spots_train_e200_b20_lr0.0002_s1,?|Al_big_grains_logtif.h5|3922|3922|127580,3,0.9349417686462402,0.8820161819458008,0.027851111255586147,0.9729730685551962,0.9586389462153116,0.953545331954956,0.9357736825942993
final_20260804-224906_augmented_spots_train_e200_b20_lr0.0002_s1,?|Iron_logtif.h5|5530|13225|1166561,3,0.9471516013145447,0.9009325504302979,0.040007088954250015,0.9800341129302979,0.9796716372172037,0.9535722732543945,0.9358781099319458
final_20260804-224906_augmented_spots_train_e200_b20_lr0.0002_s1,?|Al_big_grains_logtif.h5|3493|3493|111996,4,0.9397039860486984,0.8878905326128006,0.03244479559361935,0.9956255853176117,0.9954071938991547,0.9536295980215073,0.9374189257621766
final_20260804-224906_augmented_spots_train_e200_b20_lr0.0002_s1,?|Iron_logtif.h5|70|70|8450,4,0.9285842031240463,0.8782129883766174,0.021286427276208997,0.9681090861558914,0.9671584963798523,0.9536488801240921,0.9215306222438813
final_20260804-224906_augmented_spots_train_e200_b20_lr0.0002_s1,?|Al_big_grains_logtif.h5|124|5068|161232,4,0.9412217140197754,0.892030194401741,0.03383854450657964,0.9810458868741989,0.9803929179906845,0.9536915868520737,0.9259690523147583
final_20260804-224906_augmented_spots_train_e200_b20_lr0.0002_s1,?|Iron_logtif.h5|5960|5960|511514,5,0.9374189376831055,0.8832119464874267,0.029893232323229314,0.9946455121040344,0.994508707523346,0.9537628531455994,0.9367134809494019
final_20260804-224906_augmented_spots_train_e200_b20_lr0.0002_s1,?|Al_big_grains_logtif.h5|2137|7081|219591,3,0.9437597393989563,0.8946134845415751,0.03612699483831724,0.9918354550997416,0.9703186949094137,0.9538163940111796,0.9452693462371826
final_20260804-224906_augmented_spots_train_e200_b20_lr0.0002_s1,?|Al_big_grains_logtif.h5|174|5119|162789,5,0.9500725984573364,0.9060467720031739,0.04239934422075749,0.9847503900527954,0.9840098857879639,0.9538366436958313,0.9348060846328735
final_20260804-224906_augmented_spots_train_e200_b20_lr0.0002_s1,?|IN718_twins_logtif.h5|973|973|80116,7,0.9652719582830157,0.936647721699306,0.057554349303245544,0.9744729740279061,0.960410441671099,0.9538588098117283,0.8932384729385376
final_20260804-224906_augmented_spots_train_e200_b20_lr0.0002_s1,?|Iron_logtif.h5|7222|14920|1344081,5,0.9351902484893799,0.8799445867538452,0.027454005554318428,0.9900386571884155,0.9894327878952026,0.9538681268692016,0.9417504906654358
final_20260804-224906_augmented_spots_train_e200_b20_lr0.0002_s1,?|Iron_logtif.h5|1258|8955|805277,3,0.9493998885154724,0.9085637728373209,0.04165222495794296,0.9842962423960367,0.9786492387453715,0.9538738330205282,0.9309380888938904
final_20260804-224906_augmented_spots_train_e200_b20_lr0.0002_s1,?|Al_big_grains_logtif.h5|493|5437|169948,3,0.9534141818682352,0.9136615792910258,0.04555992720027765,0.977257251739502,0.9758587082227071,0.9539271195729574,0.9202176094055176
final_20260804-224906_augmented_spots_train_e200_b20_lr0.0002_s1,?|Al_big_grains_logtif.h5|2624|2624|80784,3,0.954911490281423,0.9159775376319885,0.046931082382798195,0.9336669643719991,0.9226774374643961,0.9539902210235596,0.9283967018127441
final_20260804-224906_augmented_spots_train_e200_b20_lr0.0002_s1,?|Al_big_grains_logtif.h5|1745|6689|206502,4,0.9410634189844131,0.8919786065816879,0.03303546318784356,0.9880837798118591,0.9870840162038803,0.9540139734745026,0.9419687390327454
final_20260804-224906_augmented_spots_train_e200_b20_lr0.0002_s1,?|Iron_logtif.h5|2453|2453|208735,4,0.9482905566692352,0.9048482179641724,0.0402591098099947,0.9759613275527954,0.9753225892782211,0.9540157169103622,0.9363658368587494
final_20260804-224906_augmented_spots_train_e200_b20_lr0.0002_s1,?|Iron_logtif.h5|5979|5979|513245,3,0.9431932171185812,0.8965688149134318,0.03506998469432195,0.9537331461906433,0.9527866244316101,0.9540616075197855,0.9470933198928833
final_20260804-224906_augmented_spots_train_e200_b20_lr0.0002_s1,?|Iron_logtif.h5|1237|1237|109813,3,0.9417863488197327,0.8916124900182089,0.033581300328175225,0.9524602095286051,0.9468084573745728,0.9541025161743164,0.9527709007263183
final_20260804-224906_augmented_spots_train_e200_b20_lr0.0002_s1,?|Iron_logtif.h5|784|784|71599,3,0.9267657995223999,0.868506650129954,0.0185169434795777,0.9950223962465922,0.9948900739351908,0.9541244506835938,0.9357913255691528
final_20260804-224906_augmented_spots_train_e200_b20_lr0.0002_s1,?|Al_big_grains_logtif.h5|2879|7822|246261,4,0.9298076182603836,0.8807177096605301,0.021529080346226692,0.9780746102333069,0.9764538705348969,0.9541392773389816,0.9151202738285065
final_20260804-224906_augmented_spots_train_e200_b20_lr0.0002_s1,?|IN718_twins_logtif.h5|497|497|41300,6,0.9571218689282736,0.9288086394468943,0.04881208514173826,0.9780004024505615,0.9420798619588217,0.9541548987229665,0.8908427655696869
final_20260804-224906_augmented_spots_train_e200_b20_lr0.0002_s1,?|Al_big_grains_logtif.h5|4896|9837|312130,3,0.9393245577812195,0.8908005952835083,0.030966937231520813,0.977012832959493,0.9768532713254293,0.9541788299878439,0.9327334284782409
final_20260804-224906_augmented_spots_train_e200_b20_lr0.0002_s1,?|Iron_logtif.h5|2928|10624|943090,4,0.9492601901292801,0.9060957878828049,0.04089515912346542,0.9836341142654419,0.9755602777004242,0.954182505607605,0.9152197003364563
final_20260804-224906_augmented_spots_train_e200_b20_lr0.0002_s1,?|IN718_twins_logtif.h5|561|561|47343,8,0.9710708335042,0.9474961459636688,0.06266802758909762,0.9653654098510742,0.9593347460031509,0.9542014077305794,0.8943283557891846
final_20260804-224906_augmented_spots_train_e200_b20_lr0.0002_s1,?|Al_big_grains_logtif.h5|2500|7444|231481,3,0.9413603742917379,0.892950693766276,0.03295491263270378,0.9367270668347677,0.9276230335235596,0.9542027711868286,0.9363783121109008
final_20260804-224906_augmented_spots_train_e200_b20_lr0.0002_s1,?|IN718_twins_logtif.h5|634|2011|170857,5,0.9607969641685485,0.9306011319160461,0.0523909866809845,0.9785374402999878,0.9596728920936585,0.9542030096054077,0.9016627073287964
final_20260804-224906_augmented_spots_train_e200_b20_lr0.0002_s1,?|Al_segvol.h5|6981|6981|39008,3,0.9550806681315104,0.9144636392593384,0.04665440320968628,0.9894397258758545,0.9893724918365479,0.9542131225268046,0.9464870691299438
final_20260804-224906_augmented_spots_train_e200_b20_lr0.0002_s1,?|Al_big_grains_logtif.h5|4285|9229|295128,3,0.9367222984631857,0.8918017546335856,0.028230051199595135,0.9708976348241171,0.9703134894371033,0.9542461037635803,0.9361728668212891
final_20260804-224906_augmented_spots_train_e200_b20_lr0.0002_s1,?|IN718_twins_logtif.h5|1098|1098|91609,13,0.9595811137786279,0.9301585646776053,0.05107813607901335,0.9647188690992502,0.9332512479562026,0.9542514911064734,0.8640893697738647
final_20260804-224906_augmented_spots_train_e200_b20_lr0.0002_s1,?|Al_big_grains_logtif.h5|1949|1949|57381,6,0.945525070031484,0.8979667524496714,0.03693660690138737,0.9855709969997406,0.9850216110547384,0.9542942543824514,0.9384394288063049
final_20260804-224906_augmented_spots_train_e200_b20_lr0.0002_s1,?|Al_segvol.h5|2136|2136|11852,3,0.937173326810201,0.8863908052444458,0.028560324882467587,0.9607776006062826,0.9489791989326477,0.9543065031369528,0.9455285787582397
final_20260804-224906_augmented_spots_train_e200_b20_lr0.0002_s1,?|Iron_logtif.h5|7566|15262|1378748,4,0.9486088454723358,0.9026856273412704,0.039956578984856606,0.9906319826841354,0.9906115382909775,0.9543261528015137,0.944802987575531
final_20260804-224906_augmented_spots_train_e200_b20_lr0.0002_s1,?|Al_big_grains_logtif.h5|636|5580|173120,3,0.9338845014572144,0.8813326756159464,0.025220455912252266,0.9437946677207947,0.9392646551132202,0.9543320337931315,0.9506712079048156
final_20260804-224906_augmented_spots_train_e200_b20_lr0.0002_s1,?|Al_big_grains_logtif.h5|3069|8013|253156,6,0.9688381055990855,0.9404637614885966,0.060115440748631954,0.9553775688012441,0.9544844528039297,0.9543613195419312,0.9250151216983795
final_20260804-224906_augmented_spots_train_e200_b20_lr0.0002_s1,?|Iron_logtif.h5|4712|4712|394027,3,0.9296701749165853,0.8707707722981771,0.02092906894783179,0.9924760659535726,0.9913430015246073,0.9543705781300863,0.9427234292030334
final_20260804-224906_augmented_spots_train_e200_b20_lr0.0002_s1,?|Iron_logtif.h5|4496|4496|375460,3,0.9514910380045573,0.91006867090861,0.042699556797742844,0.9657235145568848,0.9619405070940653,0.9543957312901815,0.9258818984031677
final_20260804-224906_augmented_spots_train_e200_b20_lr0.0002_s1,?|Ti7Al_logtif.h5|415|1397|557864,12,0.943273330728213,0.8985531131426493,0.03444107210574051,0.980060855547587,0.9784639825423559,0.9544161359469095,0.9037134349346161
final_20260804-224906_augmented_spots_train_e200_b20_lr0.0002_s1,?|IN718_twins_logtif.h5|254|1629|141105,8,0.9652255997061729,0.9368355646729469,0.056338733760640025,0.9785676598548889,0.9648278281092644,0.9544434398412704,0.913565742969513
final_20260804-224906_augmented_spots_train_e200_b20_lr0.0002_s1,?|Al_big_grains_logtif.h5|3609|3609|116664,4,0.9382587820291519,0.894298642873764,0.02931935922242701,0.9401843100786209,0.9396011382341385,0.9544697105884552,0.9136188745498657
final_20260804-224906_augmented_spots_train_e200_b20_lr0.0002_s1,?|Al_big_grains_logtif.h5|4109|9053|289609,4,0.9363971799612045,0.8887422531843185,0.027434179093688726,0.9607587158679962,0.9173919260501862,0.9544814825057983,0.9314741253852844
final_20260804-224906_augmented_spots_train_e200_b20_lr0.0002_s1,?|Al_big_grains_logtif.h5|3246|8194|261061,3,0.9266830682754517,0.8716952403386434,0.01765992461393277,0.9631784160931905,0.9624127149581909,0.954511562983195,0.9447953343391419
final_20260804-224906_augmented_spots_train_e200_b20_lr0.0002_s1,?|Al_big_grains_logtif.h5|1613|1613|46669,5,0.9426111578941345,0.8936816811561584,0.033532194420695306,0.9725402116775512,0.9719504237174987,0.9545395016670227,0.9386122345924377
final_20260804-224906_augmented_spots_train_e200_b20_lr0.0002_s1,?|Iron_logtif.h5|6069|6069|523716,4,0.9602852016687393,0.924217015504837,0.05113748786970973,0.9819094985723495,0.9817633181810379,0.954573854804039,0.9356493830680848
final_20260804-224906_augmented_spots_train_e200_b20_lr0.0002_s1,?|Al_small_grains_logtif.h5|71978|174476|1743244,3,0.9456790089607239,0.8973030050595602,0.036514438688755035,0.9894489645957947,0.9893269141515096,0.9545822938283285,0.9529639601707458
final_20260804-224906_augmented_spots_train_e200_b20_lr0.0002_s1,?|Al_big_grains_logtif.h5|741|5685|175632,3,0.9254053831100464,0.8679745197296143,0.016225349778930347,0.9935112198193868,0.9929395914077759,0.9545900026957194,0.9444387435913086
final_20260804-224906_augmented_spots_train_e200_b20_lr0.0002_s1,?|Al_big_grains_logtif.h5|4060|9003|287840,3,0.9257062474886576,0.8771754503250122,0.01651915131757657,0.9299797813097636,0.9297793507575989,0.9545935392379761,0.9237560987472534
final_20260804-224906_augmented_spots_train_e200_b20_lr0.0002_s1,?|Al_big_grains_logtif.h5|2546|7490|233211,5,0.951987874507904,0.9209579467773438,0.04276749864220619,0.9625101447105407,0.9611345767974854,0.9546101927757263,0.9199307322502136
final_20260804-224906_augmented_spots_train_e200_b20_lr0.0002_s1,?|Ti7Al_logtif.h5|861|861|353001,12,0.942094494899114,0.8969924300909042,0.03275548697759708,0.9637085249026617,0.9608435233434042,0.9546695103247961,0.917836195230484
final_20260804-224906_augmented_spots_train_e200_b20_lr0.0002_s1,?|Cu_logtif.h5|78|78|7080,3,0.936548113822937,0.8813513914744059,0.027090934415658314,0.9968292713165283,0.9967650572458903,0.9547286033630371,0.9443426609039307
final_20260804-224906_augmented_spots_train_e200_b20_lr0.0002_s1,?|Iron_logtif.h5|6642|6642|580924,3,0.943277895450592,0.8931185205777487,0.033819890270630516,0.9936197996139526,0.9935172398885092,0.9547289808591207,0.9486255645751953
final_20260804-224906_augmented_spots_train_e200_b20_lr0.0002_s1,?|Al_big_grains_logtif.h5|2457|7405|230257,3,0.9456475575764974,0.8975327014923096,0.03613113425672054,0.993566612402598,0.9935393333435059,0.9547581871350607,0.9486948847770691
final_20260804-224906_augmented_spots_train_e200_b20_lr0.0002_s1,?|Iron_logtif.h5|3629|11325|996910,3,0.9240141113599142,0.8651583989461263,0.014487705193459988,0.9855108459790548,0.9817067782084147,0.9547632336616516,0.9470517039299011
final_20260804-224906_augmented_spots_train_e200_b20_lr0.0002_s1,?|Al_segvol.h5|182|7216|40522,4,0.9505691379308701,0.9125302881002426,0.040868354961276054,0.9894809573888779,0.9812223017215729,0.9548504054546356,0.9105360686779023
final_20260804-224906_augmented_spots_train_e200_b20_lr0.0002_s1,?|Al_big_grains_logtif.h5|2614|2614|80445,3,0.9350383480389913,0.8848245143890381,0.0249886450668176,0.9579729636510214,0.948313573996226,0.9550248384475708,0.9371317625045776
final_20260804-224906_augmented_spots_train_e200_b20_lr0.0002_s1,?|Al_big_grains_logtif.h5|4160|4160|135765,4,0.9540180563926697,0.9136526435613632,0.04394949204288423,0.9560458213090897,0.9545782059431076,0.9550342857837677,0.9151657938957214
final_20260804-224906_augmented_spots_train_e200_b20_lr0.0002_s1,?|Cu_logtif.h5|15943|35808|3811938,3,0.9345834851264954,0.8772863547007242,0.024499910573164623,0.9975420236587524,0.997514565785726,0.955041786034902,0.9474105119705201
final_20260804-224906_augmented_spots_train_e200_b20_lr0.0002_s1,?|Al_big_grains_logtif.h5|2581|2581|79122,6,0.9359869360923767,0.885518491268158,0.02587966900318861,0.9715779523054758,0.9709401230017344,0.9550536274909973,0.93759685754776
final_20260804-224906_augmented_spots_train_e200_b20_lr0.0002_s1,?|Al_big_grains_logtif.h5|1284|1284|36326,3,0.9317570527394613,0.8771047393480936,0.02162814357628425,0.9763514200846354,0.9744688669840494,0.9550644755363464,0.9548869252204895
final_20260804-224906_augmented_spots_train_e200_b20_lr0.0002_s1,?|Al_big_grains_logtif.h5|3068|3068|97436,7,0.9463371634483337,0.9007000752857753,0.03618929920984166,0.9759307333401271,0.9748112389019558,0.9550739441599164,0.9320845127105712
final_20260804-224906_augmented_spots_train_e200_b20_lr0.0002_s1,?|Al_big_grains_logtif.h5|3502|8446|268107,3,0.9355962872505188,0.883371373017629,0.025422162065903347,0.9799870649973551,0.960344394048055,0.9550870458285013,0.9479006409645081
final_20260804-224906_augmented_spots_train_e200_b20_lr0.0002_s1,?|Iron_logtif.h5|349|8046|726044,3,0.9376005132993063,0.8841911753018697,0.027425943563381832,0.9825745820999146,0.98212730884552,0.9550872842470804,0.9461422204971314
final_20260804-224906_augmented_spots_train_e200_b20_lr0.0002_s1,?|Al_big_grains_logtif.h5|2528|7471|232606,3,0.9452546834945679,0.900279700756073,0.0350132059926788,0.9759012262026469,0.9750721454620361,0.9551207423210144,0.9225585341453553
final_20260804-224906_augmented_spots_train_e200_b20_lr0.0002_s1,?|IN718_twins_logtif.h5|28|1405|120547,5,0.952022123336792,0.9184412837028504,0.041757157817482946,0.9807249784469605,0.9695842385292053,0.9551324963569641,0.8934977173805236
final_20260804-224906_augmented_spots_train_e200_b20_lr0.0002_s1,?|Al_big_grains_logtif.h5|4736|4736|151758,3,0.9435075322786967,0.8971676031748453,0.03320543499042591,0.9856234192848206,0.9824735522270203,0.9551510413487753,0.9236338853836059
final_20260804-224906_augmented_spots_train_e200_b20_lr0.0002_s1,?|Al_big_grains_logtif.h5|1534|1534|44034,3,0.9588154951731364,0.9215783874193827,0.048373215521375336,0.9613406658172607,0.9604494571685791,0.955221156279246,0.9357765913009644
final_20260804-224906_augmented_spots_train_e200_b20_lr0.0002_s1,?|Iron_logtif.h5|1159|1159|103225,3,0.9307108322779337,0.8845593531926473,0.020239916319648426,0.9867215355237325,0.9795462886492411,0.9552354415257772,0.9241222500801086
final_20260804-224906_augmented_spots_train_e200_b20_lr0.0002_s1,?|Al_big_grains_logtif.h5|2051|6994|216170,3,0.9491493900616964,0.9082695643107096,0.03851353873809179,0.9915474454561869,0.9876053333282471,0.9553179343541464,0.9510500431060791
final_20260804-224906_augmented_spots_train_e200_b20_lr0.0002_s1,?|Al_big_grains_logtif.h5|4693|9637|306818,6,0.9500664373238882,0.9078854819138845,0.039384943433105946,0.9821261266867319,0.971015214920044,0.9553407529989878,0.9308198392391205
final_20260804-224906_augmented_spots_train_e200_b20_lr0.0002_s1,?|Al_segvol.h5|3175|10208|56926,5,0.9636418223381042,0.9315449714660644,0.05289045982062816,0.9782091856002808,0.9771927118301391,0.9553756713867188,0.9145635366439819
final_20260804-224906_augmented_spots_train_e200_b20_lr0.0002_s1,?|Iron_logtif.h5|4787|12485|1098108,4,0.9415546953678131,0.8914805352687836,0.030797628220170736,0.9763965308666229,0.9759782701730728,0.955378532409668,0.9341352045536041
final_20260804-224906_augmented_spots_train_e200_b20_lr0.0002_s1,?|Cu_logtif.h5|6042|25906|2778917,3,0.9391634464263916,0.8862200379371643,0.028236187994480133,0.9866118232409159,0.985249658425649,0.9554636478424072,0.9507557868957519
final_20260804-224906_augmented_spots_train_e200_b20_lr0.0002_s1,?|Iron_logtif.h5|5234|5234|445350,3,0.9245113531748453,0.8666914304097494,0.013556918439765772,0.9936104615529379,0.9927346706390381,0.955477237701416,0.936742901802063
final_20260804-224906_augmented_spots_train_e200_b20_lr0.0002_s1,?|Iron_logtif.h5|3861|3861|323032,3,0.9536352157592773,0.9133578141530355,0.04256951995193958,0.9764188528060913,0.9754687349001566,0.9555328289667765,0.92414391040802
final_20260804-224906_augmented_spots_train_e200_b20_lr0.0002_s1,?|Al_big_grains_logtif.h5|3625|8567|272674,5,0.9405691504478455,0.9035516738891601,0.02947067506611347,0.9336571812629699,0.932555639743805,0.9555492281913758,0.9157160520553589
final_20260804-224906_augmented_spots_train_e200_b20_lr0.0002_s1,?|Iron_logtif.h5|430|430|37740,3,0.9334412415822347,0.8771512707074484,0.02224307383100192,0.9934350252151489,0.9931888381640116,0.9555990695953369,0.9430519461631774
final_20260804-224906_augmented_spots_train_e200_b20_lr0.0002_s1,?|Al_big_grains_logtif.h5|2219|2219|66775,3,0.9382479190826416,0.8892698486646017,0.027024430533250172,0.9701670209566752,0.9698958396911621,0.955611785252889,0.9439763784408569
final_20260804-224906_augmented_spots_train_e200_b20_lr0.0002_s1,?|Iron_logtif.h5|1237|8935|804021,3,0.9548237919807434,0.9141298135121664,0.04350424061218897,0.9729548891385397,0.9719896713892618,0.9556597868601481,0.9333385467529297
final_20260804-224906_augmented_spots_train_e200_b20_lr0.0002_s1,?|Ti7Al_logtif.h5|406|1388|549802,18,0.9449277023474375,0.8997828430599637,0.033607708393699594,0.973966982629564,0.9715745382838779,0.9556599888536665,0.9111598491668701
final_20260804-224906_augmented_spots_train_e200_b20_lr0.0002_s1,?|Al_segvol.h5|4730|11761|65539,3,0.953357477982839,0.9148434201876322,0.04198761098086834,0.948093593120575,0.9149612983067831,0.9556849400202433,0.9486753225326539
final_20260804-224906_augmented_spots_train_e200_b20_lr0.0002_s1,?|Iron_logtif.h5|4269|11968|1052771,3,0.9496609369913737,0.9073329567909241,0.03812401710699002,0.97222900390625,0.9715750217437744,0.9557684659957886,0.9344517946243286
final_20260804-224906_augmented_spots_train_e200_b20_lr0.0002_s1,?|Al_big_grains_logtif.h5|2883|7827|246429,4,0.9436723291873932,0.8973729610443115,0.03208512207493186,0.9675619751214981,0.9640044122934341,0.9557935744524002,0.9454352974891662
final_20260804-224906_augmented_spots_train_e200_b20_lr0.0002_s1,?|Al_deformed_LoG_logtif.h5|13|47|607293,301,0.9468999798115701,0.9000244453499879,0.035308810102558416,0.9936833177690094,0.9932706859024656,0.9557955843269627,0.9435425400733948
final_20260804-224906_augmented_spots_train_e200_b20_lr0.0002_s1,?|Al_big_grains_logtif.h5|3072|8015|253218,3,0.9478498498598734,0.9025080800056458,0.0361437996228536,0.9694410761197408,0.9685395558675131,0.9558530251185099,0.9540972352027893
final_20260804-224906_augmented_spots_train_e200_b20_lr0.0002_s1,?|Al_small_grains_logtif.h5|38094|140559|1407952,3,0.9415208498636881,0.8899118304252625,0.029799621552228928,0.9966076215108236,0.996520201365153,0.9558606147766113,0.9517330288887024
final_20260804-224906_augmented_spots_train_e200_b20_lr0.0002_s1,?|Iron_logtif.h5|818|818|75317,3,0.9438174565633138,0.8938558499018351,0.031976363311211266,0.9957421024640402,0.9957169493039449,0.9559205373128256,0.9552389979362488
final_20260804-224906_augmented_spots_train_e200_b20_lr0.0002_s1,?|Al_big_grains_logtif.h5|2916|7860|247386,5,0.9553913116455078,0.9162064075469971,0.043525964766740796,0.9872694134712219,0.9849225044250488,0.9559326648712159,0.9300737857818604
final_20260804-224906_augmented_spots_train_e200_b20_lr0.0002_s1,?|Al_big_grains_logtif.h5|2898|2898|91774,5,0.948208463191986,0.9043989419937134,0.03632531724870205,0.9720138549804688,0.970445704460144,0.9559415817260742,0.9431092977523804
final_20260804-224906_augmented_spots_train_e200_b20_lr0.0002_s1,?|Al_big_grains_logtif.h5|524|524|14219,5,0.9465610146522522,0.9012163162231446,0.034645384177565575,0.9781998872756958,0.9767291665077209,0.9559578180313111,0.9410254001617432
final_20260804-224906_augmented_spots_train_e200_b20_lr0.0002_s1,?|Al_big_grains_logtif.h5|4658|9599|305964,5,0.9383101224899292,0.8921440958976745,0.02637605108320713,0.9618921756744385,0.9608159303665161,0.9559670448303222,0.9289332628250122
final_20260804-224906_augmented_spots_train_e200_b20_lr0.0002_s1,?|Iron_logtif.h5|6686|6686|585910,3,0.9350425402323405,0.8800806999206543,0.023046202957630157,0.9980500141779581,0.997806708017985,0.955998162428538,0.9467257976531982
final_20260804-224906_augmented_spots_train_e200_b20_lr0.0002_s1,?|Iron_logtif.h5|3074|3074|256928,3,0.9445792635281881,0.896366278330485,0.03248660390575727,0.9495523373285929,0.9499803781509399,0.9560463229815165,0.9439797163009643
final_20260804-224906_augmented_spots_train_e200_b20_lr0.0002_s1,?|IN718_twins_logtif.h5|1218|2596|222677,8,0.9674433171749115,0.9407320022583008,0.05533105041831732,0.9772410169243813,0.9596976786851883,0.9560561329126358,0.9199887752532959
final_20260804-224906_augmented_spots_train_e200_b20_lr0.0002_s1,?|Iron_logtif.h5|4537|12235|1074991,3,0.9330412546793619,0.8762692809104919,0.02089024397234122,0.9912965297698975,0.985411524772644,0.9560755093892416,0.9475012063980103
final_20260804-224906_augmented_spots_train_e200_b20_lr0.0002_s1,?|IN718_twins_logtif.h5|251|1628|141089,4,0.9696480929851532,0.9453518092632294,0.0574784423224628,0.9755519777536392,0.9660083651542664,0.9560848325490952,0.9035439789295197
final_20260804-224906_augmented_spots_train_e200_b20_lr0.0002_s1,?|Al_big_grains_logtif.h5|427|427|12371,7,0.9488237415041242,0.9066024252346584,0.03642849624156952,0.9864579354013715,0.9853442140987941,0.9561976109232221,0.9266979932785034
final_20260804-224906_augmented_spots_train_e200_b20_lr0.0002_s1,?|Ti7Al_logtif.h5|34|34|11295,10,0.9515034854412079,0.9095634281635284,0.03895562049001455,0.9809339642524719,0.9794107794761657,0.9562739372253418,0.9270659446716308
final_20260804-224906_augmented_spots_train_e200_b20_lr0.0002_s1,?|Iron_logtif.h5|2222|9920|884829,4,0.9258007109165192,0.8781693279743195,0.013211446348577738,0.9928544014692307,0.9784739464521408,0.9562946259975433,0.9233042061328888
final_20260804-224906_augmented_spots_train_e200_b20_lr0.0002_s1,?|Iron_logtif.h5|2652|2652|225110,3,0.9310524861017863,0.8806840777397156,0.018383339357872803,0.9859645764032999,0.9646175503730774,0.9563345710436503,0.9322087407112122
final_20260804-224906_augmented_spots_train_e200_b20_lr0.0002_s1,?|Al_big_grains_logtif.h5|2192|7135|221034,3,0.9466313123703003,0.9007884860038757,0.033951385567585625,0.9810678164164225,0.9782437284787496,0.95633997519811,0.9454380989074707
final_20260804-224906_augmented_spots_train_e200_b20_lr0.0002_s1,?|Al_big_grains_logtif.h5|3205|3205|103619,3,0.9349223772684733,0.8800195654233297,0.022146825368205707,0.9965466856956482,0.9962481657663981,0.9563877582550049,0.9443527460098267
final_20260804-224906_augmented_spots_train_e200_b20_lr0.0002_s1,?|Al_big_grains_logtif.h5|304|304|9280,6,0.952355682849884,0.9143284360567728,0.039529827423393726,0.9768606921037039,0.9654565155506134,0.9564129312833151,0.9076781868934631
final_20260804-224906_augmented_spots_train_e200_b20_lr0.0002_s1,?|IN718_twins_logtif.h5|65|1446|124466,10,0.9561344802379608,0.9311653256416321,0.04325483283028007,0.9715562403202057,0.9411321848630905,0.9564398288726806,0.9529387593269348
final_20260804-224906_augmented_spots_train_e200_b20_lr0.0002_s1,?|Iron_logtif.h5|501|8198|739292,3,0.9404097199440002,0.8886226216952006,0.027495758297542732,0.9967052340507507,0.9964554309844971,0.9564569989840189,0.9478822469711303
final_20260804-224906_augmented_spots_train_e200_b20_lr0.0002_s1,?|Al_segvol.h5|3875|3875|21171,3,0.9380852580070496,0.886756698290507,0.02516685053706169,0.9676048358281454,0.9661961793899536,0.9564592043558756,0.9485079050064087
final_20260804-224906_augmented_spots_train_e200_b20_lr0.0002_s1,?|Iron_logtif.h5|5005|12706|1120542,4,0.9389254450798035,0.8883636742830276,0.025965138338506222,0.9928568303585052,0.992789551615715,0.9564801603555679,0.9472220659255981
final_20260804-224906_augmented_spots_train_e200_b20_lr0.0002_s1,?|IN718_twins_logtif.h5|140|140|12847,8,0.9507205858826637,0.9213704466819763,0.037742394022643566,0.9772178009152412,0.9681509286165237,0.9564891010522842,0.9104586005210876
final_20260804-224906_augmented_spots_train_e200_b20_lr0.0002_s1,?|Al_big_grains_logtif.h5|4268|4268|139061,3,0.9372187256813049,0.8856644034385681,0.024187497794628143,0.8830499450365702,0.8790698846181234,0.9565156102180481,0.9505217552185059
final_20260804-224906_augmented_spots_train_e200_b20_lr0.0002_s1,?|Al_segvol.h5|2136|9171|51378,5,0.9418393254280091,0.9010256767272949,0.028786347433924674,0.965856397151947,0.9648425936698913,0.9565264821052551,0.924081826210022
final_20260804-224906_augmented_spots_train_e200_b20_lr0.0002_s1,?|Iron_logtif.h5|4600|4600|384430,3,0.9426983594894409,0.8944489359855652,0.02957166110475858,0.9934019645055135,0.9932027061780294,0.9565633535385132,0.9442852020263672
final_20260804-224906_augmented_spots_train_e200_b20_lr0.0002_s1,?|Al_big_grains_logtif.h5|1289|6234|192564,5,0.9461814761161804,0.9019120693206787,0.033032136410474776,0.9775753855705261,0.9757595181465148,0.9565746784210205,0.9419621229171753
final_20260804-224906_augmented_spots_train_e200_b20_lr0.0002_s1,?|Iron_logtif.h5|1097|8794|791816,3,0.9450333118438721,0.8975370526313782,0.03182277704278628,0.9906759262084961,0.9906359116236368,0.9566052754720052,0.9536827206611633
final_20260804-224906_augmented_spots_train_e200_b20_lr0.0002_s1,?|Iron_logtif.h5|3464|3464|289593,3,0.9248943328857422,0.8700582981109619,0.011678599752485752,0.9532630244890848,0.9512309630711874,0.9566078384717306,0.9352673649787903
final_20260804-224906_augmented_spots_train_e200_b20_lr0.0002_s1,?|Ti7Al_logtif.h5|568|568|256686,12,0.9516704032818476,0.9100675682226816,0.03834573047546049,0.9804242551326752,0.9762140562136968,0.9566623369852701,0.9436018943786622
final_20260804-224906_augmented_spots_train_e200_b20_lr0.0002_s1,?|Al_segvol.h5|959|7992|44667,3,0.9772674640019735,0.9556933641433716,0.06384501233696938,0.9668963352839152,0.9662327170372009,0.9567112326622009,0.9283939838409424
final_20260804-224906_augmented_spots_train_e200_b20_lr0.0002_s1,?|IN718_twins_logtif.h5|1340|1340|114671,16,0.9636761024594307,0.9414654113352299,0.050181107013486326,0.9728756248950958,0.9581727981567383,0.9567474983632565,0.8896030485630035
final_20260804-224906_augmented_spots_train_e200_b20_lr0.0002_s1,?|Al_big_grains_logtif.h5|2490|2490|75417,4,0.9358751624822617,0.8858346790075302,0.022360763046890497,0.9688559025526047,0.9636623710393906,0.956757202744484,0.9439188241958618
final_20260804-224906_augmented_spots_train_e200_b20_lr0.0002_s1,?|IN718_twins_logtif.h5|649|2028|172405,11,0.964471616528251,0.9422245079820807,0.050921843979846344,0.9754482887007974,0.9627492102709684,0.956774890422821,0.9081442356109619
final_20260804-224906_augmented_spots_train_e200_b20_lr0.0002_s1,?|IN718_twins_logtif.h5|1055|2428|207783,16,0.9562200531363487,0.9249202571809292,0.04262133361771703,0.982620432972908,0.9695818349719048,0.9567993581295013,0.889653205871582
final_20260804-224906_augmented_spots_train_e200_b20_lr0.0002_s1,?|Al_big_grains_logtif.h5|4674|4674|150012,3,0.9573269685109457,0.9223784605662028,0.04372205523153146,0.9448479413986206,0.942222515741984,0.9568024675051371,0.9491934776306152
final_20260804-224906_augmented_spots_train_e200_b20_lr0.0002_s1,?|Al_big_grains_logtif.h5|3496|8440|267913,6,0.9465956091880798,0.9050323168436686,0.03288864934196075,0.9713887274265289,0.9681889911492666,0.9568534592787424,0.9382979273796082
final_20260804-224906_augmented_spots_train_e200_b20_lr0.0002_s1,?|Al_big_grains_logtif.h5|3625|3625|117009,8,0.9507477581501007,0.90800841152668,0.0369856939651072,0.9892159178853035,0.9887025579810143,0.9568810313940048,0.9345318675041199
final_20260804-224906_augmented_spots_train_e200_b20_lr0.0002_s1,?|Al_big_grains_logtif.h5|4095|9037|288995,4,0.9499709010124207,0.9079281389713287,0.03619433753192425,0.9878685176372528,0.9843634217977524,0.9568883031606674,0.9405222058296203
final_20260804-224906_augmented_spots_train_e200_b20_lr0.0002_s1,?|Iron_logtif.h5|6769|14466|1291604,4,0.9419694393873215,0.8948209881782532,0.028160429559648037,0.9827355295419693,0.9823650568723679,0.9569045156240463,0.9326328337192535
final_20260804-224906_augmented_spots_train_e200_b20_lr0.0002_s1,?|Al_segvol.h5|719|719|4058,4,0.9736796766519547,0.9493021667003632,0.05984549829736352,0.9663310945034027,0.9649122059345245,0.9569171071052551,0.9249496340751648
final_20260804-224906_augmented_spots_train_e200_b20_lr0.0002_s1,?|Al_segvol.h5|6549|6549|36239,5,0.941384756565094,0.897217071056366,0.027508950792253017,0.979478394985199,0.9779829025268555,0.9569379091262817,0.9235472679138184
final_20260804-224906_augmented_spots_train_e200_b20_lr0.0002_s1,?|Iron_logtif.h5|3651|11348|999596,3,0.93595290184021,0.8819691936175028,0.02207249340911706,0.9672423203786215,0.9640926520029703,0.9569401939709982,0.9477382063865661
final_20260804-224906_augmented_spots_train_e200_b20_lr0.0002_s1,?|Ti7Al_logtif.h5|40|1022|401981,9,0.9397504462136163,0.8917709390322367,0.025828064419329166,0.9694168501430087,0.9675866497887505,0.956961194674174,0.9177708745002746
final_20260804-224906_augmented_spots_train_e200_b20_lr0.0002_s1,?|Al_big_grains_logtif.h5|970|5914|182771,3,0.9577805002530416,0.9197373390197754,0.04373698805769285,0.9793697992960612,0.9783735672632853,0.9570217529932658,0.9471025586128234
final_20260804-224906_augmented_spots_train_e200_b20_lr0.0002_s1,?|Al_segvol.h5|2472|2472|13665,4,0.9503519535064697,0.9126271605491638,0.03623599838465452,0.9657846540212631,0.96502785384655,0.9570579826831818,0.9343171834945678
final_20260804-224906_augmented_spots_train_e200_b20_lr0.0002_s1,?|Al_big_grains_logtif.h5|1683|1683|48720,4,0.9483408331871033,0.9044374823570251,0.03419081191532314,0.9932864457368851,0.9928846657276154,0.9570749998092651,0.9428954899311066
final_20260804-224906_augmented_spots_train_e200_b20_lr0.0002_s1,?|Iron_logtif.h5|1433|9130|818781,3,0.9353105624516805,0.8785483638445536,0.021120135982831318,0.9982004761695862,0.9981605609258016,0.957095225652059,0.9551704287528991
final_20260804-224906_augmented_spots_train_e200_b20_lr0.0002_s1,?|Al_big_grains_logtif.h5|234|234|7960,3,0.9600825111071268,0.9241845011711121,0.04582809253285328,0.9787128369013468,0.9780239661534628,0.9571271737416586,0.9449334859848022
final_20260804-224906_augmented_spots_train_e200_b20_lr0.0002_s1,?|Al_big_grains_logtif.h5|230|5174|164089,3,0.9539776047070821,0.9149158994356791,0.039613704507549606,0.977846086025238,0.9718016187349955,0.9571819305419922,0.9294447779655457
final_20260804-224906_augmented_spots_train_e200_b20_lr0.0002_s1,?|Iron_logtif.h5|3964|3964|329394,4,0.946352481842041,0.898903101682663,0.031967826653271914,0.9921533614397049,0.9918922185897827,0.9571923315525055,0.9500336408615112
final_20260804-224906_augmented_spots_train_e200_b20_lr0.0002_s1,?|Al_big_grains_logtif.h5|294|5240|165317,4,0.9542015045881271,0.9142797291278839,0.039781385101377964,0.9889020770788193,0.988478273153305,0.9572100639343262,0.9428117275238037
final_20260804-224906_augmented_spots_train_e200_b20_lr0.0002_s1,?|Al_big_grains_logtif.h5|3912|8855|282895,4,0.9436773955821991,0.8975724875926971,0.029255086090415716,0.9790192991495132,0.9739326536655426,0.9572111666202545,0.9417853474617004
final_20260804-224906_augmented_spots_train_e200_b20_lr0.0002_s1,?|Ti7Al_logtif.h5|447|447|198335,4,0.9372009783983231,0.8848148137331009,0.022742320550605655,0.9774240851402283,0.9743179380893707,0.9572293311357498,0.9341234028339386
final_20260804-224906_augmented_spots_train_e200_b20_lr0.0002_s1,?|Ti7Al_logtif.h5|465|465|212995,7,0.947790231023516,0.9022873214312962,0.03329288586974144,0.9820999588285174,0.9816147003855024,0.9572486792291913,0.924667477607727
final_20260804-224906_augmented_spots_train_e200_b20_lr0.0002_s1,?|Al_big_grains_logtif.h5|3908|8854|282841,3,0.9589433272679647,0.9232346415519714,0.04442819642523924,0.9510217905044556,0.9500432809193929,0.9572575887044271,0.9447041273117065
final_20260804-224906_augmented_spots_train_e200_b20_lr0.0002_s1,?|Al_big_grains_logtif.h5|3322|3322|106358,6,0.9437258541584015,0.9019110103448232,0.02919871701548497,0.977763831615448,0.9774272342522939,0.9572635690371195,0.9371913373470306
final_20260804-224906_augmented_spots_train_e200_b20_lr0.0002_s1,?|Al_segvol.h5|2339|2339|12959,5,0.9687619805335999,0.9402624130249023,0.05420267842710018,0.9834113717079163,0.9814216375350953,0.957279634475708,0.9293564438819886
final_20260804-224906_augmented_spots_train_e200_b20_lr0.0002_s1,?|Al_big_grains_logtif.h5|1765|6711|207187,3,0.9579225381215414,0.9210549394289652,0.043305784463882446,0.9782605767250061,0.9780178864796957,0.9573083917299906,0.9455016732215882
final_20260804-224906_augmented_spots_train_e200_b20_lr0.0002_s1,?|Al_big_grains_logtif.h5|3041|3041|96635,3,0.9399750828742981,0.8883557518323263,0.02534015228350957,0.996555765469869,0.9963339368502299,0.9573174715042114,0.9439181923866272
final_20260804-224906_augmented_spots_train_e200_b20_lr0.0002_s1,?|Al_big_grains_logtif.h5|435|5383|168861,7,0.9485594800540379,0.90652996301651,0.0337521569537265,0.977794315133776,0.971531229359763,0.9574036598205566,0.927471375465393
final_20260804-224906_augmented_spots_train_e200_b20_lr0.0002_s1,?|Al_big_grains_logtif.h5|3297|3297|105899,4,0.947660967707634,0.9026539325714111,0.03281794162467122,0.9793288856744766,0.9696464687585831,0.9574215114116669,0.952245420217514
final_20260804-224906_augmented_spots_train_e200_b20_lr0.0002_s1,?|Al_big_grains_logtif.h5|1478|1478|42544,6,0.9471461574236552,0.9019434948762258,0.0322159118950367,0.9370974997679392,0.9352118670940399,0.957465132077535,0.9254227876663208
final_20260804-224906_augmented_spots_train_e200_b20_lr0.0002_s1,?|Iron_logtif.h5|3738|3738|313642,4,0.9405363649129868,0.8913815319538116,0.025571498088538647,0.9879662543535233,0.9868293255567551,0.9574824422597885,0.9326909065246582
final_20260804-224906_augmented_spots_train_e200_b20_lr0.0002_s1,?|Al_big_grains_logtif.h5|4272|4272|139140,6,0.9479444225629171,0.9035218755404154,0.032918190117925406,0.9874419470628103,0.9874058167139689,0.9575131138165792,0.9341246485710144
final_20260804-224906_augmented_spots_train_e200_b20_lr0.0002_s1,?|Iron_logtif.h5|4517|4517|377069,3,0.9362045327822367,0.8834057251612345,0.021159218003352482,0.9833437005678812,0.9693684975306193,0.9575226505597433,0.9496870875358582
final_20260804-224906_augmented_spots_train_e200_b20_lr0.0002_s1,?|Iron_logtif.h5|6769|6769|595995,4,0.9269009828567505,0.8695003241300583,0.011776730185374618,0.9823776632547379,0.9815786331892014,0.957562118768692,0.9471703708171845
final_20260804-224906_augmented_spots_train_e200_b20_lr0.0002_s1,?|Iron_logtif.h5|3981|3981|330547,3,0.9476612210273743,0.900818924109141,0.03220794474085172,0.9827227791150411,0.982707699139913,0.9577266375223795,0.9511336803436279
final_20260804-224906_augmented_spots_train_e200_b20_lr0.0002_s1,?|Iron_logtif.h5|7247|7247|650336,3,0.9506418108940125,0.9063957929611206,0.035159338265657425,0.9876236319541931,0.9876384933789571,0.9577412406603495,0.9540331959724426
final_20260804-224906_augmented_spots_train_e200_b20_lr0.0002_s1,?|Iron_logtif.h5|4995|4995|423042,3,0.9407236377398173,0.891577144463857,0.02518457919359207,0.9922595421473185,0.9879480202992758,0.957769513130188,0.9424632072448731
final_20260804-224906_augmented_spots_train_e200_b20_lr0.0002_s1,?|Al_big_grains_logtif.h5|3449|8392|266445,4,0.9397629201412201,0.8925471305847168,0.024114465806633234,0.9537748992443085,0.9527638107538223,0.9578242301940918,0.9468756437301635
final_20260804-224906_augmented_spots_train_e200_b20_lr0.0002_s1,?|Al_big_grains_logtif.h5|1981|6925|213812,3,0.9430299401283264,0.8996033271153768,0.027378636101881664,0.9813497265179952,0.9797812898953756,0.9578256607055664,0.9378453731536865
final_20260804-224906_augmented_spots_train_e200_b20_lr0.0002_s1,?|Al_big_grains_logtif.h5|4668|4668|149958,7,0.9494832328387669,0.9084225296974182,0.03382439871451685,0.973989622933524,0.9714721015521458,0.957829407283238,0.9369303703308105
final_20260804-224906_augmented_spots_train_e200_b20_lr0.0002_s1,?|Iron_logtif.h5|5298|12996|1147110,3,0.9548380374908447,0.9149693846702576,0.03915509581565857,0.9754111369450887,0.9739954868952433,0.9578414559364319,0.9523726463317871
final_20260804-224906_augmented_spots_train_e200_b20_lr0.0002_s1,?|Al_segvol.h5|137|137|803,3,0.9407038688659668,0.897537092367808,0.024925898760557175,0.9676919380823771,0.9630309740702311,0.9578890005747477,0.9388883590698243
final_20260804-224906_augmented_spots_train_e200_b20_lr0.0002_s1,?|Al_big_grains_logtif.h5|1381|6325|195505,4,0.9337530732154846,0.8808402568101883,0.017930528614670038,0.9920075982809067,0.9913254976272583,0.9579112827777863,0.9451939463615417
final_20260804-224906_augmented_spots_train_e200_b20_lr0.0002_s1,?|Al_big_grains_logtif.h5|3457|8400|266723,5,0.9532797336578369,0.9144009351730347,0.03736028410494328,0.9796202182769775,0.9745166063308716,0.9579597115516663,0.9374064326286315
final_20260804-224906_augmented_spots_train_e200_b20_lr0.0002_s1,?|Al_big_grains_logtif.h5|2337|7282|225942,4,0.9516032487154007,0.9116712659597397,0.03563408646732569,0.9845703989267349,0.9835702329874039,0.95798459649086,0.9311936378479004
final_20260804-224906_augmented_spots_train_e200_b20_lr0.0002_s1,?|Iron_logtif.h5|7572|15268|1379343,3,0.9461630582809448,0.8988794088363647,0.030179415519038837,0.9964111646016439,0.9963676929473877,0.9579918185869852,0.944586968421936
final_20260804-224906_augmented_spots_train_e200_b20_lr0.0002_s1,?|Al_big_grains_logtif.h5|354|354|10453,4,0.9598851501941681,0.9240480810403824,0.043887855019420385,0.9787527024745941,0.9772249311208725,0.9579986482858658,0.9426620721817016
final_20260804-224906_augmented_spots_train_e200_b20_lr0.0002_s1,?|Al_segvol.h5|4730|4730|25958,3,0.9391001462936401,0.8920812010765076,0.023045895621180534,0.9564209977785746,0.9554048776626587,0.9580271244049072,0.936035978794098
final_20260804-224906_augmented_spots_train_e200_b20_lr0.0002_s1,?|IN718_twins_logtif.h5|1182|1182|99410,10,0.9624433219432831,0.9388745605945588,0.04637077506631613,0.9821398496627808,0.9675139963626862,0.9580362498760223,0.9279459714889526
final_20260804-224906_augmented_spots_train_e200_b20_lr0.0002_s1,?|Al_big_grains_logtif.h5|4046|8990|287421,3,0.947778582572937,0.9038456281026205,0.03160150535404682,0.9905747373898824,0.9894670645395914,0.9580885370572408,0.9488153338432312
final_20260804-224906_augmented_spots_train_e200_b20_lr0.0002_s1,?|Al_big_grains_logtif.h5|2308|7251|224896,3,0.947401762008667,0.9036724170049032,0.031208857893943787,0.9836599826812744,0.9832402269045512,0.958096464474996,0.9502209901809693
final_20260804-224906_augmented_spots_train_e200_b20_lr0.0002_s1,?|Al_big_grains_logtif.h5|2084|7027|217651,6,0.9524646401405334,0.9124248226483663,0.03622524657597145,0.9755394955476125,0.9714536766211191,0.9581197102864584,0.9378364086151123
final_20260804-224906_augmented_spots_train_e200_b20_lr0.0002_s1,?|Al_segvol.h5|1563|8593|47997,3,0.9595466057459513,0.9234890937805176,0.04328997184832891,0.9316791296005249,0.9265061616897583,0.958128293355306,0.9495735406875611
final_20260804-224906_augmented_spots_train_e200_b20_lr0.0002_s1,?|Al_big_grains_logtif.h5|4798|9743|309332,4,0.940204918384552,0.8956565707921982,0.023935707286000252,0.9464021921157837,0.9438799023628235,0.9581346064805984,0.9327723443508148
final_20260804-224906_augmented_spots_train_e200_b20_lr0.0002_s1,?|Al_big_grains_logtif.h5|3816|3816|123912,3,0.9515555103619894,0.9088192184766134,0.035130973905324936,0.9954891403516134,0.9954470793406168,0.9582122762997946,0.9508443236351013
final_20260804-224906_augmented_spots_train_e200_b20_lr0.0002_s1,?|Iron_logtif.h5|3566|3566|296104,5,0.9386086463928223,0.886275589466095,0.02199278064072132,0.9902379512786865,0.9889371275901795,0.958307945728302,0.9440349698066711
final_20260804-224906_augmented_spots_train_e200_b20_lr0.0002_s1,?|Al_big_grains_logtif.h5|1675|6616|204190,4,0.9520929306745529,0.9141505062580109,0.03540304908528924,0.951390415430069,0.9505498707294464,0.9583449363708496,0.935782253742218
final_20260804-224906_augmented_spots_train_e200_b20_lr0.0002_s1,?|Al_big_grains_logtif.h5|1437|6382|197477,5,0.9644285440444946,0.9324699759483337,0.0477212730795145,0.9668781161308289,0.9179511308670044,0.9583536386489868,0.9311478853225708
final_20260804-224906_augmented_spots_train_e200_b20_lr0.0002_s1,?|Al_big_grains_logtif.h5|3898|3898|126724,4,0.9307258129119873,0.8770555704832077,0.013995940331369638,0.9796359688043594,0.9690939784049988,0.9583649188280106,0.9446374773979187
final_20260804-224906_augmented_spots_train_e200_b20_lr0.0002_s1,?|Iron_logtif.h5|2147|2147|186041,3,0.9568320512771606,0.9175614714622498,0.04008885597189268,0.9906833370526632,0.9894981980323792,0.9583715995152792,0.9387351036071777
final_20260804-224906_augmented_spots_train_e200_b20_lr0.0002_s1,?|Cu_logtif.h5|6835|26690|2867327,3,0.9331833521525065,0.8781301577885946,0.016385546264549095,0.9851118723551432,0.9841301043828329,0.9583988984425863,0.9473799705505371
final_20260804-224906_augmented_spots_train_e200_b20_lr0.0002_s1,?|Al_big_grains_logtif.h5|1948|6891|212625,4,0.9373936802148819,0.8959844410419464,0.020551768597215414,0.9422114044427872,0.9410068541765213,0.9584209471940994,0.9242406845092773
final_20260804-224906_augmented_spots_train_e200_b20_lr0.0002_s1,?|Al_segvol.h5|214|7248|40686,3,0.9719607631365458,0.9457653760910034,0.05511107419927915,0.9566276868184408,0.956441064675649,0.9584248463312784,0.952202296257019
final_20260804-224906_augmented_spots_train_e200_b20_lr0.0002_s1,?|Al_segvol.h5|3064|10093|56291,5,0.9653037428855896,0.934343671798706,0.04844699278473854,0.9592056035995483,0.9346580147743225,0.9584283828735352,0.9224272251129151
final_20260804-224906_augmented_spots_train_e200_b20_lr0.0002_s1,?|IN718_twins_logtif.h5|649|649|52959,11,0.9749423373829235,0.9530499631708319,0.05802916235883127,0.957208665934476,0.9373048869046298,0.958456586707722,0.9044590592384338
final_20260804-224906_augmented_spots_train_e200_b20_lr0.0002_s1,?|Iron_logtif.h5|6841|14541|1301595,3,0.9483111500740051,0.9049239357312521,0.031367627903819084,0.9024784962336222,0.9020174940427145,0.9584717551867167,0.9473202109336853
final_20260804-224906_augmented_spots_train_e200_b20_lr0.0002_s1,?|IN718_twins_logtif.h5|1249|2627|224462,13,0.9645719665747422,0.9422895541557899,0.047572533814952925,0.9786797578518207,0.9659892962529109,0.9584997021234952,0.9252925038337707
final_20260804-224906_augmented_spots_train_e200_b20_lr0.0002_s1,?|Al_big_grains_logtif.h5|4163|9111|291402,3,0.9677949547767639,0.9383829037348429,0.05068954825401306,0.9742085138956705,0.9731866916020712,0.9585526982943217,0.9502102613449097
final_20260804-224906_augmented_spots_train_e200_b20_lr0.0002_s1,?|Al_big_grains_logtif.h5|4323|4323|140280,3,0.9445229967435201,0.8969600001970927,0.027309793358047802,0.9894938468933105,0.9883905053138733,0.9586065808931986,0.9494814515113831
final_20260804-224906_augmented_spots_train_e200_b20_lr0.0002_s1,?|Al_big_grains_logtif.h5|594|594|15770,5,0.9516382813453674,0.9101063489913941,0.034235071018338205,0.9814928650856019,0.9800321817398071,0.9587016224861145,0.9314174771308898
final_20260804-224906_augmented_spots_train_e200_b20_lr0.0002_s1,?|IN718_twins_logtif.h5|1157|2534|216062,10,0.9631953001022339,0.9421625316143036,0.04577778056263924,0.9789134323596954,0.9671146214008332,0.9587087452411651,0.9542983531951904
final_20260804-224906_augmented_spots_train_e200_b20_lr0.0002_s1,?|Al_big_grains_logtif.h5|3446|8390|266338,3,0.9431230028470358,0.8931983908017477,0.025680435200532276,0.987881064414978,0.9869350989659628,0.9587212800979614,0.9524431109428406
final_20260804-224906_augmented_spots_train_e200_b20_lr0.0002_s1,?|Al_big_grains_logtif.h5|197|197|7241,3,0.9488840699195862,0.9055281082789103,0.03128461167216301,0.9877236088116964,0.9838139613469442,0.9587997198104858,0.9437970399856568
final_20260804-224906_augmented_spots_train_e200_b20_lr0.0002_s1,?|IN718_twins_logtif.h5|897|2274|194614,9,0.9581662681367662,0.925783183839586,0.04047206685774856,0.984450081984202,0.9744391706254747,0.9588471121258206,0.9126530051231384
final_20260804-224906_augmented_spots_train_e200_b20_lr0.0002_s1,?|Al_segvol.h5|6199|6199|34274,3,0.9572757681210836,0.9210929274559021,0.03955091846485933,0.987277885278066,0.9862553874651591,0.9588624040285746,0.9373745441436767
final_20260804-224906_augmented_spots_train_e200_b20_lr0.0002_s1,?|Al_big_grains_logtif.h5|1449|1449|41891,4,0.9519931524991989,0.9102052301168442,0.03426601551473141,0.9890465140342712,0.9853562563657761,0.9588635712862015,0.9429072082042694
final_20260804-224906_augmented_spots_train_e200_b20_lr0.0002_s1,?|Al_big_grains_logtif.h5|2928|2928|92460,6,0.952270915110906,0.9130785266558329,0.034483326288561024,0.9740339517593384,0.9720217883586884,0.9588937958081564,0.941937267780304
final_20260804-224906_augmented_spots_train_e200_b20_lr0.0002_s1,?|Al_big_grains_logtif.h5|1424|1424|40788,3,0.9671188394228617,0.9371234774589539,0.04926253606875738,0.9746962785720825,0.9740841786066691,0.9589281678199768,0.9373007774353027
final_20260804-224906_augmented_spots_train_e200_b20_lr0.0002_s1,?|Al_segvol.h5|3660|3660|19997,3,0.9460498094558716,0.9065604408582052,0.028178058564662933,0.9690083861351013,0.9593941768010458,0.9589358766873678,0.9362365365028381
final_20260804-224906_augmented_spots_train_e200_b20_lr0.0002_s1,?|Iron_logtif.h5|351|8047|726151,3,0.9440527359644572,0.8989356358846029,0.025966534080604713,0.9752842585245768,0.9747573335965475,0.9590431253115336,0.9382060766220093
final_20260804-224906_augmented_spots_train_e200_b20_lr0.0002_s1,?|Ti7Al_logtif.h5|211|1193|464542,6,0.9475628534952799,0.9023301204045614,0.029474150156602263,0.9659943679968516,0.9498909215132395,0.9590443472067515,0.9400832653045654
final_20260804-224906_augmented_spots_train_e200_b20_lr0.0002_s1,?|Iron_logtif.h5|6350|14048|1246192,3,0.9562510848045349,0.9164043267567953,0.03810766711831093,0.9874129096666971,0.9872607588768005,0.9590717355410258,0.9508309483528137
final_20260804-224906_augmented_spots_train_e200_b20_lr0.0002_s1,?|Al_big_grains_logtif.h5|944|5887|181895,5,0.9482065558433532,0.9045114040374755,0.029999990575015546,0.9891278266906738,0.987229859828949,0.959103262424469,0.933989942073822
final_20260804-224906_augmented_spots_train_e200_b20_lr0.0002_s1,?|IN718_twins_logtif.h5|283|1660|143079,8,0.9803590551018715,0.9672537297010422,0.06212754896841943,0.9515450894832611,0.9511488601565361,0.9591157361865044,0.9193019688129425
final_20260804-224906_augmented_spots_train_e200_b20_lr0.0002_s1,?|Iron_logtif.h5|5177|5177|440298,4,0.9488383531570435,0.9033269584178925,0.03057724330574274,0.9912823140621185,0.9909776598215103,0.9591305404901505,0.9450224697589874
final_20260804-224906_augmented_spots_train_e200_b20_lr0.0002_s1,?|Iron_logtif.h5|2631|10330|917491,3,0.9510333140691122,0.9079079627990723,0.032733663295706115,0.9943691293398539,0.9943669637044271,0.9591497977574667,0.9473790168762207
final_20260804-224906_augmented_spots_train_e200_b20_lr0.0002_s1,?|Iron_logtif.h5|6900|14597|1306274,3,0.9518905282020569,0.9088429013888041,0.03349250927567482,0.9713876843452454,0.969919761021932,0.9591989914576212,0.9480815649032592
final_20260804-224906_augmented_spots_train_e200_b20_lr0.0002_s1,?|Al_big_grains_logtif.h5|2490|7435|231026,3,0.9408810536066691,0.890322208404541,0.022474835937221844,0.9839162627855936,0.9828997055689493,0.9592031240463257,0.9519304513931275
final_20260804-224906_augmented_spots_train_e200_b20_lr0.0002_s1,?|Iron_logtif.h5|6453|14147|1254643,3,0.9498123923937479,0.9052965839703878,0.03123028700550397,0.9880461096763611,0.9873525301615397,0.9592910408973694,0.9522407650947571
final_20260804-224906_augmented_spots_train_e200_b20_lr0.0002_s1,?|Al_big_grains_logtif.h5|1622|1622|46916,4,0.9516463130712509,0.9114371240139008,0.03295197058469057,0.9808349311351776,0.9801052808761597,0.9593471735715866,0.9491468131542206
final_20260804-224906_augmented_spots_train_e200_b20_lr0.0002_s1,?|IN718_twins_logtif.h5|623|623|50848,9,0.9665018452538384,0.9407621622085571,0.047725135253535375,0.9754932257864211,0.9667397605048286,0.959388362036811,0.90267254114151
final_20260804-224906_augmented_spots_train_e200_b20_lr0.0002_s1,?|Iron_logtif.h5|744|744|67870,4,0.9533228874206543,0.9121702909469604,0.03453576425090432,0.9716216772794724,0.9713099300861359,0.9593935459852219,0.9377158641815185
final_20260804-224906_augmented_spots_train_e200_b20_lr0.0002_s1,?|Al_big_grains_logtif.h5|886|5829|179974,4,0.9594883620738983,0.9243743270635605,0.0406681215390563,0.9806534498929977,0.9758658856153488,0.9594101309776306,0.9264365613460541
final_20260804-224906_augmented_spots_train_e200_b20_lr0.0002_s1,?|Iron_logtif.h5|1804|1804|157766,5,0.9461068868637085,0.8998384356498719,0.027206704765558243,0.9814002513885498,0.9731380462646484,0.959450101852417,0.9461447954177856
final_20260804-224906_augmented_spots_train_e200_b20_lr0.0002_s1,?|Al_big_grains_logtif.h5|4943|9884|313245,6,0.9467610120773315,0.902809351682663,0.02781026375790437,0.9876549243927002,0.987381100654602,0.9594753682613373,0.9457085728645325
final_20260804-224906_augmented_spots_train_e200_b20_lr0.0002_s1,?|Al_big_grains_logtif.h5|3161|8105|257211,4,0.9528084397315979,0.9135461002588272,0.03382457233965397,0.9520852863788605,0.9518107175827026,0.9594919234514236,0.9496324777603149
final_20260804-224906_augmented_spots_train_e200_b20_lr0.0002_s1,?|Al_big_grains_logtif.h5|2484|7428|230875,5,0.9588374853134155,0.9215291023254395,0.03981729503720999,0.9867022156715393,0.9845755457878113,0.959510087966919,0.9460511445999146
final_20260804-224906_augmented_spots_train_e200_b20_lr0.0002_s1,?|Al_big_grains_logtif.h5|1436|1436|41326,5,0.9424733877182007,0.8958781957626343,0.023427144810557365,0.9840919494628906,0.9809674382209778,0.9595231413841248,0.9407739877700806
final_20260804-224906_augmented_spots_train_e200_b20_lr0.0002_s1,?|Al_big_grains_logtif.h5|737|737|19310,4,0.9500053226947784,0.9064139127731323,0.030958280432969332,0.9917149543762207,0.9914272576570511,0.9595235288143158,0.9417362570762634
final_20260804-224906_augmented_spots_train_e200_b20_lr0.0002_s1,?|Al_big_grains_logtif.h5|4716|4716|151029,3,0.9564998348553976,0.9172911445299784,0.03733763098716736,0.9776764114697775,0.976832926273346,0.9595811168352762,0.9370034694671631
final_20260804-224906_augmented_spots_train_e200_b20_lr0.0002_s1,?|Iron_logtif.h5|486|8183|736538,3,0.942087988058726,0.891123096148173,0.022859690090020496,0.9946038325627645,0.9938098390897115,0.9596141576766968,0.9526495814323426
final_20260804-224906_augmented_spots_train_e200_b20_lr0.0002_s1,?|Iron_logtif.h5|4984|12682|1119040,4,0.9458297044038773,0.8992216885089874,0.026572186267003417,0.9691002517938614,0.9679927378892899,0.9596287757158279,0.950788289308548
final_20260804-224906_augmented_spots_train_e200_b20_lr0.0002_s1,?|Iron_logtif.h5|2702|2702|230042,3,0.9520370562871298,0.9085661967595419,0.03276256720225016,0.9926654100418091,0.9925619959831238,0.9596372644106547,0.9540183424949646
final_20260804-224906_augmented_spots_train_e200_b20_lr0.0002_s1,?|Al_segvol.h5|3404|10441|58048,3,0.9497496287027994,0.9125852584838867,0.030400923142830532,0.983099361260732,0.9553349415461222,0.959674338499705,0.9354501605033875
final_20260804-224906_augmented_spots_train_e200_b20_lr0.0002_s1,?|Al_big_grains_logtif.h5|4801|4801|153174,5,0.9516723275184631,0.9091726899147033,0.03228037841618061,0.9952241778373718,0.9951738715171814,0.9596959829330445,0.9517514944076538
final_20260804-224906_augmented_spots_train_e200_b20_lr0.0002_s1,?|Al_big_grains_logtif.h5|3658|8602|274082,3,0.9596922794977824,0.9235511620839437,0.0402610736588637,0.974862277507782,0.9737591942151388,0.9597156047821045,0.953910517692566
final_20260804-224906_augmented_spots_train_e200_b20_lr0.0002_s1,?|Iron_logtif.h5|2619|10311|915960,3,0.947829008102417,0.9013976454734802,0.02838437259197235,0.9921619693438212,0.9921042521794637,0.9597223202387491,0.9485483765602112
final_20260804-224906_augmented_spots_train_e200_b20_lr0.0002_s1,?|Iron_logtif.h5|1048|8744|786746,4,0.9447202831506729,0.8960833698511124,0.025255851913243532,0.9961112588644028,0.9960950314998627,0.9597322344779968,0.955727881193161
final_20260804-224906_augmented_spots_train_e200_b20_lr0.0002_s1,?|Ti7Al_logtif.h5|394|1375|536809,12,0.9422718981901804,0.893836592634519,0.022766972581545513,0.9866373290618261,0.986072912812233,0.9597524702548981,0.9421486794948578
final_20260804-224906_augmented_spots_train_e200_b20_lr0.0002_s1,?|Iron_logtif.h5|6553|6553|568712,3,0.935739278793335,0.8809301853179932,0.01611570144693057,0.9910563429196676,0.9910348852475485,0.9598117669423422,0.9528850555419922
final_20260804-224906_augmented_spots_train_e200_b20_lr0.0002_s1,?|Iron_logtif.h5|711|8407|758386,3,0.9443461894989014,0.8969894250233968,0.024692829698324203,0.9954662322998047,0.9954471786816915,0.9598266879717509,0.9443996906280517
final_20260804-224906_augmented_spots_train_e200_b20_lr0.0002_s1,?|Al_segvol.h5|85|7117|39973,4,0.9603311866521835,0.9245947599411011,0.04066790686920285,0.9939030557870865,0.9937764257192612,0.9598316103219986,0.9431691527366638
final_20260804-224906_augmented_spots_train_e200_b20_lr0.0002_s1,?|Al_big_grains_logtif.h5|2916|2916|92163,6,0.9528919061024984,0.9116126696268717,0.033181964264561735,0.9744865695635477,0.9702596962451935,0.9598549703756968,0.9421634078025818
final_20260804-224906_augmented_spots_train_e200_b20_lr0.0002_s1,?|Al_big_grains_logtif.h5|1727|1727|50557,4,0.9507701694965363,0.9112498760223389,0.031053476268425584,0.9857438653707504,0.9850672334432602,0.9598583579063416,0.9377053618431092
final_20260804-224906_augmented_spots_train_e200_b20_lr0.0002_s1,?|Cu_logtif.h5|12278|12278|1245035,3,0.93186088403066,0.8768583933512369,0.012135909559826056,0.9343216419219971,0.9118977983792623,0.959862490495046,0.9499800682067872
final_20260804-224906_augmented_spots_train_e200_b20_lr0.0002_s1,?|Al_big_grains_logtif.h5|737|5683|175604,3,0.9423285722732544,0.8936271866162618,0.022551431010166805,0.9897508025169373,0.9891928633054098,0.9598885973294576,0.9471803784370423
final_20260804-224906_augmented_spots_train_e200_b20_lr0.0002_s1,?|IN718_twins_logtif.h5|256|1633|141182,10,0.9598965525627137,0.9357173085212708,0.03980713486671448,0.9792647302150727,0.9718949913978576,0.9600447297096253,0.9480625033378601
final_20260804-224906_augmented_spots_train_e200_b20_lr0.0002_s1,?|Al_big_grains_logtif.h5|3969|3969|129264,3,0.9404978354771932,0.8891174793243408,0.020348889753222466,0.9843301773071289,0.9832819700241089,0.9600744644800822,0.948015570640564
final_20260804-224906_augmented_spots_train_e200_b20_lr0.0002_s1,?|Al_big_grains_logtif.h5|4848|4848|154929,6,0.9497627516587576,0.9066757261753082,0.029389227119584877,0.993841290473938,0.9937629103660583,0.960186759630839,0.9494282305240631
final_20260804-224906_augmented_spots_train_e200_b20_lr0.0002_s1,?|Al_segvol.h5|4367|4367|23954,3,0.9623911579449972,0.9282315174738566,0.041983174781004585,0.9835488796234131,0.9829280773798624,0.9602039655049642,0.9546770572662353
final_20260804-224906_augmented_spots_train_e200_b20_lr0.0002_s1,?|Al_big_grains_logtif.h5|2445|7390|229722,3,0.9561761816342672,0.9176627397537231,0.03576791783173879,0.9778952598571777,0.9648132920265198,0.9602041443188986,0.9568095922470092
final_20260804-224906_augmented_spots_train_e200_b20_lr0.0002_s1,?|IN718_twins_logtif.h5|57|1436|124075,3,0.9573248624801636,0.9205666780471802,0.03690430894494057,0.9895888765652975,0.9777793685595194,0.9602102835973104,0.9312512516975403
final_20260804-224906_augmented_spots_train_e200_b20_lr0.0002_s1,?|Al_big_grains_logtif.h5|1665|1665|48156,4,0.9564862698316574,0.9179532080888748,0.036039870232343674,0.9715270698070526,0.9551349431276321,0.9602231979370117,0.9434942960739136
final_20260804-224906_augmented_spots_train_e200_b20_lr0.0002_s1,?|Iron_logtif.h5|7054|7054|625560,4,0.9480869919061661,0.9028006792068481,0.02761795138940215,0.9888716638088226,0.988943874835968,0.960234522819519,0.9506545126438141
final_20260804-224906_augmented_spots_train_e200_b20_lr0.0002_s1,?|Al_big_grains_logtif.h5|4422|9363|298718,3,0.9535219271977743,0.9137648344039917,0.0330472889666756,0.981798787911733,0.9813042879104614,0.9602373441060384,0.9454658985137939
final_20260804-224906_augmented_spots_train_e200_b20_lr0.0002_s1,?|Al_big_grains_logtif.h5|225|5170|164030,3,0.9335216879844666,0.8838878472646078,0.013014744967222214,0.9746512373288473,0.9552613695462545,0.9602534770965576,0.9466025590896606
final_20260804-224906_augmented_spots_train_e200_b20_lr0.0002_s1,?|IN718_twins_logtif.h5|278|1654|142906,10,0.9800427377223968,0.9636296093463897,0.059459215588867666,0.978624302148819,0.9646719574928284,0.9602917730808258,0.912709766626358
final_20260804-224906_augmented_spots_train_e200_b20_lr0.0002_s1,?|Al_big_grains_logtif.h5|4022|4022|131110,5,0.9491682887077332,0.9056392073631286,0.028561157733201982,0.9878260135650635,0.9843639612197876,0.9603035688400269,0.9454750776290893
final_20260804-224906_augmented_spots_train_e200_b20_lr0.0002_s1,?|Iron_logtif.h5|5998|5998|515831,4,0.9533796310424805,0.9111572653055191,0.03269672580063343,0.992211639881134,0.9920059740543365,0.9603414386510849,0.9540237605571746
final_20260804-224906_augmented_spots_train_e200_b20_lr0.0002_s1,?|Iron_logtif.h5|6396|14091|1250953,5,0.9354313492774964,0.8832951664924622,0.014671418629586697,0.9887417435646058,0.9765180230140686,0.9603799700736999,0.9441237449645996
final_20260804-224906_augmented_spots_train_e200_b20_lr0.0002_s1,?|Al_big_grains_logtif.h5|1795|6740|208002,3,0.9561478098233541,0.9177779754002889,0.035331008955836296,0.9811791380246481,0.9795957207679749,0.9604084094365438,0.9467896461486817
final_20260804-224906_augmented_spots_train_e200_b20_lr0.0002_s1,?|IN718_twins_logtif.h5|1097|2474|211551,8,0.9683514907956123,0.9431305378675461,0.04739776276983321,0.9837923049926758,0.964657835662365,0.9604768604040146,0.9270795822143555
final_20260804-224906_augmented_spots_train_e200_b20_lr0.0002_s1,?|IN718_twins_logtif.h5|189|1566|134828,7,0.9605175682476589,0.9320737719535828,0.03948677357818399,0.985327422618866,0.9713483793394906,0.96051538842065,0.9180537939071656
final_20260804-224906_augmented_spots_train_e200_b20_lr0.0002_s1,?|Al_big_grains_logtif.h5|855|855|22628,3,0.9564599990844727,0.9191778302192688,0.03531884712477525,0.9919256965319315,0.9918390909830729,0.9605705738067627,0.9452932596206665
final_20260804-224906_augmented_spots_train_e200_b20_lr0.0002_s1,?|Iron_logtif.h5|4546|12239|1075190,3,0.9523870746294657,0.9100507895151774,0.03123202050725619,0.9895378152529398,0.9872385263442993,0.9605775276819865,0.956949245929718
final_20260804-224906_augmented_spots_train_e200_b20_lr0.0002_s1,?|Al_big_grains_logtif.h5|2516|7460|232243,4,0.9483145475387573,0.9065575897693634,0.027129601687192917,0.9849586188793182,0.984595000743866,0.9605924636125565,0.9445988416671753
final_20260804-224906_augmented_spots_train_e200_b20_lr0.0002_s1,?|IN718_twins_logtif.h5|15|1389|120049,4,0.9531038254499435,0.9166474789381027,0.03190554864704609,0.9840176105499268,0.9812028259038925,0.9605991244316101,0.9196529507637023
final_20260804-224906_augmented_spots_train_e200_b20_lr0.0002_s1,?|Al_big_grains_logtif.h5|543|543|14594,3,0.9602805773417155,0.9267182548840841,0.03894722585876783,0.9051241874694824,0.8829190731048584,0.9606666763623556,0.9520726919174194
final_20260804-224906_augmented_spots_train_e200_b20_lr0.0002_s1,?|IN718_twins_logtif.h5|230|230|19179,4,0.9535178691148758,0.9186987280845642,0.03216350241564214,0.9863405525684357,0.9794162064790726,0.9606772065162659,0.9105798840522766
final_20260804-224906_augmented_spots_train_e200_b20_lr0.0002_s1,?|Al_big_grains_logtif.h5|2624|7568|236348,3,0.9657758275667826,0.9346299767494202,0.04441584584613641,0.9893452127774557,0.9888236920038859,0.9606799880663554,0.9480207800865174
final_20260804-224906_augmented_spots_train_e200_b20_lr0.0002_s1,?|Iron_logtif.h5|1289|8985|808338,3,0.9446325699488322,0.895548939704895,0.023253789792458218,0.9984177748362223,0.9984143972396851,0.960689385732015,0.9568469405174256
final_20260804-224906_augmented_spots_train_e200_b20_lr0.0002_s1,?|Al_big_grains_logtif.h5|3051|3051|96936,5,0.947855007648468,0.9085882544517517,0.026453879475593568,0.983331847190857,0.9725780367851258,0.9607005596160889,0.9374252796173096
final_20260804-224906_augmented_spots_train_e200_b20_lr0.0002_s1,?|Al_big_grains_logtif.h5|3041|7985|252248,3,0.9546910723050436,0.9144599040349325,0.03327228004733721,0.9754223227500916,0.9749745925267538,0.9607093930244446,0.9538988709449768
final_20260804-224906_augmented_spots_train_e200_b20_lr0.0002_s1,?|Al_segvol.h5|5641|5641|31406,3,0.9716701507568359,0.9456398288408915,0.05018165831764539,0.9798132181167603,0.9793636202812195,0.9607442418734232,0.9407335996627808
final_20260804-224906_augmented_spots_train_e200_b20_lr0.0002_s1,?|Al_big_grains_logtif.h5|999|999|27651,3,0.9554519057273865,0.9183753530184428,0.03395417332649231,0.9641408125559489,0.9633370836575826,0.9607488711675009,0.9317328572273255
final_20260804-224906_augmented_spots_train_e200_b20_lr0.0002_s1,?|Iron_logtif.h5|3163|10864|958796,3,0.9438011646270752,0.8961506684621176,0.022258312130967777,0.9914576411247253,0.9897279540697733,0.9607714215914408,0.9505700945854187
final_20260804-224906_augmented_spots_train_e200_b20_lr0.0002_s1,?|Al_segvol.h5|6538|13569|75944,3,0.9691085418065389,0.9410661061604818,0.047499251862367,0.9862760702768961,0.9857887824376425,0.9608046412467957,0.935821533203125
final_20260804-224906_augmented_spots_train_e200_b20_lr0.0002_s1,?|Al_segvol.h5|6562|13592|76074,6,0.9444741209348043,0.8999650080998739,0.022739021107554436,0.9525121748447418,0.9512158731619517,0.9608675638834635,0.9422693252563477
final_20260804-224906_augmented_spots_train_e200_b20_lr0.0002_s1,?|Iron_logtif.h5|2749|2749|233754,3,0.9473872184753418,0.9003587961196899,0.025603738923867542,0.9975608984629313,0.9975311160087585,0.9608917236328125,0.9565288901329041
final_20260804-224906_augmented_spots_train_e200_b20_lr0.0002_s1,?|Al_segvol.h5|6220|6220|34383,3,0.9763762354850769,0.9540625413258871,0.054511708517869316,0.8941156268119812,0.8935884038607279,0.9609322547912598,0.9452017784118653
final_20260804-224906_augmented_spots_train_e200_b20_lr0.0002_s1,?|Iron_logtif.h5|3311|11010|972365,4,0.9415809065103531,0.8905000388622284,0.019707828294485807,0.9953062832355499,0.995061531662941,0.9609365463256836,0.9556666612625122
final_20260804-224906_augmented_spots_train_e200_b20_lr0.0002_s1,?|Al_big_grains_logtif.h5|2400|7343|228308,3,0.9592604239781698,0.9225203196207682,0.03734170210858186,0.9905837376912435,0.9900432030359904,0.9609593749046326,0.9514119744300842
final_20260804-224906_augmented_spots_train_e200_b20_lr0.0002_s1,?|Al_big_grains_logtif.h5|4919|9864|312838,6,0.9605037271976471,0.9283918341000875,0.038577801237503685,0.9701352119445801,0.9664407670497894,0.9609629611174265,0.9373732805252075
final_20260804-224906_augmented_spots_train_e200_b20_lr0.0002_s1,?|Al_big_grains_logtif.h5|3527|3527|113437,4,0.9478076696395874,0.9033634811639786,0.025868879398331046,0.9800819754600525,0.9766649752855301,0.9609693884849548,0.9516118407249451
final_20260804-224906_augmented_spots_train_e200_b20_lr0.0002_s1,?|Iron_logtif.h5|4099|4099|344062,3,0.9554936687151591,0.915530800819397,0.03326299414038658,0.9924638271331787,0.9924173355102539,0.96111532052358,0.9527884244918823
final_20260804-224906_augmented_spots_train_e200_b20_lr0.0002_s1,?|Al_big_grains_logtif.h5|2568|7511|234240,4,0.9493141621351242,0.9083576649427414,0.027070660144090652,0.975573942065239,0.9718862473964691,0.9611217528581619,0.9363329946994782
final_20260804-224906_augmented_spots_train_e200_b20_lr0.0002_s1,?|Al_deformed_LoG_logtif.h5|13|13|168164,321,0.9517650516976449,0.9090037524143112,0.029445338521350024,0.9943112259341921,0.9936913719801145,0.9611598589338618,0.9491848349571228
final_20260804-224906_augmented_spots_train_e200_b20_lr0.0002_s1,?|Iron_logtif.h5|2010|2010|173436,3,0.9493901332219442,0.9049830436706543,0.027057355890671413,0.9958793918291727,0.9958804051081339,0.9611663818359375,0.9458712816238404
final_20260804-224906_augmented_spots_train_e200_b20_lr0.0002_s1,?|Al_big_grains_logtif.h5|381|381|11086,4,0.9591018706560135,0.9221792370080948,0.03663461282849312,0.9905118644237518,0.9904492050409317,0.9612336158752441,0.9454798519611358
final_20260804-224906_augmented_spots_train_e200_b20_lr0.0002_s1,?|Al_big_grains_logtif.h5|280|5223|164972,3,0.9552484353383383,0.9155437151590983,0.03273465670645237,0.9915204445521036,0.9893672863642374,0.9612569212913513,0.9504969716072083
final_20260804-224906_augmented_spots_train_e200_b20_lr0.0002_s1,?|Al_big_grains_logtif.h5|2767|2767|86181,3,0.9466774662335714,0.9063566327095032,0.02409668390949567,0.9788720409075419,0.9788524905840555,0.9612903992335001,0.938573157787323
final_20260804-224906_augmented_spots_train_e200_b20_lr0.0002_s1,?|Iron_logtif.h5|5175|12870|1136564,3,0.9548235138257345,0.9146108627319336,0.03222602978348732,0.9949061671892802,0.9949024518330892,0.9612987438837687,0.9504643440246582
final_20260804-224906_augmented_spots_train_e200_b20_lr0.0002_s1,?|Al_big_grains_logtif.h5|1641|6585|203474,3,0.9672185182571411,0.9376376469930013,0.04460346264143785,0.9891809225082397,0.9860659042994181,0.9613075455029806,0.9402175664901733
final_20260804-224906_augmented_spots_train_e200_b20_lr0.0002_s1,?|Al_big_grains_logtif.h5|2744|7688|240687,4,0.949311301112175,0.9053710699081421,0.026685423217713833,0.9463659077882767,0.9422409236431122,0.961312934756279,0.9419817805290223
final_20260804-224906_augmented_spots_train_e200_b20_lr0.0002_s1,?|Al_big_grains_logtif.h5|4268|9212|294705,3,0.9327744841575623,0.8855340282122294,0.009972139882544676,0.9206869204839071,0.9062167604764303,0.9614011645317078,0.9360281109809876
final_20260804-224906_augmented_spots_train_e200_b20_lr0.0002_s1,?|Al_big_grains_logtif.h5|1712|1712|49873,5,0.9613301157951355,0.927895724773407,0.03852719701826572,0.9835424184799194,0.9822661519050598,0.9614014625549316,0.9282357215881347
final_20260804-224906_augmented_spots_train_e200_b20_lr0.0002_s1,?|Iron_logtif.h5|7155|14851|1336504,3,0.9488005042076111,0.9038197795550028,0.025965698063373566,0.995701014995575,0.9949755867322286,0.9614174167315165,0.9593958497047425
final_20260804-224906_augmented_spots_train_e200_b20_lr0.0002_s1,?|Al_big_grains_logtif.h5|2647|2647|81428,3,0.9546891450881958,0.9138416449228922,0.03181579274435838,0.9906922777493795,0.9904725551605225,0.9614366690317789,0.9585445284843445
final_20260804-224906_augmented_spots_train_e200_b20_lr0.0002_s1,?|Al_big_grains_logtif.h5|1856|6799|210234,3,0.961134155591329,0.9261301954587301,0.03824470937252045,0.9796693325042725,0.9785694281260172,0.9614447355270386,0.9484746098518372
final_20260804-224906_augmented_spots_train_e200_b20_lr0.0002_s1,?|Al_segvol.h5|152|152|884,3,0.9423204859097799,0.8938628633817037,0.019343577946225803,0.9714572628339132,0.9638766845067342,0.9614884257316589,0.9531378984451294
final_20260804-224906_augmented_spots_train_e200_b20_lr0.0002_s1,?|Al_segvol.h5|562|7591|42510,5,0.9582491040229797,0.9208742856979371,0.03526578098535538,0.9943667769432067,0.9941941618919372,0.9614916682243347,0.9482873678207397
final_20260804-224906_augmented_spots_train_e200_b20_lr0.0002_s1,?|Al_big_grains_logtif.h5|348|348|10322,5,0.948832368850708,0.9044437408447266,0.025847382470965387,0.9775215148925781,0.9770853042602539,0.9614925026893616,0.9486889481544495
final_20260804-224906_augmented_spots_train_e200_b20_lr0.0002_s1,?|Iron_logtif.h5|5579|13274|1170365,3,0.951525092124939,0.9086099068323771,0.028449637815356255,0.9753832221031189,0.970276415348053,0.9615376989046732,0.9541795492172241
final_20260804-224906_augmented_spots_train_e200_b20_lr0.0002_s1,?|Al_segvol.h5|6216|6216|34347,3,0.9677608807881674,0.9382820129394531,0.04466922581195831,0.9852517247200012,0.9844311873118082,0.9615458051363627,0.9390759468078613
final_20260804-224906_augmented_spots_train_e200_b20_lr0.0002_s1,?|IN718_twins_logtif.h5|270|270|23440,12,0.9729303618272146,0.9521415581305822,0.04973118348668019,0.976219986875852,0.964913139740626,0.961599588394165,0.9556017637252807
final_20260804-224906_augmented_spots_train_e200_b20_lr0.0002_s1,?|Al_big_grains_logtif.h5|3051|7995|252543,3,0.9570623437563578,0.9221594929695129,0.0338500098635753,0.9625743428866068,0.9623227119445801,0.9616061647733053,0.9467118382453918
final_20260804-224906_augmented_spots_train_e200_b20_lr0.0002_s1,?|IN718_twins_logtif.h5|1027|1027|85641,9,0.965684711933136,0.9369896451632181,0.04246078762743208,0.9878359172079298,0.9786830213334825,0.96161197953754,0.8912101984024048
final_20260804-224906_augmented_spots_train_e200_b20_lr0.0002_s1,?|Al_big_grains_logtif.h5|1477|6423|198545,4,0.9526816755533218,0.9107916057109833,0.02944223885424435,0.9953878223896027,0.9951791912317276,0.9616197198629379,0.9440249145030976
final_20260804-224906_augmented_spots_train_e200_b20_lr0.0002_s1,?|Al_big_grains_logtif.h5|4033|8976|287024,3,0.9631316463152567,0.9291560848553976,0.03988779274125894,0.9851598342259725,0.9837466478347778,0.9616219202677408,0.9519845962524414
final_20260804-224906_augmented_spots_train_e200_b20_lr0.0002_s1,?|Al_segvol.h5|4298|4298|23510,5,0.9641103506088257,0.9328390121459961,0.04060307741165161,0.9919594168663025,0.9908087253570557,0.9617536544799805,0.9362757921218872
final_20260804-224906_augmented_spots_train_e200_b20_lr0.0002_s1,?|Al_big_grains_logtif.h5|4523|9467|301077,5,0.9453463673591613,0.9001219630241394,0.02181234583258629,0.9832221984863281,0.9824944972991944,0.9617669939994812,0.9481093406677246
final_20260804-224906_augmented_spots_train_e200_b20_lr0.0002_s1,?|Iron_logtif.h5|7672|15368|1387601,3,0.936042070388794,0.8862922191619873,0.012492960008482138,0.967879851659139,0.9379785855611166,0.9617745478947958,0.9466832399368286
final_20260804-224906_augmented_spots_train_e200_b20_lr0.0002_s1,?|Iron_logtif.h5|2474|2474|210196,3,0.9539065361022949,0.9125777880350748,0.0302573765317599,0.9967667063077291,0.9967550237973531,0.9618245760599772,0.9551807880401612
final_20260804-224906_augmented_spots_train_e200_b20_lr0.0002_s1,?|Al_big_grains_logtif.h5|4907|9852|312460,3,0.9508245587348938,0.9073702295621237,0.027060506244500477,0.9912369251251221,0.9907230138778687,0.9618820349375407,0.9458399295806885
final_20260804-224906_augmented_spots_train_e200_b20_lr0.0002_s1,?|Iron_logtif.h5|1009|8706|783708,3,0.9443581899007162,0.8953185478846232,0.02052364343156417,0.9983682036399841,0.9983625014623007,0.9619173010190328,0.9513888597488404
final_20260804-224906_augmented_spots_train_e200_b20_lr0.0002_s1,?|Al_big_grains_logtif.h5|2641|7584|236916,5,0.9467531919479371,0.9037537574768066,0.02290000356733799,0.9563134789466858,0.9528092384338379,0.9619265913963317,0.9460907697677612
final_20260804-224906_augmented_spots_train_e200_b20_lr0.0002_s1,?|Al_big_grains_logtif.h5|1043|5988|185322,4,0.9553560018539429,0.9177340567111969,0.03148037334904075,0.9734344482421875,0.9730868935585022,0.9619378000497818,0.9529777944087983
final_20260804-224906_augmented_spots_train_e200_b20_lr0.0002_s1,?|Al_big_grains_logtif.h5|4060|4060|132389,3,0.9617745478947958,0.9269363880157471,0.03782825885961453,0.9850584665934244,0.9847760597864786,0.9619731307029724,0.9493720889091491
final_20260804-224906_augmented_spots_train_e200_b20_lr0.0002_s1,?|Iron_logtif.h5|7106|14804|1330511,3,0.9453549782435099,0.8975156943003336,0.021408503875136375,0.9981759786605835,0.9981228510538737,0.961973249912262,0.949810016155243
final_20260804-224906_augmented_spots_train_e200_b20_lr0.0002_s1,?|Al_big_grains_logtif.h5|1067|6011|186162,3,0.9525626301765442,0.9116697311401367,0.028577593465646107,0.9777933160463969,0.975206176439921,0.9619925022125244,0.952893853187561
final_20260804-224906_augmented_spots_train_e200_b20_lr0.0002_s1,?|Al_big_grains_logtif.h5|3378|8322|263985,4,0.9581310302019119,0.9200643450021744,0.03402648773044348,0.986576721072197,0.9836603999137878,0.9620522707700729,0.956076979637146
final_20260804-224906_augmented_spots_train_e200_b20_lr0.0002_s1,?|IN718_twins_logtif.h5|25|1402|120457,10,0.9698329567909241,0.9464020431041718,0.0455907117575407,0.9699750185012818,0.968096923828125,0.9621211230754853,0.9326712191104889
final_20260804-224906_augmented_spots_train_e200_b20_lr0.0002_s1,?|Al_big_grains_logtif.h5|1675|1675|48410,5,0.9541624665260315,0.9163691520690918,0.029915377870202063,0.9857875108718872,0.9851099371910095,0.9621235489845276,0.9391862869262695
final_20260804-224906_augmented_spots_train_e200_b20_lr0.0002_s1,?|Iron_logtif.h5|4399|12098|1063351,6,0.9498867789904276,0.9056001901626587,0.02555819631864627,0.9718611637751261,0.9702759683132172,0.9621643126010895,0.9553174078464508
final_20260804-224906_augmented_spots_train_e200_b20_lr0.0002_s1,?|Al_big_grains_logtif.h5|3501|8445|268034,5,0.958972942829132,0.9227763414382935,0.03462527841329575,0.9845768094062806,0.9843159079551697,0.9621738195419312,0.9482721090316772
final_20260804-224906_augmented_spots_train_e200_b20_lr0.0002_s1,?|Al_big_grains_logtif.h5|3198|3198|103295,4,0.9605834931135178,0.9249027073383331,0.03620588779449463,0.996010959148407,0.9958592653274536,0.9621888250112534,0.9572645545005798
final_20260804-224906_augmented_spots_train_e200_b20_lr0.0002_s1,?|Al_big_grains_logtif.h5|1376|1376|39246,3,0.9475803176561991,0.9057309826215109,0.023162035271525383,0.9814632733662924,0.9804533918698629,0.9622091253598531,0.9470814228057861
final_20260804-224906_augmented_spots_train_e200_b20_lr0.0002_s1,?|Al_segvol.h5|6565|13598|76109,4,0.9537084549665451,0.9123944640159607,0.02927751699462533,0.9936182498931885,0.9925148189067841,0.9622154831886292,0.950404417514801
final_20260804-224906_augmented_spots_train_e200_b20_lr0.0002_s1,?|Al_big_grains_logtif.h5|875|875|23079,4,0.960108757019043,0.924325704574585,0.03567290143109858,0.9806312024593353,0.9796212613582611,0.9622179269790649,0.9568928420543671
final_20260804-224906_augmented_spots_train_e200_b20_lr0.0002_s1,?|Iron_logtif.h5|4943|4943|419355,3,0.9394801656405131,0.8889448046684265,0.014948893959323565,0.9750651121139526,0.9729464054107666,0.9622656504313151,0.9560913205146789
final_20260804-224906_augmented_spots_train_e200_b20_lr0.0002_s1,?|Iron_logtif.h5|6617|14315|1271823,3,0.9452212850252787,0.9019509752591451,0.02062670389811198,0.9832066893577576,0.9819249908129374,0.9622973004976908,0.9455462455749511
final_20260804-224906_augmented_spots_train_e200_b20_lr0.0002_s1,?|Al_segvol.h5|1333|8366|46796,3,0.9628726243972778,0.9287339846293131,0.03820914154251417,0.9938260912895203,0.9927482207616171,0.962331751982371,0.9560079574584961
final_20260804-224906_augmented_spots_train_e200_b20_lr0.0002_s1,?|IN718_twins_logtif.h5|25|25|1113,9,0.9779895279142592,0.9584721393055387,0.05331664139197932,0.9718492560916476,0.9695096876886156,0.9623364276356168,0.9358080744743347
final_20260804-224906_augmented_spots_train_e200_b20_lr0.0002_s1,?|Al_segvol.h5|172|7207|40457,4,0.9473333954811096,0.9045561403036118,0.022604201454669237,0.9839583486318588,0.9834780395030975,0.9623645842075348,0.9436325550079345
final_20260804-224906_augmented_spots_train_e200_b20_lr0.0002_s1,?|Al_segvol.h5|4062|11093|61702,3,0.9657654960950216,0.9339015086491903,0.04095422228177389,0.9909722208976746,0.9907112121582031,0.9624056220054626,0.9557480812072754
final_20260804-224906_augmented_spots_train_e200_b20_lr0.0002_s1,?|Al_big_grains_logtif.h5|2380|7327|227684,4,0.9630266278982162,0.929588571190834,0.0379938636906445,0.9804037362337112,0.9802986830472946,0.9625163674354553,0.9485497176647186
final_20260804-224906_augmented_spots_train_e200_b20_lr0.0002_s1,?|Al_big_grains_logtif.h5|1399|6343|195963,4,0.9588579535484314,0.9224358946084976,0.033774314215406775,0.938941016793251,0.8790081739425659,0.9625418186187744,0.942369943857193
final_20260804-224906_augmented_spots_train_e200_b20_lr0.0002_s1,?|Al_big_grains_logtif.h5|1844|6788|209985,4,0.9679619669914246,0.9395878165960312,0.04284165380522609,0.9763840585947037,0.9708133637905121,0.9625601470470428,0.9379164338111877
final_20260804-224906_augmented_spots_train_e200_b20_lr0.0002_s1,?|IN718_twins_logtif.h5|130|1507|130747,7,0.9667205214500427,0.9417274168559483,0.041582507480468066,0.9791789310319083,0.9734365088599068,0.9625690238816398,0.9209297895431519
final_20260804-224906_augmented_spots_train_e200_b20_lr0.0002_s1,?|Iron_logtif.h5|371|371|35204,3,0.9500238498051962,0.9055008490880331,0.024859593249857426,0.9966733058293661,0.9963398774464926,0.9625821312268575,0.957789397239685
final_20260804-224906_augmented_spots_train_e200_b20_lr0.0002_s1,?|Al_big_grains_logtif.h5|4529|4529|145224,3,0.9516789118448893,0.9126895467440287,0.0264885767052571,0.9826276699701945,0.9821303685506185,0.9625951647758484,0.9437764883041382
final_20260804-224906_augmented_spots_train_e200_b20_lr0.0002_s1,?|Al_big_grains_logtif.h5|2230|2230|67111,6,0.9560422003269196,0.9173448284467062,0.030821550947924454,0.9859386185805002,0.9856662750244141,0.9626103242238363,0.9498891830444336
final_20260804-224906_augmented_spots_train_e200_b20_lr0.0002_s1,?|Al_segvol.h5|3111|10142|56579,3,0.9539604385693868,0.9187853336334229,0.028653612360358238,0.9428492784500122,0.9423757195472717,0.9626534183820089,0.9354703783988952
final_20260804-224906_augmented_spots_train_e200_b20_lr0.0002_s1,?|Al_big_grains_logtif.h5|865|865|22829,4,0.9540829211473465,0.9149126708507538,0.028774056117981672,0.9767002910375595,0.9763122051954269,0.9626544713973999,0.947151780128479
final_20260804-224906_augmented_spots_train_e200_b20_lr0.0002_s1,?|Cu_logtif.h5|14610|34465|3648242,3,0.9465238054593405,0.8992102940877279,0.02116355175773303,0.9968455036481222,0.9963661432266235,0.9626801013946533,0.9534685850143433
final_20260804-224906_augmented_spots_train_e200_b20_lr0.0002_s1,?|Al_big_grains_logtif.h5|565|5510|171334,4,0.9629691988229752,0.930164098739624,0.037595224333927035,0.979447066783905,0.9790017604827881,0.9626869708299637,0.9514540314674378
final_20260804-224906_augmented_spots_train_e200_b20_lr0.0002_s1,?|IN718_twins_logtif.h5|445|1824|157797,10,0.9668458819389343,0.9446816384792328,0.041061142832040785,0.9788492441177368,0.9753561556339264,0.9628923654556274,0.95456782579422
final_20260804-224906_augmented_spots_train_e200_b20_lr0.0002_s1,?|Al_big_grains_logtif.h5|3252|3252|105212,5,0.9388999462127685,0.892098581790924,0.013106415793299676,0.9767372369766235,0.9729600548744202,0.9628967761993408,0.9463753700256348
final_20260804-224906_augmented_spots_train_e200_b20_lr0.0002_s1,?|Iron_logtif.h5|4993|12690|1119469,3,0.9563375115394592,0.9163820544878641,0.03034905344247818,0.9973416725794474,0.9972463250160217,0.9629942377408346,0.9608117341995239
final_20260804-224906_augmented_spots_train_e200_b20_lr0.0002_s1,?|Al_big_grains_logtif.h5|2315|2315|69504,5,0.9632980704307557,0.9307332396507263,0.037269056960940364,0.9835127234458924,0.9833223342895507,0.9630145192146301,0.9412363052368165
final_20260804-224906_augmented_spots_train_e200_b20_lr0.0002_s1,?|Al_segvol.h5|4430|4430|24307,4,0.9606966376304626,0.9250045269727707,0.03462260542437434,0.9870619028806686,0.9869969934225082,0.9630369991064072,0.943236255645752
final_20260804-224906_augmented_spots_train_e200_b20_lr0.0002_s1,?|Iron_logtif.h5|711|711|64493,3,0.9507032632827759,0.9066101710001627,0.024607408791780472,0.9934161702791849,0.9933004577954611,0.9630479415257772,0.9607297897338867
final_20260804-224906_augmented_spots_train_e200_b20_lr0.0002_s1,?|Iron_logtif.h5|4934|12634|1115336,3,0.9441348314285278,0.8964144786198934,0.018029301116863888,0.9777671694755554,0.9763049085934957,0.9630527496337891,0.9560090780258179
final_20260804-224906_augmented_spots_train_e200_b20_lr0.0002_s1,?|Al_big_grains_logtif.h5|1149|1149|31898,5,0.9503116250038147,0.9071537494659424,0.02420177645981312,0.995009183883667,0.994404935836792,0.9630549073219299,0.9485403060913086
final_20260804-224906_augmented_spots_train_e200_b20_lr0.0002_s1,?|Al_big_grains_logtif.h5|1894|6837|211260,3,0.9529281258583069,0.9116439819335938,0.02674877705673377,0.9948120514551798,0.994826873143514,0.9630896846453348,0.9479112744331359
final_20260804-224906_augmented_spots_train_e200_b20_lr0.0002_s1,?|Iron_logtif.h5|3522|3522|293782,3,0.9485228061676025,0.9032677213350931,0.02226368524134159,0.9953897794087728,0.994937002658844,0.9631295800209045,0.9478606104850769
final_20260804-224906_augmented_spots_train_e200_b20_lr0.0002_s1,?|Al_big_grains_logtif.h5|1443|1443|41684,3,0.9612341523170471,0.9269546866416931,0.03497236222028732,0.9806001385052999,0.9803238312403361,0.9631308913230896,0.9585865497589111
final_20260804-224906_augmented_spots_train_e200_b20_lr0.0002_s1,?|Al_segvol.h5|5633|5633|31366,4,0.9688293635845184,0.9399401545524597,0.0424515176564455,0.9929822087287903,0.9928055703639984,0.9631889015436172,0.9428685486316681
final_20260804-224906_augmented_spots_train_e200_b20_lr0.0002_s1,?|Al_big_grains_logtif.h5|1339|6282|194487,4,0.9513298124074936,0.9094078242778778,0.02488496946170926,0.9831255078315735,0.9829474538564682,0.9632224291563034,0.9554016470909119
final_20260804-224906_augmented_spots_train_e200_b20_lr0.0002_s1,?|Iron_logtif.h5|3275|10975|969396,3,0.9588274955749512,0.9224158525466919,0.03232289478182793,0.9716941714286804,0.9705577890078226,0.9632523059844971,0.9533625602722168
final_20260804-224906_augmented_spots_train_e200_b20_lr0.0002_s1,?|Al_big_grains_logtif.h5|2079|2079|62125,4,0.9612440764904022,0.9277344942092896,0.034699058160185814,0.9823854863643646,0.9815387576818466,0.9632725119590759,0.9559177339076996
final_20260804-224906_augmented_spots_train_e200_b20_lr0.0002_s1,?|Al_big_grains_logtif.h5|4444|9386|299102,3,0.947166363398234,0.9014451702435812,0.02053449209779501,0.9957592487335205,0.9953870177268982,0.9633159438769022,0.9609208106994629
final_20260804-224906_augmented_spots_train_e200_b20_lr0.0002_s1,?|Al_big_grains_logtif.h5|957|957|25805,4,0.9611926972866058,0.9267029166221619,0.03453759290277958,0.9855489581823349,0.9712425321340561,0.963327556848526,0.9507739663124084
final_20260804-224906_augmented_spots_train_e200_b20_lr0.0002_s1,?|Iron_logtif.h5|3858|11558|1019203,3,0.9474289417266846,0.9017090598742167,0.020687956362962723,0.997786263624827,0.9975498914718628,0.9633705019950867,0.9524741888046264
final_20260804-224906_augmented_spots_train_e200_b20_lr0.0002_s1,?|Iron_logtif.h5|6654|6654|582032,3,0.9588454564412435,0.9215166568756104,0.032092722753683724,0.9933608571688334,0.9933236638704935,0.9633763631184896,0.9577467322349549
final_20260804-224906_augmented_spots_train_e200_b20_lr0.0002_s1,?|Al_big_grains_logtif.h5|665|5608|173573,3,0.9460476636886597,0.9026990930239359,0.019203226392467816,0.9902087450027466,0.9883831739425659,0.9634222388267517,0.9452082276344299
final_20260804-224906_augmented_spots_train_e200_b20_lr0.0002_s1,?|Al_big_grains_logtif.h5|962|962|25942,3,0.9462091128031412,0.9014849066734314,0.019302524005373318,0.9793211221694946,0.9788796504338583,0.9634533127148946,0.953223443031311
final_20260804-224906_augmented_spots_train_e200_b20_lr0.0002_s1,?|Al_big_grains_logtif.h5|4724|4724|151283,4,0.9557962715625763,0.9178528934717178,0.028833758551627398,0.9821744710206985,0.9819680601358414,0.9634812623262405,0.9538487315177917
final_20260804-224906_augmented_spots_train_e200_b20_lr0.0002_s1,?|Iron_logtif.h5|2245|9945|885990,3,0.9483830531438192,0.9038139184316,0.021414889643589657,0.9896548589070638,0.9892078240712484,0.9634840885798136,0.9574168801307679
final_20260804-224906_augmented_spots_train_e200_b20_lr0.0002_s1,?|Al_segvol.h5|4237|11271|62731,3,0.9781507452329,0.9574556350708008,0.051182505985101066,0.9481945037841797,0.942572017510732,0.9634841084480286,0.9516314268112183
final_20260804-224906_augmented_spots_train_e200_b20_lr0.0002_s1,?|Iron_logtif.h5|7366|15061|1357711,4,0.9512682110071182,0.9077115952968597,0.024163241498172283,0.9943975508213043,0.9928873479366302,0.9635525047779083,0.9569114089012146
final_20260804-224906_augmented_spots_train_e200_b20_lr0.0002_s1,?|Al_big_grains_logtif.h5|3526|3526|113386,4,0.9683212488889694,0.9401907622814178,0.041209499817341566,0.9522843360900879,0.9488853067159653,0.9635558873414993,0.9457127630710602
final_20260804-224906_augmented_spots_train_e200_b20_lr0.0002_s1,?|IN718_twins_logtif.h5|121|1495|130208,9,0.9723290205001831,0.9503258069356283,0.04516639125843843,0.9854659835497538,0.968490203221639,0.9635813103781806,0.9421781301498413
final_20260804-224906_augmented_spots_train_e200_b20_lr0.0002_s1,?|Iron_logtif.h5|2273|2273|194094,3,0.9425369699796041,0.8941882451375326,0.015336487131814161,0.9959952632586161,0.9955485264460245,0.963600238164266,0.9567420244216919
final_20260804-224906_augmented_spots_train_e200_b20_lr0.0002_s1,?|Iron_logtif.h5|1397|1397|120816,3,0.9588361978530884,0.9213403264681498,0.03162393035988013,0.994995137055715,0.9943148692448934,0.9636061191558838,0.9529943585395813
final_20260804-224906_augmented_spots_train_e200_b20_lr0.0002_s1,?|Iron_logtif.h5|3796|3796|318771,4,0.9572494477033615,0.9182069599628448,0.030005063395947218,0.9922116845846176,0.9920476526021957,0.9636221826076508,0.9558513522148132
final_20260804-224906_augmented_spots_train_e200_b20_lr0.0002_s1,?|Iron_logtif.h5|2593|2593|220330,4,0.9527159184217453,0.9106840342283249,0.025461482582613826,0.9956479519605637,0.995593786239624,0.9636272192001343,0.9541991829872132
final_20260804-224906_augmented_spots_train_e200_b20_lr0.0002_s1,?|Al_segvol.h5|1133|1133|6180,3,0.9520286321640015,0.9171638091405233,0.024772769150634606,0.9824994603792826,0.8970719973246256,0.9636279344558716,0.9382843017578125
final_20260804-224906_augmented_spots_train_e200_b20_lr0.0002_s1,?|Al_big_grains_logtif.h5|3300|3300|105980,4,0.9606027901172638,0.9262420982122421,0.03321293694898486,0.9705644994974136,0.9527640491724014,0.9636949300765991,0.9434194445610047
final_20260804-224906_augmented_spots_train_e200_b20_lr0.0002_s1,?|Al_segvol.h5|4320|4320|23676,3,0.9698874950408936,0.9418883522351583,0.04242122732102871,0.9897371927897135,0.9895965655644735,0.9637331565221151,0.9547615051269531
final_20260804-224906_augmented_spots_train_e200_b20_lr0.0002_s1,?|Al_segvol.h5|1229|8262|46204,3,0.9510219097137451,0.9169606566429138,0.02351842758556207,0.9433987935384115,0.9429105520248413,0.963751753171285,0.9372256636619568
final_20260804-224906_augmented_spots_train_e200_b20_lr0.0002_s1,?|Al_big_grains_logtif.h5|3205|8149|259434,4,0.9534152150154114,0.9117377400398254,0.025769758503884077,0.9971145242452621,0.9970944672822952,0.9638227373361588,0.9567327320575714
final_20260804-224906_augmented_spots_train_e200_b20_lr0.0002_s1,?|Al_big_grains_logtif.h5|3178|3178|102564,3,0.949102540810903,0.9051756858825684,0.021312863565981388,0.9908479650815328,0.9905705451965332,0.9638948440551758,0.9612101793289185
final_20260804-224906_augmented_spots_train_e200_b20_lr0.0002_s1,?|IN718_twins_logtif.h5|748|748|64005,7,0.9740833810397557,0.9534619280270168,0.04619272478989193,0.9854498505592346,0.9780856200626918,0.9639453206743512,0.9282244682312012
final_20260804-224906_augmented_spots_train_e200_b20_lr0.0002_s1,?|IN718_twins_logtif.h5|544|1921|165458,6,0.9788530369599661,0.9597397645314535,0.05092903971672058,0.9886716604232788,0.9783987800280253,0.9639620085557302,0.9329245388507843
final_20260804-224906_augmented_spots_train_e200_b20_lr0.0002_s1,?|IN718_twins_logtif.h5|1257|1257|106055,9,0.973201228512658,0.9514758520656161,0.04527484760102299,0.9796260065502591,0.9738009638256497,0.96396318409178,0.931304669380188
final_20260804-224906_augmented_spots_train_e200_b20_lr0.0002_s1,?|IN718_twins_logtif.h5|1129|2506|214965,8,0.9695480763912201,0.9467577114701271,0.041599511401727796,0.9835953488945961,0.9747699871659279,0.9639742970466614,0.9301455914974213
final_20260804-224906_augmented_spots_train_e200_b20_lr0.0002_s1,?|Iron_logtif.h5|6144|13839|1226738,3,0.9487379988034567,0.9037036299705505,0.020770426839590073,0.9924331506093343,0.9909785191218058,0.9639837741851807,0.9580689907073975
final_20260804-224906_augmented_spots_train_e200_b20_lr0.0002_s1,?|Al_segvol.h5|2764|2764|15216,3,0.9560012022654215,0.9163773457209269,0.028021836653351784,0.9972447951634725,0.9971809188524882,0.9639896750450134,0.9580769538879395
final_20260804-224906_augmented_spots_train_e200_b20_lr0.0002_s1,?|Al_segvol.h5|3507|3507|19268,3,0.9566360116004944,0.9191467761993408,0.028609214971462887,0.9395092129707336,0.9391544262568156,0.964013417561849,0.9460610628128052
final_20260804-224906_augmented_spots_train_e200_b20_lr0.0002_s1,?|IN718_twins_logtif.h5|259|1636|141227,6,0.9732702076435089,0.9506063759326935,0.04521340659509102,0.9849765201409658,0.9796771307786306,0.9640283981959025,0.9255149364471436
final_20260804-224906_augmented_spots_train_e200_b20_lr0.0002_s1,?|Al_big_grains_logtif.h5|692|692|17889,6,0.9504304726918539,0.9076307912667593,0.022360302818318207,0.9878604412078857,0.9877765675385793,0.9640350739161173,0.9568251371383667
final_20260804-224906_augmented_spots_train_e200_b20_lr0.0002_s1,?|Al_big_grains_logtif.h5|1043|1043|28953,4,0.9523573070764542,0.9111175984144211,0.02428407594561577,0.9795934557914734,0.9779542833566666,0.9640366286039352,0.9585237860679626
final_20260804-224906_augmented_spots_train_e200_b20_lr0.0002_s1,?|Al_segvol.h5|6277|6277|34640,4,0.9698998630046844,0.9416493326425552,0.041753582656383514,0.9930750876665115,0.9926593452692032,0.9640731364488602,0.9586436331272126
final_20260804-224906_augmented_spots_train_e200_b20_lr0.0002_s1,?|Al_big_grains_logtif.h5|2565|7508|234052,3,0.9574625690778097,0.9195738037427267,0.029308060184121132,0.9947595993677775,0.9947369496027628,0.9640772342681885,0.9550600171089172
final_20260804-224906_augmented_spots_train_e200_b20_lr0.0002_s1,?|Al_segvol.h5|2423|2423|13407,3,0.9681705236434937,0.9383585055669149,0.03997257103522619,0.9939039945602417,0.993633488814036,0.9640989700953165,0.9625975370407105
final_20260804-224906_augmented_spots_train_e200_b20_lr0.0002_s1,?|Al_segvol.h5|2077|9112|51029,3,0.9796125292778015,0.9600661794344584,0.0513998419046402,0.9868449370066324,0.9864233334859213,0.9641063213348389,0.9542624235153199
final_20260804-224906_augmented_spots_train_e200_b20_lr0.0002_s1,?|Iron_logtif.h5|4080|11775|1037997,3,0.9492644667625427,0.9077918529510498,0.020923451520502567,0.9791262944539388,0.9785458246866862,0.964170515537262,0.9462067604064941
final_20260804-224906_augmented_spots_train_e200_b20_lr0.0002_s1,?|Al_big_grains_logtif.h5|4201|9145|292397,5,0.9411954283714294,0.8969237446784973,0.012620382755994797,0.9839215755462647,0.9836582183837891,0.964287531375885,0.9416615128517151
final_20260804-224906_augmented_spots_train_e200_b20_lr0.0002_s1,?|Al_big_grains_logtif.h5|709|5653|174629,3,0.9464019536972046,0.9004177252451578,0.017795069764057796,0.9812066952387491,0.965300977230072,0.9643034338951111,0.9619657039642334
final_20260804-224906_augmented_spots_train_e200_b20_lr0.0002_s1,?|Al_big_grains_logtif.h5|1272|1272|35898,4,0.9575243145227432,0.9208452552556992,0.02876053797081113,0.9939379990100861,0.9923447817564011,0.9643818885087967,0.9528179943561554
final_20260804-224906_augmented_spots_train_e200_b20_lr0.0002_s1,?|Al_big_grains_logtif.h5|2178|2178|65118,4,0.9596617966890335,0.923580139875412,0.030803478322923183,0.9929623454809189,0.9926121532917023,0.9644291549921036,0.9542569696903229
final_20260804-224906_augmented_spots_train_e200_b20_lr0.0002_s1,?|Al_segvol.h5|1885|1885|10393,4,0.9659999161958694,0.9354720860719681,0.037122102454304695,0.9925493896007538,0.9907389432191849,0.9644389152526855,0.9411125481128693
final_20260804-224906_augmented_spots_train_e200_b20_lr0.0002_s1,?|Al_big_grains_logtif.h5|1745|1745|50934,3,0.955193022886912,0.9196342627207438,0.0262960996478796,0.9938721060752869,0.9892505804697672,0.9644484718640646,0.9478328347206115
final_20260804-224906_augmented_spots_train_e200_b20_lr0.0002_s1,?|Iron_logtif.h5|817|817|75299,3,0.9564093748728434,0.9169403711954752,0.02749333530664444,0.9975890119870504,0.9975622693697611,0.9644579887390137,0.9578372955322265
final_20260804-224906_augmented_spots_train_e200_b20_lr0.0002_s1,?|Al_big_grains_logtif.h5|4418|4418|142850,4,0.9607623517513275,0.9267503768205643,0.03184093115851283,0.9828393757343292,0.98088538646698,0.9644607305526733,0.9518382787704468
final_20260804-224906_augmented_spots_train_e200_b20_lr0.0002_s1,?|Iron_logtif.h5|1669|9368|840830,3,0.9519978761672974,0.9086159865061442,0.023013151561220486,0.9927550752957662,0.9914319713910421,0.9644923806190491,0.956960141658783
final_20260804-224906_augmented_spots_train_e200_b20_lr0.0002_s1,?|IN718_twins_logtif.h5|278|278|24041,9,0.9814913868904114,0.9687935776180692,0.05246592375139395,0.9568978018230863,0.9556476738717821,0.9645127124256558,0.9394444227218628
final_20260804-224906_augmented_spots_train_e200_b20_lr0.0002_s1,?|Al_big_grains_logtif.h5|3187|8128|258460,3,0.96011749903361,0.9271431763966879,0.031073621784647305,0.9690209031105042,0.9648855129877726,0.9645219445228577,0.9490046620368957
final_20260804-224906_augmented_spots_train_e200_b20_lr0.0002_s1,?|IN718_twins_logtif.h5|60|60|5031,13,0.972381014090318,0.9490246176719666,0.04333413091416542,0.9778097822115972,0.9737608891267043,0.964523434638977,0.8887076020240784
final_20260804-224906_augmented_spots_train_e200_b20_lr0.0002_s1,?|Al_big_grains_logtif.h5|2509|7453|231934,3,0.9553413788477579,0.9160202145576477,0.026257059226433437,0.9891776442527771,0.9884594678878784,0.9645421504974365,0.9554740428924561
final_20260804-224906_augmented_spots_train_e200_b20_lr0.0002_s1,?|IN718_twins_logtif.h5|724|724|60462,4,0.9873964637517929,0.9753619730472565,0.05814602551981807,0.9634183347225189,0.9623597264289856,0.9646252244710922,0.9255618035793305
final_20260804-224906_augmented_spots_train_e200_b20_lr0.0002_s1,?|Al_big_grains_logtif.h5|2912|7857|247316,3,0.9520333409309387,0.916502833366394,0.022758875663081806,0.9835187991460165,0.983433743317922,0.9646372199058533,0.946661627292633
final_20260804-224906_augmented_spots_train_e200_b20_lr0.0002_s1,?|Iron_logtif.h5|7582|15281|1380476,3,0.9590176939964294,0.9227027893066406,0.02967498203118642,0.9864171942075094,0.9841721653938293,0.9646713534990946,0.9529673099517822
final_20260804-224906_augmented_spots_train_e200_b20_lr0.0002_s1,?|Al_segvol.h5|3150|3150|17268,3,0.9581971764564514,0.9242384235064188,0.028832343717416126,0.9537760615348816,0.9485878944396973,0.964682420094808,0.9520076513290405
final_20260804-224906_augmented_spots_train_e200_b20_lr0.0002_s1,?|IN718_twins_logtif.h5|1306|1306|109909,8,0.9644409492611885,0.9425298720598221,0.035043367417529225,0.9840573891997337,0.9711132496595383,0.9646987989544868,0.9334989488124847
final_20260804-224906_augmented_spots_train_e200_b20_lr0.0002_s1,?|Al_big_grains_logtif.h5|489|5432|169871,4,0.9755756109952927,0.9525175392627716,0.04603236448019743,0.9869479387998581,0.9854444712400436,0.9647716283798218,0.9579656004905701
final_20260804-224906_augmented_spots_train_e200_b20_lr0.0002_s1,?|Al_big_grains_logtif.h5|2694|2694|83188,3,0.9518171548843384,0.9101379116376241,0.022270749633510906,0.9945433735847473,0.9945595065752665,0.9647732178370158,0.9610904574394226
final_20260804-224906_augmented_spots_train_e200_b20_lr0.0002_s1,?|Al_big_grains_logtif.h5|233|233|7952,4,0.9579293429851532,0.9206333458423615,0.028366575948894024,0.9910929203033447,0.9890860915184021,0.9647813588380814,0.9478642225265503
final_20260804-224906_augmented_spots_train_e200_b20_lr0.0002_s1,?|Al_big_grains_logtif.h5|4278|9222|295012,5,0.9641762256622315,0.9321312546730042,0.034569349512457846,0.9798729300498963,0.9795075535774231,0.9648034453392029,0.9515766859054565
final_20260804-224906_augmented_spots_train_e200_b20_lr0.0002_s1,?|Al_big_grains_logtif.h5|2789|7734|242854,5,0.9698045372962951,0.9425204634666443,0.04016343094408512,0.9821470022201538,0.981788170337677,0.9648205518722535,0.9529335856437683
final_20260804-224906_augmented_spots_train_e200_b20_lr0.0002_s1,?|Al_big_grains_logtif.h5|1210|6154|189871,6,0.9656371275583903,0.9347409904003143,0.035982849076390266,0.9918416738510132,0.9907164374987284,0.9648271302382151,0.9437406063079834
final_20260804-224906_augmented_spots_train_e200_b20_lr0.0002_s1,?|Al_segvol.h5|455|7490|41958,5,0.9668371677398682,0.9366590738296509,0.03708842806518078,0.9878918886184692,0.9866628527641297,0.9648743748664856,0.9419129848480224
final_20260804-224906_augmented_spots_train_e200_b20_lr0.0002_s1,?|Al_segvol.h5|5850|5850|32485,3,0.9740935762723287,0.94953986008962,0.04425551493962606,0.9815441568692526,0.9814941088358561,0.9649190306663513,0.9633663415908813
final_20260804-224906_augmented_spots_train_e200_b20_lr0.0002_s1,?|Al_segvol.h5|697|7731|43318,3,0.9770718018213908,0.9553407033284506,0.04715898260474205,0.9758805235226949,0.9702917536099752,0.9649564226468405,0.9537583112716674
final_20260804-224906_augmented_spots_train_e200_b20_lr0.0002_s1,?|Al_big_grains_logtif.h5|4143|4143|135025,5,0.9593181371688843,0.9245092868804932,0.02939093690365553,0.9823646187782288,0.96700199842453,0.9649636030197144,0.9499006032943725
final_20260804-224906_augmented_spots_train_e200_b20_lr0.0002_s1,?|Al_segvol.h5|111|111|630,4,0.9708333611488342,0.9455173909664154,0.04065267136320472,0.9904045462608337,0.9889510124921799,0.9650903642177582,0.9367824852466583
final_20260804-224906_augmented_spots_train_e200_b20_lr0.0002_s1,?|Iron_logtif.h5|6399|6399|556056,3,0.949147621790568,0.9051372011502584,0.018866189755499363,0.9704553286234537,0.9633818666140238,0.965140720208486,0.9558392286300659
final_20260804-224906_augmented_spots_train_e200_b20_lr0.0002_s1,?|Al_big_grains_logtif.h5|2090|7032|217795,3,0.9681834975878397,0.9395662148793539,0.03781032686432203,0.9714012940724691,0.9712417324384054,0.9651865760485331,0.9572497963905334
final_20260804-224906_augmented_spots_train_e200_b20_lr0.0002_s1,?|Al_big_grains_logtif.h5|4373|4373|141255,4,0.9632601141929626,0.9302291125059128,0.03282624878920615,0.9814108610153198,0.9793957769870758,0.9652169346809387,0.9546169579029083
final_20260804-224906_augmented_spots_train_e200_b20_lr0.0002_s1,?|Al_big_grains_logtif.h5|4081|4081|133207,3,0.9591484268506368,0.9229156573613485,0.028686165809631348,0.9915029406547546,0.9902535080909729,0.9652311404546102,0.9562232971191407
final_20260804-224906_augmented_spots_train_e200_b20_lr0.0002_s1,?|IN718_twins_logtif.h5|289|1668|143458,9,0.9640101856655545,0.9362046652370029,0.03350979441569911,0.9839231239424812,0.9773778451813592,0.9652502073182,0.940260374546051
final_20260804-224906_augmented_spots_train_e200_b20_lr0.0002_s1,?|Al_big_grains_logtif.h5|3209|8153|259586,5,0.9642584323883057,0.9340673923492432,0.03370549101382494,0.968391478061676,0.9666935443878174,0.9652764678001404,0.943394684791565
final_20260804-224906_augmented_spots_train_e200_b20_lr0.0002_s1,?|Al_segvol.h5|4098|4098|22362,4,0.9683782607316971,0.940455362200737,0.03782019158825278,0.9749157875776291,0.974247470498085,0.9652790278196335,0.9458303570747375
final_20260804-224906_augmented_spots_train_e200_b20_lr0.0002_s1,?|Al_segvol.h5|4312|11345|63135,4,0.9654557555913925,0.9360471367835999,0.03484496474266052,0.980156347155571,0.9795332700014114,0.9653054028749466,0.9492166817188263
final_20260804-224906_augmented_spots_train_e200_b20_lr0.0002_s1,?|Al_segvol.h5|216|7246|40680,3,0.9687430461247762,0.9396541317303976,0.03803413982192675,0.9877270857493082,0.9876072009404501,0.9653544823328654,0.9592350721359253
final_20260804-224906_augmented_spots_train_e200_b20_lr0.0002_s1,?|Al_big_grains_logtif.h5|1247|6190|191114,3,0.9476691484451294,0.9074277480443319,0.01681542086104552,0.9895112117131551,0.989407479763031,0.9654268423716227,0.9437811970710754
final_20260804-224906_augmented_spots_train_e200_b20_lr0.0002_s1,?|IN718_twins_logtif.h5|140|1517|131303,6,0.9752894341945648,0.9557837645212809,0.04443380733331045,0.9854004979133606,0.9749403397242228,0.9654278059800466,0.9283559918403625
final_20260804-224906_augmented_spots_train_e200_b20_lr0.0002_s1,?|Iron_logtif.h5|3994|11693|1027909,3,0.9521545569101969,0.9098309675852457,0.021116383994619053,0.9943974216779073,0.9942498405774435,0.965519110361735,0.9624866962432861
final_20260804-224906_augmented_spots_train_e200_b20_lr0.0002_s1,?|Al_segvol.h5|1004|8042|44947,4,0.9681310802698135,0.9387421756982803,0.03708491101861,0.9880486130714417,0.9873325526714325,0.9655230790376663,0.9436870753765106
final_20260804-224906_augmented_spots_train_e200_b20_lr0.0002_s1,?|Al_big_grains_logtif.h5|3385|3385|108357,3,0.9729384581247965,0.947695235411326,0.04180017982920011,0.9899226029713949,0.9886653224627177,0.9655691385269165,0.9607289075851441
final_20260804-224906_augmented_spots_train_e200_b20_lr0.0002_s1,?|Al_segvol.h5|743|743|4160,6,0.9751010239124298,0.951857179403305,0.04394015638778607,0.9874367713928223,0.9859043558438619,0.965580423672994,0.954757809638977
final_20260804-224906_augmented_spots_train_e200_b20_lr0.0002_s1,?|Al_big_grains_logtif.h5|1148|6092|188041,3,0.9670018951098124,0.937646726767222,0.03577716959019502,0.9941562016805013,0.9939749638239542,0.9656123320261637,0.950032377243042
final_20260804-224906_augmented_spots_train_e200_b20_lr0.0002_s1,?|Al_big_grains_logtif.h5|3514|3514|112745,4,0.9569583535194397,0.9200630784034729,0.0256990441121161,0.9910496175289154,0.989484965801239,0.9656296521425247,0.9535234153270722
final_20260804-224906_augmented_spots_train_e200_b20_lr0.0002_s1,?|Al_big_grains_logtif.h5|2922|7866|247509,3,0.9650176962216696,0.9331034024556478,0.033669901390870415,0.9856962958971659,0.9854346513748169,0.9656739036242167,0.9589964866638183
final_20260804-224906_augmented_spots_train_e200_b20_lr0.0002_s1,?|Iron_logtif.h5|4322|12023|1057183,3,0.9561281204223633,0.9162698189417521,0.024775203317403793,0.9961162805557251,0.9961115916570028,0.965676466623942,0.9579999923706055
final_20260804-224906_augmented_spots_train_e200_b20_lr0.0002_s1,?|Al_segvol.h5|1141|1141|6253,3,0.9654042919476827,0.9335636496543884,0.03400376563270887,0.98647673924764,0.9851991931597391,0.9657002687454224,0.956513237953186
final_20260804-224906_augmented_spots_train_e200_b20_lr0.0002_s1,?|Al_segvol.h5|1241|8275|46273,3,0.9554157257080078,0.9173938830693563,0.02395786251872778,0.9927831689516703,0.9922780593236288,0.9657289584477743,0.9515760898590088
final_20260804-224906_augmented_spots_train_e200_b20_lr0.0002_s1,?|IN718_twins_logtif.h5|246|246|21658,9,0.9702015121777853,0.9560944239298502,0.03874269210629993,0.9580160511864556,0.9563737246725295,0.9657293955485026,0.9387271642684937
final_20260804-224906_augmented_spots_train_e200_b20_lr0.0002_s1,?|Al_big_grains_logtif.h5|4884|9829|311921,3,0.9610343178113302,0.9274768233299255,0.02956279491384824,0.9798048933347067,0.9791680177052816,0.9657357533772787,0.9519912123680114
final_20260804-224906_augmented_spots_train_e200_b20_lr0.0002_s1,?|Al_segvol.h5|5045|5045|27794,3,0.9752295811971029,0.9517118732134501,0.04354636619488398,0.9890605409940084,0.9880254666010538,0.9658416112263998,0.9569815874099732
final_20260804-224906_augmented_spots_train_e200_b20_lr0.0002_s1,?|Al_segvol.h5|2815|2815|15503,3,0.9568431178728739,0.9188720981280009,0.025139909237623215,0.9930655558904012,0.992839535077413,0.965851624806722,0.9594342708587646
final_20260804-224906_augmented_spots_train_e200_b20_lr0.0002_s1,?|Al_big_grains_logtif.h5|4593|4593|147995,3,0.9459895888964335,0.9016611576080322,0.014171642251312733,0.9806375503540039,0.9726290702819824,0.965908944606781,0.95298330783844
final_20260804-224906_augmented_spots_train_e200_b20_lr0.0002_s1,?|Al_segvol.h5|1675|8710|48583,5,0.9764994263648987,0.9542147278785705,0.04463596269488335,0.9834177494049072,0.9831952333450318,0.9659317374229431,0.9585084080696106
final_20260804-224906_augmented_spots_train_e200_b20_lr0.0002_s1,?|Al_big_grains_logtif.h5|510|510|14016,3,0.9603112936019897,0.925556461016337,0.02840564399957657,0.9906677007675171,0.9903128345807394,0.9659528136253357,0.961530864238739
final_20260804-224906_augmented_spots_train_e200_b20_lr0.0002_s1,?|Al_segvol.h5|2500|2500|13798,3,0.959117571512858,0.9218352437019348,0.02719511402149995,0.9970938165982565,0.9970710476239523,0.9659612576166788,0.9605255365371704
final_20260804-224906_augmented_spots_train_e200_b20_lr0.0002_s1,?|Iron_logtif.h5|5414|5414|459620,4,0.9589376151561737,0.9217655658721924,0.027013408252969384,0.9953706562519073,0.9953490346670151,0.9659620970487595,0.9554351985454559
final_20260804-224906_augmented_spots_train_e200_b20_lr0.0002_s1,?|Iron_logtif.h5|6447|14145|1254487,3,0.9543254772822062,0.9135370850563049,0.022321905319889385,0.9897329012552897,0.9895069201787313,0.9660017887751261,0.9605325102806092
final_20260804-224906_augmented_spots_train_e200_b20_lr0.0002_s1,?|Al_big_grains_logtif.h5|3502|3502|112323,4,0.9525085836648941,0.9114895761013031,0.020490253111347556,0.9780609905719757,0.9779369533061981,0.9660091549158096,0.9594342768192291
final_20260804-224906_augmented_spots_train_e200_b20_lr0.0002_s1,?|Al_segvol.h5|327|7357|41236,3,0.968700627485911,0.9394445021947225,0.03656403347849846,0.9915490547815958,0.991452674070994,0.9660683274269104,0.9515664100646972
final_20260804-224906_augmented_spots_train_e200_b20_lr0.0002_s1,?|Al_segvol.h5|5096|12128|67765,4,0.9738378822803497,0.9490611702203751,0.04166365973651409,0.9862456619739532,0.9861607700586319,0.9660871177911758,0.9521616280078888
final_20260804-224906_augmented_spots_train_e200_b20_lr0.0002_s1,?|Al_deformed_LoG_logtif.h5|1|1|18955,328,0.9507338858959151,0.910566735740115,0.018559233918672473,0.9918801164845141,0.98938103365462,0.9660873276794829,0.9587496042251586
final_20260804-224906_augmented_spots_train_e200_b20_lr0.0002_s1,?|Al_segvol.h5|684|684|3871,3,0.9709176222483317,0.9437589645385742,0.03872392326593399,0.991572380065918,0.9914703369140625,0.9660968581835429,0.9561492204666138
final_20260804-224906_augmented_spots_train_e200_b20_lr0.0002_s1,?|Al_big_grains_logtif.h5|4702|9644|306973,3,0.9581096172332764,0.9217766920725504,0.025856409842769306,0.9747270743052164,0.9734355012575785,0.9661266009012858,0.9566182374954224
final_20260804-224906_augmented_spots_train_e200_b20_lr0.0002_s1,?|Al_big_grains_logtif.h5|4399|4399|142247,4,0.9568550288677216,0.9189613908529282,0.024517848854884505,0.9830481261014938,0.9764278531074524,0.966168612241745,0.9537715673446655
final_20260804-224906_augmented_spots_train_e200_b20_lr0.0002_s1,?|Al_segvol.h5|4721|4721|25910,4,0.9745089560747147,0.9505368620157242,0.04211390670388937,0.9900183975696564,0.9899352192878723,0.9661975353956223,0.9517279207706452
final_20260804-224906_augmented_spots_train_e200_b20_lr0.0002_s1,?|Al_big_grains_logtif.h5|2600|7543|235288,5,0.9618555426597595,0.9267017006874084,0.029440774396061898,0.9958404660224914,0.9957835912704468,0.9662073850631714,0.9557039976119995
final_20260804-224906_augmented_spots_train_e200_b20_lr0.0002_s1,?|Al_big_grains_logtif.h5|1443|6387|197760,4,0.9629905521869659,0.929163470864296,0.030533689074218273,0.9915961474180222,0.9894826710224152,0.9662284255027771,0.9550491094589233
final_20260804-224906_augmented_spots_train_e200_b20_lr0.0002_s1,?|Al_big_grains_logtif.h5|4537|4537|145345,6,0.9708733956019083,0.9439984659353892,0.038306256756186485,0.9521930714448293,0.9343020617961884,0.9662835697333018,0.9473077654838562
final_20260804-224906_augmented_spots_train_e200_b20_lr0.0002_s1,?|Iron_logtif.h5|2894|2894|245633,3,0.9492852687835693,0.9042224884033203,0.016717312547067802,0.998707910378774,0.9987017114957174,0.9662839571634928,0.9653148889541626
final_20260804-224906_augmented_spots_train_e200_b20_lr0.0002_s1,?|Al_segvol.h5|1582|8616|48093,4,0.9619238823652267,0.9278165996074677,0.029292540159076452,0.9782186299562454,0.9738443344831467,0.9663156867027283,0.9631845593452454
final_20260804-224906_augmented_spots_train_e200_b20_lr0.0002_s1,?|Iron_logtif.h5|7623|7623|686606,5,0.9522448539733886,0.9097666144371033,0.019521958380937576,0.9970635533332824,0.9970061540603637,0.9663614630699158,0.954817283153534
final_20260804-224906_augmented_spots_train_e200_b20_lr0.0002_s1,?|Al_segvol.h5|4729|11762|65540,5,0.9824448823928833,0.965595543384552,0.04970933385193348,0.9515251398086548,0.9512189984321594,0.966367769241333,0.937389588356018
final_20260804-224906_augmented_spots_train_e200_b20_lr0.0002_s1,?|Al_segvol.h5|1095|1095|5967,3,0.9778948823610941,0.9570933183034261,0.04513540863990784,0.9878194133440653,0.98733917872111,0.966379721959432,0.9592450618743896
final_20260804-224906_augmented_spots_train_e200_b20_lr0.0002_s1,?|Al_segvol.h5|1908|1908|10480,3,0.9593840837478638,0.9296858509381613,0.026584728931387264,0.9635991851488749,0.9627236127853394,0.9663996696472168,0.9391237139701843
final_20260804-224906_augmented_spots_train_e200_b20_lr0.0002_s1,?|Al_big_grains_logtif.h5|2306|2306|69233,3,0.9528414607048035,0.9115878939628601,0.020040827492872875,0.9938321908315023,0.9936410188674927,0.9664003451665243,0.9642872095108033
final_20260804-224906_augmented_spots_train_e200_b20_lr0.0002_s1,?|Al_segvol.h5|2705|2705|14935,5,0.9652794599533081,0.9362553954124451,0.03240544199943542,0.9810075879096984,0.9806628823280334,0.9664369940757751,0.9442580103874206
final_20260804-224906_augmented_spots_train_e200_b20_lr0.0002_s1,?|Al_segvol.h5|4263|4263|23351,3,0.9705784718195597,0.9429013331731161,0.03768445923924446,0.9951584736506144,0.995038370291392,0.9664470156033834,0.9632376432418823
final_20260804-224906_augmented_spots_train_e200_b20_lr0.0002_s1,?|Al_big_grains_logtif.h5|2124|2124|63666,3,0.9511639674504598,0.9081373413403829,0.018199292321999867,0.9961285988489786,0.9961327115694681,0.9664823412895203,0.9637738823890686
final_20260804-224906_augmented_spots_train_e200_b20_lr0.0002_s1,?|IN718_twins_logtif.h5|1347|2723|234565,10,0.9749873578548431,0.9528863370418549,0.042019739747047424,0.9859075307846069,0.9821784675121308,0.9664838135242462,0.9508982479572297
final_20260804-224906_augmented_spots_train_e200_b20_lr0.0002_s1,?|Al_segvol.h5|2480|2480|13706,5,0.9622943878173829,0.932078230381012,0.029214246571063994,0.9739409446716308,0.9733198285102844,0.9665400862693787,0.945899486541748
final_20260804-224906_augmented_spots_train_e200_b20_lr0.0002_s1,?|Iron_logtif.h5|3927|3927|326624,3,0.956473688284556,0.9170080820719401,0.02338162250816822,0.99599556128184,0.9957973957061768,0.9665460586547852,0.9563382625579834
final_20260804-224906_augmented_spots_train_e200_b20_lr0.0002_s1,?|IN718_twins_logtif.h5|1083|1083|90791,10,0.9760357439517975,0.9551197230815888,0.04290596339851618,0.9841358184814453,0.9796097457408905,0.9665648818016053,0.9140931367874146
final_20260804-224906_augmented_spots_train_e200_b20_lr0.0002_s1,?|Al_segvol.h5|1598|8630|48152,4,0.9794319123029709,0.9598863571882248,0.046279300935566425,0.9781188070774078,0.9777626395225525,0.9665763080120087,0.9559602081775666
final_20260804-224906_augmented_spots_train_e200_b20_lr0.0002_s1,?|Al_big_grains_logtif.h5|4426|9370|298808,3,0.9586113293965658,0.9209490219751993,0.02545298884312312,0.9959766467412313,0.99581378698349,0.9665791392326355,0.9619542837142945
final_20260804-224906_augmented_spots_train_e200_b20_lr0.0002_s1,?|Al_big_grains_logtif.h5|2945|2945|93064,5,0.9600983381271362,0.9262801289558411,0.026934242993593215,0.9834730148315429,0.9671271204948425,0.9665820360183716,0.9529870510101318
final_20260804-224906_augmented_spots_train_e200_b20_lr0.0002_s1,?|IN718_twins_logtif.h5|328|1704|147978,9,0.9759259555074904,0.9593900110986497,0.04273070043159856,0.9782533049583435,0.9656080471144782,0.9665976232952542,0.9470415592193604
final_20260804-224906_augmented_spots_train_e200_b20_lr0.0002_s1,?|Al_segvol.h5|6476|13508|75554,3,0.9698871374130249,0.942169189453125,0.03659908411403497,0.9883284370104471,0.9881675442059835,0.9666440486907959,0.9548032402992248
final_20260804-224906_augmented_spots_train_e200_b20_lr0.0002_s1,?|Al_big_grains_logtif.h5|4664|4664|149872,4,0.9689895212650299,0.9410301297903061,0.035698233637958765,0.9759636223316193,0.9759252667427063,0.9666456282138824,0.9553526401519775
final_20260804-224906_augmented_spots_train_e200_b20_lr0.0002_s1,?|Al_segvol.h5|69|69|404,3,0.9738135933876038,0.9489806691805521,0.040471441422899566,0.9894194801648458,0.989315946896871,0.966671089331309,0.9573721408843994
final_20260804-224906_augmented_spots_train_e200_b20_lr0.0002_s1,?|Al_big_grains_logtif.h5|985|5929|183545,5,0.9589206099510192,0.9217259168624878,0.025531394220888615,0.993744719028473,0.9934050083160401,0.9666946053504943,0.9550830125808716
final_20260804-224906_augmented_spots_train_e200_b20_lr0.0002_s1,?|IN718_twins_logtif.h5|561|1938|166736,7,0.9777057000568935,0.9587814296994891,0.044315109960734844,0.986571763242994,0.9727471811430795,0.9666952916554042,0.9339944839477539
final_20260804-224906_augmented_spots_train_e200_b20_lr0.0002_s1,?|Al_big_grains_logtif.h5|3869|3869|125949,3,0.9538853764533997,0.9131443500518799,0.020444361492991447,0.9950578610102335,0.9950509866078695,0.9667205214500427,0.9569642663002014
final_20260804-224906_augmented_spots_train_e200_b20_lr0.0002_s1,?|Al_big_grains_logtif.h5|4735|4735|151745,4,0.9651172608137131,0.9353664219379425,0.0316355237737298,0.9916903525590897,0.9886423796415329,0.9667408615350723,0.9537793755531311
final_20260804-224906_augmented_spots_train_e200_b20_lr0.0002_s1,?|IN718_twins_logtif.h5|1200|2577|220765,3,0.9780245820681254,0.9578285415967306,0.04452387864391009,0.989571233590444,0.9841623504956564,0.9667503436406454,0.9490835428237915
final_20260804-224906_augmented_spots_train_e200_b20_lr0.0002_s1,?|Al_segvol.h5|2521|9554|53440,4,0.9657479524612427,0.933928519487381,0.032217276748269796,0.9945666790008545,0.9944422692060471,0.9667653441429138,0.9582429170608521
final_20260804-224906_augmented_spots_train_e200_b20_lr0.0002_s1,?|Al_segvol.h5|6224|6224|34417,3,0.9688910245895386,0.939899742603302,0.035083333030343056,0.99350506067276,0.9933789968490601,0.9669038653373718,0.965507984161377
final_20260804-224906_augmented_spots_train_e200_b20_lr0.0002_s1,?|Al_segvol.h5|4523|4523|24765,3,0.9713544050852457,0.9445541302363077,0.037512265145778656,0.9951804081598917,0.9950245022773743,0.9669210910797119,0.9614266395568848
final_20260804-224906_augmented_spots_train_e200_b20_lr0.0002_s1,?|IN718_twins_logtif.h5|348|1726|148945,8,0.9692865386605263,0.9450632259249687,0.03541431447956711,0.9850055351853371,0.9822058454155922,0.9669361039996147,0.9402658343315125
final_20260804-224906_augmented_spots_train_e200_b20_lr0.0002_s1,?|Al_segvol.h5|2464|9496|53159,4,0.9644133150577545,0.932100236415863,0.030505939852446318,0.9956974536180496,0.9953720271587372,0.966953694820404,0.9651710629463196
final_20260804-224906_augmented_spots_train_e200_b20_lr0.0002_s1,?|Al_segvol.h5|247|247|1399,3,0.9814093112945557,0.9637227257092794,0.047475533559918404,0.984784205754598,0.981065054734548,0.9669669071833292,0.9516366720199585
final_20260804-224906_augmented_spots_train_e200_b20_lr0.0002_s1,?|Al_segvol.h5|4214|11247|62584,3,0.9681015610694885,0.9385598500569662,0.034141151855389275,0.9922349055608114,0.9921658833821615,0.9669801990191141,0.9633938074111938
final_20260804-224906_augmented_spots_train_e200_b20_lr0.0002_s1,?|Al_big_grains_logtif.h5|3133|8077|255764,3,0.9714958071708679,0.9455898801485697,0.03753385320305824,0.9846941232681274,0.9747164448102316,0.9669809738794962,0.9519810318946839
final_20260804-224906_augmented_spots_train_e200_b20_lr0.0002_s1,?|Al_segvol.h5|3576|10610|59096,3,0.9667353630065918,0.9358922044436137,0.0327166561037302,0.9898492097854614,0.9898037115732828,0.9670093456904093,0.9638009071350098
final_20260804-224906_augmented_spots_train_e200_b20_lr0.0002_s1,?|Iron_logtif.h5|4934|4934|418606,3,0.9530143737792969,0.9117151101430258,0.018986115232110023,0.9967813889185587,0.9967763821283976,0.9670141339302063,0.9614513993263245
final_20260804-224906_augmented_spots_train_e200_b20_lr0.0002_s1,?|Al_big_grains_logtif.h5|350|5292|166515,3,0.9522315859794617,0.9113598465919495,0.018201226678987343,0.956282397111257,0.9525225162506104,0.9670151869455973,0.9633644342422485
final_20260804-224906_augmented_spots_train_e200_b20_lr0.0002_s1,?|Iron_logtif.h5|4139|11833|1042756,4,0.9552537947893143,0.9152002483606339,0.021186642348766327,0.9789309054613113,0.9773874282836914,0.9670335650444031,0.961222380399704
final_20260804-224906_augmented_spots_train_e200_b20_lr0.0002_s1,?|Al_segvol.h5|2883|9910|55389,3,0.9577042659123739,0.9215012788772583,0.02343105338513851,0.9922599991162618,0.9917181730270386,0.9671366214752197,0.9524941325187684
final_20260804-224906_augmented_spots_train_e200_b20_lr0.0002_s1,?|Al_big_grains_logtif.h5|2007|6952|214435,4,0.9566697329282761,0.9181356281042099,0.022368775214999914,0.9954819977283478,0.9941592216491699,0.9671504646539688,0.963934987783432
final_20260804-224906_augmented_spots_train_e200_b20_lr0.0002_s1,?|Al_segvol.h5|6224|13257|74199,3,0.9722384413083395,0.9462840557098389,0.03785517066717148,0.9919053316116333,0.9916905959447225,0.9671916365623474,0.9616114497184753
final_20260804-224906_augmented_spots_train_e200_b20_lr0.0002_s1,?|Al_segvol.h5|2860|2860|15742,3,0.9750250975290934,0.9514603018760681,0.040571462363004684,0.9913830161094666,0.99034583568573,0.9672268231709799,0.9553879022598266
final_20260804-224906_augmented_spots_train_e200_b20_lr0.0002_s1,?|Iron_logtif.h5|3808|3808|319282,3,0.9554686148961385,0.9153686165809631,0.020960555722316105,0.998424251874288,0.9984206557273865,0.9672540426254272,0.9626755714416504
final_20260804-224906_augmented_spots_train_e200_b20_lr0.0002_s1,?|Al_big_grains_logtif.h5|4046|4046|131953,4,0.9578739702701569,0.9223083555698395,0.023356371326372027,0.9870725721120834,0.9851990640163422,0.9672587960958481,0.9543121635913849
final_20260804-224906_augmented_spots_train_e200_b20_lr0.0002_s1,?|Al_big_grains_logtif.h5|369|369|10803,6,0.9562474091847738,0.9202472567558289,0.021612604148685932,0.9853538970152537,0.9852601587772369,0.9673173924287161,0.9501101970672607
final_20260804-224906_augmented_spots_train_e200_b20_lr0.0002_s1,?|Iron_logtif.h5|2490|10190|905768,3,0.9474414984385172,0.9007595976193746,0.012751825153827667,0.998200535774231,0.9981726209322611,0.9673448403676351,0.9644096374511719
final_20260804-224906_augmented_spots_train_e200_b20_lr0.0002_s1,?|Al_segvol.h5|2899|2899|15973,4,0.9704992771148682,0.9436696171760559,0.03577023930847645,0.9919365644454956,0.9908849000930786,0.9673645198345184,0.9480164825916291
final_20260804-224906_augmented_spots_train_e200_b20_lr0.0002_s1,?|Al_segvol.h5|1790|8822|49298,3,0.9562521775563558,0.9178977807362875,0.021491271754105885,0.9899250666300455,0.9893655776977539,0.9673804640769958,0.9602339386940002
final_20260804-224906_augmented_spots_train_e200_b20_lr0.0002_s1,?|Al_big_grains_logtif.h5|1845|1845|54607,4,0.9656476825475693,0.9347510784864426,0.030874572228640318,0.9855520278215408,0.9820600301027298,0.9673865586519241,0.9601841330528259
final_20260804-224906_augmented_spots_train_e200_b20_lr0.0002_s1,?|Al_big_grains_logtif.h5|1788|6731|207798,3,0.9511934518814087,0.9108412265777588,0.016388367240627606,0.9542977213859558,0.9522075255711874,0.9674025177955627,0.9540977954864502
final_20260804-224906_augmented_spots_train_e200_b20_lr0.0002_s1,?|Al_big_grains_logtif.h5|2227|2227|67015,3,0.9613331158955892,0.9269609053929647,0.026446470369895298,0.99412602186203,0.99403977394104,0.9674433072408041,0.9627869963645935
final_20260804-224906_augmented_spots_train_e200_b20_lr0.0002_s1,?|Al_big_grains_logtif.h5|4208|4208|136970,4,0.9578997641801834,0.9226673990488052,0.023005546536296606,0.9764262586832047,0.9750029444694519,0.9674470871686935,0.9556024432182312
final_20260804-224906_augmented_spots_train_e200_b20_lr0.0002_s1,?|Al_segvol.h5|4423|4423|24283,4,0.9725871980190277,0.9469131827354431,0.0376892676576972,0.9930769950151443,0.9928247928619385,0.9674489498138428,0.9591406464576722
final_20260804-224906_augmented_spots_train_e200_b20_lr0.0002_s1,?|Al_segvol.h5|157|157|901,4,0.9734806418418884,0.9486442059278488,0.03857502155005932,0.9906725436449051,0.9889213889837265,0.967452809214592,0.9561237394809723
final_20260804-224906_augmented_spots_train_e200_b20_lr0.0002_s1,?|Al_big_grains_logtif.h5|4317|4317|140182,3,0.9569303393363953,0.9191570281982422,0.022001191973686218,0.9931875665982565,0.9929175972938538,0.9674645662307739,0.9639657616615296
final_20260804-224906_augmented_spots_train_e200_b20_lr0.0002_s1,?|Al_big_grains_logtif.h5|3294|8239|261748,3,0.9706501166025797,0.9430771867434183,0.03569249932964643,0.9914297262827555,0.9913605054219564,0.9674788117408752,0.9638585090637207
final_20260804-224906_augmented_spots_train_e200_b20_lr0.0002_s1,?|IN718_twins_logtif.h5|104|1481|127745,10,0.9718075811862945,0.9512895703315735,0.03684203941375017,0.9880562484264374,0.9781824231147767,0.9674827694892884,0.9575810253620147
final_20260804-224906_augmented_spots_train_e200_b20_lr0.0002_s1,?|IN718_twins_logtif.h5|910|2286|195404,7,0.9686001198632377,0.945064732006618,0.03351578116416931,0.9863088556698391,0.9840269088745117,0.9675421714782715,0.9323760032653808
final_20260804-224906_augmented_spots_train_e200_b20_lr0.0002_s1,?|Al_segvol.h5|1671|1671|9118,3,0.9612626830736796,0.9254787564277649,0.02610641159117222,0.9953599770863851,0.9949774543444315,0.967578113079071,0.9654048442840576
final_20260804-224906_augmented_spots_train_e200_b20_lr0.0002_s1,?|Al_big_grains_logtif.h5|4603|4603|148542,3,0.9673486749331156,0.9373926520347595,0.03201089488963286,0.9897345701853434,0.9896934827168783,0.967668890953064,0.962133526802063
final_20260804-224906_augmented_spots_train_e200_b20_lr0.0002_s1,?|IN718_twins_logtif.h5|614|1991|169609,9,0.9758791261249118,0.9634204440646701,0.040535483302341566,0.9660142660140991,0.9632359147071838,0.9676718248261346,0.9498438835144043
final_20260804-224906_augmented_spots_train_e200_b20_lr0.0002_s1,?|Al_big_grains_logtif.h5|3457|3457|110941,4,0.9608122259378433,0.9260024577379227,0.025446901097893715,0.9856380671262741,0.9852628111839294,0.9676826745271683,0.9614194452762603
final_20260804-224906_augmented_spots_train_e200_b20_lr0.0002_s1,?|IN718_twins_logtif.h5|84|1461|125587,12,0.9697397500276566,0.9457108477751414,0.03433082718402147,0.9860834628343582,0.9814535081386566,0.9677044500907263,0.97432781457901
final_20260804-224906_augmented_spots_train_e200_b20_lr0.0002_s1,?|IN718_twins_logtif.h5|1053|2430|207846,7,0.9703437430518014,0.9471382924488613,0.034891934267112186,0.9882280315671649,0.9832586475781032,0.9677259070532662,0.9353040337562561
final_20260804-224906_augmented_spots_train_e200_b20_lr0.0002_s1,?|Al_segvol.h5|1918|8946|49997,4,0.9687730818986893,0.9395899474620819,0.03332066535949707,0.9924405217170715,0.9912707954645157,0.9677262157201767,0.9558627247810364
final_20260804-224906_augmented_spots_train_e200_b20_lr0.0002_s1,?|Al_segvol.h5|1034|1034|5631,4,0.9776248931884766,0.9565598368644714,0.042065463960170746,0.9758419245481491,0.9730609953403473,0.9677797257900238,0.9484692811965942
final_20260804-224906_augmented_spots_train_e200_b20_lr0.0002_s1,?|Al_big_grains_logtif.h5|3277|3277|105521,3,0.9713108142217001,0.9446123639742533,0.03573885125418504,0.9831401904424032,0.9830871423085531,0.9677859544754028,0.9508403539657593
final_20260804-224906_augmented_spots_train_e200_b20_lr0.0002_s1,?|Al_segvol.h5|408|7441|41704,3,0.9799636999766032,0.9609303077061971,0.04433392981688181,0.9880335330963135,0.9876120885213217,0.9678148825963339,0.9536321759223938
final_20260804-224906_augmented_spots_train_e200_b20_lr0.0002_s1,?|Iron_logtif.h5|5775|5775|494374,3,0.9487802187601725,0.9032715757687887,0.013093927254279455,0.997099240620931,0.9968803723653158,0.9678431351979574,0.9654412031173706
final_20260804-224906_augmented_spots_train_e200_b20_lr0.0002_s1,?|IN718_twins_logtif.h5|1100|2479|211821,8,0.9763934314250946,0.9555233716964722,0.04069877485744655,0.9834382608532906,0.9788203239440918,0.9678473249077797,0.9373634815216064
final_20260804-224906_augmented_spots_train_e200_b20_lr0.0002_s1,?|Al_segvol.h5|3535|3535|19470,3,0.9752142230669657,0.9522877136866251,0.03948011249303818,0.9921185572942098,0.9906488458315531,0.9678670565287272,0.9623653173446656
final_20260804-224906_augmented_spots_train_e200_b20_lr0.0002_s1,?|IN718_twins_logtif.h5|1201|1201|101196,8,0.9633662551641464,0.9444260820746422,0.027625106507912278,0.9603715464472771,0.9597557187080383,0.9678705632686615,0.9400542616844177
final_20260804-224906_augmented_spots_train_e200_b20_lr0.0002_s1,?|Iron_logtif.h5|2964|2964|249864,3,0.9661503434181213,0.9348187446594238,0.03033285898466905,0.9933680097262064,0.9933622678120931,0.96790877978007,0.966075348854065
final_20260804-224906_augmented_spots_train_e200_b20_lr0.0002_s1,?|Al_big_grains_logtif.h5|3345|8290|263172,4,0.9726940393447876,0.9479737430810928,0.03679866809397936,0.9874836653470993,0.9872917532920837,0.9679476916790009,0.9648423016071319
final_20260804-224906_augmented_spots_train_e200_b20_lr0.0002_s1,?|Al_segvol.h5|799|799|4442,3,0.9732176462809244,0.9478696584701538,0.03728873779376348,0.993930717309316,0.9938496152559916,0.9679644505182902,0.9643046855926514
final_20260804-224906_augmented_spots_train_e200_b20_lr0.0002_s1,?|Iron_logtif.h5|1418|9116|817326,3,0.94713294506073,0.9006577531496683,0.011198722757399082,0.996881902217865,0.996778686841329,0.9679671128590902,0.9635495543479919
final_20260804-224906_augmented_spots_train_e200_b20_lr0.0002_s1,?|IN718_twins_logtif.h5|1321|2698|231832,10,0.9702676296234131,0.9481244087219238,0.034257334843277934,0.9872028350830078,0.978005462884903,0.9680051505565643,0.9633146345615387
final_20260804-224906_augmented_spots_train_e200_b20_lr0.0002_s1,?|Al_segvol.h5|5614|12645|71042,5,0.9648624181747436,0.9327272057533265,0.028817347064614297,0.9930293321609497,0.9904724597930908,0.9680225372314453,0.9545150995254517
final_20260804-224906_augmented_spots_train_e200_b20_lr0.0002_s1,?|Al_big_grains_logtif.h5|1590|6534|201715,6,0.9729026754697164,0.9477275709311167,0.03682192042469978,0.9849903384844462,0.9845515886942545,0.9680403769016266,0.9624140560626984
final_20260804-224906_augmented_spots_train_e200_b20_lr0.0002_s1,?|Al_segvol.h5|2907|9940|55527,3,0.9742368658383688,0.9501865108807882,0.03812735093136629,0.990247388680776,0.9900295734405518,0.9680547714233398,0.9536139965057373
final_20260804-224906_augmented_spots_train_e200_b20_lr0.0002_s1,?|Al_big_grains_logtif.h5|196|196|7218,3,0.9592458804448446,0.9230547348658243,0.02311562777807315,0.9957676728566488,0.9957373340924581,0.9680651426315308,0.9591816663742065
final_20260804-224906_augmented_spots_train_e200_b20_lr0.0002_s1,?|Al_segvol.h5|2999|2999|16480,3,0.9683241446812948,0.9398996432622274,0.03211413510143757,0.9475935697555542,0.9464126825332642,0.9681049982706705,0.9591917634010315
final_20260804-224906_augmented_spots_train_e200_b20_lr0.0002_s1,?|Iron_logtif.h5|2844|10538|934901,3,0.9565722147623698,0.9177512526512146,0.020315402497847874,0.9950197339057922,0.9949654539426168,0.9681284427642822,0.9655149459838868
final_20260804-224906_augmented_spots_train_e200_b20_lr0.0002_s1,?|Al_big_grains_logtif.h5|4522|9468|301095,3,0.9644800821940104,0.9325215220451355,0.02821269320944945,0.9758502244949341,0.9741965929667155,0.9681336879730225,0.9609707593917847
final_20260804-224906_augmented_spots_train_e200_b20_lr0.0002_s1,?|Al_big_grains_logtif.h5|106|5050|160876,3,0.9628667036692301,0.9298876523971558,0.026578562644620735,0.9926708141962687,0.9876535733540853,0.9681440591812134,0.9611453533172607
final_20260804-224906_augmented_spots_train_e200_b20_lr0.0002_s1,?|Al_big_grains_logtif.h5|829|829|21994,3,0.9689732193946838,0.9422983129819235,0.03253142163157463,0.9862086772918701,0.9861705303192139,0.9682209094365438,0.956212830543518
final_20260804-224906_augmented_spots_train_e200_b20_lr0.0002_s1,?|Al_segvol.h5|1480|1480|8108,3,0.9739800095558167,0.9495635430018107,0.037491485476493835,0.9948312640190125,0.9947112600008646,0.9682442744572958,0.9590810179710388
final_20260804-224906_augmented_spots_train_e200_b20_lr0.0002_s1,?|Al_segvol.h5|5614|5614|31251,3,0.967988113562266,0.9383050799369812,0.031486017629504204,0.9947080612182617,0.9945458968480428,0.9682510693868002,0.9666771650314331
final_20260804-224906_augmented_spots_train_e200_b20_lr0.0002_s1,?|Iron_logtif.h5|4296|11995|1055127,3,0.9546888669331869,0.914482851823171,0.018149442970752716,0.9879254500071207,0.9871746500333151,0.9682697256406149,0.9567547798156738
final_20260804-224906_augmented_spots_train_e200_b20_lr0.0002_s1,?|Al_segvol.h5|6449|6449|35590,4,0.9628716111183167,0.9292266219854355,0.026263069361448288,0.9935732930898666,0.9931802749633789,0.9683042764663696,0.9578485727310181
final_20260804-224906_augmented_spots_train_e200_b20_lr0.0002_s1,?|Al_segvol.h5|2405|2405|13292,3,0.9771233995755514,0.9555553793907166,0.04048393666744232,0.9868043065071106,0.9866055647532145,0.9683197339375814,0.9598855614662171
final_20260804-224906_augmented_spots_train_e200_b20_lr0.0002_s1,?|Iron_logtif.h5|1019|8719|784973,3,0.9529706041018168,0.9108075499534607,0.01628941980501016,0.9982464909553528,0.9982021252314249,0.9683405955632528,0.96020028591156
final_20260804-224906_augmented_spots_train_e200_b20_lr0.0002_s1,?|Iron_logtif.h5|3032|3032|254282,3,0.9639532963434855,0.9306623935699463,0.027150355279445648,0.9942121307055155,0.9942020376523336,0.9684014916419983,0.9607443809509277
final_20260804-224906_augmented_spots_train_e200_b20_lr0.0002_s1,?|Al_big_grains_logtif.h5|100|100|4398,4,0.9721576869487762,0.9462644755840302,0.03527455823495984,0.9845824092626572,0.9831897914409637,0.9684415608644485,0.9533519506454468
final_20260804-224906_augmented_spots_train_e200_b20_lr0.0002_s1,?|Al_segvol.h5|4376|4376|24002,3,0.9666446646054586,0.9356417258580526,0.029741888865828514,0.992421011130015,0.9923756917317709,0.9684514005978903,0.9614077091217041
final_20260804-224906_augmented_spots_train_e200_b20_lr0.0002_s1,?|Al_segvol.h5|2915|9948|55584,3,0.9735342065493265,0.9488755663235983,0.03662911802530289,0.9928810000419617,0.9917894204457601,0.968452533086141,0.9527052164077758
final_20260804-224906_augmented_spots_train_e200_b20_lr0.0002_s1,?|Al_segvol.h5|6696|13734|76894,4,0.9741958379745483,0.9499246776103973,0.03728438541293144,0.9905285537242889,0.9903957694768906,0.9684557020664215,0.95669584274292
final_20260804-224906_augmented_spots_train_e200_b20_lr0.0002_s1,?|Al_big_grains_logtif.h5|1884|6828|211022,3,0.969835897286733,0.9425087968508402,0.03287900549670061,0.9123760263125101,0.9075781504313151,0.9684784412384033,0.9580312609672547
final_20260804-224906_augmented_spots_train_e200_b20_lr0.0002_s1,?|Al_segvol.h5|1290|1290|7126,4,0.9756498038768768,0.9527075886726379,0.038690556306391954,0.992768332362175,0.9926123768091202,0.9684796035289764,0.9638181507587433
final_20260804-224906_augmented_spots_train_e200_b20_lr0.0002_s1,?|Al_segvol.h5|786|786|4371,4,0.9765480309724808,0.9544488340616226,0.03958276752382517,0.9924982637166977,0.9919778108596802,0.9684826284646988,0.9562278985977173
final_20260804-224906_augmented_spots_train_e200_b20_lr0.0002_s1,?|Al_segvol.h5|279|7312|40972,3,0.9835301637649536,0.9676320751508077,0.04653331885735194,0.9860706329345703,0.9860420425732931,0.9684984087944031,0.9668540716171264
final_20260804-224906_augmented_spots_train_e200_b20_lr0.0002_s1,?|Al_segvol.h5|1981|1981|10968,3,0.9843306740125021,0.9692461291948954,0.047321534405152,0.9486021598180135,0.9485272963841757,0.9685045679410299,0.9517083406448364
final_20260804-224906_augmented_spots_train_e200_b20_lr0.0002_s1,?|Al_segvol.h5|2094|9126|51094,3,0.9775251150131226,0.9561893939971924,0.040483178570866585,0.9807064135869344,0.9804283181826273,0.9685209592183431,0.962736177444458
final_20260804-224906_augmented_spots_train_e200_b20_lr0.0002_s1,?|Al_big_grains_logtif.h5|2518|7461|232288,3,0.9582378069559733,0.9206232031186422,0.021122474844257038,0.9984566966692606,0.9984277884165446,0.9685576756795248,0.9624658823013306
final_20260804-224906_augmented_spots_train_e200_b20_lr0.0002_s1,?|Al_big_grains_logtif.h5|159|5103|162077,3,0.9597156047821045,0.9231483141581217,0.022550133056938648,0.9970886905988058,0.9969626665115356,0.9685827294985453,0.9619623184204101
final_20260804-224906_augmented_spots_train_e200_b20_lr0.0002_s1,?|IN718_twins_logtif.h5|1013|2390|203735,8,0.9738315716385841,0.9522039294242859,0.03660993906669319,0.9906773343682289,0.9848390519618988,0.9686108008027077,0.9473318099975586
final_20260804-224906_augmented_spots_train_e200_b20_lr0.0002_s1,?|IN718_twins_logtif.h5|354|354|29996,7,0.9791357687541417,0.9601846848215375,0.04188243778688567,0.9932783671787807,0.989387937954494,0.9686266609600612,0.9489672303199768
final_20260804-224906_augmented_spots_train_e200_b20_lr0.0002_s1,?|Al_segvol.h5|884|884|4879,3,0.9706763426462809,0.943036695321401,0.0333776685098807,0.9954015016555786,0.9946632981300354,0.9686493277549744,0.9645586490631104
final_20260804-224906_augmented_spots_train_e200_b20_lr0.0002_s1,?|Al_big_grains_logtif.h5|2686|7634|238704,3,0.9620570540428162,0.9277246594429016,0.02466190668443839,0.9951925079027811,0.9950685898462931,0.9686975677808126,0.9641181111335755
final_20260804-224906_augmented_spots_train_e200_b20_lr0.0002_s1,?|IN718_twins_logtif.h5|284|284|24327,7,0.9789550048964364,0.9601184640611921,0.04147962161472866,0.9882668001311166,0.9817269359316144,0.9687376873833793,0.9349872946739197
final_20260804-224906_augmented_spots_train_e200_b20_lr0.0002_s1,?|Al_big_grains_logtif.h5|4700|4700|150713,4,0.9616193771362305,0.929267942905426,0.024139788933098316,0.9939836859703064,0.9933636337518692,0.9687398225069046,0.9591808617115021
final_20260804-224906_augmented_spots_train_e200_b20_lr0.0002_s1,?|Al_segvol.h5|4423|11453|63847,3,0.9823318719863892,0.9653966625531515,0.04477612177530924,0.9893916050593058,0.9892861843109131,0.9687778949737549,0.9668758392333985
final_20260804-224906_augmented_spots_train_e200_b20_lr0.0002_s1,?|Iron_logtif.h5|1848|9546|855458,3,0.9635513623555502,0.9300405184427897,0.025951316580176353,0.9958945711453756,0.9958439270655314,0.9688000082969666,0.9605688691139221
final_20260804-224906_augmented_spots_train_e200_b20_lr0.0002_s1,?|Al_big_grains_logtif.h5|2317|2317|69524,4,0.9671319276094437,0.9372596740722656,0.029522649478167295,0.9945811778306961,0.9945355802774429,0.968804657459259,0.9614269614219666
final_20260804-224906_augmented_spots_train_e200_b20_lr0.0002_s1,?|Al_big_grains_logtif.h5|845|845|22441,5,0.9627737522125244,0.9302518725395202,0.025089816004037858,0.9919401407241821,0.9916303992271424,0.9688419699668884,0.961145555973053
final_20260804-224906_augmented_spots_train_e200_b20_lr0.0002_s1,?|Al_big_grains_logtif.h5|446|5390|169111,5,0.963516104221344,0.9310198068618775,0.025831037014722825,0.9912012815475464,0.9911218166351319,0.9688425421714782,0.9557915925979614
final_20260804-224906_augmented_spots_train_e200_b20_lr0.0002_s1,?|Al_big_grains_logtif.h5|2103|2103|63138,4,0.9678434282541275,0.9389703273773193,0.030126736499369144,0.9933453798294067,0.9930842518806458,0.9688583314418793,0.9659176111221314
final_20260804-224906_augmented_spots_train_e200_b20_lr0.0002_s1,?|Al_big_grains_logtif.h5|4617|9561|305041,4,0.9668228775262833,0.9363323748111725,0.029082624008879066,0.99315245449543,0.9929704517126083,0.9688701331615448,0.9567077398300171
final_20260804-224906_augmented_spots_train_e200_b20_lr0.0002_s1,?|Al_big_grains_logtif.h5|3266|3266|105376,4,0.9702867269515991,0.9431855082511902,0.03250689245760441,0.9902266710996628,0.9898596554994583,0.9688899219036102,0.9637340784072876
final_20260804-224906_augmented_spots_train_e200_b20_lr0.0002_s1,?|IN718_twins_logtif.h5|1225|1225|103326,15,0.9751764178276062,0.9578077554702759,0.037297097593545915,0.9888240297635397,0.9792065302530925,0.9689396619796753,0.9631306886672973
final_20260804-224906_augmented_spots_train_e200_b20_lr0.0002_s1,?|Al_segvol.h5|3713|3713|20283,3,0.9646252393722534,0.9333009719848633,0.026697808876633644,0.9878468712170919,0.9871668020884196,0.9689637422561646,0.9621899962425232
final_20260804-224906_augmented_spots_train_e200_b20_lr0.0002_s1,?|Al_segvol.h5|4270|11301|62912,3,0.9701535105705261,0.942219058672587,0.032183963184555374,0.9930722912152609,0.9925516843795776,0.9689847628275553,0.9617360949516296
final_20260804-224906_augmented_spots_train_e200_b20_lr0.0002_s1,?|Al_segvol.h5|5944|5944|33027,4,0.9762752503156662,0.9537991136312485,0.038299203384667635,0.9903075397014618,0.9902366101741791,0.9689880162477493,0.9569695353507995
final_20260804-224906_augmented_spots_train_e200_b20_lr0.0002_s1,?|IN718_twins_logtif.h5|1374|2750|238493,6,0.9714527229468027,0.9473543663819631,0.033462018705904484,0.990156094233195,0.9868851701418558,0.9689953426520029,0.9400725066661835
final_20260804-224906_augmented_spots_train_e200_b20_lr0.0002_s1,?|IN718_twins_logtif.h5|390|390|33182,9,0.9712935619884067,0.9489517476823595,0.033302233864863716,0.9788796570565965,0.9671518007914225,0.968995663854811,0.9529256701469422
final_20260804-224906_augmented_spots_train_e200_b20_lr0.0002_s1,?|Al_segvol.h5|4001|4001|21821,3,0.9761501550674438,0.9534433682759603,0.03802734240889549,0.9921142856280009,0.9917394717534384,0.9690614144007365,0.9624186873435974
final_20260804-224906_augmented_spots_train_e200_b20_lr0.0002_s1,?|IN718_twins_logtif.h5|914|2292|195620,10,0.9734149932861328,0.9493608593940734,0.035255119949579236,0.9915468633174896,0.9899170935153961,0.9690799355506897,0.9518046259880066
final_20260804-224906_augmented_spots_train_e200_b20_lr0.0002_s1,?|Al_segvol.h5|375|375|2144,3,0.9654069542884827,0.9354815483093262,0.027229602138201397,0.9862989187240601,0.9853854378064474,0.9690886934598287,0.9540775299072266
final_20260804-224906_augmented_spots_train_e200_b20_lr0.0002_s1,?|Al_segvol.h5|6636|13665|76555,3,0.9786442120869955,0.9582515358924866,0.04045956085125605,0.9918232361475626,0.9917433460553488,0.96909232934316,0.9603524446487427
final_20260804-224906_augmented_spots_train_e200_b20_lr0.0002_s1,?|Al_big_grains_logtif.h5|2581|7521|234687,3,0.9539424180984497,0.9159077405929565,0.01574098536123832,0.9954413374265035,0.9952483177185059,0.9691007335980734,0.956944715976715
final_20260804-224906_augmented_spots_train_e200_b20_lr0.0002_s1,?|Al_segvol.h5|3533|10564|58900,3,0.9673712054888407,0.937226414680481,0.029091425860921543,0.9944398005803426,0.9918754696846008,0.9691398938496908,0.9632902145385742
final_20260804-224906_augmented_spots_train_e200_b20_lr0.0002_s1,?|Al_segvol.h5|2462|9493|53148,4,0.9714631140232086,0.9448460787534714,0.033169564325362444,0.985865980386734,0.9856087416410446,0.9691467881202698,0.9610301852226257
final_20260804-224906_augmented_spots_train_e200_b20_lr0.0002_s1,?|Iron_logtif.h5|4001|11697|1028243,3,0.9637859066327413,0.9309403896331787,0.025465109075109165,0.9881934324900309,0.9874232014020284,0.9691603978474935,0.9660277605056763
final_20260804-224906_augmented_spots_train_e200_b20_lr0.0002_s1,?|IN718_twins_logtif.h5|1218|1218|102904,12,0.9710713922977448,0.9493843664725622,0.03269034104111294,0.9916029125452042,0.9644743800163269,0.9691905279954275,0.9678609013557434
final_20260804-224906_augmented_spots_train_e200_b20_lr0.0002_s1,?|Al_segvol.h5|2901|2901|15982,3,0.9745087226231893,0.9512528379758199,0.03608835612734159,0.9896686474482218,0.9894853830337524,0.969210167725881,0.9620754361152649
final_20260804-224906_augmented_spots_train_e200_b20_lr0.0002_s1,?|Al_segvol.h5|4294|11327|63028,3,0.9645975629488627,0.9325992862383524,0.02615773429473241,0.9960536956787109,0.994927446047465,0.9692199031511942,0.9654539942741394
final_20260804-224906_augmented_spots_train_e200_b20_lr0.0002_s1,?|Al_big_grains_logtif.h5|4090|9034|288864,4,0.957417756319046,0.920536994934082,0.01891515450552106,0.9872786998748779,0.986107125878334,0.9692513048648834,0.9594431340694427
final_20260804-224906_augmented_spots_train_e200_b20_lr0.0002_s1,?|Iron_logtif.h5|2071|9771|873176,7,0.9661300267492022,0.9346173575946263,0.027591858325260028,0.9895975845200675,0.9888317584991455,0.9692690883363996,0.9648630976676941
final_20260804-224906_augmented_spots_train_e200_b20_lr0.0002_s1,?|IN718_twins_logtif.h5|410|1787|155381,7,0.9796592678342547,0.9606817449842181,0.04101494939199516,0.9902027079037258,0.9863705294472831,0.9693221535001483,0.9374822854995728
final_20260804-224906_augmented_spots_train_e200_b20_lr0.0002_s1,?|Al_big_grains_logtif.h5|3193|3193|103134,3,0.9676800767580668,0.9379550019900004,0.0290016724417607,0.9958424965540568,0.9958606163660685,0.9693391919136047,0.9669979453086853
final_20260804-224906_augmented_spots_train_e200_b20_lr0.0002_s1,?|Al_segvol.h5|781|7816|43739,3,0.9706792831420898,0.9431940913200378,0.03199951599041621,0.9943865537643433,0.9943097233772278,0.9693398873011271,0.9630224704742432
final_20260804-224906_augmented_spots_train_e200_b20_lr0.0002_s1,?|Al_segvol.h5|6687|13715|76833,3,0.97360759973526,0.9495110114415487,0.03485024472077688,0.9922990401585897,0.9918766816457113,0.9693786899248759,0.9666345715522766
final_20260804-224906_augmented_spots_train_e200_b20_lr0.0002_s1,?|Al_segvol.h5|2873|9903|55348,5,0.964285695552826,0.9319620966911316,0.025465647131204604,0.985927152633667,0.9816030144691468,0.9694100141525268,0.961464524269104
final_20260804-224906_augmented_spots_train_e200_b20_lr0.0002_s1,?|Al_segvol.h5|949|7981|44618,3,0.9743075768152872,0.9499804576237997,0.035465265934666,0.994706908861796,0.9946202635765076,0.9694211681683859,0.9625458002090455
final_20260804-224906_augmented_spots_train_e200_b20_lr0.0002_s1,?|Al_segvol.h5|5634|12664|71142,3,0.973905344804128,0.9491743246714274,0.03506282468636831,0.9950593908627828,0.9950344761212667,0.9694212675094604,0.9645373702049256
final_20260804-224906_augmented_spots_train_e200_b20_lr0.0002_s1,?|Iron_logtif.h5|1428|1428|124051,4,0.9622849971055984,0.9287929534912109,0.02343306690454483,0.9938135296106339,0.9937213063240051,0.9694259613752365,0.962288373708725
final_20260804-224906_augmented_spots_train_e200_b20_lr0.0002_s1,?|Al_big_grains_logtif.h5|1500|6444|199090,5,0.9628650546073914,0.9297213792800904,0.023985178768634798,0.9871861457824707,0.9866991639137268,0.969439959526062,0.9646901369094849
final_20260804-224906_augmented_spots_train_e200_b20_lr0.0002_s1,?|Al_big_grains_logtif.h5|504|5446|170110,3,0.9620811939239502,0.9281960725784302,0.02316983975470066,0.9950829148292542,0.9946925838788351,0.9694556991259257,0.962630295753479
final_20260804-224906_augmented_spots_train_e200_b20_lr0.0002_s1,?|Al_segvol.h5|1458|1458|8008,3,0.9700619180997213,0.9422197739283243,0.0311092014114062,0.9924411177635193,0.9921314517656962,0.9694763422012329,0.9558488965034485
final_20260804-224906_augmented_spots_train_e200_b20_lr0.0002_s1,?|IN718_twins_logtif.h5|1048|2425|207480,10,0.9759731531143189,0.9551896035671235,0.036794097255915405,0.9898025155067444,0.9850150108337402,0.9695895314216614,0.9442747116088868
final_20260804-224906_augmented_spots_train_e200_b20_lr0.0002_s1,?|Al_big_grains_logtif.h5|4234|9177|293263,4,0.9690846055746078,0.9420190900564194,0.029900843743234873,0.9930536150932312,0.992836058139801,0.9695918709039688,0.9583562195301056
final_20260804-224906_augmented_spots_train_e200_b20_lr0.0002_s1,?|Al_segvol.h5|5794|5794|32212,3,0.9776466290156046,0.9564580122629801,0.03829347218076388,0.9861721992492676,0.9856768647829691,0.9696765740712484,0.960928201675415
final_20260804-224906_augmented_spots_train_e200_b20_lr0.0002_s1,?|Al_segvol.h5|2310|9344|52333,3,0.9743987321853638,0.9503899216651917,0.03504315267006556,0.9908563693364462,0.9893224040667216,0.9696777860323588,0.9540349960327148
final_20260804-224906_augmented_spots_train_e200_b20_lr0.0002_s1,?|IN718_twins_logtif.h5|614|614|50247,8,0.9797879457473755,0.9636399000883102,0.040378001518547535,0.982532687485218,0.9733761548995972,0.9697049632668495,0.9408434152603149
final_20260804-224906_augmented_spots_train_e200_b20_lr0.0002_s1,?|Al_big_grains_logtif.h5|1670|6615|204179,4,0.963532418012619,0.9309627562761307,0.024087589466944337,0.9541313499212265,0.9523601680994034,0.9697224199771881,0.9598050117492676
final_20260804-224906_augmented_spots_train_e200_b20_lr0.0002_s1,?|Al_segvol.h5|5487|5487|30475,3,0.9812776645024618,0.9632970889409384,0.041809845715761185,0.9930673638979594,0.9930017789204916,0.9697339137395223,0.9637544512748718
final_20260804-224906_augmented_spots_train_e200_b20_lr0.0002_s1,?|IN718_twins_logtif.h5|1310|1310|111111,11,0.97207941792228,0.9490991776639764,0.03251386383040385,0.9887735572728243,0.9867126020518217,0.9697827805172313,0.9786571860313416
final_20260804-224906_augmented_spots_train_e200_b20_lr0.0002_s1,?|Al_segvol.h5|6371|13405|74953,3,0.9654580156008402,0.9336779316266378,0.025845732539892197,0.9975308974583944,0.9975264469782511,0.9698061148325602,0.964518666267395
final_20260804-224906_augmented_spots_train_e200_b20_lr0.0002_s1,?|Al_segvol.h5|4839|4839|26622,4,0.9682837277650833,0.9389313608407974,0.02865367941558361,0.9712115675210953,0.9709218889474869,0.9698150306940079,0.9622036397457123
final_20260804-224906_augmented_spots_train_e200_b20_lr0.0002_s1,?|Al_big_grains_logtif.h5|3691|8635|275638,3,0.9550111691157023,0.9160271485646566,0.015361566717425982,0.9963771303494772,0.9957870046297709,0.9698248108228048,0.9653913378715515
final_20260804-224906_augmented_spots_train_e200_b20_lr0.0002_s1,?|Al_big_grains_logtif.h5|2577|7525|234727,4,0.9623510241508484,0.9286823272705078,0.02266384125687182,0.9949874728918076,0.9949680119752884,0.9698436111211777,0.9644340455532074
final_20260804-224906_augmented_spots_train_e200_b20_lr0.0002_s1,?|Iron_logtif.h5|6541|14238|1262979,3,0.9499781330426534,0.9075798193613688,0.010200259586175283,0.9933263063430786,0.9912369648615519,0.969888965288798,0.9661443591117859
final_20260804-224906_augmented_spots_train_e200_b20_lr0.0002_s1,?|Al_segvol.h5|5944|12983|72850,4,0.9765182286500931,0.9543896317481995,0.03666887618601322,0.9913602024316788,0.99116450548172,0.9699246734380722,0.9570158839225769
final_20260804-224906_augmented_spots_train_e200_b20_lr0.0002_s1,?|Al_segvol.h5|2578|2578|14178,3,0.9752944707870483,0.951917807261149,0.035394428918759026,0.9947562019030253,0.9945394198099772,0.9699500203132629,0.9592994332313538
final_20260804-224906_augmented_spots_train_e200_b20_lr0.0002_s1,?|Al_segvol.h5|2053|9085|50885,3,0.9694745143254598,0.9415241082509359,0.029437047118941944,0.991122821966807,0.9881982207298279,0.970018744468689,0.9652792692184449
final_20260804-224906_augmented_spots_train_e200_b20_lr0.0002_s1,?|IN718_twins_logtif.h5|221|221|17940,10,0.9783025562763215,0.967078709602356,0.03820200748741627,0.9735836207866668,0.971026474237442,0.9700502693653107,0.9653743267059326
final_20260804-224906_augmented_spots_train_e200_b20_lr0.0002_s1,?|IN718_twins_logtif.h5|613|613|50155,7,0.981565535068512,0.9644838656697955,0.04145724539245878,0.9864370312009539,0.9805373464311872,0.9700541496276855,0.9425405621528625
final_20260804-224906_augmented_spots_train_e200_b20_lr0.0002_s1,?|IN718_twins_logtif.h5|604|604|49325,10,0.9748969316482544,0.955379432439804,0.03475682325661182,0.9859866023063659,0.9835480511188507,0.9700700461864471,0.9607357680797577
final_20260804-224906_augmented_spots_train_e200_b20_lr0.0002_s1,?|Al_segvol.h5|375|7405|41525,3,0.9818063179651896,0.9644923806190491,0.04165677229563395,0.9909603993097941,0.990000049273173,0.9700747927029928,0.9685492157936096
final_20260804-224906_augmented_spots_train_e200_b20_lr0.0002_s1,?|Al_big_grains_logtif.h5|2100|2100|62982,4,0.9662198275327682,0.9360509365797043,0.026016144081950188,0.9924866408109665,0.9890894591808319,0.970101848244667,0.9623565971851349
final_20260804-224906_augmented_spots_train_e200_b20_lr0.0002_s1,?|IN718_twins_logtif.h5|352|1729|148975,8,0.9737663567066193,0.9523916393518448,0.03350693150423467,0.989761471748352,0.9883504882454872,0.9701297134160995,0.9493815779685975
final_20260804-224906_augmented_spots_train_e200_b20_lr0.0002_s1,?|Iron_logtif.h5|5682|5682|484126,3,0.9615051547686259,0.9260297417640686,0.021192195514837902,0.9970770676930746,0.9969745477040609,0.9701564709345499,0.96326242685318
final_20260804-224906_augmented_spots_train_e200_b20_lr0.0002_s1,?|Al_big_grains_logtif.h5|3942|8887|283958,5,0.9568117618560791,0.9225228548049926,0.016431858576834203,0.9855170965194702,0.9851172924041748,0.9701899528503418,0.951689076423645
final_20260804-224906_augmented_spots_train_e200_b20_lr0.0002_s1,?|Al_segvol.h5|2339|9371|52469,3,0.9814962347348531,0.9637645880381266,0.04110345244407654,0.9890309572219849,0.9889539480209351,0.9701964060465494,0.9673965215682984
final_20260804-224906_augmented_spots_train_e200_b20_lr0.0002_s1,?|Al_segvol.h5|3851|3851|21038,3,0.9686244130134583,0.9393993814786276,0.028220300873120625,0.9968198736508688,0.9968040784200033,0.9702020684878031,0.9660796761512757
final_20260804-224906_augmented_spots_train_e200_b20_lr0.0002_s1,?|Al_segvol.h5|924|924|5068,3,0.978451669216156,0.9579771558443705,0.037839921191334724,0.9930235743522644,0.9929176171620687,0.9703058997790018,0.9667679786682128
final_20260804-224906_augmented_spots_train_e200_b20_lr0.0002_s1,?|Al_segvol.h5|2575|2575|14173,3,0.9669771194458008,0.936581015586853,0.026340645427505176,0.9939931829770406,0.9925407965977987,0.9703182180722555,0.9681198000907898
final_20260804-224906_augmented_spots_train_e200_b20_lr0.0002_s1,?|IN718_twins_logtif.h5|123|1500|130339,9,0.9716121090783013,0.9485150973002116,0.030919929966330528,0.9911630484792922,0.9871741135915121,0.970346086555057,0.9538332343101501
final_20260804-224906_augmented_spots_train_e200_b20_lr0.0002_s1,?|IN718_twins_logtif.h5|111|111|10106,4,0.9772141575813293,0.9557067304849625,0.036502820206806064,0.9918278455734253,0.9911004453897476,0.9703556597232819,0.9513358473777771
final_20260804-224906_augmented_spots_train_e200_b20_lr0.0002_s1,?|Al_segvol.h5|1575|8609|48049,5,0.9666181325912475,0.9357454776763916,0.025834926404058933,0.9960500478744507,0.9960070610046386,0.970391595363617,0.9610493898391723
final_20260804-224906_augmented_spots_train_e200_b20_lr0.0002_s1,?|IN718_twins_logtif.h5|1158|1158|96192,5,0.9890026569366455,0.9783714890480042,0.04818835873156786,0.9846293449401855,0.9833908557891846,0.9704071760177613,0.9472937107086181
final_20260804-224906_augmented_spots_train_e200_b20_lr0.0002_s1,?|Al_segvol.h5|3368|10403|57873,3,0.9745591481526693,0.9505601127942404,0.03373429241279761,0.9923797448476156,0.9918806155522665,0.9704124132792155,0.957238745689392
final_20260804-224906_augmented_spots_train_e200_b20_lr0.0002_s1,?|Al_big_grains_logtif.h5|1634|6578|203066,4,0.9732788950204849,0.9482971280813217,0.032437363639473915,0.9878740608692169,0.9864697009325027,0.9704207479953766,0.9598140954971314
final_20260804-224906_augmented_spots_train_e200_b20_lr0.0002_s1,?|Al_segvol.h5|3231|3231|17671,3,0.9676781892776489,0.9376931190490723,0.02683154245217641,0.9979433616002401,0.9979246457417806,0.9704233209292094,0.9660379409790039
final_20260804-224906_augmented_spots_train_e200_b20_lr0.0002_s1,?|Al_big_grains_logtif.h5|634|5579|173066,3,0.9598084489504496,0.9238531390825907,0.01896023005247116,0.9968537290891012,0.9967232346534729,0.9704241156578064,0.9576596736907959
final_20260804-224906_augmented_spots_train_e200_b20_lr0.0002_s1,?|Al_big_grains_logtif.h5|3940|3940|128280,4,0.9727554023265839,0.9475410133600235,0.031799337128177285,0.9882743954658508,0.9880662858486176,0.9704780280590057,0.9635201454162597
final_20260804-224906_augmented_spots_train_e200_b20_lr0.0002_s1,?|Iron_logtif.h5|3532|3532|294171,3,0.963603675365448,0.9302909175554911,0.022577427327632904,0.997313400109609,0.9972297549247742,0.9705131451288859,0.9673471570014953
final_20260804-224906_augmented_spots_train_e200_b20_lr0.0002_s1,?|Al_big_grains_logtif.h5|4071|9016|288184,3,0.9562394022941589,0.9204133550326029,0.01515110768377781,0.9680109620094299,0.9663394292195638,0.9705441395441691,0.957718014717102
final_20260804-224906_augmented_spots_train_e200_b20_lr0.0002_s1,?|Al_big_grains_logtif.h5|4173|9117|291496,3,0.9630703926086426,0.9288748105367025,0.021959689756234486,0.9923476378122965,0.9923311273256937,0.9705553650856018,0.9661671161651612
final_20260804-224906_augmented_spots_train_e200_b20_lr0.0002_s1,?|Al_big_grains_logtif.h5|3429|8373|265649,4,0.9715896248817444,0.9455784112215042,0.030438465531915426,0.9392611235380173,0.9277736395597458,0.970575600862503,0.9593034088611603
final_20260804-224906_augmented_spots_train_e200_b20_lr0.0002_s1,?|Al_segvol.h5|1458|8490|47447,3,0.9793881177902222,0.9596737821896871,0.038233825316031776,0.9873872399330139,0.9873415231704712,0.9705771207809448,0.9588678359985352
final_20260804-224906_augmented_spots_train_e200_b20_lr0.0002_s1,?|IN718_twins_logtif.h5|1070|1070|89438,6,0.9856023689111074,0.9722245832284292,0.044415631952385105,0.9888189136981964,0.9836318989594778,0.9705933630466461,0.9545796513557434
final_20260804-224906_augmented_spots_train_e200_b20_lr0.0002_s1,?|Iron_logtif.h5|2753|2753|234533,4,0.9543417692184448,0.9150417447090149,0.013135313522070646,0.9836621284484863,0.9813269227743149,0.9706032127141953,0.9615488111972809
final_20260804-224906_augmented_spots_train_e200_b20_lr0.0002_s1,?|IN718_twins_logtif.h5|1004|1004|82009,10,0.9755186676979065,0.9556492984294891,0.034257625695317984,0.9887497663497925,0.9838838875293732,0.9706305146217347,0.9659573256969451
final_20260804-224906_augmented_spots_train_e200_b20_lr0.0002_s1,?|Al_segvol.h5|1004|1004|5497,3,0.9693164428075155,0.9406670530637106,0.028053489203254383,0.9922649264335632,0.9920234680175781,0.97063148021698,0.9699248552322388
final_20260804-224906_augmented_spots_train_e200_b20_lr0.0002_s1,?|Al_segvol.h5|1633|1633|8897,3,0.980288048585256,0.9614900350570679,0.0390047033627828,0.9923906723658243,0.9920134941736857,0.9706416726112366,0.9612515330314636
final_20260804-224906_augmented_spots_train_e200_b20_lr0.0002_s1,?|IN718_twins_logtif.h5|1340|2717|234141,9,0.9793461826112535,0.9628211855888367,0.03805612131125397,0.9884476727909512,0.9827041096157498,0.970645030339559,0.9521207332611084
final_20260804-224906_augmented_spots_train_e200_b20_lr0.0002_s1,?|Al_big_grains_logtif.h5|4871|4871|155367,3,0.9691938559214274,0.940521240234375,0.02781597152352333,0.9936192035675049,0.9935137430826823,0.9706889390945435,0.9682439208030701
final_20260804-224906_augmented_spots_train_e200_b20_lr0.0002_s1,?|Al_segvol.h5|5793|5793|32208,4,0.9773355722427368,0.9557386934757233,0.035878602880984545,0.9893674701452255,0.9890749156475067,0.9707284867763519,0.9635653734207154
final_20260804-224906_augmented_spots_train_e200_b20_lr0.0002_s1,?|Al_big_grains_logtif.h5|969|969|26086,3,0.957981288433075,0.9219783345858256,0.016381664512058098,0.9926672776540121,0.9924646417299906,0.9707998037338257,0.9643525719642639
final_20260804-224906_augmented_spots_train_e200_b20_lr0.0002_s1,?|Al_big_grains_logtif.h5|197|5141|163428,3,0.9790379206339518,0.9593974749247233,0.037426093593239784,0.9834115703900655,0.9822832743326823,0.9708059231440226,0.9503611564636231
final_20260804-224906_augmented_spots_train_e200_b20_lr0.0002_s1,?|IN718_twins_logtif.h5|1115|2493|213617,5,0.9812108874320984,0.964998209476471,0.0395551260560751,0.9901737213134766,0.9875237584114075,0.9708279013633728,0.9442173957824707
final_20260804-224906_augmented_spots_train_e200_b20_lr0.0002_s1,?|Al_segvol.h5|2655|9688|54174,3,0.9748242497444153,0.951095441977183,0.03306374326348305,0.9906760454177856,0.9905582070350647,0.9708802501360575,0.9616142034530639
final_20260804-224906_augmented_spots_train_e200_b20_lr0.0002_s1,?|Iron_logtif.h5|668|8366|755674,3,0.9530475536982218,0.9140720168749491,0.01126349251717329,0.9934455355008444,0.9931550025939941,0.9708920319875082,0.95953209400177
final_20260804-224906_augmented_spots_train_e200_b20_lr0.0002_s1,?|Al_big_grains_logtif.h5|195|195|7170,3,0.9722685217857361,0.9468307892481486,0.030405477931102116,0.9873151779174805,0.9872596462567648,0.9709315299987793,0.9623699307441711
final_20260804-224906_augmented_spots_train_e200_b20_lr0.0002_s1,?|IN718_twins_logtif.h5|1043|1043|87383,9,0.9780186216036478,0.9588751594225565,0.03613764585720168,0.9900380969047546,0.9874960250324674,0.9709404905637106,0.9460757732391357
final_20260804-224906_augmented_spots_train_e200_b20_lr0.0002_s1,?|Al_segvol.h5|4320|11352|63206,4,0.9738586843013763,0.9492328613996506,0.031852508429437876,0.9946377277374268,0.9946113228797913,0.9710030853748322,0.9662646949291229
final_20260804-224906_augmented_spots_train_e200_b20_lr0.0002_s1,?|IN718_twins_logtif.h5|262|1639|141302,7,0.9863204870905194,0.9740761603627887,0.044313706191522736,0.9877146993364606,0.9831218378884452,0.9710033791405814,0.9446022033691406
final_20260804-224906_augmented_spots_train_e200_b20_lr0.0002_s1,?|IN718_twins_logtif.h5|270|1647|142222,12,0.9820852875709534,0.9664129118124644,0.04007665580138564,0.9780456523100535,0.9682474384705225,0.97100430727005,0.975268816947937
final_20260804-224906_augmented_spots_train_e200_b20_lr0.0002_s1,?|Al_big_grains_logtif.h5|3043|7988|252291,6,0.9656424125035604,0.9340292612711588,0.023580376990139484,0.9978100856145223,0.9977936049302419,0.9710310300191244,0.9674208760261536
final_20260804-224906_augmented_spots_train_e200_b20_lr0.0002_s1,?|IN718_twins_logtif.h5|1025|2404|205352,8,0.9698783233761787,0.9448000639677048,0.027699173893779516,0.9906089976429939,0.9891892522573471,0.9710895717144012,0.9525258421897889
final_20260804-224906_augmented_spots_train_e200_b20_lr0.0002_s1,?|IN718_twins_logtif.h5|30|30|1419,9,0.9773808651500278,0.9587783084975349,0.03497472715874513,0.9901895655526055,0.9848793745040894,0.9712030622694228,0.9587936997413635
final_20260804-224906_augmented_spots_train_e200_b20_lr0.0002_s1,?|Al_segvol.h5|742|7775|43549,4,0.9653554111719131,0.9334671646356583,0.022912849439308047,0.994476318359375,0.9944283217191696,0.9712212830781937,0.9616028308868408
final_20260804-224906_augmented_spots_train_e200_b20_lr0.0002_s1,?|Al_big_grains_logtif.h5|2137|2137|64038,4,0.9580333083868027,0.9218657910823822,0.015429929597303271,0.9904264658689499,0.9899905472993851,0.9713016748428345,0.9590026319026947
final_20260804-224906_augmented_spots_train_e200_b20_lr0.0002_s1,?|IN718_twins_logtif.h5|198|1575|135499,7,0.9802288838795253,0.9618753790855408,0.03760424203106335,0.9897714938436236,0.9838869656835284,0.9713123270443508,0.945515489578247
final_20260804-224906_augmented_spots_train_e200_b20_lr0.0002_s1,?|Al_segvol.h5|4732|4732|25972,5,0.9800062775611877,0.9609509825706481,0.03726564459502697,0.9947192072868347,0.9945569157600402,0.9713703393936157,0.9647372484207153
final_20260804-224906_augmented_spots_train_e200_b20_lr0.0002_s1,?|IN718_twins_logtif.h5|961|961|79632,7,0.9824384365762983,0.9661879198891776,0.03969045249479158,0.9899211951664516,0.9875874519348145,0.9713739837918963,0.9564920902252197
final_20260804-224906_augmented_spots_train_e200_b20_lr0.0002_s1,?|Iron_logtif.h5|3908|11608|1022077,5,0.959556519985199,0.9224284410476684,0.016767782717943193,0.9953593254089356,0.9951340079307556,0.9713943362236023,0.9680727243423461
final_20260804-224906_augmented_spots_train_e200_b20_lr0.0002_s1,?|Al_segvol.h5|1008|8037|44934,4,0.9808229207992554,0.962807223200798,0.03801361843943596,0.9925585836172104,0.9925288408994675,0.9714046567678452,0.9682205140590667
final_20260804-224906_augmented_spots_train_e200_b20_lr0.0002_s1,?|Al_segvol.h5|2531|2531|13946,4,0.9670320153236389,0.9365564733743668,0.024197513703256845,0.9968525916337967,0.9967873692512512,0.9714172333478928,0.9670242488384246
final_20260804-224906_augmented_spots_train_e200_b20_lr0.0002_s1,?|Al_segvol.h5|2602|9634|53870,3,0.9748859405517578,0.951352596282959,0.03199348412454128,0.9872590899467468,0.987196127573649,0.9714462359746298,0.9676379084587097
final_20260804-224906_augmented_spots_train_e200_b20_lr0.0002_s1,?|Iron_logtif.h5|420|8114|730383,3,0.9623390833536783,0.9288832147916158,0.019384365218381088,0.9899835586547852,0.9899378220240275,0.9714773893356323,0.967757773399353
final_20260804-224906_augmented_spots_train_e200_b20_lr0.0002_s1,?|Al_segvol.h5|1366|8396|46946,4,0.966567650437355,0.935902550816536,0.023594025056809187,0.9947122633457184,0.9945243895053864,0.9714868068695068,0.964768922328949
final_20260804-224906_augmented_spots_train_e200_b20_lr0.0002_s1,?|Al_segvol.h5|5835|12868|72229,7,0.9783188700675964,0.9578529255730766,0.03534491333578314,0.9898063114711216,0.9893637640135629,0.9714870027133397,0.9522339582443238
final_20260804-224906_augmented_spots_train_e200_b20_lr0.0002_s1,?|Al_segvol.h5|3687|3687|20146,3,0.9761908253033956,0.9536576469739279,0.033191087345282234,0.9921144048372904,0.9919883608818054,0.9714998602867126,0.9651994109153748
final_20260804-224906_augmented_spots_train_e200_b20_lr0.0002_s1,?|IN718_twins_logtif.h5|755|2132|185499,10,0.976689201593399,0.9562398314476013,0.03364733774214983,0.9941254377365112,0.9881801962852478,0.9715209364891052,0.963965117931366
final_20260804-224906_augmented_spots_train_e200_b20_lr0.0002_s1,?|Al_segvol.h5|4839|11875|66249,3,0.965882420539856,0.9358786741892496,0.022779303292433422,0.9793835878372192,0.97773543993632,0.9715515573819479,0.962682557106018
final_20260804-224906_augmented_spots_train_e200_b20_lr0.0002_s1,?|Al_segvol.h5|90|7121|40005,5,0.9788376808166503,0.9585850715637207,0.03573058322072029,0.9942674994468689,0.9942042589187622,0.9715535402297973,0.9674505352973938
final_20260804-224906_augmented_spots_train_e200_b20_lr0.0002_s1,?|Iron_logtif.h5|4451|4451|372069,3,0.9665852189064026,0.935553769270579,0.023450452834367752,0.9964068531990051,0.9963839451471964,0.9715674122174581,0.967872142791748
final_20260804-224906_augmented_spots_train_e200_b20_lr0.0002_s1,?|Al_segvol.h5|3589|3589|19708,3,0.9767682949701945,0.9546395937601725,0.03355272859334946,0.9949847459793091,0.9945496718088785,0.9716077844301859,0.9668914079666138
final_20260804-224906_augmented_spots_train_e200_b20_lr0.0002_s1,?|Al_segvol.h5|3957|3957|21574,5,0.9757335901260376,0.9527872204780579,0.03247643709182739,0.9948411226272583,0.9947527527809144,0.9716285586357116,0.9684748530387879
final_20260804-224906_augmented_spots_train_e200_b20_lr0.0002_s1,?|IN718_twins_logtif.h5|1158|2535|216102,7,0.9897060649735587,0.9798102634293693,0.04642227318670068,0.9778505734034947,0.9771994182041713,0.9716418981552124,0.9453765153884888
final_20260804-224906_augmented_spots_train_e200_b20_lr0.0002_s1,?|Al_segvol.h5|1304|1304|7210,3,0.967851440111796,0.9379583597183228,0.02456049093355735,0.9965935548146566,0.996436595916748,0.9716454744338989,0.9650316715240479
final_20260804-224906_augmented_spots_train_e200_b20_lr0.0002_s1,?|Al_segvol.h5|4625|4625|25376,6,0.9857348799705505,0.9718954165776571,0.04239882497737805,0.9846194585164388,0.9845805863539377,0.971668024857839,0.9621332883834839
final_20260804-224906_augmented_spots_train_e200_b20_lr0.0002_s1,?|Al_big_grains_logtif.h5|1413|6357|196356,3,0.9700064460436503,0.9435262481371561,0.02665732738872369,0.9914867083231608,0.9909789164861044,0.9716745813687643,0.9616670250892639
final_20260804-224906_augmented_spots_train_e200_b20_lr0.0002_s1,?|Iron_logtif.h5|1561|9258|832634,3,0.96255095799764,0.9281423886617025,0.019192462787032127,0.9985200762748718,0.9984508554140726,0.9716792702674866,0.9671282649040223
final_20260804-224906_augmented_spots_train_e200_b20_lr0.0002_s1,?|Al_segvol.h5|2794|2794|15370,4,0.9713277369737625,0.944486141204834,0.02795493695884943,0.9958850294351578,0.9958240240812302,0.9716864228248596,0.9676606774330139
final_20260804-224906_augmented_spots_train_e200_b20_lr0.0002_s1,?|Al_segvol.h5|1705|1705|9315,5,0.9713099241256714,0.9445063471794128,0.027883438020944597,0.9949666619300842,0.9943333983421325,0.9717132449150085,0.9656558394432068
final_20260804-224906_augmented_spots_train_e200_b20_lr0.0002_s1,?|Al_segvol.h5|3231|10265|57159,4,0.9713618010282516,0.9446055591106415,0.027880721259862185,0.9933567643165588,0.9933335483074188,0.9717405438423157,0.9614888608455658
final_20260804-224906_augmented_spots_train_e200_b20_lr0.0002_s1,?|Al_segvol.h5|3583|10614|59114,5,0.9801105260848999,0.9610674858093262,0.03661941066384315,0.993300485610962,0.9931595683097839,0.9717455506324768,0.9698857307434082
final_20260804-224906_augmented_spots_train_e200_b20_lr0.0002_s1,?|IN718_twins_logtif.h5|991|2368|201524,7,0.9825070926121303,0.966708949634007,0.03898630450878825,0.9909418991633824,0.982416672366006,0.9717603836740766,0.9426555633544922
final_20260804-224906_augmented_spots_train_e200_b20_lr0.0002_s1,?|Al_big_grains_logtif.h5|2393|2393|72404,4,0.9591734111309052,0.9247649013996124,0.015648722182959318,0.9148935079574585,0.9150766283273697,0.9717623442411423,0.959168690443039
final_20260804-224906_augmented_spots_train_e200_b20_lr0.0002_s1,?|Al_segvol.h5|424|7459|41783,4,0.9729692339897156,0.9477269947528839,0.029432745650410652,0.9937227219343185,0.9934196919202805,0.9717682301998138,0.9523233294486999
final_20260804-224906_augmented_spots_train_e200_b20_lr0.0002_s1,?|Al_segvol.h5|4912|4912|26987,3,0.9805513024330139,0.9618926843007406,0.03697736437122027,0.9944748481114706,0.994447390238444,0.9717869559923807,0.9630312561988831
final_20260804-224906_augmented_spots_train_e200_b20_lr0.0002_s1,?|Al_big_grains_logtif.h5|4772|4772|152603,4,0.9651055783033371,0.9332403391599655,0.021495151799172163,0.9944764822721481,0.9943209141492844,0.9718051999807358,0.9644388139247895
final_20260804-224906_augmented_spots_train_e200_b20_lr0.0002_s1,?|Al_big_grains_logtif.h5|4418|9361|298674,5,0.9734227895736695,0.9489580392837524,0.029773085191845895,0.9950881719589233,0.9936069488525391,0.9718248605728149,0.9576298832893372
final_20260804-224906_augmented_spots_train_e200_b20_lr0.0002_s1,?|IN718_twins_logtif.h5|1025|1025|85554,13,0.98104471885241,0.9634115741803095,0.037265399614205726,0.9898136120576125,0.9857638432429388,0.9718896517386804,0.9444649934768676
final_20260804-224906_augmented_spots_train_e200_b20_lr0.0002_s1,?|IN718_twins_logtif.h5|527|527|44631,11,0.9786545688455756,0.960688981142911,0.03485122932629152,0.9907349131324075,0.9815859469500455,0.9719016714529558,0.9668313264846802
final_20260804-224906_augmented_spots_train_e200_b20_lr0.0002_s1,?|Al_segvol.h5|4535|4535|24860,3,0.9655772844950358,0.9337464173634847,0.02173367204765479,0.9954402645428976,0.9952919880549113,0.9719218214352926,0.9683681964874268
final_20260804-224906_augmented_spots_train_e200_b20_lr0.0002_s1,?|Al_big_grains_logtif.h5|3069|3069|97443,3,0.962888260682424,0.929957111676534,0.019028664256135624,0.9955835342407227,0.9950026472409567,0.9719298084576925,0.962586784362793
final_20260804-224906_augmented_spots_train_e200_b20_lr0.0002_s1,?|Al_big_grains_logtif.h5|310|310|9416,4,0.9670585095882416,0.9376344680786133,0.023164058104157448,0.978522777557373,0.9762533903121948,0.9719472378492355,0.9627938091754913
final_20260804-224906_augmented_spots_train_e200_b20_lr0.0002_s1,?|Al_segvol.h5|230|230|1298,3,0.9759674072265625,0.953829844792684,0.0320563248048226,0.9570628007253011,0.9562304814656576,0.9719555775324503,0.9670556902885437
final_20260804-224906_augmented_spots_train_e200_b20_lr0.0002_s1,?|Al_segvol.h5|2558|9590|53640,3,0.9769493738810221,0.9549654920895895,0.033034445717930794,0.9953239957491556,0.9950558344523112,0.9719574848810831,0.9649525284767151
final_20260804-224906_augmented_spots_train_e200_b20_lr0.0002_s1,?|Al_big_grains_logtif.h5|765|5710|176600,4,0.9621736258268356,0.9297183156013489,0.018178768223151565,0.9951322227716446,0.9917654395103455,0.9719974398612976,0.9611880838871002
final_20260804-224906_augmented_spots_train_e200_b20_lr0.0002_s1,?|IN718_twins_logtif.h5|403|403|35209,10,0.9763204038143158,0.9549056410789489,0.03231499269604683,0.9931429505348206,0.9916805267333985,0.9720026969909668,0.9672844052314759
final_20260804-224906_augmented_spots_train_e200_b20_lr0.0002_s1,?|Al_big_grains_logtif.h5|4617|4617|148882,3,0.9730160037676493,0.9477795561154684,0.02893720505138238,0.9930807749430338,0.9929495652516683,0.9720393816630045,0.9581114888191223
final_20260804-224906_augmented_spots_train_e200_b20_lr0.0002_s1,?|Al_big_grains_logtif.h5|4943|4943|157021,3,0.960697333017985,0.926099161307017,0.016603001082936924,0.9952388803164164,0.9944157004356384,0.9720471898714701,0.9666001439094544
final_20260804-224906_augmented_spots_train_e200_b20_lr0.0002_s1,?|Al_segvol.h5|6911|13942|77951,3,0.978142241636912,0.9574941992759705,0.034037189558148384,0.9956198136011759,0.9955769777297974,0.9720525145530701,0.9668442249298096
final_20260804-224906_augmented_spots_train_e200_b20_lr0.0002_s1,?|Al_big_grains_logtif.h5|3906|8848|282733,3,0.9679123361905416,0.939547042051951,0.023751150195797283,0.985820988814036,0.9849337736765543,0.9720805883407593,0.9629804611206054
final_20260804-224906_augmented_spots_train_e200_b20_lr0.0002_s1,?|Al_big_grains_logtif.h5|3943|3943|128337,3,0.9741760492324829,0.9500023126602173,0.029980033015211422,0.9788432121276855,0.9778728485107422,0.9720979928970337,0.9609557390213013
final_20260804-224906_augmented_spots_train_e200_b20_lr0.0002_s1,?|Al_segvol.h5|2602|2602|14336,3,0.9788629213968912,0.9586397210756937,0.034626574565966926,0.9940824111302694,0.9939922491709391,0.9721181790033976,0.9618199586868286
final_20260804-224906_augmented_spots_train_e200_b20_lr0.0002_s1,?|Al_segvol.h5|1892|1892|10426,3,0.9815709193547567,0.9640705188115438,0.03720225517948469,0.9922195275624593,0.9921194712320963,0.9721843202908834,0.9674544095993042
final_20260804-224906_augmented_spots_train_e200_b20_lr0.0002_s1,?|Al_segvol.h5|4912|11943|66639,3,0.9762501120567322,0.9536719918251038,0.03183728580673536,0.9936766028404236,0.9936283230781555,0.9722064137458801,0.9673802852630615
final_20260804-224906_augmented_spots_train_e200_b20_lr0.0002_s1,?|Al_segvol.h5|2716|9742|54535,3,0.9802258610725403,0.961249589920044,0.035808480034271874,0.9937448898951212,0.9936280250549316,0.9722086985905966,0.9678706288337707
final_20260804-224906_augmented_spots_train_e200_b20_lr0.0002_s1,?|IN718_twins_logtif.h5|9|1387|119989,13,0.9804649169628437,0.9627154882137592,0.03604061815601129,0.9824899939390329,0.982086534683521,0.9722121495466965,0.9682882189750671
final_20260804-224906_augmented_spots_train_e200_b20_lr0.0002_s1,?|Al_segvol.h5|5352|12385|69369,3,0.9763970772425333,0.9542035460472107,0.03181432746350765,0.9940932194391886,0.9935819307963053,0.9722913702329,0.966244637966156
final_20260804-224906_augmented_spots_train_e200_b20_lr0.0002_s1,?|IN718_twins_logtif.h5|251|251|22172,10,0.9887619733810424,0.9788690149784088,0.04413150008767843,0.9789357483386993,0.9761582553386688,0.9723152220249176,0.9334245264530182
final_20260804-224906_augmented_spots_train_e200_b20_lr0.0002_s1,?|Al_segvol.h5|6499|13529|75679,3,0.9678441882133484,0.9377753337224325,0.023213695113857586,0.9986438353856405,0.9986192385355631,0.972315231959025,0.969479250907898
final_20260804-224906_augmented_spots_train_e200_b20_lr0.0002_s1,?|Al_deformed_LoG_logtif.h5|1|35|467180,308,0.9629937207156961,0.9300591576021987,0.01832032443157264,0.9961579366550817,0.9960842571862332,0.9723366982751078,0.9660612344741821
final_20260804-224906_augmented_spots_train_e200_b20_lr0.0002_s1,?|IN718_twins_logtif.h5|149|1526|132000,6,0.9792932073275248,0.9603467583656311,0.03457648431261381,0.9923238754272461,0.9880650838216146,0.9723583658536276,0.9513753354549408
final_20260804-224906_augmented_spots_train_e200_b20_lr0.0002_s1,?|Al_big_grains_logtif.h5|2829|7773|244775,5,0.9745741486549377,0.9517589449882508,0.02980058342218399,0.9926645278930664,0.9892509818077088,0.9723867774009705,0.9644979476928711
final_20260804-224906_augmented_spots_train_e200_b20_lr0.0002_s1,?|Al_segvol.h5|1456|8487|47426,4,0.9755310267210007,0.9525411427021027,0.030742024071514606,0.9865883141756058,0.9861508160829544,0.9723945260047913,0.965032547712326
final_20260804-224906_augmented_spots_train_e200_b20_lr0.0002_s1,?|Al_segvol.h5|2023|9053|50704,5,0.9773436069488526,0.9557347416877746,0.03248962312936783,0.996364414691925,0.9963390588760376,0.972426962852478,0.9698171377182007
final_20260804-224906_augmented_spots_train_e200_b20_lr0.0002_s1,?|Al_segvol.h5|3597|10631|59205,3,0.9658382932345072,0.9350149234135946,0.020952376847465832,0.9876294930775961,0.9873360594113668,0.9724429448445638,0.9673544049263001
final_20260804-224906_augmented_spots_train_e200_b20_lr0.0002_s1,?|Al_big_grains_logtif.h5|2098|2098|62967,3,0.9708128372828165,0.9437338511149088,0.025846994792421658,0.9915509422620138,0.9914076129595438,0.9724829395612081,0.9661894321441651
final_20260804-224906_augmented_spots_train_e200_b20_lr0.0002_s1,?|Al_big_grains_logtif.h5|4537|9479|301318,3,0.9657681783040365,0.9346570173899332,0.020801091566681862,0.991890033086141,0.9913632671038309,0.9724835554758707,0.9575453042984009
final_20260804-224906_augmented_spots_train_e200_b20_lr0.0002_s1,?|Al_big_grains_logtif.h5|4113|4113|134215,3,0.9692943692207336,0.9413917660713196,0.024302678182721138,0.9947562019030253,0.9923048615455627,0.9724958737691244,0.9669967412948608
final_20260804-224906_augmented_spots_train_e200_b20_lr0.0002_s1,?|Al_segvol.h5|6795|13826|77331,5,0.978661060333252,0.958325183391571,0.03365007191896439,0.9927663564682007,0.992710292339325,0.9725054979324341,0.9638544797897339
final_20260804-224906_augmented_spots_train_e200_b20_lr0.0002_s1,?|Al_segvol.h5|3236|3236|17680,3,0.97288050254186,0.9473297198613485,0.027843506385882694,0.9953035314877828,0.9952532847722372,0.9725185036659241,0.964861536026001
final_20260804-224906_augmented_spots_train_e200_b20_lr0.0002_s1,?|Iron_logtif.h5|2553|2553|215805,3,0.9549562136332194,0.9172324140866598,0.009904623031616211,0.9972498019536337,0.991641124089559,0.9725257953008016,0.9607318639755249
final_20260804-224906_augmented_spots_train_e200_b20_lr0.0002_s1,?|IN718_twins_logtif.h5|159|159|14176,6,0.988732635974884,0.9780475596586863,0.04365907267977794,0.9923073947429657,0.9812907675902048,0.9725367824236552,0.950042337179184
final_20260804-224906_augmented_spots_train_e200_b20_lr0.0002_s1,?|Al_segvol.h5|1524|8555|47800,3,0.9771117170651754,0.9552732308705648,0.03198218656082948,0.9961324532826742,0.9960800806681315,0.9725647767384847,0.9705140113830566
final_20260804-224906_augmented_spots_train_e200_b20_lr0.0002_s1,?|Al_big_grains_logtif.h5|4693|4693|150561,3,0.9687120119730631,0.9403482675552368,0.023522455245256424,0.9911010464032491,0.9910953442255656,0.9725947578748068,0.9668570995330811
final_20260804-224906_augmented_spots_train_e200_b20_lr0.0002_s1,?|Al_segvol.h5|5148|12178|68167,4,0.9754721075296402,0.9525252282619476,0.030256076250225306,0.9808318316936493,0.9800456315279007,0.9726080000400543,0.9617772042751312
final_20260804-224906_augmented_spots_train_e200_b20_lr0.0002_s1,?|Al_segvol.h5|4694|11728|65376,3,0.9746528466542562,0.9512946605682373,0.029423102736473083,0.9714789589246114,0.9703132510185242,0.9726148645083109,0.9597261667251586
final_20260804-224906_augmented_spots_train_e200_b20_lr0.0002_s1,?|Al_big_grains_logtif.h5|1949|6893|212716,4,0.9674775153398514,0.9375386089086533,0.022243902552872896,0.9947143495082855,0.9947127848863602,0.9726168215274811,0.9596681654453277
final_20260804-224906_augmented_spots_train_e200_b20_lr0.0002_s1,?|Al_segvol.h5|2112|2112|11690,3,0.982446293036143,0.9656107425689697,0.037197532753149666,0.9922326405843099,0.9921400547027588,0.9726243813832601,0.9550220966339111
final_20260804-224906_augmented_spots_train_e200_b20_lr0.0002_s1,?|Al_segvol.h5|1793|8824|49320,3,0.9809884428977966,0.9628906647364298,0.035711830481886864,0.9919111132621765,0.9917994737625122,0.9726383090019226,0.9620882987976074
final_20260804-224906_augmented_spots_train_e200_b20_lr0.0002_s1,?|Al_segvol.h5|3111|3111|17077,5,0.9758315563201905,0.9528838634490967,0.03051730655133724,0.9953388571739197,0.9951028466224671,0.9726571440696716,0.9648401498794555
final_20260804-224906_augmented_spots_train_e200_b20_lr0.0002_s1,?|Al_segvol.h5|3046|10078|56214,3,0.9915171066919962,0.9832514325777689,0.04619875426093737,0.9899240732192993,0.9898589054743449,0.972659190495809,0.9713032960891723
final_20260804-224906_augmented_spots_train_e200_b20_lr0.0002_s1,?|Al_segvol.h5|6432|6432|35467,3,0.9782536625862122,0.9575049082438151,0.03292503083745638,0.9947852492332458,0.9947680632273356,0.9726643363634745,0.9656399965286255
final_20260804-224906_augmented_spots_train_e200_b20_lr0.0002_s1,?|Al_big_grains_logtif.h5|1636|1636|47240,3,0.970118780930837,0.9430124958356222,0.024605511998136837,0.995306114355723,0.9952459931373596,0.9727566242218018,0.9670438170433044
final_20260804-224906_augmented_spots_train_e200_b20_lr0.0002_s1,?|Al_segvol.h5|6602|13637|76363,3,0.969767153263092,0.941713293393453,0.02424580790102482,0.9957651893297831,0.9952515562375387,0.9727606574694315,0.9587044239044189
final_20260804-224906_augmented_spots_train_e200_b20_lr0.0002_s1,?|Al_big_grains_logtif.h5|2696|2696|83221,4,0.9660585969686508,0.9351532608270645,0.02053072233684361,0.9908345639705658,0.9899010062217712,0.9727639704942703,0.9655215203762054
final_20260804-224906_augmented_spots_train_e200_b20_lr0.0002_s1,?|IN718_twins_logtif.h5|510|1887|161352,8,0.9829312190413475,0.9670023918151855,0.03737596422433853,0.9913839176297188,0.9885229095816612,0.9727776125073433,0.9426235854625702
final_20260804-224906_augmented_spots_train_e200_b20_lr0.0002_s1,?|Al_segvol.h5|5661|12695|71288,3,0.9862320224444071,0.9728558460871378,0.04060301681359609,0.9906629920005798,0.9905944466590881,0.9728145003318787,0.9701755762100219
final_20260804-224906_augmented_spots_train_e200_b20_lr0.0002_s1,?|IN718_twins_logtif.h5|606|1983|168834,8,0.9856163784861565,0.972481407225132,0.03991491440683603,0.9868248552083969,0.9856378510594368,0.9728507399559021,0.9546518921852112
final_20260804-224906_augmented_spots_train_e200_b20_lr0.0002_s1,?|Al_segvol.h5|6829|6829|37833,3,0.9766427675882975,0.9544602831204733,0.03089522322018941,0.9969225923220316,0.9968724250793457,0.9728737870852152,0.9711627244949341
final_20260804-224906_augmented_spots_train_e200_b20_lr0.0002_s1,?|Iron_logtif.h5|3296|10989|971158,3,0.972153107325236,0.9460124770800272,0.0263944814602534,0.9949567317962646,0.9949433406194051,0.9728793303171793,0.9670917510986328
final_20260804-224906_augmented_spots_train_e200_b20_lr0.0002_s1,?|Al_segvol.h5|4070|4070|22220,4,0.9752351343631744,0.9517098963260651,0.029457864351570606,0.9954634457826614,0.9954218864440918,0.9728886783123016,0.967613410949707
final_20260804-224906_augmented_spots_train_e200_b20_lr0.0002_s1,?|Al_segvol.h5|5644|5644|31422,5,0.9727818250656128,0.9471527338027954,0.026963064447045326,0.9934010148048401,0.9932170987129212,0.9729093909263611,0.9664810419082641
final_20260804-224906_augmented_spots_train_e200_b20_lr0.0002_s1,?|Al_big_grains_logtif.h5|4601|9544|304540,3,0.9654497901598612,0.934779683748881,0.01962769900759061,0.9963647127151489,0.9961885015169779,0.9729110399881998,0.9665429353713989
final_20260804-224906_augmented_spots_train_e200_b20_lr0.0002_s1,?|Al_segvol.h5|2141|2141|11884,3,0.9822393258412679,0.9651246865590414,0.03629555242757002,0.9943443934122721,0.9943074782689413,0.9729718764623007,0.9665748119354248
final_20260804-224906_augmented_spots_train_e200_b20_lr0.0002_s1,?|IN718_twins_logtif.h5|789|2167|187322,13,0.9745117609317486,0.9530066847801208,0.02854199564227691,0.9935676593046922,0.9912839394349319,0.9729848779164828,0.9677778005599975
final_20260804-224906_augmented_spots_train_e200_b20_lr0.0002_s1,?|Al_big_grains_logtif.h5|3624|3624|117005,3,0.9771786530812582,0.955818792184194,0.03108237435420354,0.9803196986516317,0.9796030322710673,0.9730481505393982,0.963235342502594
final_20260804-224906_augmented_spots_train_e200_b20_lr0.0002_s1,?|Al_segvol.h5|787|787|4376,4,0.9750410318374634,0.9514791965484619,0.028913768474012613,0.9946852773427963,0.994562417268753,0.9730636328458786,0.9650699675083161
final_20260804-224906_augmented_spots_train_e200_b20_lr0.0002_s1,?|Al_segvol.h5|996|996|5440,3,0.9614866375923157,0.928956131140391,0.01529927117129167,0.979320247968038,0.9743734002113342,0.9730936884880066,0.96411691904068
final_20260804-224906_augmented_spots_train_e200_b20_lr0.0002_s1,?|Al_segvol.h5|5151|12183|68200,4,0.9757176041603088,0.9530123174190521,0.02952797943726182,0.994493767619133,0.9943736493587494,0.9730947911739349,0.9588817417621612
final_20260804-224906_augmented_spots_train_e200_b20_lr0.0002_s1,?|Al_segvol.h5|4331|4331|23724,3,0.9745819965998331,0.9509437282880148,0.028281692415475845,0.9954775174458822,0.995189905166626,0.9731501738230387,0.9649121284484863
final_20260804-224906_augmented_spots_train_e200_b20_lr0.0002_s1,?|Al_big_grains_logtif.h5|4800|4800|153157,3,0.962459127108256,0.9296238223711649,0.0161376118970414,0.9969039360682169,0.9967329700787863,0.9731607437133789,0.958976411819458
final_20260804-224906_augmented_spots_train_e200_b20_lr0.0002_s1,?|Al_segvol.h5|2513|2513|13835,3,0.9770423372586569,0.9553990165392557,0.030711987366278965,0.9926201899846395,0.9925405383110046,0.9731651743253072,0.9667245864868164
final_20260804-224906_augmented_spots_train_e200_b20_lr0.0002_s1,?|Al_segvol.h5|5588|12619|70860,3,0.9678741494814554,0.9385235706965128,0.021537942811846733,0.9889722863833109,0.987092912197113,0.9731680949529012,0.9689316868782043
final_20260804-224906_augmented_spots_train_e200_b20_lr0.0002_s1,?|Al_segvol.h5|758|758|4245,3,0.9706067244211832,0.9435495535532633,0.024246434370676678,0.9983172019322714,0.9982807834943136,0.9731801549593607,0.9673192739486695
final_20260804-224906_augmented_spots_train_e200_b20_lr0.0002_s1,?|IN718_twins_logtif.h5|284|1661|143128,5,0.9868745565414428,0.9744365453720093,0.04048094525933266,0.986639678478241,0.9833050966262817,0.9731967806816101,0.9508771896362305
final_20260804-224906_augmented_spots_train_e200_b20_lr0.0002_s1,?|Al_segvol.h5|6949|6949|38677,4,0.9803225100040436,0.9614770859479904,0.033833535853773355,0.994394838809967,0.9943204820156097,0.9732445031404495,0.9673699259757995
final_20260804-224906_augmented_spots_train_e200_b20_lr0.0002_s1,?|IN718_twins_logtif.h5|230|1607|138204,10,0.9784144163131714,0.9595393180847168,0.03192538376897573,0.9949202120304108,0.9894074022769928,0.9732445240020752,0.955050814151764
final_20260804-224906_augmented_spots_train_e200_b20_lr0.0002_s1,?|Al_segvol.h5|571|571|3202,3,0.9737425645192465,0.9489933252334595,0.027250908315181732,0.9972094496091207,0.9971765875816345,0.9732458392779032,0.9721759796142578
final_20260804-224906_augmented_spots_train_e200_b20_lr0.0002_s1,?|Al_segvol.h5|3061|3061|16791,4,0.97760970890522,0.9563008695840836,0.03111662995070219,0.9952795207500458,0.9952630698680878,0.9732465445995331,0.9645591974258423
final_20260804-224906_augmented_spots_train_e200_b20_lr0.0002_s1,?|Al_big_grains_logtif.h5|837|837|22221,3,0.9711635112762451,0.9464205503463745,0.02461851326127847,0.9921848773956299,0.9919438362121582,0.9732725024223328,0.9628585457801819
final_20260804-224906_augmented_spots_train_e200_b20_lr0.0002_s1,?|Al_segvol.h5|5977|13012|72974,3,0.9799325466156006,0.9607890645662943,0.03338521905243397,0.9893689155578613,0.9888731241226196,0.9732736746470133,0.9656104564666748
final_20260804-224906_augmented_spots_train_e200_b20_lr0.0002_s1,?|Al_big_grains_logtif.h5|2144|2144|64238,3,0.9638869961102804,0.9334543943405151,0.017266930391391117,0.9969271024068197,0.9968618551890055,0.9733100334803263,0.9620770215988159
final_20260804-224906_augmented_spots_train_e200_b20_lr0.0002_s1,?|Al_segvol.h5|1677|1677|9136,3,0.9773696064949036,0.9559468626976013,0.030717187871535618,0.9920892715454102,0.9918517072995504,0.9733262260754904,0.9688387632369995
final_20260804-224906_augmented_spots_train_e200_b20_lr0.0002_s1,?|IN718_twins_logtif.h5|779|779|67040,7,0.9825599449021476,0.9663979070527213,0.035829629482967515,0.9939357382910592,0.9921248640332904,0.97336517061506,0.9582085251808167
final_20260804-224906_augmented_spots_train_e200_b20_lr0.0002_s1,?|Al_segvol.h5|5619|5619|31278,3,0.9796747962633768,0.9601817925771078,0.03294167543450991,0.9957049091657003,0.995047390460968,0.9733665585517883,0.9687300562858582
final_20260804-224906_augmented_spots_train_e200_b20_lr0.0002_s1,?|Al_segvol.h5|4334|4334|23730,3,0.9765977064768473,0.9545204440752665,0.029839652280012768,0.9960497419039408,0.9958279331525167,0.9733790357907613,0.967622447013855
final_20260804-224906_augmented_spots_train_e200_b20_lr0.0002_s1,?|Al_segvol.h5|5817|12850|72153,3,0.9733793139457703,0.948427677154541,0.02656414856513341,0.9964714845021566,0.9964032173156738,0.9734075665473938,0.9727979302406311
final_20260804-224906_augmented_spots_train_e200_b20_lr0.0002_s1,?|Al_segvol.h5|6146|6146|33992,3,0.974687417348226,0.9507608612378439,0.027834989751378696,0.9973093469937643,0.9973013401031494,0.9734262426694235,0.9693621397018433
final_20260804-224906_augmented_spots_train_e200_b20_lr0.0002_s1,?|Al_segvol.h5|2462|2462|13628,3,0.9769233067830404,0.9550157388051351,0.03003726216653983,0.9952873587608337,0.995172361532847,0.9734430114428202,0.9690359830856323
final_20260804-224906_augmented_spots_train_e200_b20_lr0.0002_s1,?|Al_segvol.h5|760|760|4251,5,0.9792273283004761,0.9594925999641418,0.03232798241078853,0.9949106931686401,0.9945534229278564,0.9734496951103211,0.9677629232406616
final_20260804-224906_augmented_spots_train_e200_b20_lr0.0002_s1,?|Al_segvol.h5|1028|8058|45008,4,0.9771943539381027,0.955931082367897,0.03028972912579775,0.9948174804449081,0.9941415786743164,0.9734522998332977,0.9599031448364258
final_20260804-224906_augmented_spots_train_e200_b20_lr0.0002_s1,?|Al_segvol.h5|1310|1310|7239,3,0.9764373699824015,0.9540045658747355,0.029448510458072025,0.9948592384656271,0.9946037729581197,0.9734944303830465,0.9690378785133362
final_20260804-224906_augmented_spots_train_e200_b20_lr0.0002_s1,?|Al_segvol.h5|462|7494|41984,3,0.9724920193354288,0.9472998778025309,0.025457921127478283,0.9821351567904154,0.9816207687060038,0.9735170404116312,0.966888165473938
final_20260804-224906_augmented_spots_train_e200_b20_lr0.0002_s1,?|Al_segvol.h5|5288|5288|29266,5,0.9814756155014038,0.9641888380050659,0.034397614747285844,0.9759846806526185,0.9756785035133362,0.9735390424728394,0.9583791494369507
final_20260804-224906_augmented_spots_train_e200_b20_lr0.0002_s1,?|IN718_twins_logtif.h5|1055|1055|87956,10,0.9734018445014954,0.9512943923473358,0.026294125616550444,0.9925855934619904,0.9904445588588715,0.9735538423061371,0.963214385509491
final_20260804-224906_augmented_spots_train_e200_b20_lr0.0002_s1,?|Iron_logtif.h5|7261|7261|651489,3,0.9639898935953776,0.9314525723457336,0.016865042659143608,0.9950151840845743,0.9943427642186483,0.9735624392827352,0.9664532661437988
final_20260804-224906_augmented_spots_train_e200_b20_lr0.0002_s1,?|Al_segvol.h5|711|7746|43402,3,0.9833577871322632,0.9672742486000061,0.0361582071830829,0.9871579011281332,0.986972451210022,0.9735997915267944,0.963098692893982
final_20260804-224906_augmented_spots_train_e200_b20_lr0.0002_s1,?|Al_segvol.h5|6207|6207|34321,4,0.9794891923666,0.9599036872386932,0.03227689675986767,0.9946440756320953,0.9946352243423462,0.9736061543226242,0.9674034476280212
final_20260804-224906_augmented_spots_train_e200_b20_lr0.0002_s1,?|Al_segvol.h5|5060|12093|67566,5,0.9651933193206788,0.9342646360397339,0.01794959120452404,0.994434905052185,0.9941582322120667,0.9736218690872193,0.963046669960022
final_20260804-224906_augmented_spots_train_e200_b20_lr0.0002_s1,?|Al_segvol.h5|5833|5833|32409,4,0.9809232652187347,0.9626325517892838,0.03364936914294958,0.9932634234428406,0.9931673556566238,0.9736369252204895,0.9661928653717041
final_20260804-224906_augmented_spots_train_e200_b20_lr0.0002_s1,?|IN718_twins_logtif.h5|390|1766|152564,13,0.9804268800295316,0.963572213282952,0.03313229175714346,0.9921991137357858,0.9891558839724615,0.9736472872587351,0.9727526068687439
final_20260804-224906_augmented_spots_train_e200_b20_lr0.0002_s1,?|Al_segvol.h5|3020|10052|56069,3,0.9760695298512777,0.953446090221405,0.028757137556870777,0.9960194826126099,0.9959332148234049,0.9736562172571818,0.9690388917922974
final_20260804-224906_augmented_spots_train_e200_b20_lr0.0002_s1,?|Al_segvol.h5|1093|1093|5963,3,0.9731349349021912,0.9483466545740763,0.025610005483031273,0.9949362476666769,0.9947739243507385,0.9737624724706014,0.9656116008758545
final_20260804-224906_augmented_spots_train_e200_b20_lr0.0002_s1,?|IN718_twins_logtif.h5|325|325|28825,6,0.9823082089424133,0.9659174780050913,0.03477562218904495,0.9941949248313904,0.990852286418279,0.9737663070360819,0.9549460709095001
final_20260804-224906_augmented_spots_train_e200_b20_lr0.0002_s1,?|Iron_logtif.h5|3283|10980|970228,3,0.9598730405171713,0.9241443475087484,0.012333069927990437,0.9974308808644613,0.9968116680781046,0.9737699627876282,0.9720122814178467
final_20260804-224906_augmented_spots_train_e200_b20_lr0.0002_s1,?|Al_big_grains_logtif.h5|3787|8730|278465,3,0.9724346399307251,0.947049597899119,0.024884368603428204,0.9845139781634012,0.9842391411463419,0.9737751285235087,0.9704546451568603
final_20260804-224906_augmented_spots_train_e200_b20_lr0.0002_s1,?|Al_segvol.h5|1602|1602|8738,3,0.9772195418675741,0.9557694594065348,0.029638965303699177,0.9936879475911459,0.9934399922688802,0.9737902879714966,0.9662490129470825
final_20260804-224906_augmented_spots_train_e200_b20_lr0.0002_s1,?|IN718_twins_logtif.h5|491|1868|159752,12,0.9738899767398834,0.9505079438289007,0.02627823796744148,0.9952594588200251,0.9939634501934052,0.9738058745861053,0.9752013087272644
final_20260804-224906_augmented_spots_train_e200_b20_lr0.0002_s1,?|Al_segvol.h5|2257|2257|12488,4,0.9791560918092728,0.9596304446458817,0.0315146641805768,0.9910498708486557,0.9908178895711899,0.9738207161426544,0.9686946153640748
final_20260804-224906_augmented_spots_train_e200_b20_lr0.0002_s1,?|Al_segvol.h5|6720|6720|37280,3,0.9719680945078532,0.9456576506296793,0.024316598971684773,0.9956785440444946,0.9955906271934509,0.9738257527351379,0.9687125444412231
final_20260804-224906_augmented_spots_train_e200_b20_lr0.0002_s1,?|Al_big_grains_logtif.h5|4821|4821|153713,3,0.9718648989995321,0.9458748499552408,0.024193760628501575,0.9849482377370199,0.982964038848877,0.9738355875015259,0.9604998826980591
final_20260804-224906_augmented_spots_train_e200_b20_lr0.0002_s1,?|Al_segvol.h5|5444|5444|30205,4,0.9655798375606537,0.9341885447502136,0.01785486750304699,0.9864878207445145,0.9852562993764877,0.9738624840974808,0.9700580298900604
final_20260804-224906_augmented_spots_train_e200_b20_lr0.0002_s1,?|IN718_twins_logtif.h5|1372|1372|118841,11,0.9758578322150491,0.9550304196097634,0.028098821301351894,0.9937216422774575,0.9926223971626975,0.9738795161247253,0.9723761677742004
final_20260804-224906_augmented_spots_train_e200_b20_lr0.0002_s1,?|Al_segvol.h5|1696|8729|48737,3,0.9767516652743021,0.9547579487164816,0.028891875098148983,0.9947841763496399,0.9944315155347189,0.9739299019177755,0.971956193447113
final_20260804-224906_augmented_spots_train_e200_b20_lr0.0002_s1,?|Al_segvol.h5|2736|2736|15108,3,0.9803222417831421,0.9617407123247782,0.03237243431309859,0.9957481622695923,0.9956682721773783,0.973974883556366,0.971843147277832
final_20260804-224906_augmented_spots_train_e200_b20_lr0.0002_s1,?|IN718_twins_logtif.h5|1034|2411|205839,6,0.9843253791332245,0.9697613517443339,0.036333185620605946,0.9919843872388204,0.989488552014033,0.973996082941691,0.9562398791313171
final_20260804-224906_augmented_spots_train_e200_b20_lr0.0002_s1,?|IN718_twins_logtif.h5|281|1658|142990,11,0.9779387278990312,0.9571405649185181,0.029931522397832436,0.994703623381528,0.9936275807293978,0.9740036075765436,0.9495124816894531
final_20260804-224906_augmented_spots_train_e200_b20_lr0.0002_s1,?|IN718_twins_logtif.h5|1182|2560|219161,5,0.9842185735702514,0.9693915367126464,0.03620239533483982,0.9933529138565064,0.9878124117851257,0.9740080833435059,0.9533910751342773
final_20260804-224906_augmented_spots_train_e200_b20_lr0.0002_s1,?|IN718_twins_logtif.h5|440|440|38225,8,0.9838823527097702,0.9688030704855919,0.03584295837208629,0.9926362261176109,0.9899313449859619,0.9740196987986565,0.9591506540775299
final_20260804-224906_augmented_spots_train_e200_b20_lr0.0002_s1,?|IN718_twins_logtif.h5|637|637|51584,10,0.9824667394161224,0.9660894095897674,0.034423953667283055,0.9913124978542328,0.9888816356658936,0.9740213990211487,0.946532928943634
final_20260804-224906_augmented_spots_train_e200_b20_lr0.0002_s1,?|Al_segvol.h5|2791|2791|15361,4,0.97292160987854,0.9474696218967438,0.02479393081739545,0.9957403242588043,0.995733380317688,0.9740638434886932,0.9693777918815613
final_20260804-224906_augmented_spots_train_e200_b20_lr0.0002_s1,?|IN718_twins_logtif.h5|171|1547|133814,4,0.9800234138965607,0.9609019607305527,0.03177569527179003,0.9950425326824188,0.9945809990167618,0.9741238355636597,0.9606300115585327
final_20260804-224906_augmented_spots_train_e200_b20_lr0.0002_s1,?|Al_segvol.h5|2812|2812|15482,5,0.9815863728523254,0.9639352679252624,0.033271347731351854,0.9928721070289612,0.992763352394104,0.9741575241088867,0.9606462955474854
final_20260804-224906_augmented_spots_train_e200_b20_lr0.0002_s1,?|Al_big_grains_logtif.h5|1388|1388|39712,4,0.96235591173172,0.9296487718820572,0.014038770459592342,0.9811654090881348,0.9789977073669434,0.9741585850715637,0.966339498758316
final_20260804-224906_augmented_spots_train_e200_b20_lr0.0002_s1,?|IN718_twins_logtif.h5|991|991|81553,10,0.9822912514209747,0.9676577508449554,0.033907562494277954,0.9919848084449768,0.9868889510631561,0.9741918444633484,0.9573066771030426
final_20260804-224906_augmented_spots_train_e200_b20_lr0.0002_s1,?|Al_segvol.h5|3736|3736|20374,3,0.9761541684468588,0.9536134799321493,0.027748753627141316,0.9966728289922079,0.9966004292170206,0.9742027123769125,0.9686906337738037
final_20260804-224906_augmented_spots_train_e200_b20_lr0.0002_s1,?|Al_segvol.h5|4152|4152|22675,3,0.9816720883051554,0.96406356493632,0.03324239204327265,0.9953110218048096,0.9952790935834249,0.9742148518562317,0.9738710165023804
final_20260804-224906_augmented_spots_train_e200_b20_lr0.0002_s1,?|Al_segvol.h5|347|7379|41381,4,0.9794430136680603,0.9597592204809189,0.03097628941759467,0.9944423139095306,0.994398683309555,0.9742333441972733,0.9697037816047669
final_20260804-224906_augmented_spots_train_e200_b20_lr0.0002_s1,?|Al_segvol.h5|6364|6364|35122,3,0.9793697992960612,0.9598597685496012,0.030894724031289417,0.9946181774139404,0.9944082299868265,0.9742375612258911,0.9704452276229858
final_20260804-224906_augmented_spots_train_e200_b20_lr0.0002_s1,?|Al_big_grains_logtif.h5|306|5252|165532,4,0.9679182767868042,0.9382786452770233,0.019401120487600565,0.9962789714336395,0.996138721704483,0.9742585718631744,0.9700814127922058
final_20260804-224906_augmented_spots_train_e200_b20_lr0.0002_s1,?|Al_big_grains_logtif.h5|3867|8811|281554,3,0.9653558731079102,0.9347350200017294,0.01682543195784092,0.9862174789110819,0.9609582424163818,0.9742652177810669,0.9677000761032104
final_20260804-224906_augmented_spots_train_e200_b20_lr0.0002_s1,?|IN718_twins_logtif.h5|1310|2688|230579,7,0.9739948851721627,0.9513069646699088,0.02542682151709284,0.9970852051462445,0.9944429823330471,0.9742840528488159,0.9579957962036133
final_20260804-224906_augmented_spots_train_e200_b20_lr0.0002_s1,?|IN718_twins_logtif.h5|5|5|439,10,0.9833020329475403,0.9677160441875458,0.034731322340667246,0.9845552206039428,0.9824624240398407,0.9742853462696075,0.9471764922142029
final_20260804-224906_augmented_spots_train_e200_b20_lr0.0002_s1,?|Al_segvol.h5|5117|12146|67938,3,0.9764033555984497,0.9541617830594381,0.027830155566334724,0.9981653690338135,0.9981347918510437,0.9742865959803263,0.9703881859779357
final_20260804-224906_augmented_spots_train_e200_b20_lr0.0002_s1,?|Al_segvol.h5|4961|4961|27233,3,0.9791896144549052,0.9593487779299418,0.030508312707146008,0.99503493309021,0.9949499169985453,0.9743406375249227,0.9684364080429078
final_20260804-224906_augmented_spots_train_e200_b20_lr0.0002_s1,?|Al_segvol.h5|1430|8462|47292,3,0.9799243013064066,0.9607654611269633,0.0312374463925759,0.9963697791099548,0.9963300625483195,0.9743434190750122,0.9727853536605835
final_20260804-224906_augmented_spots_train_e200_b20_lr0.0002_s1,?|Al_big_grains_logtif.h5|3193|8138|258903,3,0.9667727947235107,0.9362507661183676,0.01803473321100076,0.9970593452453613,0.9970024824142456,0.9743690292040507,0.9687446594238281
final_20260804-224906_augmented_spots_train_e200_b20_lr0.0002_s1,?|Al_segvol.h5|1602|8634|48175,5,0.9756056904792786,0.9527996778488159,0.026867297291755677,0.9969192028045655,0.9968522667884827,0.9743691802024841,0.9683080196380616
final_20260804-224906_augmented_spots_train_e200_b20_lr0.0002_s1,?|Al_segvol.h5|5720|5720|31831,3,0.9815077980359396,0.9638722141583761,0.032741144920388855,0.9866750637690226,0.9866212805112203,0.9743833144505819,0.971198582649231
final_20260804-224906_augmented_spots_train_e200_b20_lr0.0002_s1,?|Al_segvol.h5|22|22|148,4,0.9783078879117966,0.957732692360878,0.029540617018938065,0.9934317469596863,0.9930233210325241,0.9743836522102356,0.9661456942558289
final_20260804-224906_augmented_spots_train_e200_b20_lr0.0002_s1,?|Al_segvol.h5|3483|10515|58571,4,0.9868874549865723,0.9741829037666321,0.03811701852828264,0.9899708181619644,0.9860374331474304,0.9743852317333221,0.9697232961654663
final_20260804-224906_augmented_spots_train_e200_b20_lr0.0002_s1,?|Al_segvol.h5|2365|2365|13085,3,0.9733110268910726,0.9483604431152344,0.024532113845149677,0.9973341623942057,0.9973019560178121,0.9743894537289938,0.9717890977859497
final_20260804-224906_augmented_spots_train_e200_b20_lr0.0002_s1,?|Al_segvol.h5|664|7697|43151,3,0.9813615083694458,0.9634709159533182,0.03256383538246155,0.9947847127914429,0.9946888486544291,0.9743988513946533,0.9706021785736084
final_20260804-224906_augmented_spots_train_e200_b20_lr0.0002_s1,?|Iron_logtif.h5|7672|7672|690296,5,0.9610183954238891,0.9266331672668457,0.012148475646972657,0.9914405345916748,0.9906279087066651,0.9744349598884583,0.9706512689590454
final_20260804-224906_augmented_spots_train_e200_b20_lr0.0002_s1,?|Al_segvol.h5|3943|10974|61041,3,0.9784543514251709,0.9578392704327902,0.02957242044309775,0.994878093401591,0.9946872194608053,0.9744409720102946,0.9702422142028808
final_20260804-224906_augmented_spots_train_e200_b20_lr0.0002_s1,?|Al_segvol.h5|5469|5469|30365,3,0.9780464569727579,0.9571129282315572,0.029106120268503826,0.9976117014884949,0.9973738193511963,0.9744701584180196,0.9704979658126831
final_20260804-224906_augmented_spots_train_e200_b20_lr0.0002_s1,?|Al_segvol.h5|4118|4118|22498,4,0.965619295835495,0.934278815984726,0.01667504059150815,0.9985276758670807,0.9984554350376129,0.9744721055030823,0.9721795320510864
final_20260804-224906_augmented_spots_train_e200_b20_lr0.0002_s1,?|Al_segvol.h5|767|7800|43653,3,0.9839816292126974,0.9685232837994894,0.0350021713723739,0.9946292837460836,0.9945846796035767,0.9744897484779358,0.9692583799362182
final_20260804-224906_augmented_spots_train_e200_b20_lr0.0002_s1,?|Al_segvol.h5|2023|2023|11217,3,0.9742360909779867,0.9499098857243856,0.025182909642656643,0.9970921079317728,0.9970153967539469,0.974526564280192,0.9712230682373046
final_20260804-224906_augmented_spots_train_e200_b20_lr0.0002_s1,?|IN718_twins_logtif.h5|683|2060|175929,10,0.9795283496379852,0.9604284048080445,0.03040948510169983,0.9946572124958039,0.9906317114830017,0.9745594203472138,0.9469969987869262
final_20260804-224906_augmented_spots_train_e200_b20_lr0.0002_s1,?|Al_big_grains_logtif.h5|2054|6998|216369,4,0.9715972691774368,0.9451541602611542,0.022435225313529372,0.9955842941999435,0.9950642883777618,0.9745810329914093,0.970676064491272
final_20260804-224906_augmented_spots_train_e200_b20_lr0.0002_s1,?|IN718_twins_logtif.h5|302|1680|144706,9,0.9760231441921658,0.9556822578112284,0.02685579616162512,0.9947167237599691,0.9891132050090365,0.9745836522844102,0.9656960487365722
final_20260804-224906_augmented_spots_train_e200_b20_lr0.0002_s1,?|Al_segvol.h5|2907|2907|16021,3,0.9702743291854858,0.9424699743588766,0.02110157875965039,0.9983180363972982,0.9982673128445944,0.9745863874753317,0.9665884137153625
final_20260804-224906_augmented_spots_train_e200_b20_lr0.0002_s1,?|Al_segvol.h5|1781|8811|49248,3,0.9798343578974406,0.9606212178866068,0.030647197738289833,0.9897359808286031,0.9894347389539083,0.9745935797691345,0.9694214344024659
final_20260804-224906_augmented_spots_train_e200_b20_lr0.0002_s1,?|IN718_twins_logtif.h5|1043|2420|207381,7,0.9849253041403634,0.9705932055200849,0.03571373703224318,0.9908795527049473,0.9890556676047189,0.974605781691415,0.958209216594696
final_20260804-224906_augmented_spots_train_e200_b20_lr0.0002_s1,?|Al_segvol.h5|6190|13224|74020,3,0.9811906814575195,0.9631916085879008,0.03197241326173147,0.9932394425074259,0.9912035465240479,0.9746091365814209,0.9728121519088745
final_20260804-224906_augmented_spots_train_e200_b20_lr0.0002_s1,?|Al_segvol.h5|1728|8760|48902,4,0.9770754277706146,0.9552516490221024,0.027825582306832075,0.9962727278470993,0.9960392564535141,0.9746249169111252,0.9697091400623321
final_20260804-224906_augmented_spots_train_e200_b20_lr0.0002_s1,?|Al_segvol.h5|1348|8374|46864,3,0.9779686331748962,0.9570443431536356,0.028692690655589104,0.9939386447270712,0.9938394625981649,0.9746379653612772,0.9671605348587036
final_20260804-224906_augmented_spots_train_e200_b20_lr0.0002_s1,?|IN718_twins_logtif.h5|842|2214|189838,6,0.9846449991067251,0.9702355961004893,0.0352923929070433,0.9934524695078532,0.9885172049204508,0.9746763010819753,0.9610148072242737
final_20260804-224906_augmented_spots_train_e200_b20_lr0.0002_s1,?|Al_segvol.h5|5042|5042|27772,4,0.9843765050172806,0.9693119674921036,0.03485018666833639,0.9914463013410568,0.9910678714513779,0.9747631698846817,0.9700525045394898
final_20260804-224906_augmented_spots_train_e200_b20_lr0.0002_s1,?|Al_segvol.h5|2984|10017|55916,4,0.9802436828613281,0.9613939970731735,0.030710392631590366,0.9941869974136353,0.9941008687019348,0.9747666418552399,0.9670823216438293
final_20260804-224906_augmented_spots_train_e200_b20_lr0.0002_s1,?|Al_segvol.h5|4140|4140|22594,4,0.9784643203020096,0.9579292833805084,0.02891881950199604,0.9952239990234375,0.9948588609695435,0.9747727513313293,0.9724674344062805
final_20260804-224906_augmented_spots_train_e200_b20_lr0.0002_s1,?|Al_segvol.h5|4916|11950|66670,3,0.9757072925567627,0.9526216983795166,0.026158818354209263,0.9973159829775492,0.9972826441129049,0.9747742215792338,0.9718010902404786
final_20260804-224906_augmented_spots_train_e200_b20_lr0.0002_s1,?|Al_segvol.h5|2272|2272|12576,3,0.9746144612630209,0.9507541259129842,0.025053685531020164,0.9977768063545227,0.997748851776123,0.9747803807258606,0.9678427457809449
final_20260804-224906_augmented_spots_train_e200_b20_lr0.0002_s1,?|IN718_twins_logtif.h5|863|2239|190371,10,0.9808501720428466,0.9626135349273681,0.031285733357071875,0.9959825277328491,0.9949490785598755,0.9747822225093842,0.9639656841754913
final_20260804-224906_augmented_spots_train_e200_b20_lr0.0002_s1,?|Al_segvol.h5|2377|9415|52677,3,0.9759720166524252,0.9534868399302164,0.026385261366764706,0.9938652515411377,0.9926591118176779,0.9747933944066366,0.9649965047836304
final_20260804-224906_augmented_spots_train_e200_b20_lr0.0002_s1,?|Al_segvol.h5|5854|12887|72314,3,0.9876560966173807,0.9758956631024679,0.038066075493892036,0.9889547030131022,0.9888255397478739,0.9747950037320455,0.9683491706848144
final_20260804-224906_augmented_spots_train_e200_b20_lr0.0002_s1,?|Al_segvol.h5|6887|13919|77802,3,0.9717677632967631,0.9452042182286581,0.022170453021923702,0.9956372181574503,0.9955991705258688,0.9747986793518066,0.9718307971954345
final_20260804-224906_augmented_spots_train_e200_b20_lr0.0002_s1,?|Al_segvol.h5|5083|12114|67681,4,0.9828874915838242,0.9663814008235931,0.033217430114746094,0.9918564558029175,0.9917639642953873,0.9748350232839584,0.9691124320030212
final_20260804-224906_augmented_spots_train_e200_b20_lr0.0002_s1,?|Al_segvol.h5|4946|11981|66816,4,0.9839479774236679,0.9685237109661102,0.03420932311564684,0.9837518632411957,0.9836803525686264,0.9748693406581879,0.9663465023040771
final_20260804-224906_augmented_spots_train_e200_b20_lr0.0002_s1,?|Al_segvol.h5|1899|1899|10451,3,0.9771785736083984,0.955606738726298,0.027436599135398865,0.9960477153460184,0.9958569606145223,0.9748709797859192,0.9716806650161743
final_20260804-224906_augmented_spots_train_e200_b20_lr0.0002_s1,?|Al_segvol.h5|2226|2226|12323,4,0.9778466671705246,0.956695169210434,0.028083466924726963,0.9964868724346161,0.9962992668151855,0.9748816043138504,0.9707133948802948
final_20260804-224906_augmented_spots_train_e200_b20_lr0.0002_s1,?|Al_segvol.h5|6736|6736|37375,3,0.9748044411341349,0.9510475397109985,0.025039518252015114,0.9931114713350931,0.9929527242978414,0.9748824834823608,0.9712375164031982
final_20260804-224906_augmented_spots_train_e200_b20_lr0.0002_s1,?|Al_segvol.h5|242|7275|40792,3,0.9752827882766724,0.9518447717030843,0.02547992207109928,0.994014302889506,0.9939133127530416,0.9749014377593994,0.971000587940216
final_20260804-224906_augmented_spots_train_e200_b20_lr0.0002_s1,?|Al_segvol.h5|6644|6644|36876,6,0.9724859595298767,0.9467173318068186,0.022643415567775566,0.9983853499094645,0.9983301361401876,0.9749212761720022,0.9724705219268799
final_20260804-224906_augmented_spots_train_e200_b20_lr0.0002_s1,?|Al_segvol.h5|4286|11315|62973,5,0.9789116621017456,0.9588292956352233,0.029055866599082946,0.9958797335624695,0.9957962512969971,0.9749279022216797,0.9689439535140991
final_20260804-224906_augmented_spots_train_e200_b20_lr0.0002_s1,?|IN718_twins_logtif.h5|121|121|11909,10,0.9787189900875092,0.9600133419036865,0.02878813836723566,0.9954973459243774,0.9913576602935791,0.9749654173851013,0.9694489121437073
final_20260804-224906_augmented_spots_train_e200_b20_lr0.0002_s1,?|Al_segvol.h5|4149|11182|62220,3,0.9719685912132263,0.9456344445546468,0.022011364499727886,0.9980457027753195,0.9980124235153198,0.9749786059061686,0.9726789474487305
final_20260804-224906_augmented_spots_train_e200_b20_lr0.0002_s1,?|Al_segvol.h5|5864|5864|32552,4,0.9766145199537277,0.9544506669044495,0.02661955403164029,0.997063159942627,0.9970514178276062,0.9749974757432938,0.9692779898643493
final_20260804-224906_augmented_spots_train_e200_b20_lr0.0002_s1,?|Al_segvol.h5|1095|8123|45376,3,0.9851262370745341,0.970893939336141,0.035129167760411896,0.9912687341372172,0.9911145170529684,0.9749985337257385,0.9668855905532837
final_20260804-224906_augmented_spots_train_e200_b20_lr0.0002_s1,?|Al_segvol.h5|5304|5304|29355,4,0.9796864241361618,0.960527166724205,0.029684284701943398,0.9949965626001358,0.9949704855680466,0.9750010520219803,0.9718867361545562
final_20260804-224906_augmented_spots_train_e200_b20_lr0.0002_s1,?|Al_segvol.h5|3535|10569|58919,3,0.9815002679824829,0.9637420972188314,0.03147445246577263,0.9945482611656189,0.9945158759752909,0.9750128984451294,0.9738917112350464
final_20260804-224906_augmented_spots_train_e200_b20_lr0.0002_s1,?|Al_segvol.h5|6720|13748|76959,3,0.9689065217971802,0.9397573669751486,0.01886146639784177,0.9981663624445597,0.9981385270754496,0.975022534529368,0.9724259734153747
final_20260804-224906_augmented_spots_train_e200_b20_lr0.0002_s1,?|Al_segvol.h5|4880|11912|66495,5,0.9801457762718201,0.9611950397491456,0.03008919470012188,0.9953775525093078,0.9952580332756042,0.9750283002853394,0.969689416885376
final_20260804-224906_augmented_spots_train_e200_b20_lr0.0002_s1,?|Al_segvol.h5|3048|10079|56218,4,0.975806400179863,0.9531243443489075,0.025646108202636242,0.987223356962204,0.9867733269929886,0.9750801622867584,0.9708061993122101
final_20260804-224906_augmented_spots_train_e200_b20_lr0.0002_s1,?|Al_segvol.h5|292|7325|41044,3,0.9775257110595703,0.9560478329658508,0.027217169292271137,0.9962312380472819,0.9961679577827454,0.9751542607943217,0.9700040459632874
final_20260804-224906_augmented_spots_train_e200_b20_lr0.0002_s1,?|Al_segvol.h5|6407|13433|75119,4,0.9737104922533035,0.948984757065773,0.023400310892611742,0.9978909492492676,0.9978188425302505,0.9751551002264023,0.9729610025882721
final_20260804-224906_augmented_spots_train_e200_b20_lr0.0002_s1,?|IN718_twins_logtif.h5|312|1689|145659,11,0.9805505763400685,0.9619783000512556,0.030205191028389065,0.9953545061024752,0.9948451952500776,0.9751726930791681,0.970129132270813
final_20260804-224906_augmented_spots_train_e200_b20_lr0.0002_s1,?|IN718_twins_logtif.h5|1374|1374|118944,10,0.9805132985115051,0.9620327115058899,0.030147111602127553,0.9949342429637908,0.9920363605022431,0.9751830995082855,0.9631558001041413
final_20260804-224906_augmented_spots_train_e200_b20_lr0.0002_s1,?|Al_big_grains_logtif.h5|1094|6038|187095,3,0.9749604264895121,0.9521529674530029,0.024591657022635143,0.9934034546216329,0.9932223359743754,0.9751844008763632,0.9699199199676514
final_20260804-224906_augmented_spots_train_e200_b20_lr0.0002_s1,?|Al_big_grains_logtif.h5|1875|1875|55303,3,0.9639326333999634,0.9324661294619242,0.013539671587447325,0.9990385969479879,0.9990046620368958,0.9751964608828226,0.9667857766151429
final_20260804-224906_augmented_spots_train_e200_b20_lr0.0002_s1,?|Al_big_grains_logtif.h5|2202|7146|221401,4,0.9812909960746765,0.9633950293064117,0.030855586752295494,0.9952520579099655,0.9951205551624298,0.9752177000045776,0.9721338272094726
final_20260804-224906_augmented_spots_train_e200_b20_lr0.0002_s1,?|Al_segvol.h5|6980|6980|39004,3,0.9823475877443949,0.965433677037557,0.03187115490436554,0.9953452150026957,0.9953124324480692,0.9752382437388102,0.9737160444259644
final_20260804-224906_augmented_spots_train_e200_b20_lr0.0002_s1,?|Al_segvol.h5|6081|13113|73485,3,0.9727926254272461,0.9477314154307047,0.022210887322823208,0.9940235217412313,0.9938979347546896,0.9752908746401469,0.9695996522903443
final_20260804-224906_augmented_spots_train_e200_b20_lr0.0002_s1,?|Al_segvol.h5|6852|13884|77623,5,0.9818678021430969,0.9645396590232849,0.03126564286649227,0.995669686794281,0.9955919861793519,0.9753010749816895,0.9734591841697693
final_20260804-224906_augmented_spots_train_e200_b20_lr0.0002_s1,?|Iron_logtif.h5|7434|7434|669127,4,0.9613479971885681,0.9265221059322357,0.010737069882452488,0.9844324439764023,0.9836816787719727,0.9753054678440094,0.9712853252887725
final_20260804-224906_augmented_spots_train_e200_b20_lr0.0002_s1,?|IN718_twins_logtif.h5|834|2210|189660,4,0.9840186536312103,0.9686708599328995,0.03340469067916274,0.9916428774595261,0.9893351346254349,0.97530697286129,0.9672377407550812
final_20260804-224906_augmented_spots_train_e200_b20_lr0.0002_s1,?|Al_segvol.h5|2353|2353|13017,3,0.9800256689389547,0.9608790874481201,0.0293909286459287,0.9954354166984558,0.9954015811284384,0.975317378838857,0.9726614952087402
final_20260804-224906_augmented_spots_train_e200_b20_lr0.0002_s1,?|Al_segvol.h5|1294|1294|7144,3,0.9755816658337911,0.9524889389673868,0.024878339221080143,0.9972447554270426,0.9971497456232706,0.9753516515096029,0.9728902339935303
final_20260804-224906_augmented_spots_train_e200_b20_lr0.0002_s1,?|Al_segvol.h5|5304|12337|69082,3,0.9808044830958048,0.9624263048171997,0.03008812852203846,0.9962661465009054,0.9961769779523214,0.9753581682840983,0.9716625213623047
final_20260804-224906_augmented_spots_train_e200_b20_lr0.0002_s1,?|Al_segvol.h5|4060|11089|61692,3,0.9817865888277689,0.9647005796432495,0.03102734809120496,0.9675964117050171,0.9638440410296122,0.9753796458244324,0.9725736975669861
final_20260804-224906_augmented_spots_train_e200_b20_lr0.0002_s1,?|IN718_twins_logtif.h5|582|1961|167375,7,0.9869482857840401,0.9744632584708077,0.0361381715961865,0.9948168311800275,0.993233289037432,0.9754050544330052,0.9594793438911438
final_20260804-224906_augmented_spots_train_e200_b20_lr0.0002_s1,?|Al_segvol.h5|1486|1486|8126,3,0.9732970794041952,0.9483275214831034,0.022428163327276707,0.9963779250780741,0.9963681896527609,0.9754344423611959,0.9692875027656556
final_20260804-224906_augmented_spots_train_e200_b20_lr0.0002_s1,?|Al_segvol.h5|3897|10930|60783,4,0.9772741049528122,0.955711230635643,0.02639911649748683,0.9941889643669128,0.9941221475601196,0.9754374921321869,0.9646428048610687
final_20260804-224906_augmented_spots_train_e200_b20_lr0.0002_s1,?|Al_segvol.h5|4700|4700|25828,3,0.9826111197471619,0.9659429788589478,0.03169966364900271,0.990192711353302,0.9901452660560608,0.9754557212193807,0.9696846723556518
final_20260804-224906_augmented_spots_train_e200_b20_lr0.0002_s1,?|Al_segvol.h5|4613|4613|25302,3,0.9814360936482748,0.963734487692515,0.030523739755153656,0.9960251053174337,0.9959135055541992,0.9754561980565389,0.9703359127044677
final_20260804-224906_augmented_spots_train_e200_b20_lr0.0002_s1,?|Al_segvol.h5|1581|1581|8642,3,0.9808929562568665,0.9625425537427267,0.02986678605278333,0.9974331061045328,0.9973496596018473,0.9755131006240845,0.9722207903861999
final_20260804-224906_augmented_spots_train_e200_b20_lr0.0002_s1,?|Al_segvol.h5|6233|6233|34438,4,0.9804202318191528,0.9616142511367798,0.02938718069344759,0.9964154064655304,0.996342197060585,0.9755165129899979,0.9710070848464966
final_20260804-224906_augmented_spots_train_e200_b20_lr0.0002_s1,?|Al_segvol.h5|920|7947|44423,3,0.9788008729616801,0.9585760037104288,0.027731966227293015,0.9961113532384237,0.9960863788922628,0.9755344788233439,0.9717414617538452
final_20260804-224906_augmented_spots_train_e200_b20_lr0.0002_s1,?|IN718_twins_logtif.h5|1142|1142|95574,11,0.982259295203469,0.9676573384891857,0.030974759127606045,0.9907703616402366,0.9844785170121626,0.9756422638893127,0.9831113219261169
final_20260804-224906_augmented_spots_train_e200_b20_lr0.0002_s1,?|Al_big_grains_logtif.h5|150|5094|161840,3,0.9627100229263306,0.9284722606341044,0.01141644020875295,0.9988598426183065,0.9988320271174113,0.9756467938423157,0.9734951734542847
final_20260804-224906_augmented_spots_train_e200_b20_lr0.0002_s1,?|Al_segvol.h5|2869|9899|55307,4,0.9797927439212799,0.9604526907205582,0.028415895998477936,0.9950877279043198,0.9950582385063171,0.9756884276866913,0.9689735770225525
final_20260804-224906_augmented_spots_train_e200_b20_lr0.0002_s1,?|Al_segvol.h5|899|899|4927,6,0.9821646412213644,0.9651374320189158,0.03075832687318325,0.9936370849609375,0.9935384690761566,0.9757031599680582,0.967884749174118
final_20260804-224906_augmented_spots_train_e200_b20_lr0.0002_s1,?|Al_big_grains_logtif.h5|124|124|5007,3,0.9657100439071655,0.9348520437876383,0.014275218670566877,0.9982761939366659,0.9982457756996155,0.9757174054781595,0.9692384243011475
final_20260804-224906_augmented_spots_train_e200_b20_lr0.0002_s1,?|Al_segvol.h5|3975|3975|21673,3,0.9871151248613993,0.974611242612203,0.03566874563694,0.9925609429677328,0.9925374190012614,0.9757232069969177,0.9689638018608093
final_20260804-224906_augmented_spots_train_e200_b20_lr0.0002_s1,?|Al_big_grains_logtif.h5|20|4963|157924,3,0.9698514342308044,0.9424750208854675,0.01840436706940333,0.9955926338831583,0.9951111872990926,0.9757235248883566,0.9688684821128846
final_20260804-224906_augmented_spots_train_e200_b20_lr0.0002_s1,?|Al_segvol.h5|5246|12278|68820,3,0.9800141453742981,0.9612226684888204,0.028553133209546406,0.9940680861473083,0.9940246740976969,0.9757304787635803,0.9722689867019654
final_20260804-224906_augmented_spots_train_e200_b20_lr0.0002_s1,?|IN718_twins_logtif.h5|115|1492|130071,9,0.9814619686868455,0.9644617901908027,0.02992570483022266,0.9925477504730225,0.9884898795021905,0.9757681356536018,0.9501081466674804
final_20260804-224906_augmented_spots_train_e200_b20_lr0.0002_s1,?|Al_segvol.h5|3409|10442|58063,3,0.9801456133524576,0.9611495137214661,0.02860737405717373,0.995784064133962,0.9957738121350607,0.9757691224416097,0.9694991111755371
final_20260804-224906_augmented_spots_train_e200_b20_lr0.0002_s1,?|Al_segvol.h5|4792|4792|26353,3,0.9757362206776937,0.9539427955945333,0.024184516941507656,0.9919085105260214,0.9912894368171692,0.9757758378982544,0.9664995193481445
final_20260804-224906_augmented_spots_train_e200_b20_lr0.0002_s1,?|Al_segvol.h5|1857|8886|49703,3,0.9718937476476034,0.9455557465553284,0.020328065380454063,0.9988453189531962,0.9988286097844442,0.9757828513781229,0.9727333664894104
final_20260804-224906_augmented_spots_train_e200_b20_lr0.0002_s1,?|Al_big_grains_logtif.h5|1429|1429|40938,3,0.9747042059898376,0.9512977798779806,0.02309892512857914,0.995995302995046,0.9959133863449097,0.9758026401201884,0.9708066344261169
final_20260804-224906_augmented_spots_train_e200_b20_lr0.0002_s1,?|Al_segvol.h5|4608|11640|64853,3,0.9828853209813436,0.9663672049840292,0.031263597309589386,0.9931778113047282,0.9931374390920004,0.9758108456929525,0.966011905670166
final_20260804-224906_augmented_spots_train_e200_b20_lr0.0002_s1,?|Al_big_grains_logtif.h5|189|5133|163050,4,0.9737469106912613,0.9490861147642136,0.022081123664975166,0.9952772557735443,0.9949013292789459,0.9758329093456268,0.9650227308273316
final_20260804-224906_augmented_spots_train_e200_b20_lr0.0002_s1,?|IN718_twins_logtif.h5|918|918|75969,4,0.9860182851552963,0.9725630730390549,0.03433385957032442,0.9943262040615082,0.9921690970659256,0.9758422076702118,0.9621510028839111
final_20260804-224906_augmented_spots_train_e200_b20_lr0.0002_s1,?|Ti7Al_logtif.h5|71|71|19783,3,0.9728517532348633,0.9473450779914856,0.021101530641317368,0.9955242872238159,0.9954732855161031,0.9758750995000204,0.9722631096839904
final_20260804-224906_augmented_spots_train_e200_b20_lr0.0002_s1,?|Al_big_grains_logtif.h5|4020|4020|131044,4,0.9708080738782883,0.9435873031616211,0.019057273864746094,0.9989013820886612,0.9988854825496674,0.9758753925561905,0.9699401974678039
final_20260804-224906_augmented_spots_train_e200_b20_lr0.0002_s1,?|Al_segvol.h5|1859|8893|49733,3,0.9760710795720419,0.9534626007080078,0.024295847862958908,0.9969622294108073,0.996915360291799,0.9758876363436381,0.9719501972198487
final_20260804-224906_augmented_spots_train_e200_b20_lr0.0002_s1,?|Al_segvol.h5|1203|1203|6634,6,0.9817315141359965,0.9642659227053324,0.029943191446363926,0.9962749183177948,0.9962414304415385,0.9758941531181335,0.9715045094490051
final_20260804-224906_augmented_spots_train_e200_b20_lr0.0002_s1,?|Al_segvol.h5|4428|4428|24298,3,0.9768906037012736,0.9548953374226888,0.024994899208347004,0.998002807299296,0.997982919216156,0.9759478370348612,0.9753015279769898
final_20260804-224906_augmented_spots_train_e200_b20_lr0.0002_s1,?|Al_segvol.h5|5203|12235|68563,3,0.9801132678985596,0.9615246653556824,0.02820005702475707,0.9919529755910238,0.9915347695350647,0.9759565790494283,0.9714963436126709
final_20260804-224906_augmented_spots_train_e200_b20_lr0.0002_s1,?|Al_segvol.h5|3273|10303|57386,4,0.9786810725927353,0.9586437791585922,0.02676355466246605,0.9946099817752838,0.9945844411849976,0.9759587496519089,0.9731851577758789
final_20260804-224906_augmented_spots_train_e200_b20_lr0.0002_s1,?|Al_segvol.h5|5713|12745|71537,5,0.9818658232688904,0.9644930839538575,0.02991068959236145,0.9934108853340149,0.9933419227600098,0.9759775638580322,0.9717751741409302
final_20260804-224906_augmented_spots_train_e200_b20_lr0.0002_s1,?|Al_segvol.h5|2257|9283|51979,4,0.980557769536972,0.9619251787662506,0.028574929106980562,0.9958818256855011,0.9957717657089233,0.9759914129972458,0.9718240559101105
final_20260804-224906_augmented_spots_train_e200_b20_lr0.0002_s1,?|IN718_twins_logtif.h5|201|1578|135695,6,0.9886044859886169,0.9775923490524292,0.03661179884026448,0.9931855996449789,0.9926075140635172,0.9759963552157084,0.9632176756858826
final_20260804-224906_augmented_spots_train_e200_b20_lr0.0002_s1,?|Al_segvol.h5|3079|3079|16912,3,0.9740809996922811,0.9498158494631449,0.02201140361527602,0.9947506984074911,0.9942831595738729,0.9760348002115885,0.9750056982040405
final_20260804-224906_augmented_spots_train_e200_b20_lr0.0002_s1,?|Al_segvol.h5|674|7706|43212,5,0.9779785394668579,0.9573014497756958,0.025899655371904372,0.9962769985198975,0.9957550168037415,0.976039445400238,0.9667061805725098
final_20260804-224906_augmented_spots_train_e200_b20_lr0.0002_s1,?|Al_segvol.h5|5724|12756|71623,3,0.9825704296429952,0.9659382104873657,0.030448490753769875,0.9966965913772583,0.9966654976209005,0.9760609865188599,0.9704836130142211
final_20260804-224906_augmented_spots_train_e200_b20_lr0.0002_s1,?|Al_segvol.h5|1563|1563|8568,3,0.9760467807451884,0.9534741044044495,0.0238850141565005,0.9976842403411865,0.9976262052853903,0.9760808944702148,0.9694591641426087
final_20260804-224906_augmented_spots_train_e200_b20_lr0.0002_s1,?|Al_big_grains_logtif.h5|2365|7308|227223,3,0.9768569866816202,0.955506165822347,0.02464820196231206,0.9941817323366801,0.9941313664118449,0.9761044184366862,0.9745053291320801
final_20260804-224906_augmented_spots_train_e200_b20_lr0.0002_s1,?|IN718_twins_logtif.h5|292|1667|143457,5,0.9882196068763733,0.9768853068351746,0.03581674881279469,0.9878878235816956,0.9871568322181702,0.9762014269828796,0.9571763396263122
final_20260804-224906_augmented_spots_train_e200_b20_lr0.0002_s1,?|IN718_twins_logtif.h5|850|850|70028,14,0.9848851646695819,0.9706451765128544,0.03245011118373701,0.994499398129327,0.9916811798300061,0.9762175253459385,0.9565657615661621
final_20260804-224906_augmented_spots_train_e200_b20_lr0.0002_s1,?|Al_segvol.h5|6129|6129|33918,3,0.9763109882672628,0.9538848598798116,0.02384482945005099,0.9968714118003845,0.9967662890752157,0.9762330651283264,0.9723499536514282
final_20260804-224906_augmented_spots_train_e200_b20_lr0.0002_s1,?|IN718_twins_logtif.h5|293|1670|143515,10,0.9826286613941193,0.9666473925113678,0.030143808387219907,0.9870034277439117,0.9852911174297333,0.9762424230575562,0.9689649224281311
final_20260804-224906_augmented_spots_train_e200_b20_lr0.0002_s1,?|Al_segvol.h5|646|7676|43015,3,0.9745994011561075,0.9505645036697388,0.02210155688226223,0.997909684975942,0.9978804190953573,0.9762489000956217,0.9741321325302124
final_20260804-224906_augmented_spots_train_e200_b20_lr0.0002_s1,?|Al_big_grains_logtif.h5|306|306|9347,4,0.9748613685369492,0.9512952715158463,0.022360986098647118,0.9975042045116425,0.9974875301122665,0.9762501865625381,0.9718788504600525
final_20260804-224906_augmented_spots_train_e200_b20_lr0.0002_s1,?|IN718_twins_logtif.h5|1098|2477|211768,8,0.9877515360713005,0.9762111157178879,0.035250084241852164,0.9890898540616035,0.9861103370785713,0.9762507304549217,0.9591521620750427
final_20260804-224906_augmented_spots_train_e200_b20_lr0.0002_s1,?|Al_segvol.h5|2219|2219|12300,4,0.9811052829027176,0.9629836827516556,0.02860131487250328,0.9955052137374878,0.9952127188444138,0.9762519598007202,0.9726984977722168
final_20260804-224906_augmented_spots_train_e200_b20_lr0.0002_s1,?|Al_segvol.h5|3048|3048|16740,3,0.9861756563186646,0.9727678497632345,0.03364588196078936,0.9958916902542114,0.9957887729008993,0.9762649138768514,0.9745409727096558
final_20260804-224906_augmented_spots_train_e200_b20_lr0.0002_s1,?|Al_segvol.h5|4537|4537|24870,3,0.9805130362510681,0.9618690013885498,0.027941338097055752,0.995315412680308,0.9951870441436768,0.9762858351071676,0.9716608881950378
final_20260804-224906_augmented_spots_train_e200_b20_lr0.0002_s1,?|Al_segvol.h5|3094|10126|56479,5,0.981471574306488,0.9638033866882324,0.02887895368039608,0.996887719631195,0.996854305267334,0.976296317577362,0.9738050937652588
final_20260804-224906_augmented_spots_train_e200_b20_lr0.0002_s1,?|Al_big_grains_logtif.h5|1869|6812|210574,3,0.9694054325421652,0.9408231576283773,0.016745357463757198,0.9952736695607504,0.9948906103769938,0.9763300617535909,0.9737699270248413
final_20260804-224906_augmented_spots_train_e200_b20_lr0.0002_s1,?|IN718_twins_logtif.h5|1225|2601|222947,9,0.9902576605478922,0.9808084633615282,0.037508765856424965,0.9827779465251498,0.9823155535591973,0.9763744605912102,0.9584045886993409
final_20260804-224906_augmented_spots_train_e200_b20_lr0.0002_s1,?|Al_segvol.h5|1629|8661|48326,4,0.9823878556489944,0.9655231684446335,0.029631554149091244,0.9960256218910217,0.9960076659917831,0.9763781875371933,0.9679364860057831
final_20260804-224906_augmented_spots_train_e200_b20_lr0.0002_s1,?|Al_segvol.h5|3812|3812|20798,3,0.9725336233774821,0.9468560218811035,0.019712273652354877,0.9901894330978394,0.9893872340520223,0.9764106671015421,0.9738378047943115
final_20260804-224906_augmented_spots_train_e200_b20_lr0.0002_s1,?|Al_segvol.h5|6126|6126|33898,4,0.9825530499219894,0.9658652245998383,0.029713652562350035,0.993552029132843,0.9910476803779602,0.9764196872711182,0.9717595160007477
final_20260804-224906_augmented_spots_train_e200_b20_lr0.0002_s1,?|Al_big_grains_logtif.h5|3149|3149|100857,4,0.9636536836624146,0.931828573346138,0.010803198791109025,0.982315331697464,0.9807052463293076,0.9764252454042435,0.9716373920440674
final_20260804-224906_augmented_spots_train_e200_b20_lr0.0002_s1,?|IN718_twins_logtif.h5|13|1391|120084,11,0.9898797273635864,0.9801486080343073,0.03699164888398214,0.9936602278189226,0.9900897741317749,0.9764440384778109,0.9476003050804138
final_20260804-224906_augmented_spots_train_e200_b20_lr0.0002_s1,?|Al_segvol.h5|840|840|4653,3,0.9809512694676717,0.9626709222793579,0.028057385856906574,0.9965301553408304,0.9963587522506714,0.9764469265937805,0.9715183734893799
final_20260804-224906_augmented_spots_train_e200_b20_lr0.0002_s1,?|Al_segvol.h5|5208|5208|28898,3,0.9836723208427429,0.9679245551427206,0.030697261914610863,0.9976884325345358,0.9976624449094137,0.9764875173568726,0.9733644962310791
final_20260804-224906_augmented_spots_train_e200_b20_lr0.0002_s1,?|Al_segvol.h5|3123|10160|56682,4,0.9831135421991348,0.9668302237987518,0.030062736943364143,0.9955155402421951,0.9954682141542435,0.9765253961086273,0.9722190022468566
final_20260804-224906_augmented_spots_train_e200_b20_lr0.0002_s1,?|Al_big_grains_logtif.h5|2898|7840|246941,3,0.9696048299471537,0.9417167901992798,0.016543598224719364,0.9953908721605936,0.9942752321561178,0.9765306115150452,0.9698819279670715
final_20260804-224906_augmented_spots_train_e200_b20_lr0.0002_s1,?|Al_segvol.h5|3568|10597|59043,3,0.9817501902580261,0.9646034042040507,0.02868025501569112,0.9972531795501709,0.9971951246261597,0.9765349825223287,0.9725242614746094
final_20260804-224906_augmented_spots_train_e200_b20_lr0.0002_s1,?|Al_segvol.h5|3597|3597|19737,3,0.9843429327011108,0.969212551911672,0.031248775000373524,0.9926793972651163,0.9926305611928304,0.9765470822652181,0.9692828297615051
final_20260804-224906_augmented_spots_train_e200_b20_lr0.0002_s1,?|Al_segvol.h5|5683|12718|71367,4,0.9735494256019592,0.9486500322818756,0.020449095871299505,0.9985839426517487,0.9985309392213821,0.9765501916408539,0.9710165739059449
final_20260804-224906_augmented_spots_train_e200_b20_lr0.0002_s1,?|Al_segvol.h5|2741|9775|54684,3,0.9710460106531779,0.9440943201382955,0.017881120244661968,0.9985726277033488,0.9985509912172953,0.9765824476877848,0.969866669178009
final_20260804-224906_augmented_spots_train_e200_b20_lr0.0002_s1,?|Al_segvol.h5|1196|1196|6592,3,0.9832024574279785,0.9670109947522482,0.02998442513247331,0.9963003794352213,0.9962805906931559,0.9766090313593546,0.9735739946365356
final_20260804-224906_augmented_spots_train_e200_b20_lr0.0002_s1,?|Al_segvol.h5|6736|13769|77040,3,0.9881545702616373,0.9766426483790079,0.0348319485783577,0.9896214803059896,0.9895969231923422,0.9766613245010376,0.9632701277732849
final_20260804-224906_augmented_spots_train_e200_b20_lr0.0002_s1,?|Al_segvol.h5|6896|6896|38172,6,0.9782202243804932,0.9575598339239756,0.024780321400612593,0.9954448441664377,0.9952923456827799,0.9767199556032816,0.9694840908050537
final_20260804-224906_augmented_spots_train_e200_b20_lr0.0002_s1,?|Al_segvol.h5|5717|5717|31790,3,0.975436270236969,0.9523222049077352,0.021986493840813637,0.9941372474034628,0.9940781792004904,0.9767248829205831,0.9731885910034179
final_20260804-224906_augmented_spots_train_e200_b20_lr0.0002_s1,?|Al_segvol.h5|4382|11415|63629,3,0.9825700124104818,0.965817391872406,0.029089033603668213,0.9946609139442444,0.994591474533081,0.9767404993375143,0.9718592047691346
final_20260804-224906_augmented_spots_train_e200_b20_lr0.0002_s1,?|Al_segvol.h5|7002|14034|78569,4,0.9828296303749084,0.9673069417476654,0.029299254063516855,0.978088766336441,0.9743143618106842,0.9767651706933975,0.9674659729003906
final_20260804-224906_augmented_spots_train_e200_b20_lr0.0002_s1,?|IN718_twins_logtif.h5|215|215|17334,16,0.9777478761970997,0.9576931595802307,0.024201241205446422,0.9961487576365471,0.9951835311949253,0.9767733179032803,0.9766152799129486
final_20260804-224906_augmented_spots_train_e200_b20_lr0.0002_s1,?|Al_segvol.h5|2037|9064|50754,3,0.9819404482841492,0.9645323355992635,0.028373715778191883,0.995849629243215,0.9958107074101766,0.9767833550771078,0.9747114181518555
final_20260804-224906_augmented_spots_train_e200_b20_lr0.0002_s1,?|IN718_twins_logtif.h5|855|855|70126,6,0.981472889582316,0.9643079539140066,0.02785800180087487,0.9957083563009897,0.9928378760814667,0.9768074552218119,0.9575895071029663
final_20260804-224906_augmented_spots_train_e200_b20_lr0.0002_s1,?|Al_segvol.h5|5959|5959|33086,3,0.9780321518580118,0.957221786181132,0.024381395429372787,0.9984302322069804,0.9984147151311239,0.9768253763516744,0.9760822772979736
final_20260804-224906_augmented_spots_train_e200_b20_lr0.0002_s1,?|Al_segvol.h5|5776|5776|32130,4,0.9721119254827499,0.9461096227169037,0.01844653976149857,0.9928739070892334,0.992737427353859,0.9768326878547668,0.9753595232963562
final_20260804-224906_augmented_spots_train_e200_b20_lr0.0002_s1,?|IN718_twins_logtif.h5|173|1551|134224,7,0.9849077548299517,0.9703380976404462,0.031222660360591754,0.994467956679208,0.994424045085907,0.9768425481660026,0.9655171275138855
final_20260804-224906_augmented_spots_train_e200_b20_lr0.0002_s1,?|Al_segvol.h5|2051|2051|11373,4,0.9772674739360809,0.9559443891048431,0.023523201700299978,0.991451159119606,0.9913166463375092,0.976872131228447,0.972570824623108
final_20260804-224906_augmented_spots_train_e200_b20_lr0.0002_s1,?|Al_segvol.h5|3014|3014|16557,3,0.9794109066327413,0.9601755340894064,0.025648477176825207,0.9857250452041626,0.9853864908218384,0.976881225903829,0.9683785200119018
final_20260804-224906_augmented_spots_train_e200_b20_lr0.0002_s1,?|IN718_twins_logtif.h5|623|2000|170365,8,0.9884832948446274,0.977648101747036,0.034716683672741055,0.9941014647483826,0.9910587072372437,0.9768833070993423,0.9620604991912842
final_20260804-224906_augmented_spots_train_e200_b20_lr0.0002_s1,?|IN718_twins_logtif.h5|770|770|66904,10,0.9825941860675812,0.9663620054721832,0.028742391057312487,0.9956097722053527,0.993061500787735,0.9769258856773376,0.9680061876773834
final_20260804-224906_augmented_spots_train_e200_b20_lr0.0002_s1,?|Al_segvol.h5|3620|10657|59305,4,0.9821478426456451,0.9654110074043274,0.028265568427741528,0.9943888485431671,0.9943225830793381,0.9769411385059357,0.9730065822601318
final_20260804-224906_augmented_spots_train_e200_b20_lr0.0002_s1,?|Al_segvol.h5|2179|2179|12096,3,0.9810572663942972,0.962875763575236,0.027140440108875435,0.9962747494379679,0.9962539672851562,0.9769583940505981,0.9707729816436768
final_20260804-224906_augmented_spots_train_e200_b20_lr0.0002_s1,?|Al_segvol.h5|74|7109|39916,3,0.9774292310078939,0.9560258785883585,0.023423217236995697,0.9983717600504557,0.9983513951301575,0.97700301806132,0.9726652383804322
final_20260804-224906_augmented_spots_train_e200_b20_lr0.0002_s1,?|Al_segvol.h5|984|8013|44784,5,0.9766164302825928,0.9545148491859436,0.022602380067110062,0.9891015648841858,0.9889155268669129,0.9770070314407349,0.9688427805900574
final_20260804-224906_augmented_spots_train_e200_b20_lr0.0002_s1,?|Al_segvol.h5|4153|4153|22676,3,0.9757035175959269,0.953075091044108,0.021590599790215492,0.9974365631739298,0.9974035819371542,0.9770564436912537,0.9691811203956604
final_20260804-224906_augmented_spots_train_e200_b20_lr0.0002_s1,?|IN718_twins_logtif.h5|1132|2509|215190,9,0.9854330155584548,0.971871813138326,0.03124363472064336,0.9944743712743124,0.9926428066359626,0.9770946966277229,0.9629792690277099
final_20260804-224906_augmented_spots_train_e200_b20_lr0.0002_s1,?|Al_big_grains_logtif.h5|1491|6436|198820,3,0.971703052520752,0.9451985955238342,0.017500647033254307,0.9945918718973795,0.9945667386054993,0.97710120677948,0.9705557346343994
final_20260804-224906_augmented_spots_train_e200_b20_lr0.0002_s1,?|Al_big_grains_logtif.h5|3618|8561|272547,3,0.9720856149991354,0.9461068908373514,0.01788248059650262,0.9979162017504374,0.9978524843851725,0.9771015644073486,0.9727287530899048
final_20260804-224906_augmented_spots_train_e200_b20_lr0.0002_s1,?|Al_segvol.h5|3005|3005|16505,4,0.973036140203476,0.9481397867202759,0.018804592778906226,0.9945461302995682,0.9943591803312302,0.9771157652139664,0.9753247201442719
final_20260804-224906_augmented_spots_train_e200_b20_lr0.0002_s1,?|Al_segvol.h5|4062|4062|22168,3,0.97757887840271,0.9563250740369161,0.023339214424292248,0.9972768227259318,0.9971461097399393,0.9771198630332947,0.9729371786117553
final_20260804-224906_augmented_spots_train_e200_b20_lr0.0002_s1,?|Al_segvol.h5|1182|1182|6504,4,0.9776256531476974,0.9562584608793259,0.023385026957839727,0.997600644826889,0.9975751787424088,0.9771203249692917,0.9744341015815735
final_20260804-224906_augmented_spots_train_e200_b20_lr0.0002_s1,?|Al_segvol.h5|3720|10754|59776,3,0.9807977676391602,0.9626094897588094,0.02655335081120332,0.9926242629686991,0.9925233125686646,0.9771221876144409,0.9743423342704773
final_20260804-224906_augmented_spots_train_e200_b20_lr0.0002_s1,?|IN718_twins_logtif.h5|1142|2518|215508,8,0.9874266013503075,0.9753893092274666,0.03311857162043452,0.9943493455648422,0.991815485060215,0.977154016494751,0.959721302986145
final_20260804-224906_augmented_spots_train_e200_b20_lr0.0002_s1,?|Al_segvol.h5|767|767|4284,3,0.9810327490170797,0.9629912376403809,0.026717784504095714,0.994242787361145,0.9942136208216349,0.9771574934323629,0.9723405361175537
final_20260804-224906_augmented_spots_train_e200_b20_lr0.0002_s1,?|Al_segvol.h5|5408|5408|29998,4,0.9804614782333374,0.9617341756820679,0.02610568283125758,0.9965428709983826,0.996508926153183,0.9771779030561447,0.9736800909042358
final_20260804-224906_augmented_spots_train_e200_b20_lr0.0002_s1,?|IN718_twins_logtif.h5|527|1904|163991,12,0.9829633583625158,0.9669256856044134,0.028606522207458813,0.995583509405454,0.9933547476927439,0.9771784196297327,0.9469725131988526
final_20260804-224906_augmented_spots_train_e200_b20_lr0.0002_s1,?|IN718_twins_logtif.h5|634|634|51301,10,0.9864949285984039,0.973634135723114,0.032134858518838884,0.9949437737464905,0.9921213924884796,0.9771800220012665,0.9683522641658783
final_20260804-224906_augmented_spots_train_e200_b20_lr0.0002_s1,?|Al_segvol.h5|55|55|333,4,0.9841241538524628,0.9690121114253998,0.02976061124354601,0.9916096925735474,0.99149489402771,0.9771817773580551,0.9704569995403289
final_20260804-224906_augmented_spots_train_e200_b20_lr0.0002_s1,?|Al_segvol.h5|6376|13413|74990,3,0.9786072572072347,0.9584301114082336,0.024238504469394684,0.998428225517273,0.998373548189799,0.9771843949953715,0.974261736869812
final_20260804-224906_augmented_spots_train_e200_b20_lr0.0002_s1,?|Al_segvol.h5|4125|11158|62072,3,0.9808225631713867,0.9624902804692587,0.026431423301498096,0.9944006601969401,0.9942940870920817,0.9771955808003744,0.9762345552444458
final_20260804-224906_augmented_spots_train_e200_b20_lr0.0002_s1,?|Al_segvol.h5|5853|12883|72305,3,0.977776845296224,0.9567105770111084,0.023385210583607357,0.9973851839701334,0.9973075787226359,0.9771958192189535,0.9749765634536743
final_20260804-224906_augmented_spots_train_e200_b20_lr0.0002_s1,?|Al_big_grains_logtif.h5|1921|6864|211939,3,0.9839587807655334,0.9684836467107137,0.02955399453639984,0.9942086338996887,0.9941526850064596,0.9772023757298788,0.9688010454177857
final_20260804-224906_augmented_spots_train_e200_b20_lr0.0002_s1,?|IN718_twins_logtif.h5|90|90|7170,11,0.9867731820453297,0.9740799557078968,0.03235933353955096,0.9919750798832286,0.9912699677727439,0.9772069237448953,0.9614604711532593
final_20260804-224906_augmented_spots_train_e200_b20_lr0.0002_s1,?|Al_segvol.h5|3340|10373|57718,4,0.9813224971294403,0.9633578062057495,0.026900441385805607,0.9978609085083008,0.9978401064872742,0.9772110432386398,0.9744405627250672
final_20260804-224906_augmented_spots_train_e200_b20_lr0.0002_s1,?|IN718_twins_logtif.h5|545|1922|165483,7,0.9804629938943046,0.9618761113711766,0.026035542200718607,0.9961517538343158,0.9955130985804966,0.9772137148039681,0.9683532357215882
final_20260804-224906_augmented_spots_train_e200_b20_lr0.0002_s1,?|IN718_twins_logtif.h5|768|768|66862,8,0.9817491322755814,0.9643404334783554,0.027275672648102045,0.9974559471011162,0.9968755692243576,0.977236732840538,0.971360158920288
final_20260804-224906_augmented_spots_train_e200_b20_lr0.0002_s1,?|IN718_twins_logtif.h5|162|162|14282,11,0.986431441523812,0.9751000512729991,0.031867613677274094,0.9897825392809781,0.9862510832873258,0.9772819118066267,0.9813268780708313
final_20260804-224906_augmented_spots_train_e200_b20_lr0.0002_s1,?|Al_segvol.h5|1824|1824|10072,5,0.9784595370292664,0.9579137086868286,0.023891111463308336,0.9982296824455261,0.9981725454330445,0.9772842168807984,0.9746438980102539
final_20260804-224906_augmented_spots_train_e200_b20_lr0.0002_s1,?|Al_segvol.h5|6819|6819|37767,5,0.9830961704254151,0.9668401956558228,0.028512877970933916,0.9974130988121033,0.9973948836326599,0.9772916555404663,0.9721463203430176
final_20260804-224906_augmented_spots_train_e200_b20_lr0.0002_s1,?|Al_segvol.h5|4700|11731|65402,3,0.9852948387463888,0.9711353182792664,0.03071049600839615,0.9944933652877808,0.9944770534833273,0.9772921601931254,0.9746250152587891
final_20260804-224906_augmented_spots_train_e200_b20_lr0.0002_s1,?|Al_segvol.h5|5469|12502|70116,4,0.9805074483156204,0.9619462639093399,0.025913260877132416,0.9969293773174286,0.9968256503343582,0.9772970676422119,0.9745447695255279
final_20260804-224906_augmented_spots_train_e200_b20_lr0.0002_s1,?|IN718_twins_logtif.h5|855|2233|190202,10,0.9886901497840881,0.9779325783252716,0.03408873304724693,0.9944779634475708,0.9929313480854034,0.9773007094860077,0.9724582850933075
final_20260804-224906_augmented_spots_train_e200_b20_lr0.0002_s1,?|IN718_twins_logtif.h5|610|610|49959,8,0.9841564148664474,0.9691272228956223,0.02953758812509477,0.9949646219611168,0.991471566259861,0.9773094058036804,0.9654343843460083
final_20260804-224906_augmented_spots_train_e200_b20_lr0.0002_s1,?|IN718_twins_logtif.h5|193|1570|135091,6,0.9840527872244517,0.968687097231547,0.029427983798086643,0.9963409701983134,0.9960829118887583,0.9773123860359192,0.971321702003479
final_20260804-224906_augmented_spots_train_e200_b20_lr0.0002_s1,?|Al_segvol.h5|1114|1114|6065,3,0.9864000082015991,0.9732048114140829,0.031739600002765656,0.99577530225118,0.9957489172617594,0.977330207824707,0.9761504411697388
final_20260804-224906_augmented_spots_train_e200_b20_lr0.0002_s1,?|Al_segvol.h5|1663|8696|48514,3,0.9843496084213257,0.9692508776982626,0.02967786540587743,0.9941052993138632,0.9939906994501749,0.9773358503977457,0.9720866203308105
final_20260804-224906_augmented_spots_train_e200_b20_lr0.0002_s1,?|Al_segvol.h5|2762|2762|15203,3,0.9799670775731405,0.9610591729482015,0.025286981215079624,0.9980098605155945,0.997999389966329,0.977340042591095,0.9736781716346741
final_20260804-224906_augmented_spots_train_e200_b20_lr0.0002_s1,?|Al_segvol.h5|5468|12503|70117,5,0.9801321744918823,0.9610755920410157,0.02544022984802723,0.9981624484062195,0.9981225728988647,0.9773459553718566,0.9750622510910034
final_20260804-224906_augmented_spots_train_e200_b20_lr0.0002_s1,?|Al_segvol.h5|4917|4917|27030,4,0.9801525324583054,0.961396262049675,0.025435785995796323,0.9935576319694519,0.9934230148792267,0.9773583859205246,0.9712595641613007
final_20260804-224906_augmented_spots_train_e200_b20_lr0.0002_s1,?|Al_segvol.h5|2794|9824|54911,3,0.9749751885732015,0.9515125950177511,0.02024385705590248,0.998986542224884,0.9989858071009318,0.9773656725883484,0.975608491897583
final_20260804-224906_augmented_spots_train_e200_b20_lr0.0002_s1,?|Al_big_grains_logtif.h5|795|795|20885,3,0.9794765512148539,0.9600715637207031,0.02474427285293738,0.9852553208669027,0.9851666490236918,0.9773661494255066,0.9687083959579468
final_20260804-224906_augmented_spots_train_e200_b20_lr0.0002_s1,?|Al_segvol.h5|568|7601|42555,3,0.9841230114301046,0.968768854935964,0.029388215392827988,0.9960815707842509,0.996060828367869,0.9773674011230469,0.9757489800453186
final_20260804-224906_augmented_spots_train_e200_b20_lr0.0002_s1,?|IN718_twins_logtif.h5|70|70|5546,7,0.9827782682010106,0.9662469455174038,0.028037375903555324,0.9960624916212899,0.9957583120891026,0.9773704409599304,0.9704247951507569
final_20260804-224906_augmented_spots_train_e200_b20_lr0.0002_s1,?|Al_segvol.h5|4506|11538|64227,3,0.9804423451423645,0.961674968401591,0.02568882144987583,0.9959132075309753,0.9958652059237162,0.9773767590522766,0.9744274377822876
final_20260804-224906_augmented_spots_train_e200_b20_lr0.0002_s1,?|Al_segvol.h5|2088|9118|51047,3,0.9796369870503744,0.9601102471351624,0.024873392035563786,0.9965436855951945,0.9965036710103353,0.9773818055788676,0.9722882747650147
final_20260804-224906_augmented_spots_train_e200_b20_lr0.0002_s1,?|Al_segvol.h5|6523|13554|75841,3,0.9769104719161987,0.9552748004595438,0.022102709238727886,0.9909682869911194,0.9906932314236959,0.9774038791656494,0.9688891649246216
final_20260804-224906_augmented_spots_train_e200_b20_lr0.0002_s1,?|Al_segvol.h5|666|666|3779,3,0.9764058987299601,0.954362134138743,0.021575571969151497,0.9976864258448283,0.9976779222488403,0.9774151643117269,0.9749697685241699
final_20260804-224906_augmented_spots_train_e200_b20_lr0.0002_s1,?|Al_big_grains_logtif.h5|846|846|22446,4,0.9711886644363403,0.9443134516477585,0.016247351421043277,0.9968676567077637,0.9968344420194626,0.9774706661701202,0.9734438061714172
final_20260804-224906_augmented_spots_train_e200_b20_lr0.0002_s1,?|Al_big_grains_logtif.h5|2259|7201|223464,3,0.9693054954210917,0.9416440725326538,0.014361351728439331,0.9939318497975668,0.9936719536781311,0.9774720668792725,0.9749791622161865
final_20260804-224906_augmented_spots_train_e200_b20_lr0.0002_s1,?|Al_segvol.h5|6965|6965|38841,3,0.9878439903259277,0.9759830832481384,0.03288546949625015,0.995856503645579,0.9957977135976156,0.9774792591730753,0.9733786344528198
final_20260804-224906_augmented_spots_train_e200_b20_lr0.0002_s1,?|IN718_twins_logtif.h5|1294|2667|228343,13,0.9878874925466684,0.9775536152032706,0.03283057820338469,0.9889048567185035,0.9819618692764869,0.9775284757980933,0.977262556552887
final_20260804-224906_augmented_spots_train_e200_b20_lr0.0002_s1,?|Al_segvol.h5|6549|13580|76027,4,0.9748457074165344,0.9509886354207993,0.019758128793910146,0.9984174072742462,0.9983841627836227,0.9775437861680984,0.9735002875328064
final_20260804-224906_augmented_spots_train_e200_b20_lr0.0002_s1,?|IN718_twins_logtif.h5|1298|1298|109520,8,0.9793166592717171,0.9598207473754883,0.024214431876316667,0.9974784925580025,0.99662284553051,0.9775511100888252,0.9699052989482879
final_20260804-224906_augmented_spots_train_e200_b20_lr0.0002_s1,?|IN718_twins_logtif.h5|78|78|5953,10,0.981153130531311,0.9631866991519928,0.026011019572615625,0.9973366975784301,0.9968583226203919,0.9775710523128509,0.9708641529083252
final_20260804-224906_augmented_spots_train_e200_b20_lr0.0002_s1,?|IN718_twins_logtif.h5|86|1463|125666,9,0.982163753774431,0.9650740888383653,0.02692222036421299,0.9970427817768521,0.9965027305814955,0.9776207738452487,0.968047833442688
final_20260804-224906_augmented_spots_train_e200_b20_lr0.0002_s1,?|IN718_twins_logtif.h5|789|789|67240,7,0.9853481735501971,0.9712133066994804,0.03007268639547484,0.9945791789463588,0.9941935113498143,0.9776377507618496,0.9697484612464905
final_20260804-224906_augmented_spots_train_e200_b20_lr0.0002_s1,?|Al_segvol.h5|5151|5151|28489,3,0.9806037942568461,0.961987574895223,0.02531967746714751,0.9975143472353617,0.9974023501078287,0.9776420593261719,0.9757106900215149
final_20260804-224906_augmented_spots_train_e200_b20_lr0.0002_s1,?|Al_segvol.h5|1478|1478|8100,5,0.9846415519714355,0.969869589805603,0.029338058829307557,0.9964533448219299,0.9963118314743042,0.9776517629623414,0.9723352193832397
final_20260804-224906_augmented_spots_train_e200_b20_lr0.0002_s1,?|Al_big_grains_logtif.h5|1227|6171|190569,3,0.9814095695813497,0.9636315703392029,0.02610556036233902,0.9962003628412882,0.9961881041526794,0.9776520331700643,0.971755588054657
final_20260804-224906_augmented_spots_train_e200_b20_lr0.0002_s1,?|IN718_twins_logtif.h5|1321|1321|112506,5,0.989828360080719,0.9799055218696594,0.03451411500573158,0.9936699986457824,0.9931751728057862,0.9776571154594421,0.9716657638549805
final_20260804-224906_augmented_spots_train_e200_b20_lr0.0002_s1,?|Al_segvol.h5|3672|3672|20071,4,0.9798781424760818,0.9606738835573196,0.0245619909837842,0.9952590763568878,0.9952186048030853,0.9776580929756165,0.9742044329643249
final_20260804-224906_augmented_spots_train_e200_b20_lr0.0002_s1,?|IN718_twins_logtif.h5|164|1540|132862,4,0.9827185869216919,0.9662368148565292,0.027394672855734825,0.9966978132724762,0.9937202483415604,0.9776619523763657,0.9704941272735595
final_20260804-224906_augmented_spots_train_e200_b20_lr0.0002_s1,?|Al_segvol.h5|3229|10255|57143,3,0.9854097763697306,0.971371074517568,0.030073707302411396,0.9910833438237509,0.9910165071487427,0.977668027083079,0.9723746299743652
final_20260804-224906_augmented_spots_train_e200_b20_lr0.0002_s1,?|Al_segvol.h5|1797|8830|49347,3,0.9822007815043131,0.965059240659078,0.026852599655588467,0.9975794951121012,0.9975187182426453,0.9776740670204163,0.9761983513832092
final_20260804-224906_augmented_spots_train_e200_b20_lr0.0002_s1,?|Al_big_grains_logtif.h5|236|236|7984,3,0.9751873016357422,0.9519732395807902,0.019820585226019222,0.9959731896718343,0.9959563612937927,0.9776833256085714,0.9712397933006287
final_20260804-224906_augmented_spots_train_e200_b20_lr0.0002_s1,?|Al_segvol.h5|4855|4855|26703,3,0.9818992614746094,0.9645130832990011,0.026529614503184955,0.9972091714541117,0.9970495502154032,0.9776848355929056,0.9704448461532593
final_20260804-224906_augmented_spots_train_e200_b20_lr0.0002_s1,?|IN718_twins_logtif.h5|960|2336|199439,7,0.9912092004503522,0.9825892618724278,0.03582254158599036,0.9824809006282261,0.9824561732155936,0.9776933193206787,0.963595712184906
final_20260804-224906_augmented_spots_train_e200_b20_lr0.0002_s1,?|Al_segvol.h5|6094|13128|73544,3,0.9811842242876688,0.963125745455424,0.02575707311431567,0.9968073566754659,0.9967032869656881,0.9777135650316874,0.974135160446167
final_20260804-224906_augmented_spots_train_e200_b20_lr0.0002_s1,?|Al_segvol.h5|6565|6565|36322,4,0.9771533906459808,0.9557182788848877,0.02172593423165381,0.9982738792896271,0.9982289522886276,0.9777137339115143,0.9747752785682678
final_20260804-224906_augmented_spots_train_e200_b20_lr0.0002_s1,?|IN718_twins_logtif.h5|970|970|80002,6,0.9878303607304891,0.9762531916300455,0.032388637152810894,0.9966301818688711,0.9955506722132365,0.9777208666006724,0.9650774896144867
final_20260804-224906_augmented_spots_train_e200_b20_lr0.0002_s1,?|Al_segvol.h5|4625|11655|64940,3,0.9862423340479533,0.9728843172391256,0.030796406790614128,0.9913949966430664,0.9913569092750549,0.9777229825655619,0.9759310841560364
final_20260804-224906_augmented_spots_train_e200_b20_lr0.0002_s1,?|Al_segvol.h5|946|946|5171,3,0.9848466316858927,0.9702548583348592,0.02939829168220361,0.9953057567278544,0.9952543576558431,0.9777241746584574,0.9748716950416565
final_20260804-224906_augmented_spots_train_e200_b20_lr0.0002_s1,?|IN718_twins_logtif.h5|426|426|37764,13,0.9876407797519977,0.9761329751748306,0.03216531285299705,0.9924167807285602,0.9898896813392639,0.977737729366009,0.952022659778595
final_20260804-224906_augmented_spots_train_e200_b20_lr0.0002_s1,?|IN718_twins_logtif.h5|1328|1328|113337,5,0.992210054397583,0.9845767021179199,0.036584997177124025,0.9933097243309021,0.9932047009468079,0.9778125286102295,0.9652904510498047
final_20260804-224906_augmented_spots_train_e200_b20_lr0.0002_s1,?|IN718_twins_logtif.h5|173|173|15484,4,0.9788916110992432,0.9589064568281174,0.02324122516438365,0.9986317902803421,0.998579278588295,0.9778252094984055,0.972293245792389
final_20260804-224906_augmented_spots_train_e200_b20_lr0.0002_s1,?|IN718_twins_logtif.h5|613|1990|169447,10,0.9863805174827576,0.9732073664665222,0.03071484826505184,0.994307017326355,0.9941383063793182,0.9778328239917755,0.9677228629589081
final_20260804-224906_augmented_spots_train_e200_b20_lr0.0002_s1,?|Al_segvol.h5|1191|8222|45968,4,0.9815733879804611,0.9638440907001495,0.02588774124160409,0.9972723871469498,0.997217521071434,0.9778428077697754,0.976191782951355
final_20260804-224906_augmented_spots_train_e200_b20_lr0.0002_s1,?|Al_segvol.h5|2162|2162|11987,6,0.9845475355784098,0.9695995151996613,0.02884134401877721,0.9937095046043396,0.9936963121096293,0.9778530796368917,0.9704447686672211
final_20260804-224906_augmented_spots_train_e200_b20_lr0.0002_s1,?|IN718_twins_logtif.h5|73|1448|124600,8,0.9853167906403542,0.9711259603500366,0.029605170944705606,0.996257483959198,0.995609350502491,0.9778558239340782,0.9728174448013306
final_20260804-224906_augmented_spots_train_e200_b20_lr0.0002_s1,?|Al_segvol.h5|3066|3066|16818,3,0.9869471987088522,0.974328339099884,0.0312261451035738,0.9860171675682068,0.9850586255391439,0.9778605302174886,0.9718976497650147
final_20260804-224906_augmented_spots_train_e200_b20_lr0.0002_s1,?|IN718_twins_logtif.h5|496|496|41267,8,0.9766630306839943,0.9545840919017792,0.020913144573569298,0.9983781576156616,0.9983471557497978,0.9778749421238899,0.9738843500614166
final_20260804-224906_augmented_spots_train_e200_b20_lr0.0002_s1,?|Al_segvol.h5|3935|3935|21492,4,0.978819727897644,0.9585972726345062,0.02302658697590232,0.9958082884550095,0.9957480579614639,0.9778965562582016,0.9765169322490692
final_20260804-224906_augmented_spots_train_e200_b20_lr0.0002_s1,?|Al_segvol.h5|3717|10749|59759,4,0.9778555482625961,0.9572853296995163,0.022008486557751894,0.9981351494789124,0.997008666396141,0.9779235571622849,0.9683762490749359
final_20260804-224906_augmented_spots_train_e200_b20_lr0.0002_s1,?|Al_segvol.h5|5051|5051|27832,3,0.9842551549275717,0.9690981109937032,0.028398530557751656,0.995811939239502,0.9957452615102133,0.9779282808303833,0.9729915261268616
final_20260804-224906_augmented_spots_train_e200_b20_lr0.0002_s1,?|IN718_twins_logtif.h5|745|2122|183907,7,0.9909310511180333,0.9821042333330426,0.035073153408510346,0.9936670746122088,0.9869845850127084,0.9779289449964251,0.9643969058990478
final_20260804-224906_augmented_spots_train_e200_b20_lr0.0002_s1,?|Al_segvol.h5|4506|4506|24667,3,0.9820231000582377,0.9647695620854696,0.026163680478930473,0.9954757293065389,0.9954288800557455,0.9779297312100729,0.9730087280273437
final_20260804-224906_augmented_spots_train_e200_b20_lr0.0002_s1,?|Al_segvol.h5|603|7634|42767,7,0.980724206992558,0.9623442547661918,0.024848900203193938,0.9967447604451861,0.9966241291591099,0.9779376557895115,0.9719735383987427
final_20260804-224906_augmented_spots_train_e200_b20_lr0.0002_s1,?|Al_segvol.h5|800|800|4445,4,0.9852136969566345,0.9708940982818604,0.02933831373229623,0.9962501674890518,0.9962276369333267,0.977937713265419,0.9747248709201812
final_20260804-224906_augmented_spots_train_e200_b20_lr0.0002_s1,?|Al_segvol.h5|3824|3824|20846,3,0.9822988311449686,0.9652474125226339,0.026413577298323315,0.9971099297205607,0.9970807830492655,0.9779426256815592,0.9742527484893799
final_20260804-224906_augmented_spots_train_e200_b20_lr0.0002_s1,?|IN718_twins_logtif.h5|761|761|66403,8,0.9859285056591034,0.972507119178772,0.030019637662917376,0.9954640716314316,0.9945074766874313,0.9779544398188591,0.9650001704692841
final_20260804-224906_augmented_spots_train_e200_b20_lr0.0002_s1,?|Al_segvol.h5|5042|12074|67459,3,0.9772482117017111,0.9557960828145345,0.021337457622090977,0.9926150838534037,0.9920832713445028,0.9779553612073263,0.9740044236183166
final_20260804-224906_augmented_spots_train_e200_b20_lr0.0002_s1,?|Al_segvol.h5|2402|9432|52786,3,0.9865743319193522,0.9736230770746866,0.030566558241844177,0.9912961721420288,0.9900368650754293,0.9780039191246033,0.9776211380958557
final_20260804-224906_augmented_spots_train_e200_b20_lr0.0002_s1,?|IN718_twins_logtif.h5|570|570|47679,9,0.9805149767133925,0.9619270828035142,0.024492863565683365,0.9979806542396545,0.9977629780769348,0.9780110451910231,0.9732576131820678
final_20260804-224906_augmented_spots_train_e200_b20_lr0.0002_s1,?|IN718_twins_logtif.h5|292|292|24753,3,0.994319478670756,0.9887124498685201,0.03829453078409036,0.992394228776296,0.9922762115796407,0.978012482325236,0.9657789468765259
final_20260804-224906_augmented_spots_train_e200_b20_lr0.0002_s1,?|Al_big_grains_logtif.h5|4029|8975|286949,3,0.9758643309275309,0.9529932339986166,0.019807350200911362,0.9982287883758545,0.9981757005055746,0.9780284762382507,0.9764015436172485
final_20260804-224906_augmented_spots_train_e200_b20_lr0.0002_s1,?|Al_segvol.h5|5052|12078|67484,3,0.9744911789894104,0.9503793716430664,0.018398841222127277,0.9990679820378622,0.9990366697311401,0.978046198685964,0.9757352828979492
final_20260804-224906_augmented_spots_train_e200_b20_lr0.0002_s1,?|IN718_twins_logtif.h5|10|1386|119948,9,0.9843800332811143,0.9703468084335327,0.028287141480379634,0.9947567052311368,0.9931531084908379,0.9780464569727579,0.9686566829681397
final_20260804-224906_augmented_spots_train_e200_b20_lr0.0002_s1,?|Al_segvol.h5|571|7603|42564,3,0.9757862091064453,0.9528127710024515,0.019677457710107166,0.9983840386072794,0.9983775019645691,0.9780543645222982,0.9736114501953125
final_20260804-224906_augmented_spots_train_e200_b20_lr0.0002_s1,?|IN718_twins_logtif.h5|768|2144|186889,13,0.9808283264820392,0.9625658576305096,0.02470642442886646,0.9974315028924209,0.9974054373227633,0.9780609470147353,0.9705927729606628
final_20260804-224906_augmented_spots_train_e200_b20_lr0.0002_s1,?|Al_big_grains_logtif.h5|4201|4201|136805,3,0.9710126916567484,0.9459555149078369,0.014889970111350218,0.9915299415588379,0.9910802046457926,0.9780613780021667,0.969159722328186
final_20260804-224906_augmented_spots_train_e200_b20_lr0.0002_s1,?|Al_segvol.h5|5619|12651|71074,5,0.9802842259407043,0.9614820361137391,0.02415982075035572,0.9971479654312134,0.9971181154251099,0.9780622124671936,0.9750900983810424
final_20260804-224906_augmented_spots_train_e200_b20_lr0.0002_s1,?|Al_segvol.h5|6642|6642|36852,4,0.9794470518827438,0.9599013775587082,0.02329749334603548,0.996846467256546,0.9967737942934036,0.97807477414608,0.9735189616680145
final_20260804-224906_augmented_spots_train_e200_b20_lr0.0002_s1,?|Al_segvol.h5|5067|12098|67587,4,0.9787501692771912,0.9587798714637756,0.02258826559409499,0.9913823306560516,0.9905026853084564,0.9780809879302979,0.9705547451972961
final_20260804-224906_augmented_spots_train_e200_b20_lr0.0002_s1,?|Al_segvol.h5|274|274|1509,3,0.9834282596906027,0.967498779296875,0.02725569096704324,0.9969434340794882,0.9968458811442057,0.9780862728754679,0.9762227416038514
final_20260804-224906_augmented_spots_train_e200_b20_lr0.0002_s1,?|Al_segvol.h5|3483|3483|19119,3,0.9862655401229858,0.9730868538220724,0.03009234058360259,0.9960670073827108,0.995869000752767,0.9780866305033366,0.9761300086975098
final_20260804-224906_augmented_spots_train_e200_b20_lr0.0002_s1,?|IN718_twins_logtif.h5|1132|1132|95190,10,0.9850603342056274,0.9714165449142456,0.028848578780889512,0.994667398929596,0.9925172209739686,0.9781058847904205,0.9728559494018555
final_20260804-224906_augmented_spots_train_e200_b20_lr0.0002_s1,?|Al_big_grains_logtif.h5|2202|2202|65832,3,0.9784097671508789,0.9583937525749207,0.022192031145095825,0.9980136752128601,0.9979842106501261,0.9781088431676229,0.969048023223877
final_20260804-224906_augmented_spots_train_e200_b20_lr0.0002_s1,?|Al_segvol.h5|90|90|536,3,0.9815172354380289,0.9637726147969564,0.025254592299461365,0.9956627488136292,0.9955715338389078,0.9781312942504883,0.9753798484802246
final_20260804-224906_augmented_spots_train_e200_b20_lr0.0002_s1,?|Al_segvol.h5|229|229|1294,3,0.9819978674252828,0.964758555094401,0.025706412891546886,0.9959753553072611,0.9959502021471659,0.9781457185745239,0.9753103733062745
final_20260804-224906_augmented_spots_train_e200_b20_lr0.0002_s1,?|IN718_twins_logtif.h5|42|1419|121652,9,0.989795466264089,0.9798416694005331,0.03350160995291339,0.9931753940052457,0.993158327208625,0.9781469305356344,0.970136570930481
final_20260804-224906_augmented_spots_train_e200_b20_lr0.0002_s1,?|IN718_twins_logtif.h5|697|2073|178142,10,0.9896240234375,0.9795651078224182,0.033320413716137406,0.9885809600353241,0.9873165190219879,0.9781518042087555,0.968614536523819
final_20260804-224906_augmented_spots_train_e200_b20_lr0.0002_s1,?|IN718_twins_logtif.h5|215|1587|136252,7,0.9763780747141156,0.9539489916392735,0.02006662663604532,0.9985801492418561,0.998548516205379,0.9781557151249477,0.9739565372467041
final_20260804-224906_augmented_spots_train_e200_b20_lr0.0002_s1,?|Al_segvol.h5|5318|5318|29442,4,0.9785870164632797,0.9581518173217773,0.022262966027483344,0.9976343065500259,0.997569277882576,0.97816202044487,0.9737540245056152
final_20260804-224906_augmented_spots_train_e200_b20_lr0.0002_s1,?|Al_segvol.h5|6146|13178|73783,3,0.9798386494318644,0.9606011509895325,0.023489106446504593,0.9977168639500936,0.9976808826128641,0.9781747460365295,0.9751312375068665
final_20260804-224906_augmented_spots_train_e200_b20_lr0.0002_s1,?|IN718_twins_logtif.h5|403|1780|154723,4,0.9832890927791595,0.9672861099243164,0.02692714659497142,0.9965359568595886,0.9964391589164734,0.9781809896230698,0.9747437238693237
final_20260804-224906_augmented_spots_train_e200_b20_lr0.0002_s1,?|Al_segvol.h5|6207|13242|74125,3,0.9806151588757833,0.9620961944262186,0.02424802693227927,0.9964723785718282,0.9964461326599121,0.9781835675239563,0.9760750651359558
final_20260804-224906_augmented_spots_train_e200_b20_lr0.0002_s1,?|Al_segvol.h5|3527|10560|58867,3,0.9802846511205038,0.9614898562431335,0.02389059153695901,0.9941437443097433,0.9934853911399841,0.9781970381736755,0.9745540618896484
final_20260804-224906_augmented_spots_train_e200_b20_lr0.0002_s1,?|Al_segvol.h5|4564|11595|64606,3,0.9855308532714844,0.9715054829915365,0.029098960881431896,0.9953827460606893,0.9953118960062662,0.9782159129778544,0.9755094051361084
final_20260804-224906_augmented_spots_train_e200_b20_lr0.0002_s1,?|Al_segvol.h5|6126|13159|73689,3,0.985628624757131,0.971786359945933,0.029181331396102905,0.9968132177988688,0.9967701236406962,0.9782236417134603,0.9732734084129333
final_20260804-224906_augmented_spots_train_e200_b20_lr0.0002_s1,?|Al_segvol.h5|6272|6272|34611,3,0.9792158206303915,0.9593739708264669,0.022765139117836952,0.9960152705510458,0.9958513776461283,0.9782253503799438,0.9739148616790771
final_20260804-224906_augmented_spots_train_e200_b20_lr0.0002_s1,?|Al_segvol.h5|960|7989|44660,3,0.9826096296310425,0.9660866061846415,0.02608410579462846,0.9972211122512817,0.9972103238105774,0.978262742360433,0.9752209544181824
final_20260804-224906_augmented_spots_train_e200_b20_lr0.0002_s1,?|IN718_twins_logtif.h5|563|563|47391,8,0.9828983470797539,0.9672834277153015,0.026328383246436715,0.9859000667929649,0.9836293384432793,0.9782849848270416,0.96355419754982
final_20260804-224906_augmented_spots_train_e200_b20_lr0.0002_s1,?|Al_segvol.h5|274|7307|40953,3,0.9840571482976278,0.9687860608100891,0.02738649770617485,0.9970200856526693,0.9970042904218038,0.9783353408177694,0.9728140354156494
final_20260804-224906_augmented_spots_train_e200_b20_lr0.0002_s1,?|IN718_twins_logtif.h5|714|714|59093,5,0.9798292398452759,0.9605262279510498,0.023157715424895288,0.9979365110397339,0.997933292388916,0.9783357739448547,0.9751126527786255
final_20260804-224906_augmented_spots_train_e200_b20_lr0.0002_s1,?|IN718_twins_logtif.h5|1332|1332|114317,8,0.9930689036846161,0.9862721040844917,0.036384904058650136,0.9933329150080681,0.9924508035182953,0.9783419892191887,0.9711982011795044
final_20260804-224906_augmented_spots_train_e200_b20_lr0.0002_s1,?|IN718_twins_logtif.h5|1201|2578|220904,7,0.9856061169079372,0.971989095211029,0.028892694041132927,0.9948816810335431,0.9933047294616699,0.9783567105020795,0.9675230979919434
final_20260804-224906_augmented_spots_train_e200_b20_lr0.0002_s1,?|IN718_twins_logtif.h5|617|617|50614,8,0.9860032275319099,0.9725892841815948,0.029284873278811574,0.9934552758932114,0.9927688986063004,0.9783591777086258,0.9675629317760468
final_20260804-224906_augmented_spots_train_e200_b20_lr0.0002_s1,?|Al_segvol.h5|4626|11659|64956,4,0.9803387671709061,0.9615592509508133,0.023617391008883715,0.9973805546760559,0.9973437488079071,0.9783606678247452,0.976792961359024
final_20260804-224906_augmented_spots_train_e200_b20_lr0.0002_s1,?|Al_segvol.h5|91|7122|40006,5,0.9785775899887085,0.9583384275436402,0.021828670427203177,0.996017861366272,0.9958320498466492,0.9783744812011719,0.974870252609253
final_20260804-224906_augmented_spots_train_e200_b20_lr0.0002_s1,?|Al_segvol.h5|607|7640|42800,3,0.9787197709083557,0.9585068225860596,0.021958588312069576,0.9987785418828329,0.9987614552179972,0.978380560874939,0.9739510774612427
final_20260804-224906_augmented_spots_train_e200_b20_lr0.0002_s1,?|Al_segvol.h5|4884|11913|66497,3,0.9861524899800619,0.9727109471956888,0.029329543933272362,0.9960282643636068,0.9960010250409445,0.9784114758173624,0.9768138647079467
final_20260804-224906_augmented_spots_train_e200_b20_lr0.0002_s1,?|IN718_twins_logtif.h5|76|76|5818,10,0.9833902001380921,0.967493188381195,0.02655854504555464,0.996575140953064,0.9965445518493652,0.9784158408641815,0.9735344886779785
final_20260804-224906_augmented_spots_train_e200_b20_lr0.0002_s1,?|IN718_twins_logtif.h5|811|811|68101,8,0.9849688783288002,0.9707999303936958,0.028097358183003962,0.9956061467528343,0.9932059645652771,0.978435754776001,0.9647983610630035
final_20260804-224906_augmented_spots_train_e200_b20_lr0.0002_s1,?|Al_segvol.h5|4787|4787|26305,3,0.9821198781331381,0.9650524655977885,0.025236841291189194,0.9977163473765055,0.9976691603660583,0.9784415364265442,0.975733506679535
final_20260804-224906_augmented_spots_train_e200_b20_lr0.0002_s1,?|Al_segvol.h5|182|182|1073,4,0.9860921204090118,0.9726584553718567,0.02911488665267825,0.9961874783039093,0.9961368888616562,0.9784886091947556,0.9738308429718018
final_20260804-224906_augmented_spots_train_e200_b20_lr0.0002_s1,?|Al_segvol.h5|4221|11253|62622,3,0.9853349526723226,0.9711660544077555,0.02829263483484586,0.9963290492693583,0.9962759415308634,0.9785211483637491,0.9775377750396729
final_20260804-224906_augmented_spots_train_e200_b20_lr0.0002_s1,?|Al_segvol.h5|2365|9401|52608,3,0.9813556869824728,0.9635225137074789,0.024304525305827458,0.9975850184758505,0.9974731604258219,0.9785255591074625,0.9728147268295289
final_20260804-224906_augmented_spots_train_e200_b20_lr0.0002_s1,?|IN718_twins_logtif.h5|769|2143|186875,12,0.9847808877627054,0.9703003913164139,0.027716066377858322,0.9950331846872965,0.9936473766962687,0.9785323937733968,0.9802355885505676
final_20260804-224906_augmented_spots_train_e200_b20_lr0.0002_s1,?|Al_segvol.h5|5948|12982|72837,3,0.9821756283442179,0.9649914503097534,0.025106198464830715,0.9970259865125021,0.997007151444753,0.9785347183545431,0.9762235403060913
final_20260804-224906_augmented_spots_train_e200_b20_lr0.0002_s1,?|IN718_twins_logtif.h5|680|680|56151,8,0.9863858297467232,0.9733919575810432,0.029305482748895884,0.9955887943506241,0.9946751073002815,0.9785401746630669,0.9712923288345336
final_20260804-224906_augmented_spots_train_e200_b20_lr0.0002_s1,?|Al_segvol.h5|1880|1880|10376,3,0.9839416941006979,0.9686077435811361,0.02678852652510007,0.9945288101832072,0.9942730665206909,0.9785765806833903,0.9774987578392029
final_20260804-224906_augmented_spots_train_e200_b20_lr0.0002_s1,?|IN718_twins_logtif.h5|1291|2671|228405,11,0.9872228774157438,0.9749405817552046,0.030065006491812794,0.9907193400643088,0.9893540089780634,0.9785789251327515,0.9590240716934204
final_20260804-224906_augmented_spots_train_e200_b20_lr0.0002_s1,?|Al_segvol.h5|4428|11457|63857,5,0.9803130507469178,0.9615740060806275,0.02315114513039589,0.9983246803283692,0.9981508135795594,0.9785809636116027,0.9758064270019531
final_20260804-224906_augmented_spots_train_e200_b20_lr0.0002_s1,?|Al_segvol.h5|4580|4580|25127,5,0.9805714964866639,0.9619976997375488,0.023398717492818834,0.9978346109390259,0.9978057265281677,0.9785863876342773,0.9755191564559936
final_20260804-224906_augmented_spots_train_e200_b20_lr0.0002_s1,?|Al_segvol.h5|6267|6267|34603,3,0.982424795627594,0.9655775427818298,0.02524470103283723,0.9905842145284017,0.9904716610908508,0.9785900314648946,0.9752256035804748
final_20260804-224906_augmented_spots_train_e200_b20_lr0.0002_s1,?|IN718_twins_logtif.h5|262|262|22454,11,0.9948042739521373,0.9897306832400236,0.037570351057431915,0.9936859065836127,0.9929144490848888,0.9786169528961182,0.9657559394836426
final_20260804-224906_augmented_spots_train_e200_b20_lr0.0002_s1,?|IN718_twins_logtif.h5|863|863|70382,12,0.9855680465698242,0.9716160198052725,0.02826948231086135,0.9943393419186274,0.9941558390855789,0.9786492784818014,0.9750717759132386
final_20260804-224906_augmented_spots_train_e200_b20_lr0.0002_s1,?|IN718_twins_logtif.h5|861|2235|190323,5,0.9820114612579346,0.9647170901298523,0.02470037043094635,0.9977502226829529,0.9977280139923096,0.9786555528640747,0.9716777920722961
final_20260804-224906_augmented_spots_train_e200_b20_lr0.0002_s1,?|Al_segvol.h5|5957|12993|72886,3,0.9814169804255167,0.963589628537496,0.024093609303236008,0.9973018765449524,0.9971341490745544,0.9786616961161295,0.9735588908195496
final_20260804-224906_augmented_spots_train_e200_b20_lr0.0002_s1,?|Al_segvol.h5|631|7665|42972,5,0.982404911518097,0.9657040953636169,0.025069600716233254,0.9973507285118103,0.9973003506660462,0.9786676526069641,0.9729740142822265
final_20260804-224906_augmented_spots_train_e200_b20_lr0.0002_s1,?|Al_big_grains_logtif.h5|1037|5980|185061,4,0.9826969057321548,0.9661493748426437,0.025320475455373526,0.9972137063741684,0.9971573799848557,0.978688195347786,0.9769014954566956
final_20260804-224906_augmented_spots_train_e200_b20_lr0.0002_s1,?|IN718_twins_logtif.h5|758|758|65644,9,0.9836151732338799,0.9678417179319594,0.02623373456299305,0.9949900574154324,0.9942830801010132,0.9786907169553969,0.971844756603241
final_20260804-224906_augmented_spots_train_e200_b20_lr0.0002_s1,?|Al_segvol.h5|347|347|1972,3,0.9814138015111288,0.9635905822118124,0.024008577068646748,0.9976055026054382,0.9975915749867758,0.9787026047706604,0.973681116104126
final_20260804-224906_augmented_spots_train_e200_b20_lr0.0002_s1,?|Al_segvol.h5|3706|3706|20249,3,0.9886741240819296,0.9776259859402975,0.031251425544420876,0.9936240116755167,0.9935861229896545,0.9787113467852274,0.9751546859741211
final_20260804-224906_augmented_spots_train_e200_b20_lr0.0002_s1,?|IN718_twins_logtif.h5|465|1840|158100,5,0.9859604835510254,0.9723870396614075,0.028503208979964258,0.9962751626968384,0.9949270963668824,0.9787286162376404,0.970533263683319
final_20260804-224906_augmented_spots_train_e200_b20_lr0.0002_s1,?|Al_segvol.h5|2965|2965|16290,3,0.981119970480601,0.9630445241928101,0.023654884348313015,0.9967498779296875,0.996680478254954,0.9787325461705526,0.9759812116622925
final_20260804-224906_augmented_spots_train_e200_b20_lr0.0002_s1,?|Al_segvol.h5|3873|3873|21147,3,0.9753087957700094,0.9520897269248962,0.017842615023255348,0.997468372186025,0.9971786538759867,0.9787330826123556,0.9762337327003479
final_20260804-224906_augmented_spots_train_e200_b20_lr0.0002_s1,?|Al_segvol.h5|5915|12946|72643,3,0.9810346563657125,0.962855339050293,0.023552923773725826,0.9968739151954651,0.996837337811788,0.9787408709526062,0.9750265598297119
final_20260804-224906_augmented_spots_train_e200_b20_lr0.0002_s1,?|Al_segvol.h5|3000|10033|55967,3,0.9819486141204834,0.9646703004837036,0.02444763481616974,0.9983439048131307,0.9983164469401041,0.97875048716863,0.9763384103775025
final_20260804-224906_augmented_spots_train_e200_b20_lr0.0002_s1,?|IN718_twins_logtif.h5|94|1471|126258,10,0.9848848938941955,0.970293539762497,0.02736251838505268,0.9962478697299957,0.9961062908172608,0.9787611722946167,0.9734210550785065
final_20260804-224906_augmented_spots_train_e200_b20_lr0.0002_s1,?|Al_segvol.h5|2510|2510|13830,4,0.9839443564414978,0.9685358852148056,0.026412634644657373,0.9965416789054871,0.99642613530159,0.9787658751010895,0.9751232266426086
final_20260804-224906_augmented_spots_train_e200_b20_lr0.0002_s1,?|IN718_twins_logtif.h5|1326|2705|232807,10,0.9784062802791595,0.9579268515110015,0.02086989153176546,0.9987717688083648,0.9987390220165253,0.9787681937217713,0.9766768693923951
final_20260804-224906_augmented_spots_train_e200_b20_lr0.0002_s1,?|Al_segvol.h5|55|7088|39821,5,0.9869290113449096,0.9742785692214966,0.029333464056253433,0.9924296736717224,0.9924080610275269,0.9787977695465088,0.9670338273048401
final_20260804-224906_augmented_spots_train_e200_b20_lr0.0002_s1,?|Al_segvol.h5|2881|9912|55397,3,0.9852038820584615,0.9709136684735616,0.02755989506840706,0.9963555733362833,0.9962395628293356,0.9788220127423605,0.9755187511444092
final_20260804-224906_augmented_spots_train_e200_b20_lr0.0002_s1,?|Al_segvol.h5|4420|11456|63853,3,0.976854145526886,0.9557973742485046,0.01920335181057453,0.9882546265920004,0.987984299659729,0.9788253903388977,0.9745977044105529
final_20260804-224906_augmented_spots_train_e200_b20_lr0.0002_s1,?|IN718_twins_logtif.h5|347|347|29788,10,0.9844214916229248,0.9699590086936951,0.02674734303727746,0.9948346436023712,0.9930362522602081,0.9788370549678802,0.9730592846870423
final_20260804-224906_augmented_spots_train_e200_b20_lr0.0002_s1,?|Al_segvol.h5|2423|9454|52912,3,0.9803376992543539,0.9616165161132812,0.0225431186457475,0.9986719489097595,0.9986332456270853,0.9788972536722819,0.9764807224273682
final_20260804-224906_augmented_spots_train_e200_b20_lr0.0002_s1,?|IN718_twins_logtif.h5|372|372|31857,14,0.9858607138906207,0.9722272115094321,0.02804671839943954,0.9945819675922394,0.9944178462028503,0.9789069890975952,0.9708715081214905
final_20260804-224906_augmented_spots_train_e200_b20_lr0.0002_s1,?|Al_segvol.h5|3929|10961|60975,3,0.9821277260780334,0.9649502038955688,0.024222762634356815,0.9982034166653951,0.9981961448987325,0.9789524475733439,0.9758100748062134
final_20260804-224906_augmented_spots_train_e200_b20_lr0.0002_s1,?|Al_segvol.h5|5246|5246|29102,3,0.9780206084251404,0.9571830232938131,0.020045172423124313,0.9972023169199625,0.9971316456794739,0.9789877136548361,0.975158977508545
final_20260804-224906_augmented_spots_train_e200_b20_lr0.0002_s1,?|Al_segvol.h5|1981|9011|50432,4,0.9838547706604004,0.9682777374982834,0.025847787503153086,0.9963194727897644,0.996151477098465,0.9790035039186478,0.9727768540382385
final_20260804-224906_augmented_spots_train_e200_b20_lr0.0002_s1,?|Al_segvol.h5|4795|4795|26374,4,0.9835110455751419,0.9677071571350098,0.025475462432950735,0.9975285232067108,0.9975088387727737,0.9790177941322327,0.9741630613803863
final_20260804-224906_augmented_spots_train_e200_b20_lr0.0002_s1,?|IN718_twins_logtif.h5|933|2309|197712,8,0.9851625859737396,0.9708993658423424,0.027125430293381214,0.9966929331421852,0.9960551857948303,0.9790185913443565,0.9725068569183349
final_20260804-224906_augmented_spots_train_e200_b20_lr0.0002_s1,?|IN718_twins_logtif.h5|432|432|37950,8,0.9893401488661766,0.9789220541715622,0.031192906433716416,0.9952116906642914,0.9950031936168671,0.979073628783226,0.9706831097602844
final_20260804-224906_augmented_spots_train_e200_b20_lr0.0002_s1,?|Al_segvol.h5|6215|13248|74146,3,0.9838911692301432,0.9683529734611511,0.02570917208989461,0.9956019322077433,0.9955585797627767,0.9790909886360168,0.9762890577316284
final_20260804-224906_augmented_spots_train_e200_b20_lr0.0002_s1,?|Al_big_grains_logtif.h5|457|457|13159,3,0.9811548391977946,0.9631687005360922,0.02289426450928052,0.9970488349596659,0.9969041546185812,0.9791303078333536,0.9712307929992676
final_20260804-224906_augmented_spots_train_e200_b20_lr0.0002_s1,?|Al_segvol.h5|2572|9602|53693,3,0.9841216802597046,0.968761662642161,0.025853081916769344,0.9973212480545044,0.9973015983899435,0.9791343013445536,0.977402639389038
final_20260804-224906_augmented_spots_train_e200_b20_lr0.0002_s1,?|IN718_twins_logtif.h5|1033|1033|86088,13,0.9809301037054795,0.9627504715552697,0.0226152350123112,0.998166772035452,0.9977971865580633,0.9791574340600234,0.9718434572219848
final_20260804-224906_augmented_spots_train_e200_b20_lr0.0002_s1,?|Al_segvol.h5|2501|9530|53329,4,0.9829787909984589,0.9667813926935196,0.024660494178533554,0.9975499510765076,0.9975094199180603,0.9791591465473175,0.976023256778717
final_20260804-224906_augmented_spots_train_e200_b20_lr0.0002_s1,?|Al_segvol.h5|2649|9680|54137,3,0.978572944800059,0.9584327141443888,0.020177058254679043,0.9938815037409464,0.9928738276163737,0.9791979193687439,0.9748444795608521
final_20260804-224906_augmented_spots_train_e200_b20_lr0.0002_s1,?|IN718_twins_logtif.h5|608|1985|169001,10,0.989706563949585,0.9796847403049469,0.0312991201877594,0.9954105496406556,0.995366895198822,0.979203736782074,0.967438817024231
final_20260804-224906_augmented_spots_train_e200_b20_lr0.0002_s1,?|Al_segvol.h5|6512|6512|35987,3,0.9839126070340475,0.9684104919433594,0.025455076868335407,0.9980034232139587,0.9979933897654215,0.9792287548383077,0.975374984741211
final_20260804-224906_augmented_spots_train_e200_b20_lr0.0002_s1,?|IN718_twins_logtif.h5|910|910|75593,11,0.984144465489821,0.9702609235590155,0.025661928071217102,0.9970269257372076,0.9953588951717723,0.9792412682013079,0.9782938957214355
final_20260804-224906_augmented_spots_train_e200_b20_lr0.0002_s1,?|Al_segvol.h5|4421|4421|24280,3,0.9853166739145914,0.9710919062296549,0.026827137917280197,0.9967021147410074,0.9966569344202677,0.9792447884877523,0.9758220672607422
final_20260804-224906_augmented_spots_train_e200_b20_lr0.0002_s1,?|IN718_twins_logtif.h5|496|1873|160526,8,0.9783675223588943,0.9578405097126961,0.01987688965164125,0.9985563158988953,0.9985301867127419,0.9792453125119209,0.974287348985672
final_20260804-224906_augmented_spots_train_e200_b20_lr0.0002_s1,?|IN718_twins_logtif.h5|714|2091|178859,5,0.9830996751785278,0.9667702794075013,0.02460168693214655,0.9968407869338989,0.996835720539093,0.9792490005493164,0.9746800541877747
final_20260804-224906_augmented_spots_train_e200_b20_lr0.0002_s1,?|IN718_twins_logtif.h5|17|1394|120159,8,0.9870307818055153,0.9745848253369331,0.028462441870942712,0.9959705099463463,0.9950595796108246,0.9792841747403145,0.9720838725566864
final_20260804-224906_augmented_spots_train_e200_b20_lr0.0002_s1,?|Al_segvol.h5|2696|9729|54422,4,0.9818753302097321,0.9646841585636139,0.023161811754107475,0.9959002286195755,0.9955421388149261,0.9793567508459091,0.9781113266944885
final_20260804-224906_augmented_spots_train_e200_b20_lr0.0002_s1,?|Al_segvol.h5|1443|8475|47366,4,0.9847429990768433,0.9700978547334671,0.0260262549854815,0.9967094659805298,0.9966996312141418,0.9793583750724792,0.9750197291374206
final_20260804-224906_augmented_spots_train_e200_b20_lr0.0002_s1,?|IN718_twins_logtif.h5|1347|1347|115164,6,0.9875799914201101,0.975517749786377,0.028849236977597077,0.9956992566585541,0.9954754014809927,0.9793653587500254,0.9720408618450165
final_20260804-224906_augmented_spots_train_e200_b20_lr0.0002_s1,?|Al_segvol.h5|1556|1556|8528,3,0.9810644388198853,0.9629825750986735,0.022318869829177856,0.9953992962837219,0.9952911734580994,0.9793727795282999,0.9752580642700195
final_20260804-224906_augmented_spots_train_e200_b20_lr0.0002_s1,?|IN718_twins_logtif.h5|600|600|49097,4,0.9817362427711487,0.9642293900251389,0.02292324835434556,0.9980431348085403,0.9979732483625412,0.9794064909219742,0.9753002226352692
final_20260804-224906_augmented_spots_train_e200_b20_lr0.0002_s1,?|IN718_twins_logtif.h5|641|2017|171228,4,0.9926343262195587,0.9854272156953812,0.03378540650010109,0.9950098544359207,0.9948977530002594,0.9794244915246964,0.9736064612865448
final_20260804-224906_augmented_spots_train_e200_b20_lr0.0002_s1,?|Al_segvol.h5|6975|14009|78407,4,0.9844853579998016,0.9697536081075668,0.025613563135266304,0.9968769252300262,0.9962591677904129,0.9794358909130096,0.9694784462451935
final_20260804-224906_augmented_spots_train_e200_b20_lr0.0002_s1,?|Al_segvol.h5|6468|13497|75506,3,0.9863902727762858,0.9732923905054728,0.027510778978466988,0.9977989792823792,0.997782826423645,0.9794397354125977,0.9770299673080445
final_20260804-224906_augmented_spots_train_e200_b20_lr0.0002_s1,?|IN718_twins_logtif.h5|272|1649|142368,7,0.9874260084969657,0.9753686530249459,0.0284922563337854,0.9961314712251935,0.9947668995176043,0.9794668810708183,0.9691312551498413
final_20260804-224906_augmented_spots_train_e200_b20_lr0.0002_s1,?|IN718_twins_logtif.h5|415|1791|155754,7,0.9864158885819572,0.9734605806214469,0.027471411174961498,0.9974259223256793,0.9953271576336452,0.979472245488848,0.9699826240539551
final_20260804-224906_augmented_spots_train_e200_b20_lr0.0002_s1,?|IN718_twins_logtif.h5|138|1515|131045,11,0.9836327271027998,0.9679365645755421,0.024682167748158627,0.9975737658413973,0.9972848241979425,0.979475276036696,0.9751728773117065
final_20260804-224906_augmented_spots_train_e200_b20_lr0.0002_s1,?|IN718_twins_logtif.h5|875|2252|191349,9,0.9828856852319505,0.9664123521910774,0.02393409051001072,0.9970544974009196,0.9967246982786391,0.9794758028454251,0.9756056785583496
final_20260804-224906_augmented_spots_train_e200_b20_lr0.0002_s1,?|Al_segvol.h5|6345|13376|74811,4,0.9857848286628723,0.9720140695571899,0.026819036807864904,0.9965055882930756,0.9964739829301834,0.9794829040765762,0.973392003774643
final_20260804-224906_augmented_spots_train_e200_b20_lr0.0002_s1,?|IN718_twins_logtif.h5|808|808|67981,7,0.9857888647488185,0.972144101347242,0.02680939356131213,0.9964059335844857,0.9963089994021824,0.9794897351946149,0.9694811463356018
final_20260804-224906_augmented_spots_train_e200_b20_lr0.0002_s1,?|Al_segvol.h5|929|7962|44501,3,0.9816031455993652,0.9639619986216227,0.022621460258960724,0.9973892370859782,0.997356633345286,0.9794908563296,0.977840805053711
final_20260804-224906_augmented_spots_train_e200_b20_lr0.0002_s1,?|IN718_twins_logtif.h5|172|1549|134071,8,0.9834497570991516,0.9675472378730774,0.02446233481168747,0.9970969259738922,0.996997132897377,0.9794937074184418,0.9770253777503968
final_20260804-224906_augmented_spots_train_e200_b20_lr0.0002_s1,?|IN718_twins_logtif.h5|1298|2675|228970,12,0.9802490373452505,0.9614357054233551,0.021204964878658455,0.9981147249539694,0.9980401049057642,0.9795220295588175,0.9730408191680908
final_20260804-224906_augmented_spots_train_e200_b20_lr0.0002_s1,?|Al_segvol.h5|4065|4065|22188,3,0.986945390701294,0.9742517669995626,0.027881968766450882,0.9958638350168864,0.995750347773234,0.9795317053794861,0.9755506873130798
final_20260804-224906_augmented_spots_train_e200_b20_lr0.0002_s1,?|IN718_twins_logtif.h5|217|217|17397,12,0.9813380042711893,0.9635291943947474,0.022256643588965137,0.9978424112002054,0.9978118042151133,0.9795406758785248,0.9743497848510743
final_20260804-224906_augmented_spots_train_e200_b20_lr0.0002_s1,?|Al_segvol.h5|7002|7002|39220,3,0.9867648879686991,0.9740640918413798,0.02767707717915376,0.9965788324673971,0.9965426524480184,0.9795439044634501,0.9741203784942627
final_20260804-224906_augmented_spots_train_e200_b20_lr0.0002_s1,?|IN718_twins_logtif.h5|348|348|29835,8,0.9825937375426292,0.965875044465065,0.023493288550525904,0.9974588006734848,0.9973917007446289,0.9795502200722694,0.9762653410434723
final_20260804-224906_augmented_spots_train_e200_b20_lr0.0002_s1,?|Al_segvol.h5|5728|5728|31878,3,0.9866381684939066,0.9736614028612772,0.02751000349720319,0.9978147347768148,0.9978088935216268,0.9795640707015991,0.9748342156410217
final_20260804-224906_augmented_spots_train_e200_b20_lr0.0002_s1,?|IN718_twins_logtif.h5|154|154|14094,6,0.984764983256658,0.9709710578123728,0.025631943407158058,0.9951394697030386,0.9941381216049194,0.9795665244261423,0.9630669355392456
final_20260804-224906_augmented_spots_train_e200_b20_lr0.0002_s1,?|Al_segvol.h5|1954|8984|50234,3,0.9826444784800211,0.9659985701243082,0.023479790116349857,0.9986581007639567,0.9986236691474915,0.9795823295911154,0.974581527709961
final_20260804-224906_augmented_spots_train_e200_b20_lr0.0002_s1,?|Al_segvol.h5|2208|9242|51794,6,0.985998660326004,0.9724097847938538,0.026795582224925358,0.9955481390158335,0.9954961637655894,0.9796015520890554,0.9723324179649353
final_20260804-224906_augmented_spots_train_e200_b20_lr0.0002_s1,?|Al_segvol.h5|6932|6932|38509,3,0.9784345229466757,0.9579959710439047,0.01922863194098075,0.9968335429827372,0.9967624545097351,0.9796029527982076,0.9771846294403076
final_20260804-224906_augmented_spots_train_e200_b20_lr0.0002_s1,?|IN718_twins_logtif.h5|842|842|69910,6,0.9924172560373942,0.9849705199400584,0.033197117038071156,0.993301639954249,0.9923381408055624,0.9796100457509359,0.9711079597473145
final_20260804-224906_augmented_spots_train_e200_b20_lr0.0002_s1,?|IN718_twins_logtif.h5|1095|1095|91332,11,0.9845053607767279,0.9695289676839655,0.025268463756550442,0.9963111498139121,0.9962900876998901,0.9796184463934465,0.9749407768249512
final_20260804-224906_augmented_spots_train_e200_b20_lr0.0002_s1,?|Al_segvol.h5|3049|3049|16747,3,0.9824314912160238,0.9655434687932333,0.023192529877026875,0.9968287547429403,0.9967891375223795,0.9796195030212402,0.9775460243225098
final_20260804-224906_augmented_spots_train_e200_b20_lr0.0002_s1,?|IN718_twins_logtif.h5|865|865|70438,9,0.9865031242370605,0.973740902211931,0.027217400777671073,0.9962094955974155,0.9952118529213799,0.9796428547965156,0.9710956573486328
final_20260804-224906_augmented_spots_train_e200_b20_lr0.0002_s1,?|IN718_twins_logtif.h5|1027|2403|205303,11,0.9866423986174844,0.9736832705411044,0.027299368584697895,0.996375170621005,0.9960803281177174,0.9796715162017129,0.9704549908638
final_20260804-224906_augmented_spots_train_e200_b20_lr0.0002_s1,?|IN718_twins_logtif.h5|743|743|63859,9,0.9926723572942946,0.9854956865310669,0.033262847198380366,0.9929301407602098,0.9928758872879876,0.9797047707769606,0.9678608059883118
final_20260804-224906_augmented_spots_train_e200_b20_lr0.0002_s1,?|IN718_twins_logtif.h5|1326|1326|113329,9,0.9820312791400485,0.9648830824428134,0.0224774233582947,0.9966555171542697,0.9965932038095262,0.9797769255108304,0.9748988270759582
final_20260804-224906_augmented_spots_train_e200_b20_lr0.0002_s1,?|IN718_twins_logtif.h5|986|2360|201244,14,0.9924839266708919,0.98570168869836,0.032818810415587256,0.9934608255113874,0.9909731532846179,0.9798325640814645,0.9653462529182434
final_20260804-224906_augmented_spots_train_e200_b20_lr0.0002_s1,?|Al_segvol.h5|4983|4983|27374,4,0.9877319186925888,0.9759056568145752,0.028054884169250727,0.9951142072677612,0.9950607270002365,0.9798385202884674,0.9686940133571624
final_20260804-224906_augmented_spots_train_e200_b20_lr0.0002_s1,?|IN718_twins_logtif.h5|1062|1062|88609,9,0.9840945998827616,0.9687467018763224,0.024403323315911822,0.9969692561361525,0.996959474351671,0.9798456364207797,0.9741836905479431
final_20260804-224906_augmented_spots_train_e200_b20_lr0.0002_s1,?|IN718_twins_logtif.h5|347|1723|148880,11,0.9863660118796609,0.9735200892795216,0.026673005639829418,0.9965973442251032,0.9946922714060004,0.9798464937643572,0.9615760445594788
final_20260804-224906_augmented_spots_train_e200_b20_lr0.0002_s1,?|Al_segvol.h5|7025|7025|39448,3,0.9784162243207296,0.9579851428667704,0.01871600312491258,0.9987087448438009,0.998694101969401,0.9798501133918762,0.9785800576210022
final_20260804-224906_augmented_spots_train_e200_b20_lr0.0002_s1,?|Al_segvol.h5|6247|6247|34522,3,0.9827160040537516,0.966155469417572,0.023013146594166756,0.997157871723175,0.99714328845342,0.9798514246940613,0.9723091363906861
final_20260804-224906_augmented_spots_train_e200_b20_lr0.0002_s1,?|Al_segvol.h5|3975|11008|61213,3,0.9830852150917053,0.9669698079427084,0.023360963289936382,0.9943928519884745,0.9934351046880087,0.979862113793691,0.9794719099998475
final_20260804-224906_augmented_spots_train_e200_b20_lr0.0002_s1,?|Al_segvol.h5|1245|8277|46285,3,0.9856613477071127,0.9717973868052164,0.025829177349805832,0.9970585107803345,0.9970369140307108,0.9799160758654276,0.9790558815002441
final_20260804-224906_augmented_spots_train_e200_b20_lr0.0002_s1,?|IN718_twins_logtif.h5|104|104|9026,6,0.9847390552361807,0.9700916310151418,0.024888422961036365,0.996640553077062,0.9959982732931772,0.9799253344535828,0.9767332673072815
final_20260804-224906_augmented_spots_train_e200_b20_lr0.0002_s1,?|Al_segvol.h5|6843|6843|37910,4,0.985369861125946,0.9712299704551697,0.025476370006799698,0.9969249367713928,0.9969066828489304,0.9799467474222183,0.9767886817455291
final_20260804-224906_augmented_spots_train_e200_b20_lr0.0002_s1,?|Al_segvol.h5|5442|12473|69944,3,0.9847747286160787,0.9700900316238403,0.02487277736266454,0.9955154856046041,0.9954817891120911,0.9799509843190511,0.9783060312271118
final_20260804-224906_augmented_spots_train_e200_b20_lr0.0002_s1,?|Al_segvol.h5|2510|9540|53359,3,0.9833266933759054,0.9672464529673258,0.023390021175146103,0.996575117111206,0.9964416821797689,0.9799683292706808,0.9792996525764466
final_20260804-224906_augmented_spots_train_e200_b20_lr0.0002_s1,?|Al_segvol.h5|631|631|3609,5,0.9846474885940552,0.9698682069778443,0.024708778783679008,0.995483684539795,0.9951468110084534,0.9799693465232849,0.9741095542907715
final_20260804-224906_augmented_spots_train_e200_b20_lr0.0002_s1,?|Al_segvol.h5|271|7302|40935,3,0.9895899693171183,0.9794085025787354,0.02963024874528249,0.9926949938138326,0.9926625291506449,0.9799798329671224,0.9718954563140869
final_20260804-224906_augmented_spots_train_e200_b20_lr0.0002_s1,?|IN718_twins_logtif.h5|454|454|38580,4,0.9905539304018021,0.9817155599594116,0.030586679466068745,0.9928505569696426,0.9905691742897034,0.9799836128950119,0.9667204320430756
final_20260804-224906_augmented_spots_train_e200_b20_lr0.0002_s1,?|IN718_twins_logtif.h5|972|972|80063,3,0.9944880803426107,0.9890419443448385,0.0345127247273922,0.9955713351567587,0.9955597519874573,0.9799876809120178,0.9717687129974365
final_20260804-224906_augmented_spots_train_e200_b20_lr0.0002_s1,?|Al_segvol.h5|6345|6345|35019,3,0.9838759700457255,0.9682815869649252,0.023864899451533955,0.9971460103988647,0.9971111019452413,0.9800055424372355,0.9769203424453735
final_20260804-224906_augmented_spots_train_e200_b20_lr0.0002_s1,?|IN718_twins_logtif.h5|758|2135|185721,10,0.9831194639205932,0.9668608546257019,0.02310197278857231,0.9980965614318847,0.998047262430191,0.9800087451934815,0.9768654346466065
final_20260804-224906_augmented_spots_train_e200_b20_lr0.0002_s1,?|IN718_twins_logtif.h5|1257|2634|225613,7,0.9911590218544006,0.9825373632567269,0.031105044963104383,0.9902666125978742,0.9900143912860325,0.9800269944327218,0.9731854796409607
final_20260804-224906_augmented_spots_train_e200_b20_lr0.0002_s1,?|Al_segvol.h5|4789|11818|65901,3,0.9813336928685507,0.9634310801823934,0.021222765867908795,0.9983848730723063,0.9983636538187662,0.9800554315249125,0.9792026877403259
final_20260804-224906_augmented_spots_train_e200_b20_lr0.0002_s1,?|IN718_twins_logtif.h5|637|2014|171131,11,0.9908425645394758,0.9818983132188971,0.030727093869989567,0.9967951286922802,0.9960729696533897,0.9800577380440452,0.9717514514923096
final_20260804-224906_augmented_spots_train_e200_b20_lr0.0002_s1,?|IN718_twins_logtif.h5|161|1538|132792,7,0.9967450414385114,0.9935267227036613,0.03662535973957607,0.9891418388911656,0.9888599855559213,0.9800598451069423,0.9657020092010498
final_20260804-224906_augmented_spots_train_e200_b20_lr0.0002_s1,?|Al_segvol.h5|4353|4353|23850,3,0.9771029949188232,0.9555893540382385,0.016951037260393303,0.9986157019933065,0.9985519051551819,0.98007599512736,0.9785389184951783
final_20260804-224906_augmented_spots_train_e200_b20_lr0.0002_s1,?|Al_segvol.h5|578|7609|42598,4,0.9850262105464935,0.9705854654312134,0.024837146513164043,0.998056560754776,0.998045340180397,0.9800945520401001,0.9770295143127441
final_20260804-224906_augmented_spots_train_e200_b20_lr0.0002_s1,?|IN718_twins_logtif.h5|697|697|58469,11,0.9902630177411166,0.9807630018754439,0.030043385922908783,0.996119889346036,0.995348946614699,0.9801098216663707,0.975837767124176
final_20260804-224906_augmented_spots_train_e200_b20_lr0.0002_s1,?|Al_segvol.h5|1329|1329|7325,3,0.9848022063573202,0.9700953761736552,0.024574903771281242,0.9965718189875284,0.9965166846911112,0.9801136453946432,0.9760704636573792
final_20260804-224906_augmented_spots_train_e200_b20_lr0.0002_s1,?|IN718_twins_logtif.h5|78|1454|124912,9,0.9825249910354614,0.9657780726750692,0.022276531491014693,0.9981211556328667,0.9979745878113641,0.9801242351531982,0.9762709140777588
final_20260804-224906_augmented_spots_train_e200_b20_lr0.0002_s1,?|IN718_twins_logtif.h5|960|960|79596,5,0.9934542059898377,0.9870197534561157,0.033201123401522634,0.9921793222427369,0.9919117569923401,0.9801265358924866,0.9741142511367797
final_20260804-224906_augmented_spots_train_e200_b20_lr0.0002_s1,?|Al_segvol.h5|1765|1765|9681,3,0.9770053625106812,0.9552533427874247,0.016739501617848873,0.998142937819163,0.9980692863464355,0.9801329175631205,0.9783277869224548
final_20260804-224906_augmented_spots_train_e200_b20_lr0.0002_s1,?|IN718_twins_logtif.h5|389|1768|152587,6,0.9940172930558523,0.988113522529602,0.03373551710198323,0.99147895971934,0.9914266169071198,0.9801408847173055,0.9747348129749298
final_20260804-224906_augmented_spots_train_e200_b20_lr0.0002_s1,?|Al_segvol.h5|1664|1664|9066,3,0.9853044748306274,0.9713836510976156,0.025017494335770607,0.9963064988454183,0.9962605436642965,0.9801434874534607,0.9766618013381958
final_20260804-224906_augmented_spots_train_e200_b20_lr0.0002_s1,?|IN718_twins_logtif.h5|1263|1263|106636,7,0.9899018832615444,0.9800587637083871,0.029601157509854863,0.9950235911778041,0.9947049958365304,0.9801503590175084,0.9676953673362731
final_20260804-224906_augmented_spots_train_e200_b20_lr0.0002_s1,?|Al_segvol.h5|5117|5117|28255,4,0.9806390702724457,0.9623471200466156,0.020329653983935714,0.9982713758945465,0.9982624500989914,0.9801546931266785,0.9731128811836243
final_20260804-224906_augmented_spots_train_e200_b20_lr0.0002_s1,?|IN718_twins_logtif.h5|1370|1370|118684,7,0.9902219091142926,0.9806724531309945,0.02991147099861077,0.9961938517434257,0.9961920976638794,0.980155212538583,0.972746205329895
final_20260804-224906_augmented_spots_train_e200_b20_lr0.0002_s1,?|Al_segvol.h5|696|7732|43320,4,0.9865707457065582,0.9736417680978775,0.02622460015118122,0.9973835647106171,0.9973432421684265,0.9801730662584305,0.9766926944255829
final_20260804-224906_augmented_spots_train_e200_b20_lr0.0002_s1,?|Al_segvol.h5|4225|4225|23104,3,0.9830518166224161,0.9668024381001791,0.022687801470359165,0.997376561164856,0.9973393082618713,0.9801819920539856,0.9777523040771484
final_20260804-224906_augmented_spots_train_e200_b20_lr0.0002_s1,?|Al_segvol.h5|693|693|3900,3,0.9857914845148722,0.9720180829366049,0.02534138225018978,0.9956648151079813,0.9956139922142029,0.9802250663439432,0.978154969215393
final_20260804-224906_augmented_spots_train_e200_b20_lr0.0002_s1,?|Al_segvol.h5|6267|13300|74414,3,0.9821035464604696,0.964935302734375,0.021635592604676884,0.9984147349993387,0.998399555683136,0.9802339871724447,0.976922357082367
final_20260804-224906_augmented_spots_train_e200_b20_lr0.0002_s1,?|IN718_twins_logtif.h5|1330|1330|113449,10,0.9813292145729064,0.9635461747646332,0.02083116676658392,0.9965036809444427,0.996492326259613,0.9802490293979644,0.9770694732666015
final_20260804-224906_augmented_spots_train_e200_b20_lr0.0002_s1,?|Al_segvol.h5|4661|11696|65168,4,0.9835073947906494,0.9678688794374466,0.022992190439254045,0.994921863079071,0.994862824678421,0.9802576005458832,0.9741227507591248
final_20260804-224906_augmented_spots_train_e200_b20_lr0.0002_s1,?|Al_segvol.h5|6165|13203|73932,3,0.9810265700022379,0.9631780982017517,0.02049240159491698,0.9975995620091757,0.9975802898406982,0.980267067750295,0.9765379786491394
final_20260804-224906_augmented_spots_train_e200_b20_lr0.0002_s1,?|Al_segvol.h5|3557|10591|59024,3,0.9848964810371399,0.9702818195025126,0.024246736119190853,0.9978782137235006,0.9978622595469157,0.9803248643875122,0.9789998054504394
final_20260804-224906_augmented_spots_train_e200_b20_lr0.0002_s1,?|Al_segvol.h5|2279|9311|52126,3,0.979551374912262,0.9600775639216105,0.018868152673045795,0.9993179241816202,0.9993136922518412,0.980341633160909,0.9770321249961853
final_20260804-224906_augmented_spots_train_e200_b20_lr0.0002_s1,?|Al_segvol.h5|2476|9507|53201,3,0.9845430254936218,0.9695929487546285,0.02384765570362409,0.9967758456865946,0.9967365860939026,0.9803476730982462,0.9782047271728516
final_20260804-224906_augmented_spots_train_e200_b20_lr0.0002_s1,?|Al_segvol.h5|4759|11791|65750,3,0.985758384068807,0.972012480099996,0.025029890860120457,0.9896487394968668,0.9871792395909628,0.9803642233212789,0.9790710210800171
final_20260804-224906_augmented_spots_train_e200_b20_lr0.0002_s1,?|IN718_twins_logtif.h5|862|2238|190352,9,0.985620551639133,0.9719629751311408,0.024866196016470592,0.9973795546425713,0.9962714248233371,0.9803771840201484,0.9734116077423096
final_20260804-224906_augmented_spots_train_e200_b20_lr0.0002_s1,?|Al_segvol.h5|4225|11257|62642,3,0.9788644909858704,0.9586134155591329,0.01810115948319435,0.9973302086194357,0.9972244302431742,0.9803816477457682,0.978967297077179
final_20260804-224906_augmented_spots_train_e200_b20_lr0.0002_s1,?|IN718_twins_logtif.h5|98|1475|126571,7,0.9882300751549857,0.9768172076770237,0.02740947449845927,0.9967563322612217,0.9966378041676113,0.9804103033883231,0.974894666671753
final_20260804-224906_augmented_spots_train_e200_b20_lr0.0002_s1,?|Al_segvol.h5|2883|2883|15891,3,0.9751792947451273,0.9517113566398621,0.014352149019638697,0.9964577356974283,0.9963609576225281,0.980413575967153,0.9758107185363769
final_20260804-224906_augmented_spots_train_e200_b20_lr0.0002_s1,?|IN718_twins_logtif.h5|1031|2408|205709,7,0.9890988639422825,0.9786643896784101,0.02826235443353653,0.9935311164174762,0.9919691852160862,0.9804182563509259,0.9674623489379883
final_20260804-224906_augmented_spots_train_e200_b20_lr0.0002_s1,?|IN718_twins_logtif.h5|404|404|35258,5,0.9880150198936463,0.9764041662216186,0.02716248668730259,0.9957115888595581,0.9951144337654114,0.9804262638092041,0.9738024830818176
final_20260804-224906_augmented_spots_train_e200_b20_lr0.0002_s1,?|IN718_twins_logtif.h5|600|1977|168424,7,0.9837336029325213,0.968065891947065,0.022847961900489672,0.9970018948827472,0.9969179800578526,0.9804428219795227,0.9773403167724609
final_20260804-224906_augmented_spots_train_e200_b20_lr0.0002_s1,?|IN718_twins_logtif.h5|586|1965|167504,11,0.987435134974393,0.9753377600149675,0.026516476307402958,0.997467431155118,0.9964402155442671,0.9804593216289174,0.973084032535553
final_20260804-224906_augmented_spots_train_e200_b20_lr0.0002_s1,?|Al_segvol.h5|2356|2356|13034,3,0.9779632886250814,0.9573211471239725,0.01703119743615389,0.9889848629633585,0.9874851306279501,0.9804660479227701,0.9788527727127075
final_20260804-224906_augmented_spots_train_e200_b20_lr0.0002_s1,?|Al_segvol.h5|472|7504|42045,4,0.990148589015007,0.9804974943399429,0.029209338128566742,0.9957471489906311,0.9957264363765717,0.9804696291685104,0.9762797236442566
final_20260804-224906_augmented_spots_train_e200_b20_lr0.0002_s1,?|IN718_twins_logtif.h5|674|674|55913,7,0.9931729521070208,0.9864520600863865,0.032193662864821296,0.9915684461593628,0.9914987598146711,0.9804896371705192,0.9750892400741578
final_20260804-224906_augmented_spots_train_e200_b20_lr0.0002_s1,?|Al_segvol.h5|5489|12520|70244,3,0.986441433429718,0.9733240008354187,0.025375620151559513,0.9967909852663676,0.9965980251630148,0.9805329044659933,0.9762318849563598
final_20260804-224906_augmented_spots_train_e200_b20_lr0.0002_s1,?|Al_segvol.h5|2959|2959|16269,3,0.9830019076665243,0.9666485985120138,0.02192985328535239,0.9987818201382955,0.9987501899401346,0.9805360237757365,0.976803457736969
final_20260804-224906_augmented_spots_train_e200_b20_lr0.0002_s1,?|IN718_twins_logtif.h5|1330|2707|232865,12,0.9830655157566071,0.9668760399023691,0.021980035584419966,0.998072549700737,0.9980442275603613,0.98054272433122,0.9765510559082031
final_20260804-224906_augmented_spots_train_e200_b20_lr0.0002_s1,?|Al_segvol.h5|3067|3067|16819,4,0.9840932190418243,0.9687345325946808,0.0229824292473495,0.9980996996164322,0.9980664551258087,0.980555385351181,0.9777844786643982
final_20260804-224906_augmented_spots_train_e200_b20_lr0.0002_s1,?|IN718_twins_logtif.h5|76|1453|124842,9,0.9830701682302687,0.9668204320801629,0.021959098676840465,0.9976861013306512,0.9976507623990377,0.9805555277400546,0.9763584494590759
final_20260804-224906_augmented_spots_train_e200_b20_lr0.0002_s1,?|IN718_twins_logtif.h5|1178|1178|98577,10,0.9843849420547486,0.9693355739116669,0.023252335749566554,0.9962899148464203,0.9962055504322052,0.9805662989616394,0.976071810722351
final_20260804-224906_augmented_spots_train_e200_b20_lr0.0002_s1,?|Al_segvol.h5|575|575|3238,3,0.982961376508077,0.9665984511375427,0.021816338102022808,0.9966923395792643,0.996619701385498,0.980572521686554,0.9754503726959228
final_20260804-224906_augmented_spots_train_e200_b20_lr0.0002_s1,?|IN718_twins_logtif.h5|586|586|48120,6,0.9929831624031067,0.9860739409923553,0.031811317428946495,0.9957680702209473,0.9955269694328308,0.9805859128634135,0.9767849445343018
final_20260804-224906_augmented_spots_train_e200_b20_lr0.0002_s1,?|IN718_twins_logtif.h5|1129|1129|94968,11,0.9899043549190868,0.9802141189575195,0.028726179999384014,0.9965059703046625,0.9960628151893616,0.9805890809405934,0.9669731259346008
final_20260804-224906_augmented_spots_train_e200_b20_lr0.0002_s1,?|IN718_twins_logtif.h5|15|15|726,8,0.9898056760430336,0.9798544719815254,0.02859455067664385,0.9955126643180847,0.9952782392501831,0.9806055352091789,0.9754844009876251
final_20260804-224906_augmented_spots_train_e200_b20_lr0.0002_s1,?|IN718_twins_logtif.h5|860|860|70302,8,0.9882205203175545,0.976950578391552,0.027001935057342052,0.9961750954389572,0.9953141063451767,0.9806092828512192,0.9710435450077057
final_20260804-224906_augmented_spots_train_e200_b20_lr0.0002_s1,?|IN718_twins_logtif.h5|1053|1053|87881,7,0.9871632882526943,0.9747279967580523,0.025936884805560112,0.996025800704956,0.994693032332829,0.9806132061140878,0.975549328327179
final_20260804-224906_augmented_spots_train_e200_b20_lr0.0002_s1,?|Al_segvol.h5|2796|9828|54930,3,0.9899597962697347,0.9801814357439677,0.028703777119517326,0.996316393216451,0.9961686333020529,0.9806280334790548,0.9760218858718872
final_20260804-224906_augmented_spots_train_e200_b20_lr0.0002_s1,?|IN718_twins_logtif.h5|1318|1318|112345,7,0.9872940949031285,0.9749551245144435,0.02603427240891116,0.994642334324973,0.9857582024165562,0.9806299124445234,0.9756029844284058
final_20260804-224906_augmented_spots_train_e200_b20_lr0.0002_s1,?|Al_segvol.h5|5882|12917|72494,3,0.9866930445035299,0.9737915794054667,0.025427483022212982,0.9967825412750244,0.9967198173205057,0.9806328018506368,0.9785346984863281
final_20260804-224906_augmented_spots_train_e200_b20_lr0.0002_s1,?|IN718_twins_logtif.h5|450|450|38528,8,0.9895721897482872,0.9795004054903984,0.02826282475143671,0.9958611950278282,0.995183490216732,0.9806546941399574,0.974402916431427
final_20260804-224906_augmented_spots_train_e200_b20_lr0.0002_s1,?|Al_segvol.h5|4146|4146|22629,3,0.9873325030008951,0.975011428197225,0.02601213939487934,0.9961089293162028,0.9960833390553793,0.9806601802508036,0.9773523926734924
final_20260804-224906_augmented_spots_train_e200_b20_lr0.0002_s1,?|IN718_twins_logtif.h5|1208|2587|221427,9,0.9862505594889323,0.9728930393854777,0.024824065673682425,0.9971109297540452,0.9969598319795396,0.9807132416301303,0.9760548353195191
final_20260804-224906_augmented_spots_train_e200_b20_lr0.0002_s1,?|IN718_twins_logtif.h5|995|995|81782,12,0.9850324193636576,0.970574085911115,0.023583054232100647,0.9974551896254221,0.997429425517718,0.9807246724764506,0.9804280519485473
final_20260804-224906_augmented_spots_train_e200_b20_lr0.0002_s1,?|Al_segvol.h5|6918|13949|78016,5,0.9844593405723572,0.9694918870925904,0.022992611303925513,0.9974341750144958,0.9974215865135193,0.9807333707809448,0.9784657239913941
final_20260804-224906_augmented_spots_train_e200_b20_lr0.0002_s1,?|IN718_twins_logtif.h5|95|1472|126329,4,0.9881352037191391,0.9765675216913223,0.0266353627666831,0.997034341096878,0.9968676120042801,0.9807499349117279,0.9784954428672791
final_20260804-224906_augmented_spots_train_e200_b20_lr0.0002_s1,?|Al_segvol.h5|4649|4649|25531,3,0.9864737192789713,0.9733411073684692,0.024948271612326305,0.9975151022275289,0.997475802898407,0.9807627201080322,0.9792452573776245
final_20260804-224906_augmented_spots_train_e200_b20_lr0.0002_s1,?|IN718_twins_logtif.h5|1240|1240|104058,3,0.9807385007540385,0.962317943572998,0.019164052481452625,0.9987621307373047,0.9987363616625468,0.9807872176170349,0.9786938190460205
final_20260804-224906_augmented_spots_train_e200_b20_lr0.0002_s1,?|IN718_twins_logtif.h5|1157|1157|96148,4,0.9940463602542877,0.988165870308876,0.03245583176612854,0.9955528676509857,0.9953056573867798,0.9807952493429184,0.9763566493988037
final_20260804-224906_augmented_spots_train_e200_b20_lr0.0002_s1,?|Al_segvol.h5|583|583|3291,3,0.9851062695185343,0.9707132577896118,0.023467821379502613,0.998473604520162,0.9984248081843058,0.9808192253112793,0.9770732402801514
final_20260804-224906_augmented_spots_train_e200_b20_lr0.0002_s1,?|Al_segvol.h5|144|7178|40307,4,0.9836943000555038,0.9680057466030121,0.02200001827441156,0.9978412389755249,0.9978143125772476,0.9808471351861954,0.9747208535671235
final_20260804-224906_augmented_spots_train_e200_b20_lr0.0002_s1,?|IN718_twins_logtif.h5|774|2155|187036,6,0.9930539925893148,0.9862304528554281,0.03131189942359924,0.9935960471630096,0.9935874044895172,0.9808710515499115,0.9695303738117218
final_20260804-224906_augmented_spots_train_e200_b20_lr0.0002_s1,?|Al_segvol.h5|4061|4061|22167,4,0.9832685887813568,0.9674549847841263,0.021442501805722713,0.9959491789340973,0.9957894682884216,0.9809130281209946,0.9771992683410644
final_20260804-224906_augmented_spots_train_e200_b20_lr0.0002_s1,?|Al_segvol.h5|5182|5182|28708,4,0.9872647672891617,0.9748797714710236,0.025428708642721176,0.9967166185379028,0.9966852366924286,0.9809180349111557,0.9768760859966278
final_20260804-224906_augmented_spots_train_e200_b20_lr0.0002_s1,?|IN718_twins_logtif.h5|1013|1013|83857,9,0.9910975495974222,0.9824971556663513,0.029259580704900954,0.994011812739902,0.9936960869365268,0.9809189703729417,0.9731775403022767
final_20260804-224906_augmented_spots_train_e200_b20_lr0.0002_s1,?|IN718_twins_logtif.h5|563|1940|166779,7,0.9904526727540153,0.9811739751270839,0.028614067738609656,0.98958306653159,0.9879441431590489,0.9809193015098572,0.9688252806663513
final_20260804-224906_augmented_spots_train_e200_b20_lr0.0002_s1,?|IN718_twins_logtif.h5|119|119|11849,11,0.9884984601627697,0.9773105653849515,0.02663800950077447,0.9964416081255133,0.9963164329528809,0.9809302145784552,0.9779548645019531
final_20260804-224906_augmented_spots_train_e200_b20_lr0.0002_s1,?|IN718_twins_logtif.h5|791|2168|187342,8,0.9936259612441063,0.9873449876904488,0.03176481602713466,0.9956623911857605,0.9955349713563919,0.9809305816888809,0.9734636664390564
final_20260804-224906_augmented_spots_train_e200_b20_lr0.0002_s1,?|Al_segvol.h5|3935|10966|61008,3,0.9823631246884664,0.965394655863444,0.02050016013284524,0.9979336460431417,0.9978988369305929,0.9809314608573914,0.9785703778266907
final_20260804-224906_augmented_spots_train_e200_b20_lr0.0002_s1,?|Al_segvol.h5|5288|12316|68972,3,0.9826594193776449,0.9660369157791138,0.02079558465629816,0.9977607131004333,0.997718612353007,0.9809319178263346,0.9773927450180053
final_20260804-224906_augmented_spots_train_e200_b20_lr0.0002_s1,?|IN718_twins_logtif.h5|1070|2447|209547,7,0.9906222735132489,0.9814712490354266,0.028680537960359027,0.994470877306802,0.9944042989185878,0.9809708595275879,0.9761646866798401
final_20260804-224906_augmented_spots_train_e200_b20_lr0.0002_s1,?|IN718_twins_logtif.h5|961|2339|199546,14,0.9879118800163269,0.9761857347829002,0.025935289849128042,0.997612693480083,0.9975411806787763,0.9809882981436593,0.9753357291221618
final_20260804-224906_augmented_spots_train_e200_b20_lr0.0002_s1,?|IN718_twins_logtif.h5|363|1741|150779,3,0.9836249351501465,0.9678962429364523,0.02160819061100483,0.9988701939582825,0.9988377491633097,0.9810083707173666,0.9798079133033752
final_20260804-224906_augmented_spots_train_e200_b20_lr0.0002_s1,?|IN718_twins_logtif.h5|89|89|7112,8,0.9885788485407829,0.9774487093091011,0.026530888862907887,0.9958650469779968,0.9958366453647614,0.9810239896178246,0.9764294445514679
final_20260804-224906_augmented_spots_train_e200_b20_lr0.0002_s1,?|IN718_twins_logtif.h5|172|172|15423,7,0.9820714337485177,0.9648797852652413,0.02000351542873042,0.9989598989486694,0.9988869854382106,0.9810339553015572,0.9788029789924622
final_20260804-224906_augmented_spots_train_e200_b20_lr0.0002_s1,?|IN718_twins_logtif.h5|761|2138|186460,6,0.9906687041123708,0.9815429747104645,0.02855978130052487,0.9966279764970144,0.996613621711731,0.981054445107778,0.9741389751434326
final_20260804-224906_augmented_spots_train_e200_b20_lr0.0002_s1,?|Al_segvol.h5|578|578|3258,3,0.9871777693430582,0.9748217860857645,0.025055699050426483,0.9974593718846639,0.9974542061487833,0.9810610413551331,0.9796701312065125
final_20260804-224906_augmented_spots_train_e200_b20_lr0.0002_s1,?|IN718_twins_logtif.h5|1240|2617|223766,6,0.9840187231699625,0.9687017599741617,0.02185948472470045,0.9979988932609558,0.997984786828359,0.9810796082019806,0.9778800308704376
final_20260804-224906_augmented_spots_train_e200_b20_lr0.0002_s1,?|Al_segvol.h5|3628|3628|19843,3,0.9823150634765625,0.9653204083442688,0.02009547781199217,0.9985660711924235,0.9985427856445312,0.9811097979545593,0.97861407995224
final_20260804-224906_augmented_spots_train_e200_b20_lr0.0002_s1,?|IN718_twins_logtif.h5|577|577|47890,10,0.9924498856067657,0.9850219488143921,0.03019623113796115,0.9940313220024108,0.9939679384231568,0.9811268329620362,0.978067284822464
final_20260804-224906_augmented_spots_train_e200_b20_lr0.0002_s1,?|IN718_twins_logtif.h5|13|13|669,6,0.9928512374560038,0.9858740071455637,0.030586886530121166,0.9957219262917837,0.9956832627455393,0.9811321496963501,0.9694656133651733
final_20260804-224906_augmented_spots_train_e200_b20_lr0.0002_s1,?|IN718_twins_logtif.h5|970|2348|199970,6,0.9932455917199453,0.9866181214650472,0.030965438423057396,0.995974600315094,0.9958052535851797,0.9811400870482127,0.9753632545471191
final_20260804-224906_augmented_spots_train_e200_b20_lr0.0002_s1,?|IN718_twins_logtif.h5|42|42|2455,8,0.9871006980538368,0.9746226295828819,0.024800261831842363,0.9964584708213806,0.9963404387235641,0.9811502322554588,0.9690077662467956
final_20260804-224906_augmented_spots_train_e200_b20_lr0.0002_s1,?|IN718_twins_logtif.h5|208|1586|136189,8,0.9847729131579399,0.9700312167406082,0.02242806740105152,0.998005136847496,0.9979887157678604,0.9811724051833153,0.976909476518631
final_20260804-224906_augmented_spots_train_e200_b20_lr0.0002_s1,?|Al_segvol.h5|2483|9516|53243,3,0.9845973253250122,0.9697140455245972,0.02219258559246858,0.9980825384457906,0.9980462789535522,0.9812023639678955,0.9787161350250244
final_20260804-224906_augmented_spots_train_e200_b20_lr0.0002_s1,?|IN718_twins_logtif.h5|1007|1007|83328,6,0.9854790369669596,0.9714875916639963,0.02306093244502942,0.9977078835169474,0.9976702034473419,0.9812090595563253,0.9764361083507538
final_20260804-224906_augmented_spots_train_e200_b20_lr0.0002_s1,?|IN718_twins_logtif.h5|963|963|79696,9,0.9883449474970499,0.9770076539781358,0.025892430502507422,0.9974921411938138,0.9974163903130425,0.9812262521849738,0.9765177249908448
final_20260804-224906_augmented_spots_train_e200_b20_lr0.0002_s1,?|IN718_twins_logtif.h5|189|189|16031,6,0.9865023990472158,0.9734187920888265,0.024014746149381,0.9979940156141917,0.9979899624983469,0.9812438388665518,0.978350818157196
final_20260804-224906_augmented_spots_train_e200_b20_lr0.0002_s1,?|IN718_twins_logtif.h5|914|914|75742,8,0.9832980334758759,0.9672092571854591,0.020808259374462068,0.9977462217211723,0.9975066483020782,0.9812448844313622,0.9719371736049652
final_20260804-224906_augmented_spots_train_e200_b20_lr0.0002_s1,?|IN718_twins_logtif.h5|94|94|7338,12,0.9857339411973953,0.971990759174029,0.02324019403507312,0.9975694815317789,0.9972060968478521,0.981246883670489,0.9700822591781616
final_20260804-224906_augmented_spots_train_e200_b20_lr0.0002_s1,?|Al_segvol.h5|2716|2716|15003,4,0.9801890254020691,0.9612091779708862,0.01769181271083653,0.9986611902713776,0.9986460506916046,0.98124860227108,0.9780739068984985
final_20260804-224906_augmented_spots_train_e200_b20_lr0.0002_s1,?|IN718_twins_logtif.h5|570|1945|167029,9,0.983163038889567,0.9670862621731229,0.020655457344320085,0.9986714522043864,0.9986601405673556,0.9812537829081217,0.9765098571777344
final_20260804-224906_augmented_spots_train_e200_b20_lr0.0002_s1,?|IN718_twins_logtif.h5|695|2075|178200,7,0.9892693502562386,0.9787978444780622,0.02674363074558122,0.9963731936046055,0.99620178767613,0.9812628882271903,0.9728473901748658
final_20260804-224906_augmented_spots_train_e200_b20_lr0.0002_s1,?|IN718_twins_logtif.h5|363|363|31507,7,0.9840998905045646,0.9688403691564288,0.021563911544425145,0.9988218971661159,0.9988085627555847,0.9812679971967425,0.9764039278030395
final_20260804-224906_augmented_spots_train_e200_b20_lr0.0002_s1,?|Al_segvol.h5|1426|8455|47261,4,0.9862848818302155,0.9729591757059097,0.023740440607070923,0.9972162842750549,0.9971516877412796,0.9812722057104111,0.9786031126976014
final_20260804-224906_augmented_spots_train_e200_b20_lr0.0002_s1,?|IN718_twins_logtif.h5|683|683|56308,6,0.9919500052928925,0.9840808808803558,0.029376685619354248,0.9950175782044729,0.9947336216767629,0.9812866648038229,0.9763109683990479
final_20260804-224906_augmented_spots_train_e200_b20_lr0.0002_s1,?|IN718_twins_logtif.h5|821|2199|188793,8,0.9881248325109482,0.9768635183572769,0.02546126372180879,0.9951300695538521,0.9930029809474945,0.9813317582011223,0.969106137752533
final_20260804-224906_augmented_spots_train_e200_b20_lr0.0002_s1,?|IN718_twins_logtif.h5|933|933|77950,12,0.9888159036636353,0.977931429942449,0.026143310281137627,0.9971358130375544,0.9970420400301615,0.9813363005717596,0.9754798233509063
final_20260804-224906_augmented_spots_train_e200_b20_lr0.0002_s1,?|IN718_twins_logtif.h5|1119|1119|93871,11,0.9869665232571688,0.9743395610289141,0.024293762377717278,0.9975722107020292,0.9975622296333313,0.9813363714651628,0.976649820804596
final_20260804-224906_augmented_spots_train_e200_b20_lr0.0002_s1,?|IN718_twins_logtif.h5|1054|2432|207947,10,0.9900194823741912,0.9803776323795319,0.02733256611973047,0.9935523867607117,0.9931767225265503,0.9813434600830078,0.9784575402736664
final_20260804-224906_augmented_spots_train_e200_b20_lr0.0002_s1,?|Al_segvol.h5|4461|11494|64034,3,0.9834597905476888,0.9675052960713705,0.02075827183822791,0.9985167980194092,0.9985055128733317,0.9813507397969564,0.9797207593917847
final_20260804-224906_augmented_spots_train_e200_b20_lr0.0002_s1,?|Al_segvol.h5|5299|12330|69052,5,0.9811310648918152,0.9631374597549438,0.018392281234264375,0.9951018810272216,0.9949358463287353,0.981369423866272,0.9783968210220337
final_20260804-224906_augmented_spots_train_e200_b20_lr0.0002_s1,?|IN718_twins_logtif.h5|1120|2497|213980,4,0.9837068468332291,0.9680236428976059,0.02093412121757865,0.9981275200843811,0.9980884045362473,0.9813863635063171,0.9784726560115814
final_20260804-224906_augmented_spots_train_e200_b20_lr0.0002_s1,?|IN718_twins_logtif.h5|1033|2410|205805,7,0.9825034056391034,0.9657032404627118,0.019673577642866542,0.9980106438909259,0.997998561177935,0.9814149226461139,0.9785425543785096
final_20260804-224906_augmented_spots_train_e200_b20_lr0.0002_s1,?|IN718_twins_logtif.h5|680|2057|175770,5,0.9880906224250794,0.9765301465988159,0.02522829584777355,0.9976617693901062,0.9974750638008117,0.9814311623573303,0.9786717414855957
final_20260804-224906_augmented_spots_train_e200_b20_lr0.0002_s1,?|Al_segvol.h5|575|7607|42579,3,0.9821679393450419,0.9652435382207235,0.019301426286498707,0.997441291809082,0.997419516245524,0.9814332524935404,0.978482437133789
final_20260804-224906_augmented_spots_train_e200_b20_lr0.0002_s1,?|IN718_twins_logtif.h5|1277|2655|227539,5,0.9870446681976318,0.9745310068130493,0.02417156137526035,0.9972033500671387,0.9953535079956055,0.9814365386962891,0.9725257515907287
final_20260804-224906_augmented_spots_train_e200_b20_lr0.0002_s1,?|IN718_twins_logtif.h5|179|179|15713,5,0.982084846496582,0.9649129748344422,0.019190996885299683,0.9990378141403198,0.9990158557891846,0.9814469218254089,0.9775029063224793
final_20260804-224906_augmented_spots_train_e200_b20_lr0.0002_s1,?|IN718_twins_logtif.h5|995|2372|201727,9,0.9822586443689134,0.9652287032869127,0.019333655945956707,0.9986888501379225,0.9986852010091146,0.9814624918831719,0.9749083280563354
final_20260804-224906_augmented_spots_train_e200_b20_lr0.0002_s1,?|IN718_twins_logtif.h5|996|2374|201829,11,0.9847685586322438,0.9700769565322183,0.021842962130904198,0.9974408312277361,0.9972341873429038,0.9814627929167314,0.9804967641830444
final_20260804-224906_augmented_spots_train_e200_b20_lr0.0002_s1,?|IN718_twins_logtif.h5|354|1731|149050,9,0.9874455597665575,0.9754790994856093,0.02451157983806398,0.9980521069632636,0.9964249001608955,0.9814669953452216,0.9754107832908631
final_20260804-224906_augmented_spots_train_e200_b20_lr0.0002_s1,?|IN718_twins_logtif.h5|68|68|5347,9,0.9854070213105943,0.9715078208181593,0.022398965433239937,0.997459352016449,0.9966011709637113,0.9815040363205804,0.9729876279830932
final_20260804-224906_augmented_spots_train_e200_b20_lr0.0002_s1,?|IN718_twins_logtif.h5|359|359|30816,5,0.987146508693695,0.9746630072593689,0.024133343249559402,0.9977660417556763,0.9976103067398071,0.9815065860748291,0.9777905464172363
final_20260804-224906_augmented_spots_train_e200_b20_lr0.0002_s1,?|IN718_twins_logtif.h5|123|123|11956,9,0.9875652856296964,0.9754848811361525,0.0245478047678868,0.9977069828245375,0.9975327849388123,0.9815087583329942,0.9750523567199707
final_20260804-224906_augmented_spots_train_e200_b20_lr0.0002_s1,?|IN718_twins_logtif.h5|745|745|63909,8,0.9918899610638618,0.983972392976284,0.028846433153375983,0.9960311204195023,0.994623139500618,0.981521762907505,0.971694040298462
final_20260804-224906_augmented_spots_train_e200_b20_lr0.0002_s1,?|IN718_twins_logtif.h5|67|1441|124366,3,0.9941697716712952,0.9884096384048462,0.031118268767992657,0.9963821172714233,0.9963394006093343,0.9815257589022318,0.9751459956169128
final_20260804-224906_augmented_spots_train_e200_b20_lr0.0002_s1,?|IN718_twins_logtif.h5|979|979|80827,7,0.9908059579985482,0.9818524633135114,0.027752840093203952,0.9959555523736137,0.9958467738968986,0.9815265536308289,0.975937008857727
final_20260804-224906_augmented_spots_train_e200_b20_lr0.0002_s1,?|Al_segvol.h5|3837|10869|60418,4,0.9873706549406052,0.975100114941597,0.024303461890667677,0.9981158375740051,0.9980841428041458,0.9815336167812347,0.9778622448444366
final_20260804-224906_augmented_spots_train_e200_b20_lr0.0002_s1,?|IN718_twins_logtif.h5|822|2198|188772,10,0.990956574678421,0.9822346806526184,0.027879894152283667,0.9966004252433777,0.9955623626708985,0.9815383434295655,0.9725201487541199
final_20260804-224906_augmented_spots_train_e200_b20_lr0.0002_s1,?|IN718_twins_logtif.h5|674|2050|175438,7,0.9901258775166103,0.9804894924163818,0.02700677008501121,0.9912191544260297,0.9911172219685146,0.9815595490591866,0.9778072595596313
final_20260804-224906_augmented_spots_train_e200_b20_lr0.0002_s1,?|IN718_twins_logtif.h5|111|1488|128773,6,0.9823652307192484,0.9654463132222494,0.019221728822837274,0.9988314211368561,0.9988240996996561,0.9815717339515686,0.9775296449661255
final_20260804-224906_augmented_spots_train_e200_b20_lr0.0002_s1,?|IN718_twins_logtif.h5|217|1591|136342,9,0.9841631783379449,0.9689782460530599,0.02099972011314498,0.9986841148800321,0.9986471997367011,0.9815817409091525,0.9806999921798706
final_20260804-224906_augmented_spots_train_e200_b20_lr0.0002_s1,?|Al_segvol.h5|5854|5854|32509,3,0.9883765578269958,0.9770445823669434,0.025201711803674698,0.997209370136261,0.9971741835276285,0.9815874099731445,0.9795008182525635
final_20260804-224906_augmented_spots_train_e200_b20_lr0.0002_s1,?|Al_segvol.h5|3737|3737|20376,4,0.9842121303081512,0.9691342264413834,0.021033806260675192,0.9944339692592621,0.9943983405828476,0.9815891832113266,0.9785234093666076
final_20260804-224906_augmented_spots_train_e200_b20_lr0.0002_s1,?|IN718_twins_logtif.h5|474|474|39568,12,0.9843358099460602,0.9693016111850739,0.021142226022978623,0.9981327553590139,0.9971103568871816,0.9815967877705892,0.9787889719009399
final_20260804-224906_augmented_spots_train_e200_b20_lr0.0002_s1,?|Al_segvol.h5|3283|3283|17968,3,0.9847321510314941,0.969959576924642,0.02153731882572174,0.9988721211751302,0.9988514383633932,0.9815974434216818,0.980510926246643
final_20260804-224906_augmented_spots_train_e200_b20_lr0.0002_s1,?|Al_segvol.h5|5039|12070|67395,3,0.9875502983729044,0.9754332701365153,0.02429881940285365,0.9893528819084167,0.9891153971354166,0.9816257754961649,0.9799291014671325
final_20260804-224906_augmented_spots_train_e200_b20_lr0.0002_s1,?|IN718_twins_logtif.h5|1|1378|119513,11,0.986182760108601,0.9728452075611461,0.022926551289856434,0.9966325922445818,0.9965933182022788,0.981628109108318,0.9764856100082397
final_20260804-224906_augmented_spots_train_e200_b20_lr0.0002_s1,?|IN718_twins_logtif.h5|170|170|15217,5,0.9855461597442627,0.9715688228607178,0.022278863191604614,0.9975159168243408,0.9974977016448975,0.9816336631774902,0.9765571475028991
final_20260804-224906_augmented_spots_train_e200_b20_lr0.0002_s1,?|IN718_twins_logtif.h5|865|2243|190505,10,0.9858896970748902,0.9722973585128785,0.02261983063071966,0.9979889571666718,0.9973370730876923,0.9816349506378174,0.9782499134540558
final_20260804-224906_augmented_spots_train_e200_b20_lr0.0002_s1,?|Al_segvol.h5|2905|9938|55515,3,0.9822833935419718,0.965536912282308,0.019006809530158836,0.9943524599075317,0.9923949837684631,0.9816382924715678,0.9766381025314331
final_20260804-224906_augmented_spots_train_e200_b20_lr0.0002_s1,?|IN718_twins_logtif.h5|68|1444|124394,10,0.9889964401721955,0.978263521194458,0.0257112480700016,0.9965744197368622,0.9965267300605773,0.9816425979137421,0.9776197075843811
final_20260804-224906_augmented_spots_train_e200_b20_lr0.0002_s1,?|Al_segvol.h5|4983|12015|67046,3,0.9888001283009847,0.9778656959533691,0.025500208139419556,0.9975406924883524,0.9975090225537618,0.9816499551137289,0.9792708039283753
final_20260804-224906_augmented_spots_train_e200_b20_lr0.0002_s1,?|Al_segvol.h5|5602|12633|70921,5,0.9896965980529785,0.9796545743942261,0.026369770616292955,0.9977033019065857,0.9976890563964844,0.9816634178161621,0.9795889973640441
final_20260804-224906_augmented_spots_train_e200_b20_lr0.0002_s1,?|IN718_twins_logtif.h5|1097|1097|91504,8,0.9881685823202133,0.9766416624188423,0.024831840302795172,0.9954309016466141,0.9954226315021515,0.9816683679819107,0.9761833250522614
final_20260804-224906_augmented_spots_train_e200_b20_lr0.0002_s1,?|IN718_twins_logtif.h5|120|120|11894,15,0.9904608050982158,0.9817552884419759,0.027118710366388164,0.9921013951301575,0.9896220167477926,0.9816710591316223,0.9643009424209594
final_20260804-224906_augmented_spots_train_e200_b20_lr0.0002_s1,?|IN718_twins_logtif.h5|86|86|6743,6,0.9835995237032572,0.9677700301011404,0.020252366550266743,0.998842716217041,0.9988044202327728,0.9816735684871674,0.9790873825550079
final_20260804-224906_augmented_spots_train_e200_b20_lr0.0002_s1,?|IN718_twins_logtif.h5|1178|2555|218471,6,0.9857655465602875,0.9720275501410166,0.02235053867722551,0.9976322054862976,0.9975602626800537,0.981707493464152,0.9763629138469696
final_20260804-224906_augmented_spots_train_e200_b20_lr0.0002_s1,?|IN718_twins_logtif.h5|821|821|68749,8,0.9906733706593513,0.9816405326128006,0.027190800290554762,0.9943832233548164,0.9936817660927773,0.9817412942647934,0.9770408272743225
final_20260804-224906_augmented_spots_train_e200_b20_lr0.0002_s1,?|Al_segvol.h5|2297|2297|12743,4,0.985584482550621,0.9717443734407425,0.022097373381257057,0.9933812171220779,0.993232250213623,0.9817435592412949,0.9790260791778564
final_20260804-224906_augmented_spots_train_e200_b20_lr0.0002_s1,?|IN718_twins_logtif.h5|171|171|15271,7,0.9859893151691982,0.9724548799651009,0.022493162591542517,0.9966104030609131,0.9965782676424298,0.9817480785506112,0.9776753902435302
final_20260804-224906_augmented_spots_train_e200_b20_lr0.0002_s1,?|IN718_twins_logtif.h5|1372|2749|238417,11,0.9888257655230436,0.9779558669437062,0.025299244306304237,0.9967150904915549,0.9963999661532316,0.9817632870240645,0.9754571914672852
final_20260804-224906_augmented_spots_train_e200_b20_lr0.0002_s1,?|Al_segvol.h5|2318|9349|52377,4,0.9844632744789124,0.9694799482822418,0.02089953888207674,0.9965384155511856,0.9964476227760315,0.9817818701267242,0.9794060826301575
final_20260804-224906_augmented_spots_train_e200_b20_lr0.0002_s1,?|IN718_twins_logtif.h5|497|1876|160592,6,0.987619549036026,0.9755845566590627,0.024042862157026928,0.9977752367655436,0.9975051780541738,0.9817883372306824,0.9772348403930664
final_20260804-224906_augmented_spots_train_e200_b20_lr0.0002_s1,?|IN718_twins_logtif.h5|617|1995|170022,8,0.9868532046675682,0.9741316065192223,0.023234483553096652,0.9973368644714355,0.9972341135144234,0.9818093553185463,0.9772931575775147
final_20260804-224906_augmented_spots_train_e200_b20_lr0.0002_s1,?|Al_segvol.h5|696|696|3919,3,0.9843339522679647,0.9693011442820231,0.02070191005865733,0.9980458815892538,0.9979415734608968,0.981816033522288,0.9807254076004028
final_20260804-224906_augmented_spots_train_e200_b20_lr0.0002_s1,?|IN718_twins_logtif.h5|1031|1031|85981,12,0.9915479272603989,0.9833266238371531,0.02787417926204701,0.9943584203720093,0.9881026446819305,0.9818368802467982,0.9741082072257996
final_20260804-224906_augmented_spots_train_e200_b20_lr0.0002_s1,?|IN718_twins_logtif.h5|875|875|71373,4,0.9866825193166733,0.9737971723079681,0.022995215374976397,0.9978130459785461,0.9976736456155777,0.9818436354398727,0.9788889408111572
final_20260804-224906_augmented_spots_train_e200_b20_lr0.0002_s1,?|IN718_twins_logtif.h5|1196|1196|100409,6,0.9864079356193542,0.9732324878374735,0.022703378771742184,0.9973960816860199,0.9973220328489939,0.981852263212204,0.9772062003612518
final_20260804-224906_augmented_spots_train_e200_b20_lr0.0002_s1,?|IN718_twins_logtif.h5|87|1464|125793,7,0.985718309879303,0.9718753014292035,0.022003547421523502,0.99798926285335,0.9979279637336731,0.9818573679242816,0.9755080938339233
final_20260804-224906_augmented_spots_train_e200_b20_lr0.0002_s1,?|IN718_twins_logtif.h5|254|254|22258,7,0.9928200755800519,0.9857647844723293,0.02907686760382993,0.9963425057274955,0.9953229427337646,0.9818715964044843,0.9747135400772095
final_20260804-224906_augmented_spots_train_e200_b20_lr0.0002_s1,?|IN718_twins_logtif.h5|894|894|74757,3,0.9853656888008118,0.9712526798248291,0.02158273073534171,0.9984772205352783,0.9984708825747172,0.9818914731343588,0.9802201986312866
final_20260804-224906_augmented_spots_train_e200_b20_lr0.0002_s1,?|IN718_twins_logtif.h5|1202|1202|101266,12,0.9912927001714706,0.9827849318583807,0.027460437112798292,0.996743361155192,0.9962235788504282,0.9819161345561346,0.9746026039123535
final_20260804-224906_augmented_spots_train_e200_b20_lr0.0002_s1,?|Al_segvol.h5|4717|11745|65469,3,0.9864585002263387,0.9733037948608398,0.02262303667763869,0.998369296391805,0.998360832532247,0.9819177389144897,0.9781521439552308
final_20260804-224906_augmented_spots_train_e200_b20_lr0.0002_s1,?|IN718_twins_logtif.h5|1370|2747|238249,6,0.9887531399726868,0.9778042833010355,0.024913183103005093,0.9976145525773367,0.9975572427113851,0.9819199641545614,0.9769869744777679
final_20260804-224906_augmented_spots_train_e200_b20_lr0.0002_s1,?|IN718_twins_logtif.h5|440|1817|157588,8,0.9885899350047112,0.9775349497795105,0.024714921368286014,0.9975733384490013,0.9969978332519531,0.981937512755394,0.9743977665901185
final_20260804-224906_augmented_spots_train_e200_b20_lr0.0002_s1,?|IN718_twins_logtif.h5|271|271|23503,12,0.990235244234403,0.9808174173037211,0.026323103966812294,0.9967589328686396,0.9959404468536377,0.9819560746351877,0.9776654362678527
final_20260804-224906_augmented_spots_train_e200_b20_lr0.0002_s1,?|IN718_twins_logtif.h5|118|118|11804,11,0.9900006326762113,0.9803724234754388,0.02601175264201381,0.9943454536524686,0.9936177676374262,0.9819944338365034,0.9786779880523682
final_20260804-224906_augmented_spots_train_e200_b20_lr0.0002_s1,?|IN718_twins_logtif.h5|1014|2393|203881,11,0.9878384254195474,0.9760464050553062,0.023838509890166195,0.9973520094698126,0.9972879615696993,0.9819999499754473,0.9800389409065247
final_20260804-224906_augmented_spots_train_e200_b20_lr0.0002_s1,?|IN718_twins_logtif.h5|1023|1023|84615,9,0.9898746146096123,0.9799924360381232,0.025874649071031146,0.9952845573425293,0.9943023059103224,0.9819999867015414,0.9759119153022766
final_20260804-224906_augmented_spots_train_e200_b20_lr0.0002_s1,?|IN718_twins_logtif.h5|98|98|7665,6,0.9854443371295929,0.9714125692844391,0.021442406189938385,0.9984405438105265,0.9978176454703013,0.9820009768009186,0.9754088819026947
final_20260804-224906_augmented_spots_train_e200_b20_lr0.0002_s1,?|IN718_twins_logtif.h5|1317|2694|231541,8,0.9917643517255783,0.9837380051612854,0.02772750030271709,0.9960977435112,0.9955802410840988,0.982018418610096,0.9723199725151062
final_20260804-224906_augmented_spots_train_e200_b20_lr0.0002_s1,?|IN718_twins_logtif.h5|1263|2639|226037,7,0.9873424087251935,0.975037693977356,0.023248747257249697,0.9975939052445548,0.9975570440292358,0.9820468255451748,0.977706789970398
final_20260804-224906_augmented_spots_train_e200_b20_lr0.0002_s1,?|IN718_twins_logtif.h5|30|1407|120690,10,0.9916895449161529,0.9835451781749726,0.027589385583996772,0.9960116624832154,0.9959345161914825,0.9820500671863556,0.9768567681312561
final_20260804-224906_augmented_spots_train_e200_b20_lr0.0002_s1,?|IN718_twins_logtif.h5|65|65|5262,6,0.9848941465218862,0.9703688522179922,0.020783443935215473,0.9962957998116811,0.9949548244476318,0.9820553561051687,0.9777516424655914
final_20260804-224906_augmented_spots_train_e200_b20_lr0.0002_s1,?|IN718_twins_logtif.h5|89|1466|126034,14,0.9875843099185398,0.975535626922335,0.02346778049000672,0.997205023254667,0.9971925318241119,0.9820582696369716,0.9792401194572449
final_20260804-224906_augmented_spots_train_e200_b20_lr0.0002_s1,?|IN718_twins_logtif.h5|860|2236|190328,4,0.9882942587137222,0.9770204871892929,0.024169015232473612,0.9974488914012909,0.9968486577272415,0.9820626378059387,0.976556932926178
final_20260804-224906_augmented_spots_train_e200_b20_lr0.0002_s1,?|IN718_twins_logtif.h5|682|682|56239,9,0.9896368516816033,0.9795296986897787,0.025454323531852827,0.9944927228821648,0.9942648477024503,0.9820912612809075,0.9754647970199585
final_20260804-224906_augmented_spots_train_e200_b20_lr0.0002_s1,?|Al_segvol.h5|2689|2689|14810,4,0.986326202750206,0.9731558859348297,0.02212355798110366,0.9975807219743729,0.9975061565637589,0.9821013361215591,0.9800512433052063
final_20260804-224906_augmented_spots_train_e200_b20_lr0.0002_s1,?|IN718_twins_logtif.h5|138|138|12589,12,0.9880080570777258,0.9763386497894923,0.02378238830715418,0.9979308098554611,0.9978920966386795,0.9821128447850546,0.9747377693653106
final_20260804-224906_augmented_spots_train_e200_b20_lr0.0002_s1,?|IN718_twins_logtif.h5|577|1957|167278,7,0.9883541805403573,0.977135854107993,0.024106187745928764,0.9976079719407218,0.995985244001661,0.9821240050452096,0.9770773887634278
final_20260804-224906_augmented_spots_train_e200_b20_lr0.0002_s1,?|IN718_twins_logtif.h5|73|73|5634,6,0.9874869386355082,0.9753619730472565,0.023229566402733326,0.9973491132259369,0.9970086514949799,0.9821286797523499,0.9773181676864624
final_20260804-224906_augmented_spots_train_e200_b20_lr0.0002_s1,?|IN718_twins_logtif.h5|545|545|46132,11,0.9856234897266735,0.9717182733795859,0.021334823644296688,0.9980333610014482,0.9978817267851396,0.9821443395181135,0.9793283343315125
final_20260804-224906_augmented_spots_train_e200_b20_lr0.0002_s1,?|IN718_twins_logtif.h5|359|1736|150091,8,0.9859395772218704,0.9722881838679314,0.02164853597059846,0.9986029341816902,0.9985615015029907,0.9821455180644989,0.9798191726207733
final_20260804-224906_augmented_spots_train_e200_b20_lr0.0002_s1,?|IN718_twins_logtif.h5|70|1447|124528,6,0.9877933859825134,0.9759029944737753,0.023493008067210514,0.9973996380964915,0.997365673383077,0.9821501771608988,0.9787275195121765
final_20260804-224906_augmented_spots_train_e200_b20_lr0.0002_s1,?|IN718_twins_logtif.h5|491|491|40408,6,0.9843184451262156,0.9692983826001486,0.019987335118154686,0.9979512095451355,0.9979376991589864,0.9821655750274658,0.9771201908588409
final_20260804-224906_augmented_spots_train_e200_b20_lr0.0002_s1,?|IN718_twins_logtif.h5|88|1465|125970,10,0.9850970089435578,0.9707646548748017,0.020758105255663396,0.9984759509563446,0.9984311819076538,0.9821694672107697,0.9780963003635407
final_20260804-224906_augmented_spots_train_e200_b20_lr0.0002_s1,?|IN718_twins_logtif.h5|748|2124|184037,6,0.9931882818539938,0.9864733020464579,0.02884643307576577,0.9953324993451437,0.9951825042565664,0.9821709195772806,0.9764747321605682
final_20260804-224906_augmented_spots_train_e200_b20_lr0.0002_s1,?|IN718_twins_logtif.h5|543|543|45963,10,0.9906143605709076,0.981500095129013,0.026224658638238908,0.9956181406974792,0.9944986939430237,0.982194846868515,0.9776458501815796
final_20260804-224906_augmented_spots_train_e200_b20_lr0.0002_s1,?|IN718_twins_logtif.h5|404|1782|154790,6,0.9936390817165375,0.9873667458693186,0.029227742304404575,0.995242565870285,0.9952057600021362,0.9822056492169698,0.9769971668720245
final_20260804-224906_augmented_spots_train_e200_b20_lr0.0002_s1,?|IN718_twins_logtif.h5|1100|1100|91647,13,0.9914262707416828,0.9830652750455416,0.02692644541653303,0.99661451119643,0.9961490768652695,0.9822499064298776,0.9742219567298889
final_20260804-224906_augmented_spots_train_e200_b20_lr0.0002_s1,?|Al_segvol.h5|4634|4634|25440,3,0.9819592833518982,0.9649813175201416,0.017459378267327946,0.9945683677991232,0.9943890770276388,0.982249935468038,0.9779508352279663
final_20260804-224906_augmented_spots_train_e200_b20_lr0.0002_s1,?|IN718_twins_logtif.h5|1007|2384|203215,7,0.9865524087633405,0.9735436694962638,0.022013083366411074,0.997788803918021,0.9977151155471802,0.9822696702820914,0.9754652738571167
final_20260804-224906_augmented_spots_train_e200_b20_lr0.0002_s1,?|IN718_twins_logtif.h5|95|95|7414,9,0.9879556894302368,0.9762303166919284,0.0233234494096703,0.9976733724276224,0.9976253509521484,0.9823161164919535,0.9757807135581971
final_20260804-224906_augmented_spots_train_e200_b20_lr0.0002_s1,?|Al_segvol.h5|5491|5491|30509,4,0.9846162497997284,0.9698024988174438,0.01996325282379985,0.9986917227506638,0.9986423254013062,0.9823264926671982,0.9808778405189514
final_20260804-224906_augmented_spots_train_e200_b20_lr0.0002_s1,?|IN718_twins_logtif.h5|1014|1014|83916,9,0.9874761568175422,0.9752890136506822,0.022781549642483395,0.9977804157469008,0.9977600574493408,0.9823473162121243,0.9793973207473755
final_20260804-224906_augmented_spots_train_e200_b20_lr0.0002_s1,?|IN718_twins_logtif.h5|60|1439|124248,8,0.9881603792309761,0.976664274930954,0.023428400047123432,0.9976209402084351,0.9972596317529678,0.9823659807443619,0.9770866751670837
final_20260804-224906_augmented_spots_train_e200_b20_lr0.0002_s1,?|IN718_twins_logtif.h5|179|1554|134332,6,0.9857258498668671,0.9719452957312266,0.02095195682098468,0.998065580924352,0.9980302453041077,0.9823869466781616,0.9793097376823425
final_20260804-224906_augmented_spots_train_e200_b20_lr0.0002_s1,?|IN718_twins_logtif.h5|994|994|81743,11,0.9839080301198092,0.9684167341752485,0.01911058598621325,0.998859627680345,0.9988503943790089,0.9823987267234109,0.9767629504203796
final_20260804-224906_augmented_spots_train_e200_b20_lr0.0002_s1,?|IN718_twins_logtif.h5|1360|1360|117398,8,0.9839178845286369,0.9684327095746994,0.019101773388683796,0.998453825712204,0.99844890832901,0.9824080616235733,0.9794813334941864
final_20260804-224906_augmented_spots_train_e200_b20_lr0.0002_s1,?|Al_segvol.h5|6965|13997|78335,3,0.9887347420056661,0.977748453617096,0.02390938252210617,0.9974010388056437,0.9973645806312561,0.9824126561482748,0.9790309309959412
final_20260804-224906_augmented_spots_train_e200_b20_lr0.0002_s1,?|IN718_twins_logtif.h5|1196|2574|220120,12,0.985030805071195,0.9705623586972555,0.020161496242508292,0.9974238922198614,0.9973966628313065,0.9824346502621969,0.9775156140327453
final_20260804-224906_augmented_spots_train_e200_b20_lr0.0002_s1,?|IN718_twins_logtif.h5|1023|2399|204393,5,0.9919984698295593,0.9842349886894226,0.027117599546909333,0.99465970993042,0.9940619468688965,0.982440447807312,0.9739842057228089
final_20260804-224906_augmented_spots_train_e200_b20_lr0.0002_s1,?|IN718_twins_logtif.h5|808|2186|188041,8,0.9879866763949394,0.9763172790408134,0.023085258901119232,0.9978479892015457,0.9978413209319115,0.9824507087469101,0.976381903886795
final_20260804-224906_augmented_spots_train_e200_b20_lr0.0002_s1,?|IN718_twins_logtif.h5|738|2115|183562,8,0.9905219003558159,0.9812996461987495,0.025581127498298883,0.9967941865324974,0.9967512488365173,0.982470378279686,0.9760344445705413
final_20260804-224906_augmented_spots_train_e200_b20_lr0.0002_s1,?|Al_segvol.h5|2259|9287|51996,3,0.986712912718455,0.9738409519195557,0.021706410373250645,0.9984465837478638,0.9983772039413452,0.9825032552083334,0.9780812621116638
final_20260804-224906_augmented_spots_train_e200_b20_lr0.0002_s1,?|IN718_twins_logtif.h5|28|28|1246,8,0.9907095432281494,0.9816462472081184,0.02565051452256739,0.9966416880488396,0.9966312125325203,0.9825295135378838,0.9780373692512512
final_20260804-224906_augmented_spots_train_e200_b20_lr0.0002_s1,?|IN718_twins_logtif.h5|201|201|16814,9,0.9892272220717536,0.9787131018108792,0.02415648599465688,0.9977819522221884,0.9977398912111918,0.9825353622436523,0.9789181113243103
final_20260804-224906_augmented_spots_train_e200_b20_lr0.0002_s1,?|IN718_twins_logtif.h5|994|2373|201762,8,0.9864722192287445,0.9733589887619019,0.021368804154917598,0.9982149228453636,0.9982039928436279,0.9825516939163208,0.9796672523021698
final_20260804-224906_augmented_spots_train_e200_b20_lr0.0002_s1,?|IN718_twins_logtif.h5|289|289|24646,6,0.9870537320772806,0.9745003481705984,0.021947351284325123,0.9979991614818573,0.99795929590861,0.9825531840324402,0.976423442363739
final_20260804-224906_augmented_spots_train_e200_b20_lr0.0002_s1,?|IN718_twins_logtif.h5|170|1548|133905,6,0.9865366518497467,0.9734537402788798,0.02142566815018654,0.9967835744222006,0.9967637062072754,0.9825555086135864,0.9796022474765778
final_20260804-224906_augmented_spots_train_e200_b20_lr0.0002_s1,?|IN718_twins_logtif.h5|208|208|17188,11,0.987434755672108,0.9752527475357056,0.022311021489175884,0.9960120699622415,0.9958967024629767,0.9825618700547651,0.9782135486602783
final_20260804-224906_augmented_spots_train_e200_b20_lr0.0002_s1,?|IN718_twins_logtif.h5|1095|2472|211387,8,0.9855220019817352,0.9715258106589317,0.020339549402706325,0.9985709190368652,0.9985502511262894,0.9825912192463875,0.979362839460373
final_20260804-224906_augmented_spots_train_e200_b20_lr0.0002_s1,?|IN718_twins_logtif.h5|1062|2438|208597,7,0.9855350681713649,0.9715936269078936,0.02032369508274964,0.9988448790141514,0.99882801089968,0.9826056957244873,0.9804883480072022
final_20260804-224906_augmented_spots_train_e200_b20_lr0.0002_s1,?|IN718_twins_logtif.h5|59|1435|123993,5,0.989120614528656,0.9784886717796326,0.02387099415063858,0.9979637742042542,0.997795307636261,0.9826248049736023,0.9812451362609863
final_20260804-224906_augmented_spots_train_e200_b20_lr0.0002_s1,?|IN718_twins_logtif.h5|1056|1056|88203,11,0.9900679750875994,0.9803674600341103,0.024764230305498295,0.9972077445550398,0.997124807401137,0.9826518622311678,0.9802000522613525
final_20260804-224906_augmented_spots_train_e200_b20_lr0.0002_s1,?|Al_segvol.h5|674|674|3834,3,0.98728479941686,0.9749491612116495,0.021979999418059986,0.998175859451294,0.9981511433919271,0.9826523860295614,0.9800848245620728
final_20260804-224906_augmented_spots_train_e200_b20_lr0.0002_s1,?|IN718_twins_logtif.h5|524|1901|163857,7,0.9919631310871669,0.984065558229174,0.02655505628458091,0.9950091668537685,0.9948413116591317,0.9827040348734174,0.9787505626678467
final_20260804-224906_augmented_spots_train_e200_b20_lr0.0002_s1,?|IN718_twins_logtif.h5|393|393|33225,7,0.989746127809797,0.9797943149294172,0.024157363389219557,0.9969782744135175,0.9968565276690892,0.9827943784849984,0.9775642395019531
final_20260804-224906_augmented_spots_train_e200_b20_lr0.0002_s1,?|IN718_twins_logtif.h5|88|88|7031,5,0.9879060387611389,0.976125693321228,0.022272134199738503,0.9987254619598389,0.9987200498580933,0.9828169584274292,0.9803018569946289
final_20260804-224906_augmented_spots_train_e200_b20_lr0.0002_s1,?|IN718_twins_logtif.h5|234|1611|139497,12,0.9900538176298141,0.9804269224405289,0.024417789342502754,0.9967432022094727,0.9965815593798956,0.982818012436231,0.9782717823982239
final_20260804-224906_augmented_spots_train_e200_b20_lr0.0002_s1,?|IN718_twins_logtif.h5|271|1648|142289,9,0.9894633690516154,0.979235569636027,0.023815803850690525,0.9976916246944003,0.9975971115960015,0.9828237957424588,0.978030776977539
final_20260804-224906_augmented_spots_train_e200_b20_lr0.0002_s1,?|IN718_twins_logtif.h5|293|293|24771,6,0.9854870140552521,0.9714234073956808,0.019832668515543144,0.9986678858598074,0.9986560444037119,0.9828271667162577,0.9799974262714386
final_20260804-224906_augmented_spots_train_e200_b20_lr0.0002_s1,?|Al_segvol.h5|4699|4699|25825,3,0.9913262923558553,0.9828099608421326,0.025670761242508888,0.9942794044812521,0.9942328929901123,0.9828277826309204,0.9760237455368042
final_20260804-224906_augmented_spots_train_e200_b20_lr0.0002_s1,?|IN718_twins_logtif.h5|979|2356|200831,7,0.9913269621985299,0.9828269226210458,0.025658097384231433,0.9964139716965812,0.9963335820606777,0.9828344328062875,0.9788148403167725
final_20260804-224906_augmented_spots_train_e200_b20_lr0.0002_s1,?|IN718_twins_logtif.h5|352|352|29924,5,0.9901719331741333,0.9806325674057007,0.024442297220230103,0.9967455267906189,0.9966524243354797,0.9828648447990418,0.9786898732185364
final_20260804-224906_augmented_spots_train_e200_b20_lr0.0002_s1,?|IN718_twins_logtif.h5|1256|1256|105982,13,0.9907837693507855,0.981779524913201,0.02500651848430817,0.997121485380026,0.997100646679218,0.9828886206333454,0.9788008332252502
final_20260804-224906_augmented_spots_train_e200_b20_lr0.0002_s1,?|IN718_twins_logtif.h5|164|164|14361,5,0.9904209017753601,0.9810496091842651,0.02462497092783451,0.9971708178520202,0.9971543312072754,0.9828979730606079,0.977982759475708
final_20260804-224906_augmented_spots_train_e200_b20_lr0.0002_s1,?|IN718_twins_logtif.h5|1116|1116|93665,11,0.9877465096386996,0.9758249954743818,0.021948091347109188,0.9976755434816534,0.9976378733461554,0.9828992106697776,0.9796270132064819
final_20260804-224906_augmented_spots_train_e200_b20_lr0.0002_s1,?|IN718_twins_logtif.h5|851|2226|190033,5,0.9928745031356812,0.9859513163566589,0.027051297202706336,0.9966832160949707,0.9949164152145386,0.9829116106033325,0.9810268878936768
final_20260804-224906_augmented_spots_train_e200_b20_lr0.0002_s1,?|IN718_twins_logtif.h5|897|897|74822,12,0.9890148291985194,0.9783512602249781,0.02318786798665921,0.9961848308642706,0.9959514439105988,0.9829134692748388,0.9796085953712463
final_20260804-224906_augmented_spots_train_e200_b20_lr0.0002_s1,?|IN718_twins_logtif.h5|197|1574|135420,9,0.9899135231971741,0.9800579150517782,0.024051386759512954,0.9974551730685763,0.9973179830445184,0.9829310642348396,0.978501272201538
final_20260804-224906_augmented_spots_train_e200_b20_lr0.0002_s1,?|Al_segvol.h5|4335|4335|23731,3,0.9811466932296753,0.9632395704587301,0.015259552126129469,0.9988099733988444,0.9987826943397522,0.982943594455719,0.981168270111084
final_20260804-224906_augmented_spots_train_e200_b20_lr0.0002_s1,?|Al_segvol.h5|5762|12792|71811,3,0.9877626299858093,0.9758786161740621,0.021816436201334,0.998263438542684,0.9982397556304932,0.9829730987548828,0.9813453435897828
final_20260804-224906_augmented_spots_train_e200_b20_lr0.0002_s1,?|IN718_twins_logtif.h5|197|197|16560,7,0.9882724710873195,0.9768551162311009,0.022314493943537985,0.9974532212529864,0.9972941109112331,0.9829789825848171,0.978861677646637
final_20260804-224906_augmented_spots_train_e200_b20_lr0.0002_s1,?|Al_segvol.h5|4341|11372|63335,4,0.9829702824354172,0.9668218493461609,0.01700115413405001,0.9989089220762253,0.9988953769207001,0.9829845577478409,0.9787549555301667
final_20260804-224906_augmented_spots_train_e200_b20_lr0.0002_s1,?|IN718_twins_logtif.h5|77|77|5905,10,0.9878019392490387,0.9759573817253113,0.0218146875500679,0.997939920425415,0.9979295849800109,0.9829936265945435,0.9801607608795166
final_20260804-224906_augmented_spots_train_e200_b20_lr0.0002_s1,?|IN718_twins_logtif.h5|675|2053|175616,10,0.9904034018516541,0.9810297966003418,0.024414530396461485,0.9968412399291993,0.9967828154563904,0.9829944431781769,0.9733871579170227
final_20260804-224906_augmented_spots_train_e200_b20_lr0.0002_s1,?|IN718_twins_logtif.h5|233|1610|138449,11,0.9908479397947138,0.9819026101719249,0.02484452233395793,0.9968131618066267,0.9966422807086598,0.9830016927285627,0.9805885553359985
final_20260804-224906_augmented_spots_train_e200_b20_lr0.0002_s1,?|IN718_twins_logtif.h5|1202|2579|220979,10,0.9908028781414032,0.9817975580692291,0.02476971987634897,0.9970128059387207,0.9969294905662537,0.9830165922641754,0.9767768263816834
final_20260804-224906_augmented_spots_train_e200_b20_lr0.0002_s1,?|IN718_twins_logtif.h5|393|1771|152665,5,0.9904720187187195,0.9811479687690735,0.024437610059976578,0.9975025177001953,0.9974876761436462,0.9830171942710877,0.9785212993621826
final_20260804-224906_augmented_spots_train_e200_b20_lr0.0002_s1,?|IN718_twins_logtif.h5|1048|1048|87563,6,0.9878373444080353,0.9760787884394327,0.02177266776561737,0.9968606730302175,0.9962494075298309,0.9830323457717896,0.9797559380531311
final_20260804-224906_augmented_spots_train_e200_b20_lr0.0002_s1,?|IN718_twins_logtif.h5|1057|2434|208290,7,0.9857338922364371,0.9719708561897278,0.019668314339859144,0.9989962577819824,0.9989854863711766,0.9830327885491508,0.9804234147071839
final_20260804-224906_augmented_spots_train_e200_b20_lr0.0002_s1,?|IN718_twins_logtif.h5|307|307|26495,14,0.9894238795552935,0.9791229835578373,0.023290667416793958,0.9979801901749202,0.9979602694511414,0.9830666056701115,0.9808210372924805
final_20260804-224906_augmented_spots_train_e200_b20_lr0.0002_s1,?|IN718_twins_logtif.h5|543|1919|165231,10,0.9914997458457947,0.9831594884395599,0.025308495759963988,0.9968352079391479,0.9968150138854981,0.9830956220626831,0.9778419137001038
final_20260804-224906_augmented_spots_train_e200_b20_lr0.0002_s1,?|IN718_twins_logtif.h5|1054|1054|87922,7,0.9950600266456604,0.9901776569230216,0.028767725186688558,0.9955746616636004,0.9946245380810329,0.9831461480685643,0.9778473973274231
final_20260804-224906_augmented_spots_train_e200_b20_lr0.0002_s1,?|IN718_twins_logtif.h5|474|1851|158952,9,0.9885817302597893,0.9774725172254775,0.022280951651434105,0.9973621235953437,0.9972225030263265,0.9831503828366598,0.9751299381256103
final_20260804-224906_augmented_spots_train_e200_b20_lr0.0002_s1,?|IN718_twins_logtif.h5|1049|1049|87564,7,0.9905170542853219,0.9812400000435966,0.02417115813919476,0.9967560172080994,0.9967484814780099,0.9831729360989162,0.9761639595031738
final_20260804-224906_augmented_spots_train_e200_b20_lr0.0002_s1,?|IN718_twins_logtif.h5|1083|2462|210928,10,0.9899659931659699,0.9801797449588776,0.023566028382629157,0.9965851485729218,0.9965792000293732,0.9831999778747559,0.9775218665599823
final_20260804-224906_augmented_spots_train_e200_b20_lr0.0002_s1,?|IN718_twins_logtif.h5|1120|1120|94005,9,0.9887942870457967,0.9778803388277689,0.022377974664171536,0.9983402225706313,0.9983292288250394,0.9832081397374471,0.980099105834961
final_20260804-224906_augmented_spots_train_e200_b20_lr0.0002_s1,?|IN718_twins_logtif.h5|1294|1294|109006,13,0.9946966904860276,0.98950418142172,0.02815920838083212,0.9932869856174176,0.9930729453380291,0.9832687515478867,0.9771662831306458
final_20260804-224906_augmented_spots_train_e200_b20_lr0.0002_s1,?|IN718_twins_logtif.h5|1004|2380|202015,10,0.9908696055412293,0.9819470763206481,0.024329384975135326,0.9972957134246826,0.9971573889255524,0.9832701086997986,0.980483740568161
final_20260804-224906_augmented_spots_train_e200_b20_lr0.0002_s1,?|IN718_twins_logtif.h5|791|791|67331,9,0.9913031657536825,0.982775178220537,0.02472824106613795,0.9975887934366862,0.9975122743182712,0.9832874602741666,0.9800780296325684
final_20260804-224906_augmented_spots_train_e200_b20_lr0.0002_s1,?|IN718_twins_logtif.h5|541|541|45614,6,0.9873215655485789,0.9750655094782511,0.020694201501707237,0.9983265201250712,0.9983111520608267,0.9833136995633444,0.9794509410858154
final_20260804-224906_augmented_spots_train_e200_b20_lr0.0002_s1,?|IN718_twins_logtif.h5|1115|1115|93601,3,0.9918548464775085,0.983876625696818,0.02522236543397109,0.9955025315284729,0.9954478740692139,0.9833162228266398,0.9770851373672486
final_20260804-224906_augmented_spots_train_e200_b20_lr0.0002_s1,?|IN718_twins_logtif.h5|743|2121|183858,10,0.9936273157596588,0.9873620390892028,0.02692204564809799,0.9960341870784759,0.9957275986671448,0.9833526492118836,0.9739513754844665
final_20260804-224906_augmented_spots_train_e200_b20_lr0.0002_s1,?|IN718_twins_logtif.h5|755|755|65484,10,0.9867416381835937,0.9739019572734833,0.020025926642119884,0.9985984206199646,0.9985882639884949,0.9833578646183014,0.9804253160953522
final_20260804-224906_augmented_spots_train_e200_b20_lr0.0002_s1,?|IN718_twins_logtif.h5|415|415|36282,7,0.9929283516747611,0.9859845638275146,0.02620905957051686,0.9974890436444964,0.9974421347890582,0.9833596519061497,0.9788798213005065
final_20260804-224906_augmented_spots_train_e200_b20_lr0.0002_s1,?|IN718_twins_logtif.h5|510|510|42027,13,0.9905953315588144,0.9814994105925927,0.023861882348473255,0.9967885888539828,0.9960528107789847,0.9833667232440069,0.9795061707496643
final_20260804-224906_augmented_spots_train_e200_b20_lr0.0002_s1,?|IN718_twins_logtif.h5|675|675|55934,6,0.9931468367576599,0.98643030722936,0.02640227849284808,0.9960388243198395,0.9958795209725698,0.983372300863266,0.9804480373859406
final_20260804-224906_augmented_spots_train_e200_b20_lr0.0002_s1,?|IN718_twins_logtif.h5|465|465|38928,13,0.9898446614925678,0.9799331426620483,0.023089052751087226,0.997971222950862,0.9979643179820135,0.9833778051229624,0.9770995616912842
final_20260804-224906_augmented_spots_train_e200_b20_lr0.0002_s1,?|Al_segvol.h5|3046|3046|16721,4,0.9928923547267914,0.9859334081411362,0.026090536266565323,0.9969316273927689,0.9968846589326859,0.9834009110927582,0.9814376473426819
final_20260804-224906_augmented_spots_train_e200_b20_lr0.0002_s1,?|IN718_twins_logtif.h5|972|2349|200026,15,0.992257829507192,0.984782079855601,0.025440785164634386,0.9973010460535685,0.9965666651725769,0.983408522605896,0.9801624417304993
final_20260804-224906_augmented_spots_train_e200_b20_lr0.0002_s1,?|IN718_twins_logtif.h5|973|2350|200079,8,0.9929035902023315,0.9860076531767845,0.026084515266120434,0.997470460832119,0.9963696897029877,0.9834095239639282,0.9771573007106781
final_20260804-224906_augmented_spots_train_e200_b20_lr0.0002_s1,?|IN718_twins_logtif.h5|986|986|81409,5,0.9948665738105774,0.9898300886154174,0.028042086213827134,0.9960551977157592,0.9960019707679748,0.983412230014801,0.9746339559555054
final_20260804-224906_augmented_spots_train_e200_b20_lr0.0002_s1,?|IN718_twins_logtif.h5|708|2085|178588,9,0.9921864668528239,0.9846253196398417,0.025348510800136462,0.996754871474372,0.9955173995759752,0.9834189746114943,0.9799672126770019
final_20260804-224906_augmented_spots_train_e200_b20_lr0.0002_s1,?|IN718_twins_logtif.h5|426|1804|157251,8,0.9918654263019562,0.9839038252830505,0.025009959237650037,0.9937391951680183,0.9934882372617722,0.9834277331829071,0.9745216071605682
final_20260804-224906_augmented_spots_train_e200_b20_lr0.0002_s1,?|IN718_twins_logtif.h5|350|350|29842,12,0.9919435183207194,0.9840968350569407,0.025067636898408335,0.9965950946013132,0.9965735326210657,0.9834379404783249,0.9782870471477508
final_20260804-224906_augmented_spots_train_e200_b20_lr0.0002_s1,?|IN718_twins_logtif.h5|610|1989|169413,4,0.9894925355911255,0.979215607047081,0.022610279731452465,0.9973057806491852,0.99725042283535,0.9834411293268204,0.9801357388496399
final_20260804-224906_augmented_spots_train_e200_b20_lr0.0002_s1,?|IN718_twins_logtif.h5|57|57|4875,8,0.9884121119976044,0.9771358966827393,0.021495895460247993,0.9981597289443016,0.9980812445282936,0.9834581092000008,0.9802435636520386
final_20260804-224906_augmented_spots_train_e200_b20_lr0.0002_s1,?|IN718_twins_logtif.h5|302|302|25888,7,0.9885516166687012,0.9774189676557269,0.021613512188196182,0.998294506754194,0.9982866133962359,0.9834690519741603,0.9795907497406006
final_20260804-224906_augmented_spots_train_e200_b20_lr0.0002_s1,?|IN718_twins_logtif.h5|996|996|81806,8,0.9888452813029289,0.9780354276299477,0.021892056334763765,0.9978963062167168,0.9978753253817558,0.9834766089916229,0.9798433065414429
final_20260804-224906_augmented_spots_train_e200_b20_lr0.0002_s1,?|IN718_twins_logtif.h5|281|281|24169,6,0.9894039531548818,0.9790850381056467,0.022445654806991417,0.9977825284004211,0.9976878066857656,0.9834791521231333,0.9754177927970886
final_20260804-224906_augmented_spots_train_e200_b20_lr0.0002_s1,?|IN718_twins_logtif.h5|779|2149|186972,7,0.9899450370243618,0.9801574093954903,0.02296836275075163,0.9971990074430194,0.9967208164078849,0.9834883638790676,0.9805086135864258
final_20260804-224906_augmented_spots_train_e200_b20_lr0.0002_s1,?|IN718_twins_logtif.h5|1208|1208|101571,5,0.9876971483230591,0.9757291555404664,0.020712908171117306,0.9983753085136413,0.998369038105011,0.983492112159729,0.9779747009277344
final_20260804-224906_augmented_spots_train_e200_b20_lr0.0002_s1,?|IN718_twins_logtif.h5|454|1833|157967,9,0.9900804162025452,0.9804132514529758,0.02305350535445743,0.9981793165206909,0.9981305069393582,0.9835134545962015,0.9803210973739624
final_20260804-224906_augmented_spots_train_e200_b20_lr0.0002_s1,?|IN718_twins_logtif.h5|234|234|20465,12,0.9910327444473902,0.9822457929452261,0.023989880302300055,0.9964175919691721,0.9963665008544922,0.9835214267174403,0.979612398147583
final_20260804-224906_augmented_spots_train_e200_b20_lr0.0002_s1,?|IN718_twins_logtif.h5|1277|1277|108156,4,0.9884312599897385,0.9772108942270279,0.021300956141203642,0.9980880916118622,0.9979893267154694,0.9835651516914368,0.9820990860462189
final_20260804-224906_augmented_spots_train_e200_b20_lr0.0002_s1,?|IN718_twins_logtif.h5|199|199|16693,12,0.9891260117292404,0.978560209274292,0.02198886638507247,0.9979597975810369,0.9979490786790848,0.9835685640573502,0.9784939110279083
final_20260804-224906_augmented_spots_train_e200_b20_lr0.0002_s1,?|IN718_twins_logtif.h5|862|862|70340,5,0.9908077239990234,0.9818766832351684,0.023610550537705423,0.9974255919456482,0.9973445534706116,0.9835985779762269,0.980235493183136
final_20260804-224906_augmented_spots_train_e200_b20_lr0.0002_s1,?|Al_segvol.h5|1715|1715|9371,5,0.9941151022911072,0.9883081793785096,0.026892964914441108,0.9973586201667786,0.9973330020904541,0.9836110711097718,0.9809074759483337
final_20260804-224906_augmented_spots_train_e200_b20_lr0.0002_s1,?|IN718_twins_logtif.h5|918|2295|195844,12,0.9921302795410156,0.9844431032737097,0.024888779036700726,0.9969611714283625,0.996932253241539,0.983620747923851,0.9774967968463898
final_20260804-224906_augmented_spots_train_e200_b20_lr0.0002_s1,?|IN718_twins_logtif.h5|541|1917|164990,7,0.9860681976590838,0.9725725054740906,0.018789409260664667,0.9982325860432216,0.9981870991843087,0.9836393850190299,0.9803097724914551
final_20260804-224906_augmented_spots_train_e200_b20_lr0.0002_s1,?|IN718_twins_logtif.h5|1045|2421|207409,5,0.9894818544387818,0.979254424571991,0.02218783348798752,0.9981623649597168,0.9981602311134339,0.9836470007896423,0.9820451021194458
final_20260804-224906_augmented_spots_train_e200_b20_lr0.0002_s1,?|IN718_twins_logtif.h5|894|2271|194537,7,0.9885198984827314,0.9773695468902588,0.02122378216258117,0.9980792914118085,0.9980547939028058,0.9836480702672686,0.9801488637924194
final_20260804-224906_augmented_spots_train_e200_b20_lr0.0002_s1,?|IN718_twins_logtif.h5|904|904|75368,5,0.992556345462799,0.9852330923080445,0.02524426653981209,0.9976655125617981,0.9974700450897217,0.9836560368537903,0.9786069631576538
final_20260804-224906_augmented_spots_train_e200_b20_lr0.0002_s1,?|IN718_twins_logtif.h5|1024|1024|84967,5,0.9918347358703613,0.98382967710495,0.024446995928883553,0.9940980553627015,0.9940834403038025,0.9836938619613648,0.9813065528869629
final_20260804-224906_augmented_spots_train_e200_b20_lr0.0002_s1,?|IN718_twins_logtif.h5|259|259|22384,11,0.9905903772874312,0.981440934267911,0.023127009076150982,0.9972206354141235,0.9970717050812461,0.9837316870689392,0.9777599573135376
final_20260804-224906_augmented_spots_train_e200_b20_lr0.0002_s1,?|IN718_twins_logtif.h5|119|1497|130280,8,0.989860326051712,0.9799744784832001,0.02238594857044518,0.9976140558719635,0.9975420385599136,0.9837371855974197,0.9794159889221191
final_20260804-224906_augmented_spots_train_e200_b20_lr0.0002_s1,?|Al_segvol.h5|4936|4936|27119,4,0.9874671399593353,0.9752741605043411,0.019975373288616538,0.9977642744779587,0.9977236688137054,0.9837459027767181,0.980681836605072
final_20260804-224906_augmented_spots_train_e200_b20_lr0.0002_s1,?|IN718_twins_logtif.h5|1318|2695|231687,10,0.9877295136451721,0.9758069634437561,0.020233113877475263,0.9977039813995361,0.997649073600769,0.9837481915950775,0.981852912902832
final_20260804-224906_augmented_spots_train_e200_b20_lr0.0002_s1,?|IN718_twins_logtif.h5|641|641|51797,8,0.9900543093681335,0.9803651347756386,0.02251059771515429,0.9981832280755043,0.9981744363903999,0.9837718605995178,0.9819824516773223
final_20260804-224906_augmented_spots_train_e200_b20_lr0.0002_s1,?|IN718_twins_logtif.h5|904|2280|195199,3,0.9895270864168803,0.9792907238006592,0.021970973660548527,0.9981032808621725,0.9980940818786621,0.9837780793507894,0.9828437209129334
final_20260804-224906_augmented_spots_train_e200_b20_lr0.0002_s1,?|IN718_twins_logtif.h5|708|708|58782,8,0.9909720718860626,0.9822229966521263,0.023414111929014325,0.997577115893364,0.9974627569317818,0.9837789684534073,0.9788819551467896
final_20260804-224906_augmented_spots_train_e200_b20_lr0.0002_s1,?|IN718_twins_logtif.h5|770|2152|186991,9,0.9875406689114041,0.9754095474878947,0.019924195483326912,0.9986159801483154,0.9986100461747911,0.9838082393010458,0.9814092516899109
final_20260804-224906_augmented_spots_train_e200_b20_lr0.0002_s1,?|IN718_twins_logtif.h5|246|1623|140597,10,0.995883721113205,0.9918470442295074,0.028246651962399484,0.9957533776760101,0.9954102277755738,0.9838185489177704,0.9770484685897827
final_20260804-224906_augmented_spots_train_e200_b20_lr0.0002_s1,?|IN718_twins_logtif.h5|1244|1244|104270,9,0.9918284217516581,0.9838825729158189,0.024168796837329865,0.9948527548048232,0.9945057961675856,0.9838298029369779,0.9798209190368652
final_20260804-224906_augmented_spots_train_e200_b20_lr0.0002_s1,?|IN718_twins_logtif.h5|1116|2492|213610,8,0.9887445718050003,0.977799229323864,0.020969033939763904,0.9974545016884804,0.9974326193332672,0.9838877841830254,0.9792643547058105
final_20260804-224906_augmented_spots_train_e200_b20_lr0.0002_s1,?|IN718_twins_logtif.h5|325|1702|147856,11,0.9910494630986993,0.982295339757746,0.023253624750809235,0.9976827502250671,0.9976546439257535,0.9838979244232178,0.9805982708930969
final_20260804-224906_augmented_spots_train_e200_b20_lr0.0002_s1,?|IN718_twins_logtif.h5|544|544|46107,5,0.9882305026054382,0.9768187999725342,0.02039576731622219,0.9983323335647583,0.9983261108398438,0.9839173793792725,0.980859351158142
final_20260804-224906_augmented_spots_train_e200_b20_lr0.0002_s1,?|Al_big_grains_logtif.h5|774|5717|176773,4,0.9844287037849426,0.9694146513938904,0.016567714978009462,0.9984617978334427,0.998211070895195,0.9839304983615875,0.9810739159584045
final_20260804-224906_augmented_spots_train_e200_b20_lr0.0002_s1,?|IN718_twins_logtif.h5|1249|1249|104820,10,0.9943519592285156,0.988820058107376,0.026441581174731256,0.9932447791099548,0.9932111024856567,0.9839551746845245,0.9810780048370361
final_20260804-224906_augmented_spots_train_e200_b20_lr0.0002_s1,?|IN718_twins_logtif.h5|9|9|519,5,0.9878762483596801,0.9761232852935791,0.019917390681803225,0.9979698896408081,0.997855257987976,0.9839794397354126,0.9830275654792786
final_20260804-224906_augmented_spots_train_e200_b20_lr0.0002_s1,?|IN718_twins_logtif.h5|432|1808|157361,6,0.9913070102532705,0.9828080534934998,0.023341613200803597,0.9963666697343191,0.9963599145412445,0.9839827120304108,0.9779415428638458
final_20260804-224906_augmented_spots_train_e200_b20_lr0.0002_s1,?|IN718_twins_logtif.h5|90|1467|126038,11,0.9883885383605957,0.9771178581497886,0.02042094651948322,0.9988496628674594,0.9987730600617148,0.9839837930419228,0.9813845753669739
final_20260804-224906_augmented_spots_train_e200_b20_lr0.0002_s1,?|IN718_twins_logtif.h5|118|1494|130194,11,0.9908781051635742,0.9819802479310469,0.022882600738243622,0.9972465471787886,0.9970291961323131,0.9839977351101962,0.9819486141204834
final_20260804-224906_augmented_spots_train_e200_b20_lr0.0002_s1,?|IN718_twins_logtif.h5|77|1455|124955,10,0.9907754719257355,0.9817660987377167,0.02271418822929263,0.9981399059295655,0.9980748891830444,0.9840306520462037,0.9800513744354248
final_20260804-224906_augmented_spots_train_e200_b20_lr0.0002_s1,?|IN718_twins_logtif.h5|389|389|33156,7,0.990832439490727,0.9818910530635289,0.022739190475216935,0.9960954529898507,0.9959951298577445,0.9840466380119324,0.9812704682350158
final_20260804-224906_augmented_spots_train_e200_b20_lr0.0002_s1,?|IN718_twins_logtif.h5|199|1576|135562,9,0.9873172839482626,0.975003527270423,0.019212415131429832,0.9985404743088616,0.9985284805297852,0.9840524262852139,0.9800062060356141
final_20260804-224906_augmented_spots_train_e200_b20_lr0.0002_s1,?|Al_segvol.h5|1849|8882|49684,3,0.9881902535756429,0.9766863981882731,0.0200843991090854,0.9982263247172037,0.9981819987297058,0.9840529362360636,0.9811838626861572
final_20260804-224906_augmented_spots_train_e200_b20_lr0.0002_s1,?|IN718_twins_logtif.h5|1360|2737|236919,5,0.9905619502067566,0.9813378572463989,0.022377097979187965,0.9961338996887207,0.9961078643798829,0.9840924501419067,0.9795661211013794
final_20260804-224906_augmented_spots_train_e200_b20_lr0.0002_s1,?|IN718_twins_logtif.h5|59|59|4965,10,0.9892569720745087,0.9787891328334808,0.021047234535217285,0.9976589918136597,0.997428435087204,0.9841048777103424,0.9768345773220062
final_20260804-224906_augmented_spots_train_e200_b20_lr0.0002_s1,?|IN718_twins_logtif.h5|695|695|58396,10,0.9897747337818146,0.9797833263874054,0.021534916758537293,0.9979675352573395,0.9978937923908233,0.9841199159622193,0.9814923286437989
final_20260804-224906_augmented_spots_train_e200_b20_lr0.0002_s1,?|IN718_twins_logtif.h5|1024|2401|204844,9,0.9915961225827535,0.9833782911300659,0.023355645851956472,0.9974004096455045,0.9970156417952644,0.9841202431254916,0.9791973233222961
final_20260804-224906_augmented_spots_train_e200_b20_lr0.0002_s1,?|IN718_twins_logtif.h5|159|1534|132666,7,0.9959284322602409,0.9918983663831439,0.02760521668408598,0.9969748343740191,0.996958213193076,0.9841616238866534,0.9814098358154297
final_20260804-224906_augmented_spots_train_e200_b20_lr0.0002_s1,?|IN718_twins_logtif.h5|1056|2433|208170,4,0.9892007857561111,0.9786502569913864,0.02086051320657134,0.9987061619758606,0.9986953735351562,0.9841701537370682,0.9823184192180634
final_20260804-224906_augmented_spots_train_e200_b20_lr0.0002_s1,?|IN718_twins_logtif.h5|10|10|582,12,0.9905161261558533,0.9812768747409185,0.02216166180248062,0.9979491879542669,0.9978898962338766,0.9841772417227427,0.9809313714504242
final_20260804-224906_augmented_spots_train_e200_b20_lr0.0002_s1,?|Al_segvol.h5|2581|9613|53745,3,0.9856835802396139,0.9719045559565226,0.017310321951905887,0.9979817072550455,0.9979702631632487,0.9841866294542948,0.9826982498168946
final_20260804-224906_augmented_spots_train_e200_b20_lr0.0002_s1,?|IN718_twins_logtif.h5|1328|2703|232678,3,0.9904358983039856,0.9810622135798136,0.022037316113710403,0.9978732268015543,0.9978035688400269,0.9841993053754171,0.9807388305664062
final_20260804-224906_augmented_spots_train_e200_b20_lr0.0002_s1,?|IN718_twins_logtif.h5|738|738|63561,5,0.9917794346809388,0.9837369680404663,0.02333595510572195,0.9947251081466675,0.9947221875190735,0.9842217445373536,0.9825224041938782
final_20260804-224906_augmented_spots_train_e200_b20_lr0.0002_s1,?|IN718_twins_logtif.h5|54|1431|123833,5,0.9916876435279847,0.983549439907074,0.023224303871393202,0.9981990933418274,0.998190975189209,0.9842316746711731,0.9825680732727051
final_20260804-224906_augmented_spots_train_e200_b20_lr0.0002_s1,?|IN718_twins_logtif.h5|339|1713|148684,10,0.9926598191261291,0.985442441701889,0.02410218082368374,0.9977134346961976,0.9977077603340149,0.9842788219451905,0.9802246689796448
final_20260804-224906_augmented_spots_train_e200_b20_lr0.0002_s1,?|IN718_twins_logtif.h5|233|233|19468,12,0.9909670402606329,0.9821382910013199,0.022396620828658342,0.9969157377878824,0.9968473017215729,0.9842852105696996,0.9800261437892914
final_20260804-224906_augmented_spots_train_e200_b20_lr0.0002_s1,?|IN718_twins_logtif.h5|1045|1045|87459,10,0.9923762917518616,0.9849128425121307,0.023801516368985177,0.9975694239139556,0.9975682497024536,0.9842873990535737,0.9816858768463135
final_20260804-224906_augmented_spots_train_e200_b20_lr0.0002_s1,?|IN718_twins_logtif.h5|307|1684|145356,9,0.989157047536638,0.9785851703749763,0.020577567939956982,0.9984533654318916,0.9983775880601671,0.9842897454897562,0.9795672655105591
final_20260804-224906_augmented_spots_train_e200_b20_lr0.0002_s1,?|IN718_twins_logtif.h5|724|2101|180443,4,0.9909934252500534,0.9821905344724655,0.022387919714674354,0.9945833086967468,0.9945114850997925,0.984302744269371,0.9787481307983399
final_20260804-224906_augmented_spots_train_e200_b20_lr0.0002_s1,?|Al_segvol.h5|3332|3332|18208,4,0.9878107607364655,0.9760158210992813,0.01919228909537196,0.9972186833620071,0.9971773624420166,0.9843092262744904,0.9799658060073853
final_20260804-224906_augmented_spots_train_e200_b20_lr0.0002_s1,?|Al_segvol.h5|1108|1108|6035,5,0.9933434367179871,0.9867925524711609,0.024723049625754355,0.9982308745384216,0.9982025623321533,0.9843101859092712,0.9834857225418091
final_20260804-224906_augmented_spots_train_e200_b20_lr0.0002_s1,?|IN718_twins_logtif.h5|524|524|44488,6,0.9901351730028788,0.9804823597272238,0.02146343979984522,0.9983279804388682,0.9983130792776743,0.9843358596165975,0.9829571545124054
final_20260804-224906_augmented_spots_train_e200_b20_lr0.0002_s1,?|IN718_twins_logtif.h5|1199|2576|220712,3,0.986694316069285,0.9739073117574056,0.017981087788939476,0.9991626540819804,0.9991560578346252,0.9843565821647644,0.9805946707725525
final_20260804-224906_augmented_spots_train_e200_b20_lr0.0002_s1,?|IN718_twins_logtif.h5|272|272|23557,6,0.9900984962781271,0.9804913997650146,0.02132256453235944,0.9979044993718466,0.9978962043921152,0.9843879540761312,0.9806578159332275
final_20260804-224906_augmented_spots_train_e200_b20_lr0.0002_s1,?|IN718_twins_logtif.h5|604|1981|168690,6,0.9877098401387533,0.9758554498354594,0.01892578850189845,0.998757024606069,0.9987232883771261,0.9843920369942983,0.9811100363731384
final_20260804-224906_augmented_spots_train_e200_b20_lr0.0002_s1,?|IN718_twins_logtif.h5|774|774|66972,6,0.9869550963242849,0.9742748538653055,0.018132617541899283,0.9991414844989777,0.9990459382534027,0.9844112396240234,0.980681985616684
final_20260804-224906_augmented_spots_train_e200_b20_lr0.0002_s1,?|IN718_twins_logtif.h5|54|54|4618,10,0.9897633969783783,0.9798246324062347,0.02089374726638198,0.9966012060642242,0.9965756893157959,0.98443483710289,0.9795892417430878
final_20260804-224906_augmented_spots_train_e200_b20_lr0.0002_s1,?|IN718_twins_logtif.h5|410|410|35854,7,0.9922098091670445,0.984616756439209,0.023332066301788603,0.9981388023921421,0.9981294870376587,0.9844388706343514,0.9805317044258117
final_20260804-224906_augmented_spots_train_e200_b20_lr0.0002_s1,?|IN718_twins_logtif.h5|1085|2463|210949,8,0.9931741133332253,0.9864767640829086,0.02426065714098513,0.9981757625937462,0.9978656619787216,0.9844567328691483,0.9799153983592988
final_20260804-224906_augmented_spots_train_e200_b20_lr0.0002_s1,?|IN718_twins_logtif.h5|1|1|110,6,0.987161378065745,0.9747341175874075,0.01818627693379919,0.9985398550828298,0.9985215564568838,0.9844875435034434,0.9818354845046997
final_20260804-224906_augmented_spots_train_e200_b20_lr0.0002_s1,?|IN718_twins_logtif.h5|372|1751|151227,7,0.9890382630484444,0.9783484424863543,0.020018033417207853,0.9980326124600002,0.998015786920275,0.9845101152147565,0.9812268018722534
final_20260804-224906_augmented_spots_train_e200_b20_lr0.0002_s1,?|Al_segvol.h5|5426|5426|30119,4,0.990042433142662,0.9803247004747391,0.021003597415983677,0.9980161190032959,0.997987374663353,0.9845194220542908,0.9815162658691406
final_20260804-224906_augmented_spots_train_e200_b20_lr0.0002_s1,?|IN718_twins_logtif.h5|67|67|5274,4,0.9867837429046631,0.9739629626274109,0.017649440793320537,0.9991022050380707,0.9989703595638275,0.9845671504735947,0.9835215449333191
final_20260804-224906_augmented_spots_train_e200_b20_lr0.0002_s1,?|IN718_twins_logtif.h5|319|319|28080,4,0.9922017604112625,0.9845999777317047,0.02286038175225258,0.9945744723081589,0.9939367324113846,0.9846706986427307,0.9810083150863648
final_20260804-224906_augmented_spots_train_e200_b20_lr0.0002_s1,?|IN718_twins_logtif.h5|1256|2633|225544,9,0.9908707473013136,0.9819696942965189,0.021387042270766363,0.998082677523295,0.9980370468563504,0.9847418533431159,0.9818633556365967
final_20260804-224906_augmented_spots_train_e200_b20_lr0.0002_s1,?|Al_segvol.h5|4282|4282|23433,3,0.9891217152277628,0.9784950812657675,0.019587429861227672,0.9981531302134196,0.9981307586034139,0.9847671190897623,0.9846957445144653
final_20260804-224906_augmented_spots_train_e200_b20_lr0.0002_s1,?|IN718_twins_logtif.h5|861|861|70315,6,0.9910972515741984,0.9824016789595286,0.021562024485319853,0.9966545701026917,0.9966247379779816,0.9847676058610281,0.9815303981304169
final_20260804-224906_augmented_spots_train_e200_b20_lr0.0002_s1,?|IN718_twins_logtif.h5|161|161|14240,9,0.9963998595873514,0.9928448266453214,0.026777132724722225,0.9950599206818475,0.9950055943595039,0.9848113788498772,0.9774846792221069
final_20260804-224906_augmented_spots_train_e200_b20_lr0.0002_s1,?|Al_segvol.h5|3476|3476|19068,3,0.9911283254623413,0.9824229876200358,0.021409999579191208,0.9978842536608378,0.9978635907173157,0.9848591486612955,0.9831908464431762
final_20260804-224906_augmented_spots_train_e200_b20_lr0.0002_s1,?|IN718_twins_logtif.h5|84|84|6602,9,0.9868772493468391,0.9741741352611117,0.017109558193220034,0.9991709987322489,0.9991698794894748,0.9848838514751859,0.9829971194267273
final_20260804-224906_augmented_spots_train_e200_b20_lr0.0002_s1,?|IN718_twins_logtif.h5|115|115|11664,3,0.9908135533332825,0.9818136692047119,0.02100851573050022,0.9975776076316833,0.9975747863451639,0.9849025209744772,0.9807321071624756
final_20260804-224906_augmented_spots_train_e200_b20_lr0.0002_s1,?|IN718_twins_logtif.h5|811|2189|188185,8,0.9895157217979431,0.9793113842606544,0.019705043407157063,0.998451940715313,0.9984308183193207,0.9849053397774696,0.9810770332813263
final_20260804-224906_augmented_spots_train_e200_b20_lr0.0002_s1,?|IN718_twins_logtif.h5|606|606|49458,12,0.9905617336432139,0.9813568840424219,0.020658487919718027,0.9979862074057261,0.9975821326176325,0.9849516252676646,0.980120062828064
final_20260804-224906_augmented_spots_train_e200_b20_lr0.0002_s1,?|IN718_twins_logtif.h5|834|834|69686,4,0.9904220700263977,0.9810464531183243,0.020510722883045673,0.9978478848934174,0.9977529048919678,0.9849556535482407,0.9835630118846893
final_20260804-224906_augmented_spots_train_e200_b20_lr0.0002_s1,?|IN718_twins_logtif.h5|113|113|11595,10,0.9941777765750885,0.9884435951709747,0.024153489526361226,0.9940407931804657,0.9938710510730744,0.985012149810791,0.9767985463142395
final_20260804-224906_augmented_spots_train_e200_b20_lr0.0002_s1,?|IN718_twins_logtif.h5|87|87|6814,3,0.9885929425557455,0.9775228301684061,0.018494702875614166,0.9975712895393372,0.9975753227869669,0.9850491484006246,0.9839248418807983
final_20260804-224906_augmented_spots_train_e200_b20_lr0.0002_s1,?|IN718_twins_logtif.h5|1244|2620|223975,5,0.9909327387809753,0.9820538640022278,0.02077559195458889,0.9965499877929688,0.9959439039230347,0.9850785851478576,0.9808425068855285
final_20260804-224906_augmented_spots_train_e200_b20_lr0.0002_s1,?|Al_segvol.h5|6995|6995|39145,3,0.9870291749636332,0.974421223004659,0.016814713987211388,0.9983732104301453,0.9983571966489156,0.9851072231928507,0.9829684495925903
final_20260804-224906_augmented_spots_train_e200_b20_lr0.0002_s1,?|IN718_twins_logtif.h5|682|2059|175909,4,0.9907853454351425,0.9818138480186462,0.020443343091756105,0.9981989562511444,0.9981950670480728,0.9851710051298141,0.9817634999752045
final_20260804-224906_augmented_spots_train_e200_b20_lr0.0002_s1,?|IN718_twins_logtif.h5|445|445|38405,12,0.9912331451972326,0.9826795309782028,0.020853637252002954,0.9985899577538172,0.9979583968718847,0.9851897656917572,0.9809098541736603
final_20260804-224906_augmented_spots_train_e200_b20_lr0.0002_s1,?|IN718_twins_logtif.h5|5|1381|119805,10,0.9944179236888886,0.9889130413532257,0.023912688344717027,0.9965756058692932,0.9965209007263184,0.9852526307106018,0.981931722164154
final_20260804-224906_augmented_spots_train_e200_b20_lr0.0002_s1,?|IN718_twins_logtif.h5|851|851|70050,6,0.995502233505249,0.9910573263963064,0.02485689955453078,0.9942834079265594,0.9942449231942495,0.9853226741154989,0.9798220992088318
final_20260804-224906_augmented_spots_train_e200_b20_lr0.0002_s1,?|IN718_twins_logtif.h5|221|1599|136982,11,0.9974463690410961,0.994909324429252,0.026739268817684868,0.9957167397845875,0.9956505623730746,0.9853535457090898,0.9810656905174255
final_20260804-224906_augmented_spots_train_e200_b20_lr0.0002_s1,?|IN718_twins_logtif.h5|450|1825|157803,10,0.9917579531669617,0.9837102472782135,0.020981511287391185,0.9979275226593017,0.9977847993373871,0.9853882193565369,0.982072776556015
final_20260804-224906_augmented_spots_train_e200_b20_lr0.0002_s1,?|IN718_twins_logtif.h5|339|339|29660,4,0.9901063293218613,0.9804278612136841,0.019103522412478924,0.9989917129278183,0.998956561088562,0.9855014085769653,0.9841296136379242
final_20260804-224906_augmented_spots_train_e200_b20_lr0.0002_s1,?|IN718_twins_logtif.h5|319|1695|146983,8,0.9911520332098007,0.9824908748269081,0.019643683801405132,0.9973192885518074,0.9972354248166084,0.9857541769742966,0.9819645524024964
final_20260804-224906_augmented_spots_train_e200_b20_lr0.0002_s1,?|IN718_twins_logtif.h5|608|608|49609,5,0.9889210224151611,0.9781225323677063,0.017394332960247994,0.9989304780960083,0.9989207029342652,0.9857633471488952,0.9835719704627991
final_20260804-224906_augmented_spots_train_e200_b20_lr0.0002_s1,?|IN718_twins_logtif.h5|1200|1200|100986,8,0.9907351359724998,0.981653057038784,0.019197527086362243,0.9983522370457649,0.9982791617512703,0.9857688099145889,0.9831429064273834
final_20260804-224906_augmented_spots_train_e200_b20_lr0.0002_s1,?|IN718_twins_logtif.h5|130|130|12229,7,0.9889634932790484,0.978187084197998,0.017394597509077618,0.9983459966523307,0.9983342375074115,0.9857844454901559,0.9833215236663818
final_20260804-224906_augmented_spots_train_e200_b20_lr0.0002_s1,?|IN718_twins_logtif.h5|113|1491|130032,7,0.9918764744486127,0.9840243969644819,0.02019432226994208,0.9945286597524371,0.993348743234362,0.9858410699026925,0.978905463218689
final_20260804-224906_augmented_spots_train_e200_b20_lr0.0002_s1,?|IN718_twins_logtif.h5|154|1530|132571,6,0.9937196771303812,0.9875441392262777,0.021375043007234733,0.9984106123447418,0.998402069012324,0.9861723184585571,0.9836786389350891
final_20260804-224906_augmented_spots_train_e200_b20_lr0.0002_s1,?|IN718_twins_logtif.h5|1034|1034|86119,4,0.9924569129943848,0.9850736260414124,0.019812372513115406,0.9984860718250275,0.9981911033391953,0.9863222688436508,0.984127551317215
final_20260804-224906_augmented_spots_train_e200_b20_lr0.0002_s1,?|IN718_twins_logtif.h5|120|1501|130344,11,0.9940730441700328,0.9883199659260836,0.02142696480520747,0.9929805614731528,0.9924599528312683,0.9863230369307778,0.9834636449813843
final_20260804-224906_augmented_spots_train_e200_b20_lr0.0002_s1,?|IN718_twins_logtif.h5|963|2340|199618,3,0.993707517782847,0.9874966939290365,0.020469639139870804,0.9988114833831787,0.9986367424329122,0.9866189360618591,0.9823105812072754
final_20260804-224906_augmented_spots_train_e200_b20_lr0.0002_s1,?|IN718_twins_logtif.h5|850|2230|190094,12,0.9928961545228958,0.9859448770682017,0.019642662645007174,0.9987032413482666,0.9985729604959488,0.9866267293691635,0.98372563123703
final_20260804-224906_augmented_spots_train_e200_b20_lr0.0002_s1,?|Al_segvol.h5|5987|13020|73018,3,0.9930329918861389,0.9861944317817688,0.019629501427213352,0.9975757598876953,0.9975629448890686,0.9867017467816671,0.9847584247589112
final_20260804-224906_augmented_spots_train_e200_b20_lr0.0002_s1,?|IN718_twins_logtif.h5|1306|2683|229321,10,0.9928386569023132,0.9857896864414215,0.019334422331303357,0.9987778007984162,0.9987703502178192,0.9867521107196808,0.9842084527015686
final_20260804-224906_augmented_spots_train_e200_b20_lr0.0002_s1,?|Al_segvol.h5|2927|9955|55616,3,0.9893543124198914,0.9790326356887817,0.015586309134960175,0.9988967974980673,0.9988821943600973,0.9868840177853903,0.9855417013168335
final_20260804-224906_augmented_spots_train_e200_b20_lr0.0002_s1,?|IN718_twins_logtif.h5|283|283|24274,11,0.9973830851641569,0.9947875738143921,0.023515544493090023,0.9973638328638944,0.9973253228447654,0.9869337569583546,0.9808188676834106
final_20260804-224906_augmented_spots_train_e200_b20_lr0.0002_s1,?|IN718_twins_logtif.h5|822|822|68774,4,0.9936294406652451,0.9873620569705963,0.018679764587432146,0.9977624416351318,0.9973659217357635,0.9874748438596725,0.9844724357128143
final_20260804-224906_augmented_spots_train_e200_b20_lr0.0002_s1,?|IN718_twins_logtif.h5|162|1539|132839,4,0.9978701174259186,0.9957521855831146,0.021594693884253502,0.9971766918897629,0.9970995485782623,0.9881377071142197,0.9849489629268646
final_20260804-224906_augmented_spots_train_e200_b20_lr0.0002_s1,?|IN718_twins_logtif.h5|1291|1291|108947,3,0.9954354365666708,0.9909167885780334,0.016723780582348507,0.9987748463948568,0.99875940879186,0.9893558422724406,0.9871002197265625
