model,donor_key,n,dice_mean,iou_mean,rmse_mean,spot_recognition_mean,spot_recognition_p10
final_20260703-201335_augmented_spot_patches_e200_b10_lr0.0001_s1,?|Iron_deformed_logtif.h5|184|184|749244,3,0.39032357931137085,0.312211553255717,0.49104119340578717,0.4496411979198456,0.391784805059433
final_20260703-201335_augmented_spot_patches_e200_b10_lr0.0001_s1,?|Iron_deformed_logtif.h5|144|144|528465,3,0.5721231400966644,0.47659018635749817,0.6656600038210551,0.4532315631707509,0.42059668302536013
final_20260703-201335_augmented_spot_patches_e200_b10_lr0.0001_s1,?|Iron_deformed_logtif.h5|55|55|220305,3,0.4880867600440979,0.35561056931813556,0.5220261116822561,0.4830303390820821,0.4060657262802124
final_20260703-201335_augmented_spot_patches_e200_b10_lr0.0001_s1,?|Ti7Al_logtif.h5|192|192|64402,3,0.5887277126312256,0.47013041377067566,0.6038463314374288,0.49244070053100586,0.45878944396972654
final_20260703-201335_augmented_spot_patches_e200_b10_lr0.0001_s1,?|Ti7Al_logtif.h5|278|278|106292,4,0.5876322910189629,0.46325429528951645,0.6013960391283035,0.49311812222003937,0.4727349251508713
final_20260703-201335_augmented_spot_patches_e200_b10_lr0.0001_s1,?|Iron_deformed_logtif.h5|162|442|1877566,3,0.594174842039744,0.4682099868853887,0.5999469657739004,0.4971139629681905,0.48010735511779784
final_20260703-201335_augmented_spot_patches_e200_b10_lr0.0001_s1,?|Iron_deformed_logtif.h5|27|27|75554,4,0.5231186971068382,0.39408666640520096,0.5251578837633133,0.49898040294647217,0.47441035509109497
final_20260703-201335_augmented_spot_patches_e200_b10_lr0.0001_s1,?|Iron_deformed_logtif.h5|228|228|1010103,3,0.44314339756965637,0.3381602267424266,0.4421353538831075,0.5005040168762207,0.4761914134025574
final_20260703-201335_augmented_spot_patches_e200_b10_lr0.0001_s1,?|Iron_deformed_logtif.h5|279|279|1239202,4,0.6084740608930588,0.4583710804581642,0.6068423837423325,0.5008158460259438,0.45064511001110075
final_20260703-201335_augmented_spot_patches_e200_b10_lr0.0001_s1,?|Ti7Al_logtif.h5|372|372|143345,3,0.6873461604118347,0.554909904797872,0.6806508104006449,0.5033476650714874,0.47667880058288575
final_20260703-201335_augmented_spot_patches_e200_b10_lr0.0001_s1,?|Ti7Al_logtif.h5|689|689|304122,3,0.5703870952129364,0.43329084912935895,0.563538114229838,0.5034244855244955,0.48217297792434693
final_20260703-201335_augmented_spot_patches_e200_b10_lr0.0001_s1,?|Iron_deformed_logtif.h5|217|497|2202296,4,0.5636094957590103,0.421246200799942,0.5564938932657242,0.5035578012466431,0.4355485200881958
final_20260703-201335_augmented_spot_patches_e200_b10_lr0.0001_s1,?|Iron_deformed_logtif.h5|238|518|2313516,3,0.46383801102638245,0.3483111709356308,0.45496564110120136,0.504436194896698,0.4468487620353699
final_20260703-201335_augmented_spot_patches_e200_b10_lr0.0001_s1,?|Ti7Al_logtif.h5|800|1782|729836,3,0.40635596712430316,0.2997887233893077,0.39746108651161194,0.5044474403063456,0.49642314910888674
final_20260703-201335_augmented_spot_patches_e200_b10_lr0.0001_s1,?|Iron_deformed_logtif.h5|164|164|645795,3,0.5483333269755045,0.40792317191759747,0.5378391742706299,0.5052470664183298,0.48707644939422606
final_20260703-201335_augmented_spot_patches_e200_b10_lr0.0001_s1,?|Iron_deformed_logtif.h5|84|363|1554874,4,0.41545112431049347,0.296207282692194,0.4047674089670181,0.5053418576717377,0.4698784500360489
final_20260703-201335_augmented_spot_patches_e200_b10_lr0.0001_s1,?|Iron_deformed_logtif.h5|230|510|2253954,4,0.47431352734565735,0.3593555726110935,0.46277811378240585,0.5057677030563354,0.46792806386947633
final_20260703-201335_augmented_spot_patches_e200_b10_lr0.0001_s1,?|Ti7Al_logtif.h5|900|1881|752712,3,0.5459643801053365,0.4405557910601298,0.532940685749054,0.5065118273099264,0.5044098615646362
final_20260703-201335_augmented_spot_patches_e200_b10_lr0.0001_s1,?|Iron_deformed_logtif.h5|44|44|162956,4,0.560030922293663,0.4179648905992508,0.5438191741704941,0.5081058815121651,0.46798962652683257
final_20260703-201335_augmented_spot_patches_e200_b10_lr0.0001_s1,?|Iron_deformed_logtif.h5|178|458|1910882,4,0.5513643622398376,0.42515427619218826,0.532691590487957,0.5093363896012306,0.4525751739740372
final_20260703-201335_augmented_spot_patches_e200_b10_lr0.0001_s1,?|Iron_deformed_logtif.h5|127|407|1676778,4,0.4603200703859329,0.3293740153312683,0.4385032430291176,0.5109084248542786,0.4429195702075958
final_20260703-201335_augmented_spot_patches_e200_b10_lr0.0001_s1,?|Iron_deformed_logtif.h5|56|336|1461382,5,0.4768273591995239,0.33494402170181276,0.4549109101295471,0.5109582364559173,0.44676599502563474
final_20260703-201335_augmented_spot_patches_e200_b10_lr0.0001_s1,?|Iron_deformed_logtif.h5|168|448|1896773,3,0.5904183785120646,0.4560365478197734,0.5670458475748698,0.5116862754027048,0.465273118019104
final_20260703-201335_augmented_spot_patches_e200_b10_lr0.0001_s1,?|Iron_deformed_logtif.h5|2|2|12606,8,0.6323059797286987,0.4876041002571583,0.6077843829989433,0.512260802090168,0.47449881434440616
final_20260703-201335_augmented_spot_patches_e200_b10_lr0.0001_s1,?|Ti7Al_logtif.h5|431|1413|574457,3,0.5671441952387491,0.5078691442807516,0.5413452585538229,0.5128994584083557,0.4853158712387085
final_20260703-201335_augmented_spot_patches_e200_b10_lr0.0001_s1,?|Iron_deformed_logtif.h5|197|197|812567,6,0.48815769453843433,0.35105083882808685,0.4606742262840271,0.513741746544838,0.4706185907125473
final_20260703-201335_augmented_spot_patches_e200_b10_lr0.0001_s1,?|Iron_deformed_logtif.h5|173|173|668050,4,0.6333780884742737,0.49597620964050293,0.6057728379964828,0.5138026028871536,0.452347195148468
final_20260703-201335_augmented_spot_patches_e200_b10_lr0.0001_s1,?|Iron_deformed_logtif.h5|252|532|2351102,3,0.5924676060676575,0.4635068078835805,0.5639457007249197,0.5142609675725301,0.4292991876602173
final_20260703-201335_augmented_spot_patches_e200_b10_lr0.0001_s1,?|Iron_deformed_logtif.h5|127|127|436075,9,0.5458737214406332,0.4232225567102432,0.5170567565494113,0.5144084791342417,0.47450450658798216
final_20260703-201335_augmented_spot_patches_e200_b10_lr0.0001_s1,?|Al_deformed_LoG_logtif.h5|29|63|895675,13,0.5290137460598578,0.38217263382214767,0.49910831451416016,0.5149527192115784,0.4508398771286011
final_20260703-201335_augmented_spot_patches_e200_b10_lr0.0001_s1,?|Ti7Al_logtif.h5|936|1918|774149,3,0.744016965230306,0.6241965591907501,0.7118662198384603,0.5160753726959229,0.4866857647895813
final_20260703-201335_augmented_spot_patches_e200_b10_lr0.0001_s1,?|Iron_deformed_logtif.h5|167|447|1896154,3,0.5742728014787039,0.4520087242126465,0.5421173771222433,0.516077717145284,0.4983795404434204
final_20260703-201335_augmented_spot_patches_e200_b10_lr0.0001_s1,?|Iron_deformed_logtif.h5|96|376|1581320,3,0.5545471906661987,0.4191878338654836,0.5201114217440287,0.5172178645928701,0.42665885090827943
final_20260703-201335_augmented_spot_patches_e200_b10_lr0.0001_s1,?|Iron_deformed_logtif.h5|246|526|2344537,5,0.5365694880485534,0.3945686876773834,0.5020828783512116,0.5172432959079742,0.4639843046665192
final_20260703-201335_augmented_spot_patches_e200_b10_lr0.0001_s1,?|Ti7Al_logtif.h5|711|711|309821,3,0.6574412981669108,0.5470302800337473,0.6222952306270599,0.5175730486710867,0.4878737688064575
final_20260703-201335_augmented_spot_patches_e200_b10_lr0.0001_s1,?|Iron_deformed_logtif.h5|274|274|1211311,3,0.6729809443155924,0.5250852505366007,0.6361087958017985,0.5184360941251119,0.4603239417076111
final_20260703-201335_augmented_spot_patches_e200_b10_lr0.0001_s1,?|Ti7Al_logtif.h5|330|1312|505227,3,0.6537647445996603,0.5069438616434733,0.6154852708180746,0.5191397567590078,0.4934969663619995
final_20260703-201335_augmented_spot_patches_e200_b10_lr0.0001_s1,?|Iron_deformed_logtif.h5|61|341|1491473,3,0.6544466217358907,0.5106274286905924,0.6145942608515421,0.5199261903762817,0.5101472973823548
final_20260703-201335_augmented_spot_patches_e200_b10_lr0.0001_s1,?|Ti7Al_logtif.h5|765|1748|716846,3,0.6719241142272949,0.5800240735212961,0.6312409241994222,0.5203416248162588,0.45710937976837157
final_20260703-201335_augmented_spot_patches_e200_b10_lr0.0001_s1,?|Ti7Al_logtif.h5|725|1707|707156,3,0.5907856623331705,0.5054938793182373,0.5480843981107076,0.521350642045339,0.49632060527801514
final_20260703-201335_augmented_spot_patches_e200_b10_lr0.0001_s1,?|Iron_deformed_logtif.h5|265|545|2432134,4,0.5900589972734451,0.4735531508922577,0.5472954660654068,0.5213817805051804,0.47267634272575376
final_20260703-201335_augmented_spot_patches_e200_b10_lr0.0001_s1,?|Iron_deformed_logtif.h5|167|167|658994,3,0.5687063535054525,0.467919001976649,0.5233788390954336,0.5226637721061707,0.5214908361434937
final_20260703-201335_augmented_spot_patches_e200_b10_lr0.0001_s1,?|Iron_deformed_logtif.h5|105|385|1622522,3,0.7171609501043955,0.6197119553883871,0.670160710811615,0.5235001146793365,0.488985550403595
final_20260703-201335_augmented_spot_patches_e200_b10_lr0.0001_s1,?|Iron_deformed_logtif.h5|184|464|1988468,6,0.506364976366361,0.36584341526031494,0.45429912209510803,0.5260329395532608,0.4842982143163681
final_20260703-201335_augmented_spot_patches_e200_b10_lr0.0001_s1,?|Iron_deformed_logtif.h5|1|1|10546,5,0.640060567855835,0.49938130378723145,0.5878505349159241,0.526104998588562,0.5114174008369445
final_20260703-201335_augmented_spot_patches_e200_b10_lr0.0001_s1,?|Iron_deformed_logtif.h5|42|322|1394565,3,0.5251814921696981,0.369666467110316,0.4729166130224864,0.5261324147383372,0.5037531852722168
final_20260703-201335_augmented_spot_patches_e200_b10_lr0.0001_s1,?|Al_deformed_LoG_logtif.h5|17|17|318986,16,0.6797617822885513,0.5374899879097939,0.6244581267237663,0.5276518426835537,0.5025943219661713
final_20260703-201335_augmented_spot_patches_e200_b10_lr0.0001_s1,?|Ti7Al_logtif.h5|1|983|386483,3,0.6755321423212687,0.5980751117070516,0.620010773340861,0.5277606745560964,0.49197118282318114
final_20260703-201335_augmented_spot_patches_e200_b10_lr0.0001_s1,?|Al_deformed_LoG_logtif.h5|6|40|510321,24,0.5619032805164655,0.4252726516375939,0.5063307471573353,0.5277862648169199,0.4287473440170288
final_20260703-201335_augmented_spot_patches_e200_b10_lr0.0001_s1,?|Iron_deformed_logtif.h5|21|300|1307410,3,0.6217217445373535,0.4996219575405121,0.5660427113374075,0.5278395016988119,0.521446704864502
final_20260703-201335_augmented_spot_patches_e200_b10_lr0.0001_s1,?|Iron_deformed_logtif.h5|30|310|1320109,5,0.641767704486847,0.5566669523715972,0.5857102930545807,0.5280287206172943,0.4896992385387421
final_20260703-201335_augmented_spot_patches_e200_b10_lr0.0001_s1,?|Iron_deformed_logtif.h5|60|340|1491296,3,0.5961157083511353,0.455926646788915,0.5383688906828562,0.5288734038670858,0.5039170145988464
final_20260703-201335_augmented_spot_patches_e200_b10_lr0.0001_s1,?|Iron_deformed_logtif.h5|59|59|249552,4,0.6762599274516106,0.5550420135259628,0.6183707118034363,0.5289446264505386,0.5025360643863678
final_20260703-201335_augmented_spot_patches_e200_b10_lr0.0001_s1,?|Iron_deformed_logtif.h5|273|553|2451312,7,0.578018707888467,0.4200166421277182,0.5193730890750885,0.5293228200503758,0.5075554847717285
final_20260703-201335_augmented_spot_patches_e200_b10_lr0.0001_s1,?|Iron_deformed_logtif.h5|121|401|1655920,4,0.6520741432905197,0.5081107392907143,0.5933601409196854,0.5293570160865784,0.4885822534561157
final_20260703-201335_augmented_spot_patches_e200_b10_lr0.0001_s1,?|Iron_deformed_logtif.h5|102|382|1609497,3,0.6772722005844116,0.5234552522500356,0.6174668669700623,0.5299026568730673,0.5143534898757934
final_20260703-201335_augmented_spot_patches_e200_b10_lr0.0001_s1,?|Al_deformed_LoG_logtif.h5|20|20|362924,19,0.6408554974355196,0.5075465581919018,0.5804021264377394,0.5302266807932603,0.48019018173217776
final_20260703-201335_augmented_spot_patches_e200_b10_lr0.0001_s1,?|Iron_deformed_logtif.h5|196|476|2048948,3,0.5850735108057658,0.485598623752594,0.5240063269933065,0.5305335919062296,0.5056409358978271
final_20260703-201335_augmented_spot_patches_e200_b10_lr0.0001_s1,?|Iron_deformed_logtif.h5|121|121|413884,3,0.5380993584791819,0.4174290696779887,0.4766572117805481,0.5307210683822632,0.4995307922363281
final_20260703-201335_augmented_spot_patches_e200_b10_lr0.0001_s1,?|Al_deformed_LoG_logtif.h5|9|43|572797,19,0.6793007285971391,0.5393386953755429,0.617838652510392,0.5307310380433735,0.4876416683197021
final_20260703-201335_augmented_spot_patches_e200_b10_lr0.0001_s1,?|Iron_deformed_logtif.h5|276|556|2461082,3,0.5644291043281555,0.4388241370519002,0.5026434659957886,0.5308928291002909,0.4925395965576172
final_20260703-201335_augmented_spot_patches_e200_b10_lr0.0001_s1,?|Iron_deformed_logtif.h5|235|235|1039802,3,0.5230166912078857,0.3885005513827006,0.46109409133593243,0.5309613148371378,0.5013688802719116
final_20260703-201335_augmented_spot_patches_e200_b10_lr0.0001_s1,?|Ti7Al_logtif.h5|153|153|50619,3,0.6058152417341868,0.5014103055000305,0.5427667001883189,0.5315242906411489,0.4965019226074219
final_20260703-201335_augmented_spot_patches_e200_b10_lr0.0001_s1,?|Iron_deformed_logtif.h5|255|535|2371626,5,0.6375935316085816,0.4865656316280365,0.5737868666648864,0.5319033265113831,0.4950089693069458
final_20260703-201335_augmented_spot_patches_e200_b10_lr0.0001_s1,?|Ti7Al_logtif.h5|951|951|378424,6,0.6134985387325287,0.49561337133248645,0.5495707988739014,0.5319638748963674,0.49102017283439636
final_20260703-201335_augmented_spot_patches_e200_b10_lr0.0001_s1,?|Iron_deformed_logtif.h5|1|281|1250417,3,0.6170559128125509,0.48251745104789734,0.5518604516983032,0.5325977206230164,0.5006380677223206
final_20260703-201335_augmented_spot_patches_e200_b10_lr0.0001_s1,?|Ti7Al_logtif.h5|674|1655|690234,3,0.5160142779350281,0.4440982441107432,0.4499122401078542,0.5330510139465332,0.5108540177345275
final_20260703-201335_augmented_spot_patches_e200_b10_lr0.0001_s1,?|Al_deformed_LoG_logtif.h5|5|39|481387,20,0.5983053296804428,0.44297484308481216,0.5318020984530449,0.5332516193389892,0.46283113956451416
final_20260703-201335_augmented_spot_patches_e200_b10_lr0.0001_s1,?|Iron_deformed_logtif.h5|27|307|1314638,3,0.6072493394215902,0.4490261773268382,0.539935310681661,0.5336570143699646,0.5155523538589477
final_20260703-201335_augmented_spot_patches_e200_b10_lr0.0001_s1,?|Iron_deformed_logtif.h5|55|334|1461026,3,0.4782131612300873,0.32468170921007794,0.4102351665496826,0.5339889923731486,0.509707236289978
final_20260703-201335_augmented_spot_patches_e200_b10_lr0.0001_s1,?|Al_deformed_LoG_logtif.h5|18|52|779675,19,0.5535647743626645,0.3997188351656261,0.48502471729328756,0.5342700214762437,0.46938636898994446
final_20260703-201335_augmented_spot_patches_e200_b10_lr0.0001_s1,?|Iron_deformed_logtif.h5|125|405|1675921,3,0.6765281160672506,0.526364823182424,0.6073688069979349,0.5345796744028727,0.5144558191299439
final_20260703-201335_augmented_spot_patches_e200_b10_lr0.0001_s1,?|Iron_deformed_logtif.h5|232|232|1020810,3,0.6195206443468729,0.4680345257123311,0.5500906109809875,0.5347150166829427,0.507610809803009
final_20260703-201335_augmented_spot_patches_e200_b10_lr0.0001_s1,?|Iron_deformed_logtif.h5|89|89|322664,5,0.6686561822891235,0.5490540564060211,0.5980729639530182,0.5352916121482849,0.5053845763206481
final_20260703-201335_augmented_spot_patches_e200_b10_lr0.0001_s1,?|Al_deformed_LoG_logtif.h5|7|41|510550,15,0.5921781877676646,0.43601105908552806,0.5215678612391154,0.5353051662445069,0.48277575969696046
final_20260703-201335_augmented_spot_patches_e200_b10_lr0.0001_s1,?|Iron_deformed_logtif.h5|61|61|251104,6,0.603125274181366,0.4716366132100423,0.5320412665605545,0.5355420013268789,0.4941563010215759
final_20260703-201335_augmented_spot_patches_e200_b10_lr0.0001_s1,?|Iron_deformed_logtif.h5|259|539|2410871,4,0.5543416514992714,0.40691983699798584,0.48318253457546234,0.5355795621871948,0.49627275466918946
final_20260703-201335_augmented_spot_patches_e200_b10_lr0.0001_s1,?|Iron_deformed_logtif.h5|98|378|1584909,3,0.5800892313321432,0.41929084062576294,0.508686900138855,0.5357011556625366,0.5211764335632324
final_20260703-201335_augmented_spot_patches_e200_b10_lr0.0001_s1,?|Al_deformed_LoG_logtif.h5|8|8|54671,22,0.6212981153618206,0.4802728789773854,0.5485036075115204,0.5363972552798011,0.46521669924259185
final_20260703-201335_augmented_spot_patches_e200_b10_lr0.0001_s1,?|Iron_deformed_logtif.h5|34|34|111384,3,0.6808153589566549,0.5500249962011973,0.6076513926188151,0.5365819931030273,0.5277501225471497
final_20260703-201335_augmented_spot_patches_e200_b10_lr0.0001_s1,?|Iron_deformed_logtif.h5|22|22|70041,3,0.5957535703976949,0.43728692332903546,0.522394597530365,0.5366795063018799,0.5079082012176513
final_20260703-201335_augmented_spot_patches_e200_b10_lr0.0001_s1,?|Al_deformed_LoG_logtif.h5|0|0|14345,21,0.804242247626895,0.7222982162520999,0.7304953109650385,0.5368734725884029,0.4864150881767273
final_20260703-201335_augmented_spot_patches_e200_b10_lr0.0001_s1,?|Al_deformed_LoG_logtif.h5|27|61|894788,23,0.5864392428294473,0.4399344014084857,0.510367690221123,0.5380357724169026,0.45840415358543396
final_20260703-201335_augmented_spot_patches_e200_b10_lr0.0001_s1,?|Iron_deformed_logtif.h5|189|189|785586,6,0.6410539448261261,0.496171106894811,0.564872016509374,0.5380909641583761,0.5193203389644623
final_20260703-201335_augmented_spot_patches_e200_b10_lr0.0001_s1,?|Ti7Al_logtif.h5|317|317|115086,3,0.6738318204879761,0.5791271130243937,0.5967468122641245,0.5385425090789795,0.5309033870697022
final_20260703-201335_augmented_spot_patches_e200_b10_lr0.0001_s1,?|Ti7Al_logtif.h5|785|1767|720185,3,0.6737319926420847,0.559367040793101,0.5961420138676962,0.5387949844201406,0.5053731441497803
final_20260703-201335_augmented_spot_patches_e200_b10_lr0.0001_s1,?|Iron_deformed_logtif.h5|176|176|671863,7,0.6031350919178554,0.47336301633289884,0.5251162392752511,0.5390094305787768,0.501490569114685
final_20260703-201335_augmented_spot_patches_e200_b10_lr0.0001_s1,?|Iron_deformed_logtif.h5|120|400|1655560,4,0.5535906851291656,0.43477193266153336,0.475143663585186,0.5392234921455383,0.5082761287689209
final_20260703-201335_augmented_spot_patches_e200_b10_lr0.0001_s1,?|Iron_deformed_logtif.h5|123|403|1657222,3,0.6061343351999918,0.5177108546098074,0.5274391074975332,0.5393476088841757,0.48003718852996824
final_20260703-201335_augmented_spot_patches_e200_b10_lr0.0001_s1,?|Iron_deformed_logtif.h5|117|397|1649342,3,0.6220569709936777,0.5292769471804301,0.5433566172917684,0.539350171883901,0.5115846872329712
final_20260703-201335_augmented_spot_patches_e200_b10_lr0.0001_s1,?|Iron_deformed_logtif.h5|11|291|1277433,3,0.5550395647684733,0.4238254725933075,0.4757726490497589,0.5396334330240885,0.5130558848381043
final_20260703-201335_augmented_spot_patches_e200_b10_lr0.0001_s1,?|Ti7Al_logtif.h5|110|110|32103,5,0.5277711272239685,0.4599839627742767,0.44848724603652956,0.5396419286727905,0.49681299924850464
final_20260703-201335_augmented_spot_patches_e200_b10_lr0.0001_s1,?|Al_deformed_LoG_logtif.h5|6|6|54274,27,0.6075581256990079,0.46829899096930466,0.5280850606935995,0.5397365181534378,0.47985081672668456
final_20260703-201335_augmented_spot_patches_e200_b10_lr0.0001_s1,?|Iron_deformed_logtif.h5|14|14|64651,3,0.5589469869931539,0.39900051554044086,0.4790872136751811,0.5399298866589864,0.525491225719452
final_20260703-201335_augmented_spot_patches_e200_b10_lr0.0001_s1,?|Iron_deformed_logtif.h5|53|333|1458032,4,0.7177141606807709,0.5677753388881683,0.636839896440506,0.5404371470212936,0.5156688630580902
final_20260703-201335_augmented_spot_patches_e200_b10_lr0.0001_s1,?|Iron_deformed_logtif.h5|81|81|313835,4,0.6163422241806984,0.4990204647183418,0.5353548601269722,0.5404936671257019,0.5230072140693665
final_20260703-201335_augmented_spot_patches_e200_b10_lr0.0001_s1,?|Ti7Al_logtif.h5|903|1882|752818,3,0.7543239990870158,0.6286232471466064,0.6727157433827718,0.5408041477203369,0.5238892316818238
final_20260703-201335_augmented_spot_patches_e200_b10_lr0.0001_s1,?|Iron_deformed_logtif.h5|187|187|782942,3,0.6433241963386536,0.50587131579717,0.5617041091124216,0.5408100485801697,0.5122504115104676
final_20260703-201335_augmented_spot_patches_e200_b10_lr0.0001_s1,?|Al_deformed_LoG_logtif.h5|7|7|54476,19,0.6154025102916517,0.47442305872314855,0.5335772304158461,0.5409126391536311,0.4884879350662231
final_20260703-201335_augmented_spot_patches_e200_b10_lr0.0001_s1,?|Al_deformed_LoG_logtif.h5|22|22|390231,24,0.6185479412476221,0.47423744450012845,0.5365452157954375,0.541001363346974,0.4983816385269165
final_20260703-201335_augmented_spot_patches_e200_b10_lr0.0001_s1,?|Iron_deformed_logtif.h5|91|91|323387,3,0.6754383643468221,0.5388971467812856,0.5933884779612223,0.5410249431927999,0.5365578055381774
final_20260703-201335_augmented_spot_patches_e200_b10_lr0.0001_s1,?|Iron_deformed_logtif.h5|153|433|1857995,4,0.6256734132766724,0.4688786193728447,0.5433780550956726,0.5411476790904999,0.511295747756958
final_20260703-201335_augmented_spot_patches_e200_b10_lr0.0001_s1,?|Ti7Al_logtif.h5|746|1728|712611,4,0.7523500621318817,0.6408188790082932,0.6698548942804337,0.5412475913763046,0.4922739565372467
final_20260703-201335_augmented_spot_patches_e200_b10_lr0.0001_s1,?|Iron_deformed_logtif.h5|210|210|876585,5,0.6688066601753235,0.5232052445411682,0.5859419465065002,0.5414323568344116,0.5001827001571655
final_20260703-201335_augmented_spot_patches_e200_b10_lr0.0001_s1,?|Iron_deformed_logtif.h5|144|424|1768990,4,0.6632883176207542,0.577284574508667,0.5794150084257126,0.5419366732239723,0.4692906469106674
final_20260703-201335_augmented_spot_patches_e200_b10_lr0.0001_s1,?|Al_deformed_LoG_logtif.h5|27|27|443830,20,0.6307569950819015,0.4975932016968727,0.546653501689434,0.5420517340302468,0.4999858647584915
final_20260703-201335_augmented_spot_patches_e200_b10_lr0.0001_s1,?|Iron_deformed_logtif.h5|15|295|1305345,3,0.6794584592183431,0.5385237832864126,0.5949101150035858,0.5422741572062174,0.5105133056640625
final_20260703-201335_augmented_spot_patches_e200_b10_lr0.0001_s1,?|Iron_deformed_logtif.h5|248|248|1106248,3,0.7069285909334818,0.562058707078298,0.6223352154095968,0.5422966877619425,0.5331915855407715
final_20260703-201335_augmented_spot_patches_e200_b10_lr0.0001_s1,?|Al_deformed_LoG_logtif.h5|20|54|805566,20,0.6321177557110786,0.48778532072901726,0.5467952787876129,0.5426612287759781,0.4930219531059265
final_20260703-201335_augmented_spot_patches_e200_b10_lr0.0001_s1,?|Iron_deformed_logtif.h5|81|362|1554017,4,0.6779889166355133,0.521696075797081,0.5911286622285843,0.5434301346540451,0.5245556175708771
final_20260703-201335_augmented_spot_patches_e200_b10_lr0.0001_s1,?|Al_deformed_LoG_logtif.h5|17|51|763114,23,0.6454800030459529,0.5005847008331962,0.5583604315052861,0.5435597844745802,0.5002442598342896
final_20260703-201335_augmented_spot_patches_e200_b10_lr0.0001_s1,?|Iron_deformed_logtif.h5|172|172|667669,5,0.6614798545837403,0.527866542339325,0.5743340492248535,0.5435729146003723,0.5087621569633484
final_20260703-201335_augmented_spot_patches_e200_b10_lr0.0001_s1,?|Iron_deformed_logtif.h5|272|272|1208818,6,0.5984550764163336,0.45697348316510517,0.5112792352835337,0.543587937951088,0.4985208958387375
final_20260703-201335_augmented_spot_patches_e200_b10_lr0.0001_s1,?|Al_deformed_LoG_logtif.h5|14|48|626060,26,0.6692063235319577,0.5200351430819585,0.5816616817162588,0.5437723226272143,0.5102770030498505
final_20260703-201335_augmented_spot_patches_e200_b10_lr0.0001_s1,?|Al_deformed_LoG_logtif.h5|33|67|896466,26,0.6154384085765252,0.46568583926329243,0.5269784296934421,0.5442299923071494,0.48653025925159454
final_20260703-201335_augmented_spot_patches_e200_b10_lr0.0001_s1,?|Iron_deformed_logtif.h5|21|21|68698,5,0.6438248038291932,0.5035487592220307,0.5545275032520294,0.5446486473083496,0.4907404541969299
final_20260703-201335_augmented_spot_patches_e200_b10_lr0.0001_s1,?|Iron_deformed_logtif.h5|105|105|380792,4,0.6932877749204636,0.5545038431882858,0.6039466559886932,0.5446705669164658,0.5337944447994232
final_20260703-201335_augmented_spot_patches_e200_b10_lr0.0001_s1,?|Ti7Al_logtif.h5|593|593|265156,3,0.6643750866254171,0.5475273927052816,0.5749273399511973,0.5447238882382711,0.5124672412872314
final_20260703-201335_augmented_spot_patches_e200_b10_lr0.0001_s1,?|Iron_deformed_logtif.h5|87|87|316193,3,0.7497835556666056,0.6321098407109579,0.6601625680923462,0.5448104937871298,0.4993365526199341
final_20260703-201335_augmented_spot_patches_e200_b10_lr0.0001_s1,?|Al_deformed_LoG_logtif.h5|5|5|30687,25,0.6178664588928222,0.46508753538131714,0.52783194065094,0.5450172662734986,0.49933833479881284
final_20260703-201335_augmented_spot_patches_e200_b10_lr0.0001_s1,?|Iron_deformed_logtif.h5|138|138|519077,4,0.6506261378526688,0.5396329388022423,0.5597369745373726,0.5454445853829384,0.4974232465028763
final_20260703-201335_augmented_spot_patches_e200_b10_lr0.0001_s1,?|Iron_deformed_logtif.h5|273|273|1210178,4,0.5179661139845848,0.3968261331319809,0.4267795607447624,0.5455932915210724,0.518274188041687
final_20260703-201335_augmented_spot_patches_e200_b10_lr0.0001_s1,?|Al_deformed_LoG_logtif.h5|32|32|445244,19,0.6624239071419364,0.521057045773456,0.5709795136200754,0.5457221944081155,0.5109679818153381
final_20260703-201335_augmented_spot_patches_e200_b10_lr0.0001_s1,?|Iron_deformed_logtif.h5|57|337|1461804,3,0.6247507929801941,0.5161246359348297,0.5331356525421143,0.5458076000213623,0.5272016286849975
final_20260703-201335_augmented_spot_patches_e200_b10_lr0.0001_s1,?|Iron_deformed_logtif.h5|163|443|1881181,3,0.5464123487472534,0.418161541223526,0.4543883403142293,0.5460119843482971,0.5313588619232178
final_20260703-201335_augmented_spot_patches_e200_b10_lr0.0001_s1,?|Ti7Al_logtif.h5|306|1288|501063,4,0.6825248152017593,0.5736764594912529,0.5902218073606491,0.5461515039205551,0.4981624841690063
final_20260703-201335_augmented_spot_patches_e200_b10_lr0.0001_s1,?|Ti7Al_logtif.h5|120|1102|427246,3,0.7000450094540914,0.593493640422821,0.6075313687324524,0.546256830294927,0.5060680985450745
final_20260703-201335_augmented_spot_patches_e200_b10_lr0.0001_s1,?|Iron_deformed_logtif.h5|272|552|2450634,7,0.6520937936646598,0.5164367130824498,0.5590482822486332,0.5465227450643267,0.49845677614212036
final_20260703-201335_augmented_spot_patches_e200_b10_lr0.0001_s1,?|Iron_deformed_logtif.h5|16|296|1305672,3,0.6206424832344055,0.45146263639132184,0.5268213748931885,0.546910564104716,0.5317949414253235
final_20260703-201335_augmented_spot_patches_e200_b10_lr0.0001_s1,?|Iron_deformed_logtif.h5|224|224|1002176,3,0.7077256242434183,0.5692177812258402,0.6136098901430765,0.5470578670501709,0.5193850994110107
final_20260703-201335_augmented_spot_patches_e200_b10_lr0.0001_s1,?|Iron_deformed_logtif.h5|85|85|315186,5,0.6186164379119873,0.4948712527751923,0.5233593821525574,0.5476285219192505,0.5168028831481933
final_20260703-201335_augmented_spot_patches_e200_b10_lr0.0001_s1,?|Iron_deformed_logtif.h5|41|321|1394494,4,0.7011127769947052,0.599327340722084,0.6052722632884979,0.5479202568531036,0.5175326347351075
final_20260703-201335_augmented_spot_patches_e200_b10_lr0.0001_s1,?|Iron_deformed_logtif.h5|70|351|1516103,3,0.7137531439463297,0.5672347744305929,0.6175958514213562,0.5480786363283793,0.5313565611839295
final_20260703-201335_augmented_spot_patches_e200_b10_lr0.0001_s1,?|Al_deformed_LoG_logtif.h5|19|19|353769,17,0.6455575753660763,0.4902323957751779,0.5493777867625741,0.5480898899190566,0.521304976940155
final_20260703-201335_augmented_spot_patches_e200_b10_lr0.0001_s1,?|Iron_deformed_logtif.h5|263|263|1188628,3,0.7121775348981222,0.5785406430562338,0.6156453291575114,0.5482661525408427,0.5185239553451538
final_20260703-201335_augmented_spot_patches_e200_b10_lr0.0001_s1,?|Al_deformed_LoG_logtif.h5|26|26|441233,21,0.8109232683976492,0.7304614753950209,0.714331845442454,0.5482957121871767,0.48624783754348755
final_20260703-201335_augmented_spot_patches_e200_b10_lr0.0001_s1,?|Ti7Al_logtif.h5|474|1457|604880,3,0.6925863226254781,0.5691066781679789,0.5957943797111511,0.5483959913253784,0.47978112697601316
final_20260703-201335_augmented_spot_patches_e200_b10_lr0.0001_s1,?|Iron_deformed_logtif.h5|136|136|495861,4,0.6445911079645157,0.49579406529664993,0.5477134138345718,0.5484388470649719,0.530091005563736
final_20260703-201335_augmented_spot_patches_e200_b10_lr0.0001_s1,?|Al_deformed_LoG_logtif.h5|30|65|895940,22,0.6401415169239044,0.49897699464451184,0.5432615320790898,0.5484399890357797,0.5069077253341675
final_20260703-201335_augmented_spot_patches_e200_b10_lr0.0001_s1,?|Iron_deformed_logtif.h5|123|123|415378,4,0.6826784163713455,0.5680739358067513,0.5855590999126434,0.5485596656799316,0.5418279051780701
final_20260703-201335_augmented_spot_patches_e200_b10_lr0.0001_s1,?|Iron_deformed_logtif.h5|5|5|17872,5,0.5232298314571381,0.4042321503162384,0.4260910451412201,0.548569405078888,0.49491564035415647
final_20260703-201335_augmented_spot_patches_e200_b10_lr0.0001_s1,?|Al_deformed_LoG_logtif.h5|29|29|444632,28,0.6554881057568959,0.5164117749248233,0.5582028914775167,0.5486426140580859,0.5069696128368377
final_20260703-201335_augmented_spot_patches_e200_b10_lr0.0001_s1,?|Al_deformed_LoG_logtif.h5|15|49|716420,28,0.6763753124645778,0.535251300249781,0.578933593417917,0.5487208632486207,0.5047145426273346
final_20260703-201335_augmented_spot_patches_e200_b10_lr0.0001_s1,?|Iron_deformed_logtif.h5|169|449|1897167,4,0.6656653434038162,0.5071916654706001,0.5681852549314499,0.548740029335022,0.5108625948429107
final_20260703-201335_augmented_spot_patches_e200_b10_lr0.0001_s1,?|Ti7Al_logtif.h5|867|1849|749230,3,0.5999614497025808,0.509502132733663,0.5019466082255045,0.5490074157714844,0.4974589943885803
final_20260703-201335_augmented_spot_patches_e200_b10_lr0.0001_s1,?|Iron_deformed_logtif.h5|88|368|1562446,4,0.6016694530844688,0.456052303314209,0.5036468803882599,0.5490112602710724,0.5074297487735748
final_20260703-201335_augmented_spot_patches_e200_b10_lr0.0001_s1,?|Iron_deformed_logtif.h5|39|39|143519,5,0.6903200745582581,0.5304394006729126,0.5920962572097779,0.5491119086742401,0.5117024004459381
final_20260703-201335_augmented_spot_patches_e200_b10_lr0.0001_s1,?|Iron_logtif.h5|1800|1800|157572,3,0.7495072682698568,0.6162579854329427,0.6506628195444742,0.5494222442309061,0.5315505266189575
final_20260703-201335_augmented_spot_patches_e200_b10_lr0.0001_s1,?|Iron_deformed_logtif.h5|207|487|2110068,4,0.7024632096290588,0.5829679295420647,0.6035636961460114,0.5494497716426849,0.4856340825557709
final_20260703-201335_augmented_spot_patches_e200_b10_lr0.0001_s1,?|Al_deformed_LoG_logtif.h5|8|42|510785,24,0.6550867954889933,0.5206693839281797,0.5561145382622877,0.5494861292342345,0.4933000564575195
final_20260703-201335_augmented_spot_patches_e200_b10_lr0.0001_s1,?|Ti7Al_logtif.h5|502|502|226160,3,0.7371188799540201,0.5965145826339722,0.6379618247350057,0.5495785474777222,0.5297211885452271
final_20260703-201335_augmented_spot_patches_e200_b10_lr0.0001_s1,?|Al_deformed_LoG_logtif.h5|14|14|188210,20,0.6702193111181259,0.5241221994161606,0.5708709940314293,0.5496741682291031,0.5115475118160248
final_20260703-201335_augmented_spot_patches_e200_b10_lr0.0001_s1,?|Iron_deformed_logtif.h5|13|13|63607,3,0.6553554534912109,0.5092784563700358,0.5554202000300089,0.549967626730601,0.5357534885406494
final_20260703-201335_augmented_spot_patches_e200_b10_lr0.0001_s1,?|Iron_deformed_logtif.h5|103|383|1609828,5,0.6340106964111328,0.4905435562133789,0.5333475828170776,0.5503315687179565,0.5359495878219604
final_20260703-201335_augmented_spot_patches_e200_b10_lr0.0001_s1,?|Ti7Al_logtif.h5|740|1723|711979,3,0.5665542185306549,0.46040205160776776,0.46564005812009174,0.5504570802052816,0.544558310508728
final_20260703-201335_augmented_spot_patches_e200_b10_lr0.0001_s1,?|Iron_deformed_logtif.h5|108|108|396384,3,0.6534703175226847,0.5337008039156595,0.552489181359609,0.5504905780156454,0.5134925842285156
final_20260703-201335_augmented_spot_patches_e200_b10_lr0.0001_s1,?|Ti7Al_logtif.h5|291|291|107749,5,0.6562908589839935,0.5709502637386322,0.5551857709884643,0.5505525469779968,0.5169032216072083
final_20260703-201335_augmented_spot_patches_e200_b10_lr0.0001_s1,?|Iron_deformed_logtif.h5|77|357|1542926,6,0.5999281456073126,0.49654685457547504,0.4984585891167323,0.5507347583770752,0.5109857320785522
final_20260703-201335_augmented_spot_patches_e200_b10_lr0.0001_s1,?|Ti7Al_logtif.h5|587|1569|653866,3,0.6835466424624125,0.6007869839668274,0.5810729761918386,0.5512368281682333,0.5210532903671264
final_20260703-201335_augmented_spot_patches_e200_b10_lr0.0001_s1,?|Iron_deformed_logtif.h5|17|17|67353,5,0.662825095653534,0.5030092358589172,0.5573033571243287,0.5527608752250671,0.5294388055801391
final_20260703-201335_augmented_spot_patches_e200_b10_lr0.0001_s1,?|Al_deformed_LoG_logtif.h5|22|56|838484,30,0.6435585995515187,0.49853355685869855,0.5374283353487651,0.5530651390552521,0.5008459150791168
final_20260703-201335_augmented_spot_patches_e200_b10_lr0.0001_s1,?|Iron_deformed_logtif.h5|166|166|647236,5,0.6870170831680298,0.5463146269321442,0.5802785456180573,0.5533692717552186,0.5261011838912963
final_20260703-201335_augmented_spot_patches_e200_b10_lr0.0001_s1,?|Ti7Al_logtif.h5|868|868|355427,3,0.6161088248093923,0.5140789349873861,0.509332279364268,0.553388257821401,0.5135216474533081
final_20260703-201335_augmented_spot_patches_e200_b10_lr0.0001_s1,?|Iron_deformed_logtif.h5|191|471|2026221,3,0.6774668296178182,0.5297249356905619,0.570537785689036,0.5534645318984985,0.5321449637413025
final_20260703-201335_augmented_spot_patches_e200_b10_lr0.0001_s1,?|Iron_deformed_logtif.h5|181|461|1951519,3,0.6471284429232279,0.5031943917274475,0.5397476553916931,0.5536903937657675,0.5294511198997498
final_20260703-201335_augmented_spot_patches_e200_b10_lr0.0001_s1,?|Al_deformed_LoG_logtif.h5|15|15|275101,28,0.6494324484041759,0.5030070830668721,0.5420462723289218,0.5536930880376271,0.5117898762226105
final_20260703-201335_augmented_spot_patches_e200_b10_lr0.0001_s1,?|Iron_deformed_logtif.h5|37|317|1382409,4,0.6348905265331268,0.49571865051984787,0.5266575887799263,0.5541164726018906,0.5213133871555329
final_20260703-201335_augmented_spot_patches_e200_b10_lr0.0001_s1,?|Iron_deformed_logtif.h5|13|293|1302579,4,0.625702291727066,0.46503160148859024,0.5172009170055389,0.5542506724596024,0.5372717142105102
final_20260703-201335_augmented_spot_patches_e200_b10_lr0.0001_s1,?|Ti7Al_logtif.h5|89|89|24821,3,0.7954567670822144,0.6940186222394308,0.6863516569137573,0.5545525153477987,0.5372319936752319
final_20260703-201335_augmented_spot_patches_e200_b10_lr0.0001_s1,?|Iron_deformed_logtif.h5|93|93|333088,3,0.6855007211367289,0.5647157828013102,0.5762043793996176,0.5546481708685557,0.4847918152809143
final_20260703-201335_augmented_spot_patches_e200_b10_lr0.0001_s1,?|Iron_deformed_logtif.h5|270|270|1208200,4,0.7289784848690033,0.5893883109092712,0.6196463853120804,0.5546660423278809,0.5070723354816437
final_20260703-201335_augmented_spot_patches_e200_b10_lr0.0001_s1,?|Al_deformed_LoG_logtif.h5|33|33|445437,25,0.6767086064815522,0.543853497505188,0.5665820181369782,0.5550632977485657,0.5068191885948181
final_20260703-201335_augmented_spot_patches_e200_b10_lr0.0001_s1,?|Iron_deformed_logtif.h5|191|191|786702,8,0.6880509108304977,0.5511258691549301,0.5777987688779831,0.5551260709762573,0.4822892904281616
final_20260703-201335_augmented_spot_patches_e200_b10_lr0.0001_s1,?|Iron_deformed_logtif.h5|93|373|1573666,4,0.7288544774055481,0.5981021374464035,0.6182838976383209,0.5552852898836136,0.521047705411911
final_20260703-201335_augmented_spot_patches_e200_b10_lr0.0001_s1,?|Ti7Al_logtif.h5|737|737|318628,3,0.7688625852266947,0.6471025745073954,0.6569414138793945,0.5559605956077576,0.5171846389770508
final_20260703-201335_augmented_spot_patches_e200_b10_lr0.0001_s1,?|Iron_deformed_logtif.h5|92|372|1572842,4,0.7022743299603462,0.5857959352433681,0.590329498052597,0.5559724420309067,0.4798848807811737
final_20260703-201335_augmented_spot_patches_e200_b10_lr0.0001_s1,?|Iron_deformed_logtif.h5|80|360|1553237,3,0.6598602533340454,0.5471842686335245,0.5478092233339945,0.5560254951318105,0.5089532136917114
final_20260703-201335_augmented_spot_patches_e200_b10_lr0.0001_s1,?|Al_deformed_LoG_logtif.h5|19|53|795248,19,0.6856466469011808,0.5470906856812929,0.5734369880274722,0.5561048294368544,0.5217201709747314
final_20260703-201335_augmented_spot_patches_e200_b10_lr0.0001_s1,?|Iron_deformed_logtif.h5|101|101|361413,5,0.7289456069469452,0.6276589870452881,0.616016149520874,0.5564647078514099,0.5205738782882691
final_20260703-201335_augmented_spot_patches_e200_b10_lr0.0001_s1,?|Iron_deformed_logtif.h5|73|73|294002,3,0.7601364652315775,0.6185181736946106,0.6466400822003683,0.5567481716473898,0.5226301789283753
final_20260703-201335_augmented_spot_patches_e200_b10_lr0.0001_s1,?|Ti7Al_logtif.h5|738|1720|711689,3,0.7453491886456808,0.6275349855422974,0.6317594846089681,0.5567948420842489,0.5330631136894226
final_20260703-201335_augmented_spot_patches_e200_b10_lr0.0001_s1,?|Ti7Al_logtif.h5|67|67|19272,4,0.7325910478830338,0.6310043856501579,0.6177597418427467,0.557415634393692,0.5389356195926667
final_20260703-201335_augmented_spot_patches_e200_b10_lr0.0001_s1,?|Iron_deformed_logtif.h5|229|229|1011112,4,0.6236467361450195,0.46043412387371063,0.5086367130279541,0.5575050115585327,0.5471907556056976
final_20260703-201335_augmented_spot_patches_e200_b10_lr0.0001_s1,?|Iron_deformed_logtif.h5|174|174|668440,4,0.7695700973272324,0.6359162628650665,0.6543728411197662,0.5575986206531525,0.5339863181114197
final_20260703-201335_augmented_spot_patches_e200_b10_lr0.0001_s1,?|Ti7Al_logtif.h5|485|485|220991,3,0.6116113762060801,0.5458518962065378,0.49555843075116474,0.5580264925956726,0.554322361946106
final_20260703-201335_augmented_spot_patches_e200_b10_lr0.0001_s1,?|Iron_deformed_logtif.h5|198|478|2057750,4,0.6764185577630997,0.5336839780211449,0.559411957859993,0.5585032850503922,0.5392346024513245
final_20260703-201335_augmented_spot_patches_e200_b10_lr0.0001_s1,?|Iron_deformed_logtif.h5|129|129|446107,6,0.7141678631305695,0.58890101313591,0.5962689518928528,0.5589494605859121,0.5152583122253418
final_20260703-201335_augmented_spot_patches_e200_b10_lr0.0001_s1,?|Iron_deformed_logtif.h5|210|490|2115695,3,0.6904746294021606,0.5461302995681763,0.5723934372266134,0.5590405861536661,0.5179433107376099
final_20260703-201335_augmented_spot_patches_e200_b10_lr0.0001_s1,?|Iron_deformed_logtif.h5|187|467|2022761,4,0.6840644776821136,0.5546204149723053,0.5648573711514473,0.5596035569906235,0.5304457008838653
final_20260703-201335_augmented_spot_patches_e200_b10_lr0.0001_s1,?|Iron_deformed_logtif.h5|18|299|1307069,4,0.6788218468427658,0.533109113574028,0.5594675987958908,0.5596771389245987,0.5390532553195954
final_20260703-201335_augmented_spot_patches_e200_b10_lr0.0001_s1,?|Al_deformed_LoG_logtif.h5|18|18|337193,18,0.6744885179731581,0.5387240565485425,0.5551302482684454,0.5596791307131449,0.5181344151496887
final_20260703-201335_augmented_spot_patches_e200_b10_lr0.0001_s1,?|Iron_deformed_logtif.h5|56|56|220626,3,0.6771826346715292,0.5371877153714498,0.5572262605031332,0.559978206952413,0.5355232000350952
final_20260703-201335_augmented_spot_patches_e200_b10_lr0.0001_s1,?|Iron_deformed_logtif.h5|215|495|2158392,3,0.7497410972913107,0.6167790095011393,0.6296619574228922,0.5600395600001017,0.5555149435997009
final_20260703-201335_augmented_spot_patches_e200_b10_lr0.0001_s1,?|Iron_deformed_logtif.h5|141|141|523753,3,0.5996568401654562,0.4791210691134135,0.4793411095937093,0.5601578752199808,0.5222472429275513
final_20260703-201335_augmented_spot_patches_e200_b10_lr0.0001_s1,?|Iron_deformed_logtif.h5|257|537|2399113,3,0.7178303996721903,0.5803507367769877,0.5975106557210287,0.5601598819096884,0.541493582725525
final_20260703-201335_augmented_spot_patches_e200_b10_lr0.0001_s1,?|Iron_deformed_logtif.h5|23|23|70379,3,0.6578685243924459,0.4984598159790039,0.537494421005249,0.5601870616277059,0.5330218553543091
final_20260703-201335_augmented_spot_patches_e200_b10_lr0.0001_s1,?|Iron_deformed_logtif.h5|149|149|573179,5,0.7227716565132141,0.5777603089809418,0.6023883819580078,0.5601916313171387,0.5322256565093995
final_20260703-201335_augmented_spot_patches_e200_b10_lr0.0001_s1,?|Al_deformed_LoG_logtif.h5|25|59|878905,16,0.6674264334142208,0.5157147757709026,0.5468420181423426,0.5602922029793262,0.523524820804596
final_20260703-201335_augmented_spot_patches_e200_b10_lr0.0001_s1,?|Iron_deformed_logtif.h5|95|95|333463,3,0.8256312410036722,0.7155080636342367,0.7050460378328959,0.5602926015853882,0.5401419639587403
final_20260703-201335_augmented_spot_patches_e200_b10_lr0.0001_s1,?|Ti7Al_logtif.h5|846|1828|745292,3,0.7791392008463541,0.6767188906669617,0.6583933432896932,0.5603729287783304,0.5191497802734375
final_20260703-201335_augmented_spot_patches_e200_b10_lr0.0001_s1,?|Iron_deformed_logtif.h5|215|215|920107,3,0.7037321527798971,0.5565980076789856,0.5817647775014242,0.5609836677710215,0.4970933675765991
final_20260703-201335_augmented_spot_patches_e200_b10_lr0.0001_s1,?|Ti7Al_logtif.h5|81|1063|411051,5,0.7479228496551513,0.6361324787139893,0.6256154656410218,0.5611536741256714,0.5188787460327149
final_20260703-201335_augmented_spot_patches_e200_b10_lr0.0001_s1,?|Iron_deformed_logtif.h5|137|137|518561,5,0.7425620436668396,0.5997310996055603,0.6195046782493592,0.5615286946296691,0.5467967748641968
final_20260703-201335_augmented_spot_patches_e200_b10_lr0.0001_s1,?|Ti7Al_logtif.h5|726|726|314065,4,0.8633946180343628,0.7682148367166519,0.7402269244194031,0.5615838319063187,0.5477676331996918
final_20260703-201335_augmented_spot_patches_e200_b10_lr0.0001_s1,?|Ti7Al_logtif.h5|278|1260|494692,3,0.7478294372558594,0.6380501588185629,0.6239120165506998,0.5619587302207947,0.5068375945091248
final_20260703-201335_augmented_spot_patches_e200_b10_lr0.0001_s1,?|Iron_deformed_logtif.h5|241|521|2332675,5,0.745735251903534,0.6011203765869141,0.6212591052055358,0.562238085269928,0.5337737917900085
final_20260703-201335_augmented_spot_patches_e200_b10_lr0.0001_s1,?|Ti7Al_logtif.h5|163|1144|441312,3,0.6927492916584015,0.5982124209403992,0.5678574045499166,0.5624459385871887,0.5492636203765869
final_20260703-201335_augmented_spot_patches_e200_b10_lr0.0001_s1,?|Iron_deformed_logtif.h5|19|298|1306721,6,0.6454187035560608,0.4919309814771016,0.5204071253538132,0.5625057915846506,0.5320864617824554
final_20260703-201335_augmented_spot_patches_e200_b10_lr0.0001_s1,?|Iron_deformed_logtif.h5|17|297|1306370,4,0.6753868460655212,0.5211742371320724,0.5500052124261856,0.5626908093690872,0.5312373518943787
final_20260703-201335_augmented_spot_patches_e200_b10_lr0.0001_s1,?|Iron_deformed_logtif.h5|100|100|360369,4,0.7481400966644287,0.6292083561420441,0.622188076376915,0.5629760026931763,0.5239739656448364
final_20260703-201335_augmented_spot_patches_e200_b10_lr0.0001_s1,?|Iron_deformed_logtif.h5|33|313|1349905,6,0.6528906474510828,0.5102024177710215,0.5269203186035156,0.5629851669073105,0.5153048783540726
final_20260703-201335_augmented_spot_patches_e200_b10_lr0.0001_s1,?|Iron_deformed_logtif.h5|216|496|2201946,4,0.602932021021843,0.4499427229166031,0.4767422676086426,0.5630948841571808,0.5197435140609741
final_20260703-201335_augmented_spot_patches_e200_b10_lr0.0001_s1,?|Iron_deformed_logtif.h5|278|278|1238536,5,0.6902577459812165,0.5860586583614349,0.5628571569919586,0.5637002944946289,0.5267400741577148
final_20260703-201335_augmented_spot_patches_e200_b10_lr0.0001_s1,?|Al_deformed_LoG_logtif.h5|9|9|125856,30,0.7020918567975362,0.5664103478193283,0.574529563387235,0.5637811362743378,0.5187211632728577
final_20260703-201335_augmented_spot_patches_e200_b10_lr0.0001_s1,?|Iron_deformed_logtif.h5|0|0|1623,3,0.669090469678243,0.5237116018931071,0.539618045091629,0.5647362073262533,0.5296202659606933
final_20260703-201335_augmented_spot_patches_e200_b10_lr0.0001_s1,?|Iron_deformed_logtif.h5|183|463|1960285,3,0.7077821095784506,0.570511132478714,0.5775547027587891,0.5651137034098307,0.5483959317207336
final_20260703-201335_augmented_spot_patches_e200_b10_lr0.0001_s1,?|Ti7Al_logtif.h5|735|735|318417,3,0.7087017695109049,0.609407643477122,0.5783581336339315,0.5651718378067017,0.5032789945602417
final_20260703-201335_augmented_spot_patches_e200_b10_lr0.0001_s1,?|Iron_deformed_logtif.h5|192|472|2026576,3,0.7563467621803284,0.6169373591740926,0.625849703947703,0.5652485688527426,0.5371747255325318
final_20260703-201335_augmented_spot_patches_e200_b10_lr0.0001_s1,?|Iron_deformed_logtif.h5|250|250|1106997,4,0.7571960687637329,0.6215084791183472,0.6259520947933197,0.5656219869852066,0.5477192461490631
final_20260703-201335_augmented_spot_patches_e200_b10_lr0.0001_s1,?|Iron_deformed_logtif.h5|250|529|2345856,3,0.7470235427220663,0.6047576467196146,0.6157582799593607,0.5656326214472452,0.5612202882766724
final_20260703-201335_augmented_spot_patches_e200_b10_lr0.0001_s1,?|Iron_deformed_logtif.h5|193|473|2027590,3,0.6991437276204427,0.6086843808492025,0.5677813490231832,0.5656811793645223,0.49745926856994627
final_20260703-201335_augmented_spot_patches_e200_b10_lr0.0001_s1,?|Al_deformed_LoG_logtif.h5|24|24|428139,22,0.6982270614667372,0.5604209886355833,0.5662985118952665,0.5659642680124803,0.5096381068229675
final_20260703-201335_augmented_spot_patches_e200_b10_lr0.0001_s1,?|Iron_deformed_logtif.h5|242|242|1093635,4,0.7928714901208878,0.6654406636953354,0.6607525199651718,0.566059485077858,0.5539101660251617
final_20260703-201335_augmented_spot_patches_e200_b10_lr0.0001_s1,?|Ti7Al_logtif.h5|530|1512|630809,3,0.8163576523462931,0.705129861831665,0.6839579741160074,0.5661998788515726,0.5566115498542785
final_20260703-201335_augmented_spot_patches_e200_b10_lr0.0001_s1,?|Ti7Al_logtif.h5|9|9|1561,4,0.672293484210968,0.616626687347889,0.5392326042056084,0.5665304213762283,0.537388664484024
final_20260703-201335_augmented_spot_patches_e200_b10_lr0.0001_s1,?|Ti7Al_logtif.h5|125|125|38081,3,0.7066881060600281,0.6182570457458496,0.5735462407271067,0.5665709376335144,0.5367704153060913
final_20260703-201335_augmented_spot_patches_e200_b10_lr0.0001_s1,?|Iron_deformed_logtif.h5|190|190|785959,3,0.7668666442235311,0.6426240603129069,0.6335042119026184,0.5666812062263489,0.5273910760879517
final_20260703-201335_augmented_spot_patches_e200_b10_lr0.0001_s1,?|Ti7Al_logtif.h5|560|560|255019,3,0.7585555911064148,0.6777607599894205,0.6245288848876953,0.5670133829116821,0.555488896369934
final_20260703-201335_augmented_spot_patches_e200_b10_lr0.0001_s1,?|Iron_deformed_logtif.h5|58|58|242737,3,0.5341377158959707,0.4099512795607249,0.3987711767355601,0.5676832894484202,0.4922247529029846
final_20260703-201335_augmented_spot_patches_e200_b10_lr0.0001_s1,?|Ti7Al_logtif.h5|479|1460|605758,3,0.7429317831993103,0.6445095340410868,0.6072054902712504,0.5678631265958151,0.4909200072288513
final_20260703-201335_augmented_spot_patches_e200_b10_lr0.0001_s1,?|Al_deformed_LoG_logtif.h5|30|30|444908,14,0.6736127734184265,0.5295780641692025,0.5373374692031315,0.5681376499789101,0.5257216572761536
final_20260703-201335_augmented_spot_patches_e200_b10_lr0.0001_s1,?|Iron_deformed_logtif.h5|98|98|344511,4,0.5721363946795464,0.426984503865242,0.4346957504749298,0.5687202960252762,0.5227053761482239
final_20260703-201335_augmented_spot_patches_e200_b10_lr0.0001_s1,?|Iron_deformed_logtif.h5|275|555|2456737,5,0.6121020972728729,0.47185524702072146,0.4734386444091797,0.5693317174911499,0.505565595626831
final_20260703-201335_augmented_spot_patches_e200_b10_lr0.0001_s1,?|Iron_deformed_logtif.h5|194|474|2027962,3,0.7231547037760416,0.6187908053398132,0.5840674539407095,0.5695436398188273,0.5423871159553528
final_20260703-201335_augmented_spot_patches_e200_b10_lr0.0001_s1,?|Al_deformed_LoG_logtif.h5|4|4|23047,17,0.7581018770442289,0.6397800130002639,0.6188653076396269,0.5696182706776787,0.531888997554779
final_20260703-201335_augmented_spot_patches_e200_b10_lr0.0001_s1,?|Iron_deformed_logtif.h5|102|102|368709,6,0.7586715817451477,0.6228708823521932,0.6192648410797119,0.5697033703327179,0.532220184803009
final_20260703-201335_augmented_spot_patches_e200_b10_lr0.0001_s1,?|Iron_deformed_logtif.h5|114|394|1643007,3,0.6847136418024699,0.5403761068979899,0.5452129145463308,0.5697503685951233,0.5344779014587402
final_20260703-201335_augmented_spot_patches_e200_b10_lr0.0001_s1,?|Iron_deformed_logtif.h5|9|289|1260309,3,0.8034860094388326,0.6924058596293131,0.6635010441144308,0.5699925025304159,0.5281800031661987
final_20260703-201335_augmented_spot_patches_e200_b10_lr0.0001_s1,?|Iron_deformed_logtif.h5|50|50|192409,3,0.6980058352152506,0.5630863805611929,0.5577887694040934,0.5701085329055786,0.5259413719177246
final_20260703-201335_augmented_spot_patches_e200_b10_lr0.0001_s1,?|Iron_deformed_logtif.h5|39|319|1383099,3,0.7000404993693033,0.5586596330006918,0.5591635306676229,0.5704385042190552,0.5686182141304016
final_20260703-201335_augmented_spot_patches_e200_b10_lr0.0001_s1,?|Iron_deformed_logtif.h5|111|111|397455,4,0.6986191719770432,0.5701613426208496,0.5570140779018402,0.5708025544881821,0.5507689535617828
final_20260703-201335_augmented_spot_patches_e200_b10_lr0.0001_s1,?|Iron_deformed_logtif.h5|128|128|445774,4,0.6668072491884232,0.5378855615854263,0.5249424204230309,0.5709324181079865,0.5484984040260314
final_20260703-201335_augmented_spot_patches_e200_b10_lr0.0001_s1,?|Iron_deformed_logtif.h5|234|514|2272117,3,0.7562122543652853,0.6360418001810709,0.6143435835838318,0.5709343353907267,0.5465103387832642
final_20260703-201335_augmented_spot_patches_e200_b10_lr0.0001_s1,?|Iron_deformed_logtif.h5|275|275|1215260,3,0.7094672719637553,0.5651155908902487,0.5667859117190043,0.5713406801223755,0.5424280285835266
final_20260703-201335_augmented_spot_patches_e200_b10_lr0.0001_s1,?|Al_deformed_LoG_logtif.h5|16|50|760193,17,0.7841709641849294,0.6744069369400248,0.6414159536361694,0.5713775122866911,0.5311568737030029
final_20260703-201335_augmented_spot_patches_e200_b10_lr0.0001_s1,?|Al_deformed_LoG_logtif.h5|25|25|428596,12,0.7463047703107198,0.6264493564764658,0.6028945619861285,0.571705105404059,0.5175822734832763
final_20260703-201335_augmented_spot_patches_e200_b10_lr0.0001_s1,?|Ti7Al_logtif.h5|878|878|356416,3,0.7201050718625387,0.6349433660507202,0.5750996867815653,0.5725026925404867,0.5468485116958618
final_20260703-201335_augmented_spot_patches_e200_b10_lr0.0001_s1,?|Al_deformed_LoG_logtif.h5|3|3|20806,16,0.8038048706948757,0.7033734638243914,0.6575580649077892,0.5731234028935432,0.5223048329353333
final_20260703-201335_augmented_spot_patches_e200_b10_lr0.0001_s1,?|Al_big_grains_logtif.h5|1987|6931|214006,3,0.7788732250531515,0.695328414440155,0.632324735323588,0.5732742547988892,0.5293148398399353
final_20260703-201335_augmented_spot_patches_e200_b10_lr0.0001_s1,?|Iron_logtif.h5|3842|11538|1017745,3,0.7132156689961752,0.6006987889607748,0.5666312674681345,0.5732921957969666,0.5546071410179139
final_20260703-201335_augmented_spot_patches_e200_b10_lr0.0001_s1,?|Iron_deformed_logtif.h5|62|342|1492694,5,0.673265016078949,0.5234876871109009,0.5264289379119873,0.5734180450439453,0.537882399559021
final_20260703-201335_augmented_spot_patches_e200_b10_lr0.0001_s1,?|Ti7Al_logtif.h5|561|1541|646447,3,0.7799778779347738,0.6560230652491251,0.6328575809796652,0.5735601385434469,0.566564416885376
final_20260703-201335_augmented_spot_patches_e200_b10_lr0.0001_s1,?|Iron_deformed_logtif.h5|139|420|1763892,4,0.6936312764883041,0.5514485239982605,0.546501874923706,0.5735646933317184,0.5513822138309479
final_20260703-201335_augmented_spot_patches_e200_b10_lr0.0001_s1,?|Al_deformed_LoG_logtif.h5|26|60|891702,23,0.8373252049736355,0.7668989715368851,0.6898028487744539,0.5737611716208251,0.49977526664733884
final_20260703-201335_augmented_spot_patches_e200_b10_lr0.0001_s1,?|Al_deformed_LoG_logtif.h5|16|16|316744,25,0.7955556511878967,0.6870034539699554,0.647681119441986,0.5739372682571411,0.5273427248001099
final_20260703-201335_augmented_spot_patches_e200_b10_lr0.0001_s1,?|Iron_deformed_logtif.h5|248|530|2345952,3,0.6127512256304423,0.4875923792521159,0.4642693301041921,0.5742409626642863,0.5496203184127808
final_20260703-201335_augmented_spot_patches_e200_b10_lr0.0001_s1,?|Iron_deformed_logtif.h5|229|509|2250437,3,0.6919220884641012,0.5539510250091553,0.543196419874827,0.5743628342946371,0.5332487940788269
final_20260703-201335_augmented_spot_patches_e200_b10_lr0.0001_s1,?|Al_deformed_LoG_logtif.h5|24|58|878465,20,0.7176631093025208,0.5738612011075019,0.5688124015927315,0.5744253665208816,0.5371601641178131
final_20260703-201335_augmented_spot_patches_e200_b10_lr0.0001_s1,?|Ti7Al_logtif.h5|763|1744|716641,3,0.7883787155151367,0.6883147160212199,0.6394931276639303,0.5744428038597107,0.554160213470459
final_20260703-201335_augmented_spot_patches_e200_b10_lr0.0001_s1,?|Iron_deformed_logtif.h5|15|15|66683,3,0.6643752455711365,0.5137947599093119,0.5149939358234406,0.5746906797091166,0.5376327872276306
final_20260703-201335_augmented_spot_patches_e200_b10_lr0.0001_s1,?|Iron_deformed_logtif.h5|152|432|1846281,3,0.7458828687667847,0.6015499830245972,0.5964174667994181,0.5747326811154684,0.5667361140251159
final_20260703-201335_augmented_spot_patches_e200_b10_lr0.0001_s1,?|Al_deformed_LoG_logtif.h5|12|12|167848,21,0.8097045790581476,0.7005958330063593,0.659538848059518,0.5750828697567895,0.535714328289032
final_20260703-201335_augmented_spot_patches_e200_b10_lr0.0001_s1,?|Iron_deformed_logtif.h5|274|554|2452789,4,0.7863183468580246,0.6681347191333771,0.6353682279586792,0.5754750669002533,0.5412966132164001
final_20260703-201335_augmented_spot_patches_e200_b10_lr0.0001_s1,?|Iron_deformed_logtif.h5|67|67|264081,3,0.7415464520454407,0.6237607796986898,0.590391198794047,0.5755776564280192,0.5610999822616577
final_20260703-201335_augmented_spot_patches_e200_b10_lr0.0001_s1,?|Iron_deformed_logtif.h5|241|241|1093313,4,0.7291246652603149,0.5952129885554314,0.5776229798793793,0.575750857591629,0.5339406251907348
final_20260703-201335_augmented_spot_patches_e200_b10_lr0.0001_s1,?|Ti7Al_logtif.h5|661|1643|680280,3,0.6835363705952963,0.5535297393798828,0.5307345589001974,0.5764009157816569,0.541640329360962
final_20260703-201335_augmented_spot_patches_e200_b10_lr0.0001_s1,?|Iron_deformed_logtif.h5|22|302|1309528,4,0.7146778106689453,0.5854492709040642,0.5603458359837532,0.5771659761667252,0.5446990549564361
final_20260703-201335_augmented_spot_patches_e200_b10_lr0.0001_s1,?|Al_deformed_LoG_logtif.h5|4|38|471881,23,0.8161224541456803,0.7056466353976208,0.6609949987867604,0.5775637263837068,0.5426568388938904
final_20260703-201335_augmented_spot_patches_e200_b10_lr0.0001_s1,?|Al_deformed_LoG_logtif.h5|0|34|461737,22,0.8857037452134219,0.81727088581432,0.7305441688407551,0.5775797963142395,0.5542023479938507
final_20260703-201335_augmented_spot_patches_e200_b10_lr0.0001_s1,?|Iron_deformed_logtif.h5|131|131|446796,4,0.7937173694372177,0.6768464297056198,0.6380146890878677,0.5778513550758362,0.5539757132530212
final_20260703-201335_augmented_spot_patches_e200_b10_lr0.0001_s1,?|Iron_deformed_logtif.h5|143|143|525365,3,0.7245160142580668,0.6167626678943634,0.5683566431204478,0.5780796806017557,0.5412468671798706
final_20260703-201335_augmented_spot_patches_e200_b10_lr0.0001_s1,?|Ti7Al_logtif.h5|615|615|277544,3,0.6367635826269785,0.6054132978121439,0.48005934556325275,0.578352133433024,0.5691820383071899
final_20260703-201335_augmented_spot_patches_e200_b10_lr0.0001_s1,?|Al_deformed_LoG_logtif.h5|12|46|607012,28,0.769985243678093,0.6510527623551232,0.6131431960633823,0.5784210190176964,0.5348294496536254
final_20260703-201335_augmented_spot_patches_e200_b10_lr0.0001_s1,?|Iron_deformed_logtif.h5|152|152|607331,6,0.7757161358992258,0.6487086812655131,0.6187145859003067,0.5785007874170939,0.5086649060249329
final_20260703-201335_augmented_spot_patches_e200_b10_lr0.0001_s1,?|Al_deformed_LoG_logtif.h5|10|10|167252,17,0.7972570307114545,0.6796804088003495,0.6400521572898416,0.5786024437231176,0.5319460988044739
final_20260703-201335_augmented_spot_patches_e200_b10_lr0.0001_s1,?|Iron_deformed_logtif.h5|159|159|624558,4,0.6944733262062073,0.5500396639108658,0.5366472825407982,0.5789130181074142,0.5309649884700776
final_20260703-201335_augmented_spot_patches_e200_b10_lr0.0001_s1,?|Al_deformed_LoG_logtif.h5|32|64|895895,23,0.7545524472775667,0.6195117831230164,0.5965180889419888,0.5790171804635421,0.5454147338867188
final_20260703-201335_augmented_spot_patches_e200_b10_lr0.0001_s1,?|Iron_deformed_logtif.h5|189|469|2025484,3,0.7392549713452657,0.5968875487645467,0.580708642800649,0.5792731642723083,0.5515483975410461
final_20260703-201335_augmented_spot_patches_e200_b10_lr0.0001_s1,?|Iron_deformed_logtif.h5|135|135|484462,3,0.7974302570025126,0.6770349144935608,0.6384695967038473,0.5794803301493326,0.5588559865951538
final_20260703-201335_augmented_spot_patches_e200_b10_lr0.0001_s1,?|Iron_deformed_logtif.h5|131|411|1687350,7,0.7990694471767971,0.6777863076754979,0.6400740912982396,0.5794976694243295,0.5551817417144775
final_20260703-201335_augmented_spot_patches_e200_b10_lr0.0001_s1,?|Al_deformed_LoG_logtif.h5|11|45|606718,21,0.7894153594970703,0.6687647246179127,0.6298326793171111,0.5797913415091378,0.5434449911117554
final_20260703-201335_augmented_spot_patches_e200_b10_lr0.0001_s1,?|Ti7Al_logtif.h5|579|579|259870,3,0.6627651552359263,0.5745677550633749,0.5028693874677023,0.5799478888511658,0.5425555109977722
final_20260703-201335_augmented_spot_patches_e200_b10_lr0.0001_s1,?|Ti7Al_logtif.h5|39|39|12402,3,0.8152349392573038,0.6999247272809347,0.6552302440007528,0.5800023476282755,0.4963893175125122
final_20260703-201335_augmented_spot_patches_e200_b10_lr0.0001_s1,?|Iron_deformed_logtif.h5|65|65|262514,3,0.6246158281962076,0.5151426196098328,0.46399693687756854,0.5803094704945883,0.5427328824996949
final_20260703-201335_augmented_spot_patches_e200_b10_lr0.0001_s1,?|Ti7Al_logtif.h5|244|1226|477357,3,0.702073335647583,0.6073431173960367,0.5398149291674296,0.5811291933059692,0.5363799691200256
final_20260703-201335_augmented_spot_patches_e200_b10_lr0.0001_s1,?|Iron_deformed_logtif.h5|243|243|1093956,4,0.7960077524185181,0.6679873913526535,0.6333345919847488,0.581336572766304,0.562384980916977
final_20260703-201335_augmented_spot_patches_e200_b10_lr0.0001_s1,?|Iron_deformed_logtif.h5|124|404|1669194,3,0.6999643842379252,0.5578088661034902,0.5366511543591818,0.5816565950711569,0.5483694791793823
final_20260703-201335_augmented_spot_patches_e200_b10_lr0.0001_s1,?|Ti7Al_logtif.h5|356|1338|522142,3,0.6933892766634623,0.546006053686142,0.5299322009086609,0.5817285378774008,0.5393211364746093
final_20260703-201335_augmented_spot_patches_e200_b10_lr0.0001_s1,?|Iron_deformed_logtif.h5|195|195|807221,3,0.8174565434455872,0.710817277431488,0.6537940899531046,0.5818312565485636,0.5626344203948974
final_20260703-201335_augmented_spot_patches_e200_b10_lr0.0001_s1,?|Iron_deformed_logtif.h5|86|367|1556377,5,0.7009969711303711,0.5726547837257385,0.5371232688426971,0.5819368362426758,0.5379491567611694
final_20260703-201335_augmented_spot_patches_e200_b10_lr0.0001_s1,?|Ti7Al_logtif.h5|458|1440|597994,4,0.7823127210140228,0.6778065040707588,0.6181375235319138,0.5820876210927963,0.5372409760951996
final_20260703-201335_augmented_spot_patches_e200_b10_lr0.0001_s1,?|Iron_deformed_logtif.h5|20|20|68360,3,0.7082135876019796,0.576251377662023,0.543773353099823,0.5822201172510783,0.5729497194290161
final_20260703-201335_augmented_spot_patches_e200_b10_lr0.0001_s1,?|Ti7Al_logtif.h5|331|331|117248,3,0.7554585138956705,0.6524940133094788,0.590788722038269,0.5823349157969157,0.5486512660980225
final_20260703-201335_augmented_spot_patches_e200_b10_lr0.0001_s1,?|Ti7Al_logtif.h5|907|907|360786,3,0.8882512847582499,0.8060100475947062,0.7220882177352905,0.5830815434455872,0.5575939893722535
final_20260703-201335_augmented_spot_patches_e200_b10_lr0.0001_s1,?|Iron_deformed_logtif.h5|188|188|784896,5,0.6251077771186828,0.4920401513576508,0.45718820095062257,0.5839597940444946,0.5311744093894959
final_20260703-201335_augmented_spot_patches_e200_b10_lr0.0001_s1,?|Iron_deformed_logtif.h5|278|558|2479788,3,0.7391843994458517,0.610928475856781,0.5703616937001547,0.5844113826751709,0.5721232652664184
final_20260703-201335_augmented_spot_patches_e200_b10_lr0.0001_s1,?|Iron_deformed_logtif.h5|235|515|2278776,3,0.7042603492736816,0.5632974008719126,0.5348204572995504,0.5847199559211731,0.5455646991729737
final_20260703-201335_augmented_spot_patches_e200_b10_lr0.0001_s1,?|Ti7Al_logtif.h5|753|1735|715115,3,0.8178870876630148,0.6972509622573853,0.6472718516985575,0.5853076179822286,0.5733058094978333
final_20260703-201335_augmented_spot_patches_e200_b10_lr0.0001_s1,?|Iron_deformed_logtif.h5|128|408|1686356,3,0.6720102628072103,0.5464369654655457,0.5013632675011953,0.5853234926859537,0.5393765926361084
final_20260703-201335_augmented_spot_patches_e200_b10_lr0.0001_s1,?|Ti7Al_logtif.h5|605|1587|664057,3,0.8032932877540588,0.6842184464136759,0.6310267647107443,0.5861332615216573,0.5541956663131714
final_20260703-201335_augmented_spot_patches_e200_b10_lr0.0001_s1,?|Iron_deformed_logtif.h5|67|347|1504401,4,0.7669616490602493,0.6468734443187714,0.5936893597245216,0.5866361409425735,0.5525412440299988
final_20260703-201335_augmented_spot_patches_e200_b10_lr0.0001_s1,?|Ti7Al_logtif.h5|592|1574|655769,3,0.7943182786305746,0.6719072659810384,0.6197444597880045,0.5872868895530701,0.5462152838706971
final_20260703-201335_augmented_spot_patches_e200_b10_lr0.0001_s1,?|Iron_deformed_logtif.h5|46|46|183492,5,0.7211639642715454,0.6197621762752533,0.5448450386524201,0.5881594538688659,0.5277901530265808
final_20260703-201335_augmented_spot_patches_e200_b10_lr0.0001_s1,?|Ti7Al_logtif.h5|273|273|104028,4,0.6547253876924515,0.5375573933124542,0.4775698184967041,0.5885777771472931,0.5575817108154297
final_20260703-201335_augmented_spot_patches_e200_b10_lr0.0001_s1,?|Iron_deformed_logtif.h5|245|525|2343145,3,0.6499282121658325,0.48607321580251056,0.47224971652030945,0.5888392329216003,0.5830811142921448
final_20260703-201335_augmented_spot_patches_e200_b10_lr0.0001_s1,?|Iron_deformed_logtif.h5|161|441|1867701,4,0.7964538931846619,0.7006373107433319,0.6185455620288849,0.5889541506767273,0.5441201806068421
final_20260703-201335_augmented_spot_patches_e200_b10_lr0.0001_s1,?|Al_deformed_LoG_logtif.h5|3|37|469193,18,0.8088313407368131,0.706098218758901,0.6307373179329766,0.5890470147132874,0.5434848546981812
final_20260703-201335_augmented_spot_patches_e200_b10_lr0.0001_s1,?|Al_deformed_LoG_logtif.h5|11|11|167555,19,0.8619266685686613,0.772651195526123,0.6833744990198236,0.5892760816373324,0.5657415390014648
final_20260703-201335_augmented_spot_patches_e200_b10_lr0.0001_s1,?|Iron_deformed_logtif.h5|95|374|1574041,5,0.7580518841743469,0.6244906663894654,0.577325963973999,0.5903629541397095,0.5698664903640747
final_20260703-201335_augmented_spot_patches_e200_b10_lr0.0001_s1,?|Al_deformed_LoG_logtif.h5|10|44|606472,28,0.8012866271393639,0.6869374620062965,0.6179473006299564,0.5916696659156254,0.5661235988140106
final_20260703-201335_augmented_spot_patches_e200_b10_lr0.0001_s1,?|Iron_deformed_logtif.h5|249|527|2345175,4,0.8044945001602173,0.6867988407611847,0.6202362626791,0.5921291410923004,0.5820125877857208
final_20260703-201335_augmented_spot_patches_e200_b10_lr0.0001_s1,?|Ti7Al_logtif.h5|134|1116|428768,3,0.7144784231980642,0.6437678833802541,0.5287163654963175,0.5928810238838196,0.5700398683547974
final_20260703-201335_augmented_spot_patches_e200_b10_lr0.0001_s1,?|Iron_deformed_logtif.h5|188|468|2024649,4,0.6129975393414497,0.4659024402499199,0.42650385946035385,0.5932468473911285,0.5250548243522644
final_20260703-201335_augmented_spot_patches_e200_b10_lr0.0001_s1,?|Al_segvol.h5|2597|2597|14315,3,0.7690515716870626,0.6469753980636597,0.5817103584607443,0.593670646349589,0.5566792726516724
final_20260703-201335_augmented_spot_patches_e200_b10_lr0.0001_s1,?|Iron_deformed_logtif.h5|136|416|1735423,3,0.7421190937360128,0.6131741404533386,0.5476805567741394,0.5972192684809366,0.5574385643005371
final_20260703-201335_augmented_spot_patches_e200_b10_lr0.0001_s1,?|Ti7Al_logtif.h5|380|1363|531358,3,0.8257913192113241,0.7141449054082235,0.631328264872233,0.5972315073013306,0.5792108535766601
final_20260703-201335_augmented_spot_patches_e200_b10_lr0.0001_s1,?|Ti7Al_logtif.h5|230|1213|471619,3,0.8224942286809286,0.703092892964681,0.6266777515411377,0.5979082584381104,0.5603989362716675
final_20260703-201335_augmented_spot_patches_e200_b10_lr0.0001_s1,?|Al_big_grains_logtif.h5|481|5423|169747,3,0.8924553990364075,0.81130317846934,0.6939442356427511,0.5992556015650431,0.5934877872467041
final_20260703-201335_augmented_spot_patches_e200_b10_lr0.0001_s1,?|Iron_deformed_logtif.h5|116|396|1643737,4,0.8047558218240738,0.6864525228738785,0.5993757843971252,0.6026900261640549,0.5914017558097839
final_20260703-201335_augmented_spot_patches_e200_b10_lr0.0001_s1,?|Iron_deformed_logtif.h5|270|550|2449837,5,0.8015238642692566,0.6863402009010315,0.5848737835884095,0.6083250284194947,0.5903812646865845
final_20260703-201335_augmented_spot_patches_e200_b10_lr0.0001_s1,?|Iron_deformed_logtif.h5|129|409|1686682,3,0.7581378022829691,0.6242838303248087,0.5230158567428589,0.6175609827041626,0.591248619556427
final_20260703-201335_augmented_spot_patches_e200_b10_lr0.0001_s1,?|Al_big_grains_logtif.h5|1823|6767|209024,3,0.9226828217506409,0.858708381652832,0.6873354315757751,0.6176737149556478,0.5930878639221191
final_20260703-201335_augmented_spot_patches_e200_b10_lr0.0001_s1,?|Al_big_grains_logtif.h5|4294|9239|295394,3,0.8853453000386556,0.8065889676411947,0.64258873462677,0.6213782628377279,0.5874972105026245
final_20260703-201335_augmented_spot_patches_e200_b10_lr0.0001_s1,?|Al_big_grains_logtif.h5|3202|3202|103431,3,0.7839971383412679,0.7267434696356455,0.5389560957749685,0.6225205461184183,0.6130269169807434
final_20260703-201335_augmented_spot_patches_e200_b10_lr0.0001_s1,?|IN718_twins_logtif.h5|1224|1224|103276,3,0.8578841090202332,0.7758086522420248,0.5973544120788574,0.6302648584047953,0.5841177821159362
final_20260703-201335_augmented_spot_patches_e200_b10_lr0.0001_s1,?|Al_segvol.h5|4499|4499|24632,3,0.8807864189147949,0.7942743897438049,0.5817900697390238,0.649498184521993,0.6272796869277955
final_20260703-201335_augmented_spot_patches_e200_b10_lr0.0001_s1,?|IN718_twins_logtif.h5|518|1895|162872,3,0.9715715646743774,0.9456915656725565,0.663643995920817,0.6539637645085653,0.6456291437149048
final_20260703-201335_augmented_spot_patches_e200_b10_lr0.0001_s1,?|IN718_twins_logtif.h5|909|2288|195464,3,0.9193871815999349,0.8593026995658875,0.5946304202079773,0.6623783906300863,0.6335854530334473
final_20260703-201335_augmented_spot_patches_e200_b10_lr0.0001_s1,?|IN718_twins_logtif.h5|333|333|29388,3,0.9291452169418335,0.8778346180915833,0.6017298698425293,0.6637076735496521,0.662025785446167
final_20260703-201335_augmented_spot_patches_e200_b10_lr0.0001_s1,?|IN718_twins_logtif.h5|108|1486|128639,3,0.9033180077870687,0.8384750684102377,0.5714186429977417,0.6659497022628784,0.6331926107406616
final_20260703-201335_augmented_spot_patches_e200_b10_lr0.0001_s1,?|IN718_twins_logtif.h5|885|885|73830,4,0.9286631792783737,0.8828353136777878,0.5876678079366684,0.6704977005720139,0.6231612086296081
final_20260703-201335_augmented_spot_patches_e200_b10_lr0.0001_s1,?|IN718_twins_logtif.h5|183|1559|134525,3,0.9817694425582886,0.9642353256543478,0.6342463692029318,0.6737615267435709,0.6565392255783081
final_20260703-201335_augmented_spot_patches_e200_b10_lr0.0001_s1,?|IN718_twins_logtif.h5|703|2081|178440,3,0.9554681976636251,0.9195675452550253,0.6058060526847839,0.6748310724894205,0.6653562068939209
final_20260703-201335_augmented_spot_patches_e200_b10_lr0.0001_s1,?|IN718_twins_logtif.h5|483|1861|159477,3,0.8735157052675883,0.7943397959073385,0.5192888875802358,0.67711341381073,0.6306691408157349
final_20260703-201335_augmented_spot_patches_e200_b10_lr0.0001_s1,?|IN718_twins_logtif.h5|813|2190|188254,3,0.9696563283602396,0.9416484435399374,0.6143152316411337,0.6776705384254456,0.6606993675231934
final_20260703-201335_augmented_spot_patches_e200_b10_lr0.0001_s1,?|IN718_twins_logtif.h5|612|612|50032,3,0.9501263499259949,0.9065799117088318,0.5940081675847372,0.6780590812365214,0.653683352470398
final_20260703-201335_augmented_spot_patches_e200_b10_lr0.0001_s1,?|IN718_twins_logtif.h5|322|1698|147131,3,0.8901070555051168,0.8251290520032247,0.5283594926198324,0.6808737715085348,0.6130349040031433
final_20260703-201335_augmented_spot_patches_e200_b10_lr0.0001_s1,?|IN718_twins_logtif.h5|569|1947|167097,3,0.9596108198165894,0.9247952302296957,0.5921390453974406,0.6837359468142191,0.6717054605484009
final_20260703-201335_augmented_spot_patches_e200_b10_lr0.0001_s1,?|IN718_twins_logtif.h5|692|692|58235,3,0.9345390597979227,0.887981096903483,0.5556565721829733,0.6894412438074747,0.6678312301635743
final_20260703-201335_augmented_spot_patches_e200_b10_lr0.0001_s1,?|IN718_twins_logtif.h5|343|1722|148837,3,0.9573701620101929,0.9195919235547384,0.5612289706865946,0.6980705658594767,0.663293468952179
final_20260703-201335_augmented_spot_patches_e200_b10_lr0.0001_s1,?|IN718_twins_logtif.h5|1082|2459|210603,3,0.9846180280049642,0.9700048168500265,0.5845254262288412,0.7000462810198466,0.6622082710266113
final_20260703-201335_augmented_spot_patches_e200_b10_lr0.0001_s1,?|IN718_twins_logtif.h5|216|1595|136423,3,0.9768365621566772,0.955042819182078,0.5762765208880106,0.7002800305684408,0.6859223127365113
final_20260703-201335_augmented_spot_patches_e200_b10_lr0.0001_s1,?|IN718_twins_logtif.h5|1066|2443|209241,3,0.986598551273346,0.9735960364341736,0.5777590672175089,0.704419751962026,0.6909155964851379
final_20260703-201335_augmented_spot_patches_e200_b10_lr0.0001_s1,?|IN718_twins_logtif.h5|425|1801|157178,3,0.9793186982472738,0.9596978028615316,0.5702765385309855,0.7045210798581442,0.671474838256836
final_20260703-201335_augmented_spot_patches_e200_b10_lr0.0001_s1,?|IN718_twins_logtif.h5|929|929|76478,3,0.979629635810852,0.9602300524711609,0.5659922361373901,0.7068187197049459,0.6795423984527588
final_20260703-201335_augmented_spot_patches_e200_b10_lr0.0001_s1,?|IN718_twins_logtif.h5|1271|2649|226498,3,0.9715645511945089,0.9458043177922567,0.5548495650291443,0.7083574930826823,0.687873125076294
final_20260703-201335_augmented_spot_patches_e200_b10_lr0.0001_s1,?|IN718_twins_logtif.h5|825|2202|189095,3,0.9792408148447672,0.9596344232559204,0.5594132939974467,0.7099137703577677,0.7020846724510192
final_20260703-201335_augmented_spot_patches_e200_b10_lr0.0001_s1,?|IN718_twins_logtif.h5|1278|1278|108160,3,0.9780417879422506,0.9577262997627258,0.5530216693878174,0.7125100692113241,0.6757672071456909
final_20260707-111849_twoouts_augmented_spots_train_e200_b10_lr0.0001_s1,?|Ti7Al_logtif.h5|740|1723|711979,3,0.8471723000208536,0.7895442446072897,0.7234441836675009,0.5618640383084615,0.5508711338043213
final_20260707-111849_twoouts_augmented_spots_train_e200_b10_lr0.0001_s1,?|Ti7Al_logtif.h5|39|39|12402,3,0.9790695110956827,0.9591682354609171,0.8428641557693481,0.5681026975313822,0.5570177555084228
final_20260707-111849_twoouts_augmented_spots_train_e200_b10_lr0.0001_s1,?|Ti7Al_logtif.h5|800|1782|729836,3,0.8190822601318359,0.7617193857828776,0.6825069785118103,0.5682876507441202,0.5466482639312744
final_20260707-111849_twoouts_augmented_spots_train_e200_b10_lr0.0001_s1,?|Ti7Al_logtif.h5|561|1541|646447,3,0.9280969500541687,0.8760758439699808,0.7906631628672282,0.5687168836593628,0.5628405570983886
final_20260707-111849_twoouts_augmented_spots_train_e200_b10_lr0.0001_s1,?|Iron_deformed_logtif.h5|167|447|1896154,3,0.8382738629976908,0.7469940185546875,0.6991542379061381,0.5695598522822062,0.5419066190719605
final_20260707-111849_twoouts_augmented_spots_train_e200_b10_lr0.0001_s1,?|Ti7Al_logtif.h5|372|372|143345,3,0.9425128102302551,0.8994885683059692,0.8017324606577555,0.5703902045885721,0.5477870464324951
final_20260707-111849_twoouts_augmented_spots_train_e200_b10_lr0.0001_s1,?|Ti7Al_logtif.h5|951|951|378424,6,0.8516266246636709,0.7901591459910074,0.707770049571991,0.5719282974799474,0.5313785821199417
final_20260707-111849_twoouts_augmented_spots_train_e200_b10_lr0.0001_s1,?|Ti7Al_logtif.h5|560|560|255019,3,0.9285250306129456,0.86855016152064,0.784200390179952,0.5721623102823893,0.566877293586731
final_20260707-111849_twoouts_augmented_spots_train_e200_b10_lr0.0001_s1,?|Ti7Al_logtif.h5|278|278|106292,4,0.8782466351985931,0.8194186016917229,0.7282321453094482,0.5750072300434113,0.5245429873466492
final_20260707-111849_twoouts_augmented_spots_train_e200_b10_lr0.0001_s1,?|Ti7Al_logtif.h5|738|1720|711689,3,0.944888174533844,0.8979702790578207,0.793409546216329,0.575739324092865,0.5588342666625976
final_20260707-111849_twoouts_augmented_spots_train_e200_b10_lr0.0001_s1,?|Ti7Al_logtif.h5|903|1882|752818,3,0.9225319226582845,0.8654391765594482,0.7701185345649719,0.5762066642443339,0.558127224445343
final_20260707-111849_twoouts_augmented_spots_train_e200_b10_lr0.0001_s1,?|Ti7Al_logtif.h5|330|1312|505227,3,0.8883087635040283,0.8076595664024353,0.7349750796953837,0.5766668319702148,0.5527411699295044
final_20260707-111849_twoouts_augmented_spots_train_e200_b10_lr0.0001_s1,?|Ti7Al_logtif.h5|746|1728|712611,4,0.9285896271467209,0.871778592467308,0.7738806456327438,0.5773545056581497,0.5600820064544678
final_20260707-111849_twoouts_augmented_spots_train_e200_b10_lr0.0001_s1,?|Ti7Al_logtif.h5|291|291|107749,5,0.9139835357666015,0.8518491506576538,0.7585490822792054,0.5777172207832336,0.5494432926177979
final_20260707-111849_twoouts_augmented_spots_train_e200_b10_lr0.0001_s1,?|Ti7Al_logtif.h5|593|593|265156,3,0.9038187662760416,0.8348269462585449,0.7483699917793274,0.5777243773142496,0.5492406606674194
final_20260707-111849_twoouts_augmented_spots_train_e200_b10_lr0.0001_s1,?|Ti7Al_logtif.h5|726|726|314065,4,0.9548332989215851,0.9144831001758575,0.7993473559617996,0.5777429491281509,0.5559900641441345
final_20260707-111849_twoouts_augmented_spots_train_e200_b10_lr0.0001_s1,?|Ti7Al_logtif.h5|661|1643|680280,3,0.9550355076789856,0.9153576890627543,0.7920635342597961,0.5814859668413798,0.5739337801933289
final_20260707-111849_twoouts_augmented_spots_train_e200_b10_lr0.0001_s1,?|Ti7Al_logtif.h5|485|485|220991,3,0.9332859118779501,0.878379225730896,0.7695397933324178,0.5818730394045512,0.562500536441803
final_20260707-111849_twoouts_augmented_spots_train_e200_b10_lr0.0001_s1,?|Ti7Al_logtif.h5|907|907|360786,3,0.9327048858006796,0.8765649199485779,0.7649252812067667,0.5838897824287415,0.5622959971427918
final_20260707-111849_twoouts_augmented_spots_train_e200_b10_lr0.0001_s1,?|Ti7Al_logtif.h5|89|89|24821,3,0.9701178669929504,0.942575216293335,0.801165242989858,0.5844762921333313,0.5677526473999024
final_20260707-111849_twoouts_augmented_spots_train_e200_b10_lr0.0001_s1,?|Ti7Al_logtif.h5|458|1440|597994,4,0.9576516896486282,0.9227706342935562,0.7885574400424957,0.5845471173524857,0.5774724185466766
final_20260707-111849_twoouts_augmented_spots_train_e200_b10_lr0.0001_s1,?|Ti7Al_logtif.h5|765|1748|716846,3,0.9286418557167053,0.8728223641713461,0.7579737901687622,0.5853340228398641,0.5656776666641236
final_20260707-111849_twoouts_augmented_spots_train_e200_b10_lr0.0001_s1,?|Iron_deformed_logtif.h5|167|167|658994,3,0.975080668926239,0.9515101114908854,0.8009927074114481,0.5870439608891805,0.581546175479889
final_20260707-111849_twoouts_augmented_spots_train_e200_b10_lr0.0001_s1,?|Ti7Al_logtif.h5|592|1574|655769,3,0.9687188466389974,0.9400581121444702,0.7943454384803772,0.5871866941452026,0.5825777649879456
final_20260707-111849_twoouts_augmented_spots_train_e200_b10_lr0.0001_s1,?|Ti7Al_logtif.h5|192|192|64402,3,0.9085439046223959,0.8445982933044434,0.7302205363909403,0.5891616940498352,0.5612585544586182
final_20260707-111849_twoouts_augmented_spots_train_e200_b10_lr0.0001_s1,?|Ti7Al_logtif.h5|1|983|386483,3,0.9650817513465881,0.9347076018651327,0.7838580211003622,0.5906118551890055,0.581592571735382
final_20260707-111849_twoouts_augmented_spots_train_e200_b10_lr0.0001_s1,?|Ti7Al_logtif.h5|380|1363|531358,3,0.9500206311543783,0.9059769709904989,0.7687876423199972,0.5906164844830831,0.5775260210037232
final_20260707-111849_twoouts_augmented_spots_train_e200_b10_lr0.0001_s1,?|Ti7Al_logtif.h5|725|1707|707156,3,0.9508728981018066,0.9096750020980835,0.769212007522583,0.5908304254213969,0.5800948739051819
final_20260707-111849_twoouts_augmented_spots_train_e200_b10_lr0.0001_s1,?|Ti7Al_logtif.h5|615|615|277544,3,0.9622122049331665,0.9304089943567911,0.7805076241493225,0.5908522804578146,0.5839813232421875
final_20260707-111849_twoouts_augmented_spots_train_e200_b10_lr0.0001_s1,?|Ti7Al_logtif.h5|785|1767|720185,3,0.9586360255877177,0.9224057197570801,0.7754083275794983,0.5916138688723246,0.5834725379943848
final_20260707-111849_twoouts_augmented_spots_train_e200_b10_lr0.0001_s1,?|Iron_deformed_logtif.h5|131|131|446796,4,0.9469567090272903,0.9020605087280273,0.7590735107660294,0.5939416140317917,0.5848117768764496
final_20260707-111849_twoouts_augmented_spots_train_e200_b10_lr0.0001_s1,?|Iron_deformed_logtif.h5|274|554|2452789,4,0.9546842277050018,0.9158434122800827,0.7655855864286423,0.594549298286438,0.5855024993419647
final_20260707-111849_twoouts_augmented_spots_train_e200_b10_lr0.0001_s1,?|Ti7Al_logtif.h5|230|1213|471619,3,0.9448749224344889,0.8969394167264303,0.7555725375811259,0.5946512023607889,0.5783350467681885
final_20260707-111849_twoouts_augmented_spots_train_e200_b10_lr0.0001_s1,?|Ti7Al_logtif.h5|356|1338|522142,3,0.9741195638974508,0.9503645102183024,0.7840508023897806,0.5950343807538351,0.5871072888374329
final_20260707-111849_twoouts_augmented_spots_train_e200_b10_lr0.0001_s1,?|Ti7Al_logtif.h5|331|331|117248,3,0.9532468914985657,0.9123996694882711,0.7631102403004965,0.5950683156649271,0.5751743793487549
final_20260707-111849_twoouts_augmented_spots_train_e200_b10_lr0.0001_s1,?|Iron_deformed_logtif.h5|105|385|1622522,3,0.9700375000635783,0.9427433013916016,0.7786843776702881,0.5956765611966451,0.5838809728622436
final_20260707-111849_twoouts_augmented_spots_train_e200_b10_lr0.0001_s1,?|Iron_deformed_logtif.h5|168|448|1896773,3,0.8737383087476095,0.795855442682902,0.6795498331387838,0.5970942576726278,0.5531367540359498
final_20260707-111849_twoouts_augmented_spots_train_e200_b10_lr0.0001_s1,?|Ti7Al_logtif.h5|735|735|318417,3,0.9560231367746989,0.9168091217676798,0.7611990372339884,0.5974120497703552,0.5902257442474366
final_20260707-111849_twoouts_augmented_spots_train_e200_b10_lr0.0001_s1,?|Ti7Al_logtif.h5|878|878|356416,3,0.9411982297897339,0.8895361622174581,0.7457140684127808,0.5977420608202616,0.5757664680480957
final_20260707-111849_twoouts_augmented_spots_train_e200_b10_lr0.0001_s1,?|Ti7Al_logtif.h5|153|153|50619,3,0.9602406819661459,0.9242157141367594,0.7643163601557413,0.5979621807734171,0.5769322156906128
final_20260707-111849_twoouts_augmented_spots_train_e200_b10_lr0.0001_s1,?|Iron_deformed_logtif.h5|274|274|1211311,3,0.9563835461934408,0.917000929514567,0.7587014039357504,0.5988410711288452,0.5889860630035401
final_20260707-111849_twoouts_augmented_spots_train_e200_b10_lr0.0001_s1,?|Ti7Al_logtif.h5|81|1063|411051,5,0.8970094442367553,0.8435186982154846,0.6991339564323426,0.5989377439022064,0.5347283542156219
final_20260707-111849_twoouts_augmented_spots_train_e200_b10_lr0.0001_s1,?|Ti7Al_logtif.h5|900|1881|752712,3,0.9662986397743225,0.9371060331662496,0.7678472598393759,0.5992256999015808,0.5957297801971435
final_20260707-111849_twoouts_augmented_spots_train_e200_b10_lr0.0001_s1,?|Iron_deformed_logtif.h5|93|373|1573666,4,0.9207464903593063,0.8609638065099716,0.7218098193407059,0.599468320608139,0.5674534320831299
final_20260707-111849_twoouts_augmented_spots_train_e200_b10_lr0.0001_s1,?|Iron_deformed_logtif.h5|230|510|2253954,4,0.9492576867341995,0.9067639857530594,0.7499502301216125,0.5996537208557129,0.5893931031227112
final_20260707-111849_twoouts_augmented_spots_train_e200_b10_lr0.0001_s1,?|Ti7Al_logtif.h5|306|1288|501063,4,0.93723164498806,0.893387645483017,0.7378071844577789,0.5997122377157211,0.5866231739521026
final_20260707-111849_twoouts_augmented_spots_train_e200_b10_lr0.0001_s1,?|Iron_deformed_logtif.h5|250|250|1106997,4,0.9262696653604507,0.8675977736711502,0.7267488241195679,0.5997604131698608,0.5864099204540253
final_20260707-111849_twoouts_augmented_spots_train_e200_b10_lr0.0001_s1,?|Ti7Al_logtif.h5|936|1918|774149,3,0.9633390108744303,0.9309687813123068,0.7627827525138855,0.6002780993779501,0.5934746265411377
final_20260707-111849_twoouts_augmented_spots_train_e200_b10_lr0.0001_s1,?|Ti7Al_logtif.h5|244|1226|477357,3,0.9743316173553467,0.9508094986279806,0.7730257113774618,0.6006529529889425,0.5736579656600952
final_20260707-111849_twoouts_augmented_spots_train_e200_b10_lr0.0001_s1,?|Ti7Al_logtif.h5|711|711|309821,3,0.9570846557617188,0.9222631454467773,0.7552488843599955,0.6009178757667542,0.5865736722946167
final_20260707-111849_twoouts_augmented_spots_train_e200_b10_lr0.0001_s1,?|Ti7Al_logtif.h5|479|1460|605758,3,0.9674846529960632,0.9375366965929667,0.7649647990862528,0.6012598872184753,0.5862357258796692
final_20260707-111849_twoouts_augmented_spots_train_e200_b10_lr0.0001_s1,?|Ti7Al_logtif.h5|605|1587|664057,3,0.9417944550514221,0.9017709692319235,0.7381996313730875,0.6017974217732748,0.5893989562988281
final_20260707-111849_twoouts_augmented_spots_train_e200_b10_lr0.0001_s1,?|Ti7Al_logtif.h5|737|737|318628,3,0.9599101940790812,0.9230611522992452,0.7562419970830282,0.6018340984980265,0.589221966266632
final_20260707-111849_twoouts_augmented_spots_train_e200_b10_lr0.0001_s1,?|Ti7Al_logtif.h5|530|1512|630809,3,0.9789494474728903,0.9589153329531351,0.7748972376187643,0.602026104927063,0.5971452951431274
final_20260707-111849_twoouts_augmented_spots_train_e200_b10_lr0.0001_s1,?|Iron_deformed_logtif.h5|137|137|518561,5,0.9529973983764648,0.9104964971542359,0.7481725692749024,0.6024124145507812,0.5937615752220153
final_20260707-111849_twoouts_augmented_spots_train_e200_b10_lr0.0001_s1,?|Ti7Al_logtif.h5|278|1260|494692,3,0.9625280698140463,0.928943395614624,0.7554388840993246,0.6035446127255758,0.5721277952194214
final_20260707-111849_twoouts_augmented_spots_train_e200_b10_lr0.0001_s1,?|Ti7Al_logtif.h5|846|1828|745292,3,0.9792254368464152,0.9595049420992533,0.7717207471529642,0.6037523547808329,0.5955716133117676
final_20260707-111849_twoouts_augmented_spots_train_e200_b10_lr0.0001_s1,?|Ti7Al_logtif.h5|125|125|38081,3,0.9472060998280843,0.902060866355896,0.7390675743420919,0.6040692726771036,0.5973466396331787
final_20260707-111849_twoouts_augmented_spots_train_e200_b10_lr0.0001_s1,?|Ti7Al_logtif.h5|753|1735|715115,3,0.9335700869560242,0.8785343766212463,0.7238821784655253,0.6048439542452494,0.5929811954498291
final_20260707-111849_twoouts_augmented_spots_train_e200_b10_lr0.0001_s1,?|Ti7Al_logtif.h5|317|317|115086,3,0.967275857925415,0.9374683300654093,0.757421632607778,0.604927122592926,0.5982503652572632
final_20260707-111849_twoouts_augmented_spots_train_e200_b10_lr0.0001_s1,?|Iron_deformed_logtif.h5|189|469|2025484,3,0.9073205391565958,0.8444196383158366,0.6965826749801636,0.6053689320882162,0.6045917749404908
final_20260707-111849_twoouts_augmented_spots_train_e200_b10_lr0.0001_s1,?|Ti7Al_logtif.h5|502|502|226160,3,0.9533883134524027,0.9127656817436218,0.7406607468922933,0.6063638130823771,0.6039839506149292
final_20260707-111849_twoouts_augmented_spots_train_e200_b10_lr0.0001_s1,?|Iron_deformed_logtif.h5|21|300|1307410,3,0.9669745564460754,0.936562975247701,0.7505209843317667,0.6082267761230469,0.5885966420173645
final_20260707-111849_twoouts_augmented_spots_train_e200_b10_lr0.0001_s1,?|Ti7Al_logtif.h5|689|689|304122,3,0.9682867328325907,0.9393019278844198,0.7514410217603048,0.6084228157997131,0.5877236366271973
final_20260707-111849_twoouts_augmented_spots_train_e200_b10_lr0.0001_s1,?|Iron_deformed_logtif.h5|152|432|1846281,3,0.9526078701019287,0.9106006622314453,0.7342227101325989,0.6091925899187723,0.6052518963813782
final_20260707-111849_twoouts_augmented_spots_train_e200_b10_lr0.0001_s1,?|Iron_deformed_logtif.h5|183|463|1960285,3,0.9236435890197754,0.861727257569631,0.7048912247021993,0.6093762119611105,0.5937989473342895
final_20260707-111849_twoouts_augmented_spots_train_e200_b10_lr0.0001_s1,?|Iron_deformed_logtif.h5|1|1|10546,5,0.9373716592788697,0.8865089774131775,0.7184120893478394,0.6094797730445862,0.6038318276405334
final_20260707-111849_twoouts_augmented_spots_train_e200_b10_lr0.0001_s1,?|Ti7Al_logtif.h5|474|1457|604880,3,0.9367117087046305,0.8839824199676514,0.7170592149098715,0.6098262468973795,0.578248119354248
final_20260707-111849_twoouts_augmented_spots_train_e200_b10_lr0.0001_s1,?|Iron_deformed_logtif.h5|117|397|1649342,3,0.9167633652687073,0.8640085856119791,0.6962772011756897,0.6102430820465088,0.5602290153503418
final_20260707-111849_twoouts_augmented_spots_train_e200_b10_lr0.0001_s1,?|Iron_deformed_logtif.h5|105|105|380792,4,0.9502754807472229,0.9088057428598404,0.7292701900005341,0.6105026453733444,0.5924465954303741
final_20260707-111849_twoouts_augmented_spots_train_e200_b10_lr0.0001_s1,?|Ti7Al_logtif.h5|67|67|19272,4,0.9704216122627258,0.9434123486280441,0.7493349611759186,0.6105433255434036,0.5916284024715424
final_20260707-111849_twoouts_augmented_spots_train_e200_b10_lr0.0001_s1,?|Iron_deformed_logtif.h5|162|442|1877566,3,0.9615222016970316,0.9283398588498434,0.7400982777277628,0.610711932182312,0.599523377418518
final_20260707-111849_twoouts_augmented_spots_train_e200_b10_lr0.0001_s1,?|Ti7Al_logtif.h5|163|1144|441312,3,0.9705775181452433,0.9445722699165344,0.7491249640782675,0.6107262770334879,0.5900282144546509
final_20260707-111849_twoouts_augmented_spots_train_e200_b10_lr0.0001_s1,?|Iron_deformed_logtif.h5|20|20|68360,3,0.8627099394798279,0.7821059226989746,0.6407202283541361,0.6109948555628458,0.5631991505622864
final_20260707-111849_twoouts_augmented_spots_train_e200_b10_lr0.0001_s1,?|Iron_deformed_logtif.h5|73|73|294002,3,0.9605898062388102,0.9257999261220297,0.7379071315129598,0.6113413373629252,0.5904218912124634
final_20260707-111849_twoouts_augmented_spots_train_e200_b10_lr0.0001_s1,?|Ti7Al_logtif.h5|431|1413|574457,3,0.9686008294423422,0.9409028093020121,0.7458589275677999,0.6113709608713785,0.5948541641235352
final_20260707-111849_twoouts_augmented_spots_train_e200_b10_lr0.0001_s1,?|Iron_deformed_logtif.h5|0|0|1623,3,0.9488195578257242,0.9037712613741556,0.7245741486549377,0.6121226946512858,0.6070852994918823
final_20260707-111849_twoouts_augmented_spots_train_e200_b10_lr0.0001_s1,?|Iron_logtif.h5|1800|1800|157572,3,0.970693051815033,0.9434591134389242,0.7456460992495219,0.6125234564145406,0.6036334991455078
final_20260707-111849_twoouts_augmented_spots_train_e200_b10_lr0.0001_s1,?|Ti7Al_logtif.h5|763|1744|716641,3,0.9618142247200012,0.9277073542277018,0.7361244559288025,0.6128448645273844,0.5913559198379517
final_20260707-111849_twoouts_augmented_spots_train_e200_b10_lr0.0001_s1,?|Ti7Al_logtif.h5|9|9|1561,4,0.958120733499527,0.9229478687047958,0.7323855310678482,0.6128676235675812,0.6055740356445313
final_20260707-111849_twoouts_augmented_spots_train_e200_b10_lr0.0001_s1,?|Ti7Al_logtif.h5|579|579|259870,3,0.9739983280499777,0.949770430723826,0.7475262482961019,0.6132360498110453,0.6023422718048096
final_20260707-111849_twoouts_augmented_spots_train_e200_b10_lr0.0001_s1,?|Iron_deformed_logtif.h5|174|174|668440,4,0.9686643034219742,0.9396118372678757,0.7419920861721039,0.6133360713720322,0.5961344242095947
final_20260707-111849_twoouts_augmented_spots_train_e200_b10_lr0.0001_s1,?|Ti7Al_logtif.h5|867|1849|749230,3,0.9625305732091268,0.929948647816976,0.7344751556714376,0.6140276988347372,0.5898568272590637
final_20260707-111849_twoouts_augmented_spots_train_e200_b10_lr0.0001_s1,?|Iron_deformed_logtif.h5|243|243|1093956,4,0.963667020201683,0.9306013137102127,0.7337072193622589,0.6149798929691315,0.6099300384521484
final_20260707-111849_twoouts_augmented_spots_train_e200_b10_lr0.0001_s1,?|Iron_deformed_logtif.h5|2|2|12606,8,0.9621232822537422,0.927693173289299,0.7317064628005028,0.6152083948254585,0.6009051382541657
final_20260707-111849_twoouts_augmented_spots_train_e200_b10_lr0.0001_s1,?|Ti7Al_logtif.h5|110|110|32103,5,0.9436822175979614,0.89932941198349,0.7129276990890503,0.6153772592544555,0.5929639577865601
final_20260707-111849_twoouts_augmented_spots_train_e200_b10_lr0.0001_s1,?|Al_deformed_LoG_logtif.h5|26|26|441233,21,0.9816021976016817,0.9644550056684584,0.7507532551175072,0.615424462727138,0.6054216027259827
final_20260707-111849_twoouts_augmented_spots_train_e200_b10_lr0.0001_s1,?|Iron_deformed_logtif.h5|248|248|1106248,3,0.9562510848045349,0.9199803868929545,0.7244934240976969,0.6158788204193115,0.5987093687057495
final_20260707-111849_twoouts_augmented_spots_train_e200_b10_lr0.0001_s1,?|Iron_deformed_logtif.h5|30|310|1320109,5,0.9491978406906127,0.9071084856987,0.7166703939437866,0.6162637233734131,0.5998192548751831
final_20260707-111849_twoouts_augmented_spots_train_e200_b10_lr0.0001_s1,?|Iron_deformed_logtif.h5|141|141|523753,3,0.858258843421936,0.773620069026947,0.625564436117808,0.6163472135861715,0.5637131690979004
final_20260707-111849_twoouts_augmented_spots_train_e200_b10_lr0.0001_s1,?|Iron_deformed_logtif.h5|279|279|1239202,4,0.9479337483644485,0.9022667109966278,0.7152245342731476,0.6163545995950699,0.6008916974067688
final_20260707-111849_twoouts_augmented_spots_train_e200_b10_lr0.0001_s1,?|Iron_deformed_logtif.h5|275|275|1215260,3,0.9665533701578776,0.9357740879058838,0.7333742181460062,0.6165895859400431,0.5914700508117676
final_20260707-111849_twoouts_augmented_spots_train_e200_b10_lr0.0001_s1,?|Ti7Al_logtif.h5|587|1569|653866,3,0.94355309009552,0.9012267192204794,0.709984024365743,0.6167844931284586,0.6018284916877746
final_20260707-111849_twoouts_augmented_spots_train_e200_b10_lr0.0001_s1,?|Iron_deformed_logtif.h5|169|449|1897167,4,0.946144238114357,0.899530217051506,0.7112082839012146,0.6174679696559906,0.6061819016933441
final_20260707-111849_twoouts_augmented_spots_train_e200_b10_lr0.0001_s1,?|Ti7Al_logtif.h5|674|1655|690234,3,0.9502516388893127,0.9085671703020731,0.7148557305335999,0.6176979740460714,0.6014759063720703
final_20260707-111849_twoouts_augmented_spots_train_e200_b10_lr0.0001_s1,?|Iron_deformed_logtif.h5|255|535|2371626,5,0.9565844058990478,0.9175542116165161,0.720273780822754,0.618155300617218,0.5953100562095642
final_20260707-111849_twoouts_augmented_spots_train_e200_b10_lr0.0001_s1,?|Iron_deformed_logtif.h5|59|59|249552,4,0.9569317251443863,0.9187346696853638,0.7205372750759125,0.6181972175836563,0.6027033388614654
final_20260707-111849_twoouts_augmented_spots_train_e200_b10_lr0.0001_s1,?|Iron_deformed_logtif.h5|250|529|2345856,3,0.9617677529652914,0.9264609217643738,0.725066085656484,0.6183508435885111,0.6086032867431641
final_20260707-111849_twoouts_augmented_spots_train_e200_b10_lr0.0001_s1,?|Al_deformed_LoG_logtif.h5|0|0|14345,21,0.9793247296696618,0.9600358179637364,0.7420225938161215,0.6186510636692956,0.6075614094734192
final_20260707-111849_twoouts_augmented_spots_train_e200_b10_lr0.0001_s1,?|Iron_deformed_logtif.h5|96|376|1581320,3,0.7997893393039703,0.7693138718605042,0.5618839462598165,0.6189526915550232,0.5557047128677368
final_20260707-111849_twoouts_augmented_spots_train_e200_b10_lr0.0001_s1,?|Iron_deformed_logtif.h5|80|360|1553237,3,0.962494969367981,0.9287830392519633,0.724310557047526,0.6190921862920126,0.6120171308517456
final_20260707-111849_twoouts_augmented_spots_train_e200_b10_lr0.0001_s1,?|Iron_deformed_logtif.h5|27|27|75554,4,0.9375796318054199,0.884613111615181,0.6991888135671616,0.6191954165697098,0.5902296304702759
final_20260707-111849_twoouts_augmented_spots_train_e200_b10_lr0.0001_s1,?|Iron_deformed_logtif.h5|152|152|607331,6,0.9491137067476908,0.9096789062023163,0.7096767127513885,0.61971848209699,0.5959548056125641
final_20260707-111849_twoouts_augmented_spots_train_e200_b10_lr0.0001_s1,?|Ti7Al_logtif.h5|134|1116|428768,3,0.9648239811261495,0.9329117933909098,0.7232679526011149,0.6207780043284098,0.601981234550476
final_20260707-111849_twoouts_augmented_spots_train_e200_b10_lr0.0001_s1,?|Iron_deformed_logtif.h5|241|241|1093313,4,0.9616015255451202,0.926626518368721,0.7197167426347733,0.6209423840045929,0.6024555385112762
final_20260707-111849_twoouts_augmented_spots_train_e200_b10_lr0.0001_s1,?|Iron_deformed_logtif.h5|166|166|647236,5,0.9610931158065796,0.9257944345474243,0.7190804243087768,0.6210063457489013,0.6012948751449585
final_20260707-111849_twoouts_augmented_spots_train_e200_b10_lr0.0001_s1,?|Iron_deformed_logtif.h5|242|242|1093635,4,0.96531543135643,0.9332239627838135,0.7227392941713333,0.6212880611419678,0.6093827247619629
final_20260707-111849_twoouts_augmented_spots_train_e200_b10_lr0.0001_s1,?|Iron_deformed_logtif.h5|13|293|1302579,4,0.9569928795099258,0.9184771180152893,0.7130965739488602,0.6219481527805328,0.5926735758781433
final_20260707-111849_twoouts_augmented_spots_train_e200_b10_lr0.0001_s1,?|Iron_deformed_logtif.h5|235|235|1039802,3,0.9154860178629557,0.8491175969441732,0.671464721361796,0.6220106283823649,0.6094751596450806
final_20260707-111849_twoouts_augmented_spots_train_e200_b10_lr0.0001_s1,?|Iron_deformed_logtif.h5|62|342|1492694,5,0.9168295621871948,0.8488329768180847,0.6709979057312012,0.6229158163070678,0.6084148406982421
final_20260707-111849_twoouts_augmented_spots_train_e200_b10_lr0.0001_s1,?|Iron_deformed_logtif.h5|257|537|2399113,3,0.9625181953112284,0.9282246828079224,0.7148422797520956,0.623837967713674,0.6118221998214721
final_20260707-111849_twoouts_augmented_spots_train_e200_b10_lr0.0001_s1,?|Iron_deformed_logtif.h5|191|471|2026221,3,0.9449559648831686,0.8969425757726034,0.6972294251124064,0.6238632400830587,0.6112996578216553
final_20260707-111849_twoouts_augmented_spots_train_e200_b10_lr0.0001_s1,?|Iron_deformed_logtif.h5|102|102|368709,6,0.9494501451651255,0.9064940710862478,0.701542983452479,0.6239535609881083,0.5971378087997437
final_20260707-111849_twoouts_augmented_spots_train_e200_b10_lr0.0001_s1,?|Iron_deformed_logtif.h5|19|298|1306721,6,0.9303119679292043,0.8729081451892853,0.6807975570360819,0.6247572004795074,0.6164754033088684
final_20260707-111849_twoouts_augmented_spots_train_e200_b10_lr0.0001_s1,?|Iron_deformed_logtif.h5|39|39|143519,5,0.9647185325622558,0.9323303461074829,0.7149959921836853,0.6248612880706788,0.5867841839790344
final_20260707-111849_twoouts_augmented_spots_train_e200_b10_lr0.0001_s1,?|Iron_deformed_logtif.h5|70|351|1516103,3,0.9593682487805685,0.9222913583119711,0.7094727158546448,0.624947746594747,0.6005984544754028
final_20260707-111849_twoouts_augmented_spots_train_e200_b10_lr0.0001_s1,?|Iron_deformed_logtif.h5|95|95|333463,3,0.9767414530118307,0.9546107848485311,0.7267811894416809,0.6249801516532898,0.620742118358612
final_20260707-111849_twoouts_augmented_spots_train_e200_b10_lr0.0001_s1,?|Iron_deformed_logtif.h5|93|93|333088,3,0.9476444522539774,0.9035125970840454,0.6976456642150879,0.6249994238217672,0.6147868990898132
final_20260707-111849_twoouts_augmented_spots_train_e200_b10_lr0.0001_s1,?|Iron_deformed_logtif.h5|149|149|573179,5,0.9136228322982788,0.8529158234596252,0.6634428381919861,0.6250899910926819,0.6140224456787109
final_20260707-111849_twoouts_augmented_spots_train_e200_b10_lr0.0001_s1,?|Iron_deformed_logtif.h5|224|224|1002176,3,0.9668286244074503,0.9359318614006042,0.7157848079999288,0.6255218982696533,0.6083263874053955
final_20260707-111849_twoouts_augmented_spots_train_e200_b10_lr0.0001_s1,?|Iron_deformed_logtif.h5|18|299|1307069,4,0.9653902649879456,0.9334450215101242,0.7141069173812866,0.6256416738033295,0.6114910066127777
final_20260707-111849_twoouts_augmented_spots_train_e200_b10_lr0.0001_s1,?|Ti7Al_logtif.h5|120|1102|427246,3,0.9757801294326782,0.9529250462849935,0.7225831945737203,0.6265984773635864,0.6168713450431824
final_20260707-111849_twoouts_augmented_spots_train_e200_b10_lr0.0001_s1,?|Iron_deformed_logtif.h5|217|497|2202296,4,0.9417288601398468,0.8929244428873062,0.6882946789264679,0.6267171055078506,0.6173498094081878
final_20260707-111849_twoouts_augmented_spots_train_e200_b10_lr0.0001_s1,?|Iron_deformed_logtif.h5|210|490|2115695,3,0.9653252363204956,0.9330423275629679,0.7106728156407675,0.6273262103398641,0.6168587327003479
final_20260707-111849_twoouts_augmented_spots_train_e200_b10_lr0.0001_s1,?|Iron_deformed_logtif.h5|259|539|2410871,4,0.9509167373180389,0.9078083783388138,0.6957174241542816,0.6275996416807175,0.6112017452716827
final_20260707-111849_twoouts_augmented_spots_train_e200_b10_lr0.0001_s1,?|Iron_deformed_logtif.h5|81|362|1554017,4,0.9505553990602493,0.9087395220994949,0.6949533671140671,0.6278010308742523,0.6231627523899078
final_20260707-111849_twoouts_augmented_spots_train_e200_b10_lr0.0001_s1,?|Iron_deformed_logtif.h5|189|189|785586,6,0.9446653624375662,0.8988373279571533,0.6886694133281708,0.6279979844888052,0.5923752784729004
final_20260707-111849_twoouts_augmented_spots_train_e200_b10_lr0.0001_s1,?|Ti7Al_logtif.h5|273|273|104028,4,0.9706792235374451,0.9436388909816742,0.7142657041549683,0.6282067596912384,0.6048568964004517
final_20260707-111849_twoouts_augmented_spots_train_e200_b10_lr0.0001_s1,?|Iron_deformed_logtif.h5|196|476|2048948,3,0.9656224648157755,0.9345872203509012,0.7091087102890015,0.6282568375269572,0.6097275495529175
final_20260707-111849_twoouts_augmented_spots_train_e200_b10_lr0.0001_s1,?|Iron_deformed_logtif.h5|15|295|1305345,3,0.9585896333058676,0.9213848312695821,0.7015247344970703,0.6285324494043986,0.6165261387825012
final_20260707-111849_twoouts_augmented_spots_train_e200_b10_lr0.0001_s1,?|Iron_deformed_logtif.h5|102|382|1609497,3,0.9528167247772217,0.9106021722157797,0.6955962379773458,0.6286102334658304,0.6190165877342224
final_20260707-111849_twoouts_augmented_spots_train_e200_b10_lr0.0001_s1,?|Iron_deformed_logtif.h5|15|15|66683,3,0.9511131246884664,0.9075041015942892,0.6937009493509928,0.6287061174710592,0.6178235888481141
final_20260707-111849_twoouts_augmented_spots_train_e200_b10_lr0.0001_s1,?|Iron_deformed_logtif.h5|60|340|1491296,3,0.9023598829905192,0.8271168073018392,0.6445704301198324,0.6288947264353434,0.619444465637207
final_20260707-111849_twoouts_augmented_spots_train_e200_b10_lr0.0001_s1,?|Iron_deformed_logtif.h5|135|135|484462,3,0.9559866388638815,0.9165760477383932,0.6980611880620321,0.6289627353350321,0.614789855480194
final_20260707-111849_twoouts_augmented_spots_train_e200_b10_lr0.0001_s1,?|Iron_deformed_logtif.h5|125|405|1675921,3,0.9670409162839254,0.9366652965545654,0.7084142764409384,0.629313329855601,0.6129715204238891
final_20260707-111849_twoouts_augmented_spots_train_e200_b10_lr0.0001_s1,?|Iron_deformed_logtif.h5|144|144|528465,3,0.9699724515279134,0.9433318972587585,0.7113118569056193,0.6293302973111471,0.6115423917770386
final_20260707-111849_twoouts_augmented_spots_train_e200_b10_lr0.0001_s1,?|Iron_deformed_logtif.h5|195|195|807221,3,0.9691889683405558,0.9407831430435181,0.7101494073867798,0.6295197804768881,0.613882577419281
final_20260707-111849_twoouts_augmented_spots_train_e200_b10_lr0.0001_s1,?|Al_big_grains_logtif.h5|481|5423|169747,3,0.9850034515062968,0.970646321773529,0.7247922023137411,0.6301056345303854,0.6260061860084534
final_20260707-111849_twoouts_augmented_spots_train_e200_b10_lr0.0001_s1,?|Iron_deformed_logtif.h5|249|527|2345175,4,0.9335141181945801,0.8775493651628494,0.6732071936130524,0.630153477191925,0.6128877580165863
final_20260707-111849_twoouts_augmented_spots_train_e200_b10_lr0.0001_s1,?|IN718_twins_logtif.h5|183|1559|134525,3,0.7411887248357137,0.6295817097028097,0.48077783981959027,0.6302054524421692,0.59114590883255
final_20260707-111849_twoouts_augmented_spots_train_e200_b10_lr0.0001_s1,?|Iron_deformed_logtif.h5|16|296|1305672,3,0.9665302435557047,0.9354648391405741,0.7055061062177023,0.6305120587348938,0.6093318700790405
final_20260707-111849_twoouts_augmented_spots_train_e200_b10_lr0.0001_s1,?|Iron_deformed_logtif.h5|192|472|2026576,3,0.9454935590426127,0.8995713194211324,0.6843341191609701,0.6305797100067139,0.6233156204223633
final_20260707-111849_twoouts_augmented_spots_train_e200_b10_lr0.0001_s1,?|Ti7Al_logtif.h5|868|868|355427,3,0.9628225564956665,0.9300199747085571,0.7011731465657552,0.6308247248331705,0.6118301630020142
final_20260707-111849_twoouts_augmented_spots_train_e200_b10_lr0.0001_s1,?|Iron_deformed_logtif.h5|188|188|784896,5,0.939926290512085,0.889241898059845,0.6778211236000061,0.6310525894165039,0.6239510297775268
final_20260707-111849_twoouts_augmented_spots_train_e200_b10_lr0.0001_s1,?|Iron_deformed_logtif.h5|13|13|63607,3,0.956668754418691,0.917942484219869,0.6938398480415344,0.6314144531885783,0.6242239713668823
final_20260707-111849_twoouts_augmented_spots_train_e200_b10_lr0.0001_s1,?|Iron_deformed_logtif.h5|241|521|2332675,5,0.954289722442627,0.9140814304351806,0.6914223551750183,0.631433653831482,0.6182308435440064
final_20260707-111849_twoouts_augmented_spots_train_e200_b10_lr0.0001_s1,?|Iron_deformed_logtif.h5|270|270|1208200,4,0.9692142605781555,0.940785750746727,0.7061167061328888,0.6315487325191498,0.6219623804092407
final_20260707-111849_twoouts_augmented_spots_train_e200_b10_lr0.0001_s1,?|Iron_deformed_logtif.h5|85|85|315186,5,0.9575273871421814,0.919825530052185,0.6941176772117614,0.6317048668861389,0.6112394332885742
final_20260707-111849_twoouts_augmented_spots_train_e200_b10_lr0.0001_s1,?|Iron_deformed_logtif.h5|123|403|1657222,3,0.9708937406539917,0.9443327784538269,0.7073596715927124,0.6317670345306396,0.623745059967041
final_20260707-111849_twoouts_augmented_spots_train_e200_b10_lr0.0001_s1,?|Iron_deformed_logtif.h5|77|357|1542926,6,0.9554938077926636,0.92124010125796,0.6917002697785696,0.6318967640399933,0.6182339489459991
final_20260707-111849_twoouts_augmented_spots_train_e200_b10_lr0.0001_s1,?|Iron_deformed_logtif.h5|229|229|1011112,4,0.93065345287323,0.8724195957183838,0.666783332824707,0.6319350302219391,0.6181988835334777
final_20260707-111849_twoouts_augmented_spots_train_e200_b10_lr0.0001_s1,?|Iron_deformed_logtif.h5|164|164|645795,3,0.9419449965159098,0.8927056988080343,0.6776594519615173,0.6321427623430887,0.6098710060119629
final_20260707-111849_twoouts_augmented_spots_train_e200_b10_lr0.0001_s1,?|Iron_deformed_logtif.h5|121|121|413884,3,0.9671776493390402,0.9367327690124512,0.7028627792994181,0.6321574250857035,0.6201752185821533
final_20260707-111849_twoouts_augmented_spots_train_e200_b10_lr0.0001_s1,?|Iron_deformed_logtif.h5|95|374|1574041,5,0.9606855988502503,0.924843168258667,0.6951591491699218,0.6327632308006287,0.6060625791549683
final_20260707-111849_twoouts_augmented_spots_train_e200_b10_lr0.0001_s1,?|Iron_deformed_logtif.h5|210|210|876585,5,0.9544917941093445,0.9136215448379517,0.6889366626739502,0.6327775597572327,0.607473349571228
final_20260707-111849_twoouts_augmented_spots_train_e200_b10_lr0.0001_s1,?|Iron_deformed_logtif.h5|252|532|2351102,3,0.9572234352429708,0.9189934929211935,0.6916336814562479,0.6327948768933614,0.6159478187561035
final_20260707-111849_twoouts_augmented_spots_train_e200_b10_lr0.0001_s1,?|Al_deformed_LoG_logtif.h5|16|50|760193,17,0.9722049621974721,0.9465487248757306,0.7060946261181551,0.633055164533503,0.6066930294036865
final_20260707-111849_twoouts_augmented_spots_train_e200_b10_lr0.0001_s1,?|Iron_deformed_logtif.h5|215|495|2158392,3,0.9567490816116333,0.917394737402598,0.690082848072052,0.6333331068356832,0.6230994462966919
final_20260707-111849_twoouts_augmented_spots_train_e200_b10_lr0.0001_s1,?|Iron_deformed_logtif.h5|33|313|1349905,6,0.9499408503373464,0.9060168067614237,0.6829129954179128,0.6335139274597168,0.6109452843666077
final_20260707-111849_twoouts_augmented_spots_train_e200_b10_lr0.0001_s1,?|Iron_deformed_logtif.h5|263|263|1188628,3,0.9508746266365051,0.908563474814097,0.6823922793070475,0.6342411835988363,0.6258224368095398
final_20260707-111849_twoouts_augmented_spots_train_e200_b10_lr0.0001_s1,?|Iron_deformed_logtif.h5|273|553|2451312,7,0.9290285195623126,0.875465452671051,0.6605408361979893,0.6342438459396362,0.599246346950531
final_20260707-111849_twoouts_augmented_spots_train_e200_b10_lr0.0001_s1,?|Iron_deformed_logtif.h5|193|473|2027590,3,0.9740992784500122,0.9500528772672018,0.70550403992335,0.6342975894610087,0.6216704368591308
final_20260707-111849_twoouts_augmented_spots_train_e200_b10_lr0.0001_s1,?|Al_deformed_LoG_logtif.h5|12|12|167848,21,0.9791383062090192,0.9596785250164214,0.7104903260866801,0.6343239971569606,0.6128933429718018
final_20260707-111849_twoouts_augmented_spots_train_e200_b10_lr0.0001_s1,?|Al_deformed_LoG_logtif.h5|3|3|20806,16,0.9824772030115128,0.9657933376729488,0.7138240598142147,0.6343265660107136,0.6049906015396118
final_20260707-111849_twoouts_augmented_spots_train_e200_b10_lr0.0001_s1,?|Iron_deformed_logtif.h5|1|281|1250417,3,0.918377697467804,0.8594837188720703,0.6495701670646667,0.6344037652015686,0.6164905786514282
final_20260707-111849_twoouts_augmented_spots_train_e200_b10_lr0.0001_s1,?|Iron_deformed_logtif.h5|39|319|1383099,3,0.9182726740837097,0.8528174559275309,0.648491621017456,0.6348905165990194,0.6036522388458252
final_20260707-111849_twoouts_augmented_spots_train_e200_b10_lr0.0001_s1,?|Iron_deformed_logtif.h5|53|333|1458032,4,0.9652422517538071,0.9329685270786285,0.6949994117021561,0.6351214200258255,0.6178539752960205
final_20260707-111849_twoouts_augmented_spots_train_e200_b10_lr0.0001_s1,?|Iron_deformed_logtif.h5|215|215|920107,3,0.9408738613128662,0.8899405002593994,0.6700212955474854,0.6354262630144755,0.6255566000938415
final_20260707-111849_twoouts_augmented_spots_train_e200_b10_lr0.0001_s1,?|Iron_deformed_logtif.h5|270|550|2449837,5,0.9647454977035522,0.9324298739433289,0.6936878442764283,0.635528814792633,0.5934306859970093
final_20260707-111849_twoouts_augmented_spots_train_e200_b10_lr0.0001_s1,?|Iron_deformed_logtif.h5|248|530|2345952,3,0.9632837375005087,0.9304679036140442,0.6920602718989054,0.6356117328008016,0.6267827749252319
final_20260707-111849_twoouts_augmented_spots_train_e200_b10_lr0.0001_s1,?|Iron_deformed_logtif.h5|235|515|2278776,3,0.9529874722162882,0.9115398327509562,0.6815825700759888,0.6357024510701498,0.6250672578811646
final_20260707-111849_twoouts_augmented_spots_train_e200_b10_lr0.0001_s1,?|Iron_deformed_logtif.h5|121|401|1655920,4,0.943985104560852,0.8958945125341415,0.6723784804344177,0.635803297162056,0.6212533056735993
final_20260707-111849_twoouts_augmented_spots_train_e200_b10_lr0.0001_s1,?|Iron_deformed_logtif.h5|100|100|360369,4,0.9685905575752258,0.9399938136339188,0.6969349980354309,0.6358277797698975,0.6219598948955536
final_20260707-111849_twoouts_augmented_spots_train_e200_b10_lr0.0001_s1,?|Iron_deformed_logtif.h5|194|474|2027962,3,0.9569920698801676,0.9183189868927002,0.6851520935694376,0.635919988155365,0.6231127977371216
final_20260707-111849_twoouts_augmented_spots_train_e200_b10_lr0.0001_s1,?|Iron_deformed_logtif.h5|44|44|162956,4,0.9589810222387314,0.9219116568565369,0.6868127435445786,0.6360841244459152,0.6176934719085694
final_20260707-111849_twoouts_augmented_spots_train_e200_b10_lr0.0001_s1,?|Al_big_grains_logtif.h5|1823|6767|209024,3,0.9738604029019674,0.9503373305002848,0.7014943758646647,0.6361830234527588,0.6127548456192017
final_20260707-111849_twoouts_augmented_spots_train_e200_b10_lr0.0001_s1,?|Iron_deformed_logtif.h5|34|34|111384,3,0.9610329667727152,0.9254957834879557,0.6872327327728271,0.6369001070658366,0.5959854245185852
final_20260707-111849_twoouts_augmented_spots_train_e200_b10_lr0.0001_s1,?|Iron_deformed_logtif.h5|278|278|1238536,5,0.9443079710006714,0.8958182692527771,0.6702192544937133,0.637044358253479,0.609878396987915
final_20260707-111849_twoouts_augmented_spots_train_e200_b10_lr0.0001_s1,?|Al_deformed_LoG_logtif.h5|4|38|471881,23,0.9785138809162638,0.9581796241843182,0.7043830700542616,0.63706541320552,0.6191554546356202
final_20260707-111849_twoouts_augmented_spots_train_e200_b10_lr0.0001_s1,?|Iron_deformed_logtif.h5|232|232|1020810,3,0.9494476318359375,0.9071789383888245,0.6750171581904093,0.637215256690979,0.6282667398452759
final_20260707-111849_twoouts_augmented_spots_train_e200_b10_lr0.0001_s1,?|Iron_deformed_logtif.h5|173|173|668050,4,0.940509170293808,0.8927766978740692,0.6644490361213684,0.6380300670862198,0.6064943075180054
final_20260707-111849_twoouts_augmented_spots_train_e200_b10_lr0.0001_s1,?|Iron_deformed_logtif.h5|61|341|1491473,3,0.963183065255483,0.9293079177538554,0.6868396997451782,0.6381716728210449,0.6211437225341797
final_20260707-111849_twoouts_augmented_spots_train_e200_b10_lr0.0001_s1,?|Iron_deformed_logtif.h5|17|297|1306370,4,0.9610553085803986,0.9254290461540222,0.6846893131732941,0.6381829977035522,0.6249758720397949
final_20260707-111849_twoouts_augmented_spots_train_e200_b10_lr0.0001_s1,?|Iron_deformed_logtif.h5|87|87|316193,3,0.9617897073427836,0.9271960258483887,0.6853861411412557,0.6382017930348715,0.6268893122673035
final_20260707-111849_twoouts_augmented_spots_train_e200_b10_lr0.0001_s1,?|Iron_deformed_logtif.h5|42|322|1394565,3,0.9482087095578512,0.903046190738678,0.6717889507611593,0.638209879398346,0.631813907623291
final_20260707-111849_twoouts_augmented_spots_train_e200_b10_lr0.0001_s1,?|Iron_deformed_logtif.h5|188|468|2024649,4,0.9661404937505722,0.9349260777235031,0.6896407157182693,0.638249859213829,0.6204744637012481
final_20260707-111849_twoouts_augmented_spots_train_e200_b10_lr0.0001_s1,?|Iron_deformed_logtif.h5|92|372|1572842,4,0.9646848142147064,0.9327722936868668,0.6881670355796814,0.6382589191198349,0.6229790627956391
final_20260707-111849_twoouts_augmented_spots_train_e200_b10_lr0.0001_s1,?|Iron_deformed_logtif.h5|58|58|242737,3,0.9608159263928732,0.9254299402236938,0.6837645173072815,0.6385256846745809,0.6186151146888733
final_20260707-111849_twoouts_augmented_spots_train_e200_b10_lr0.0001_s1,?|Iron_deformed_logtif.h5|163|443|1881181,3,0.9496144851048788,0.9057741363843282,0.6720346212387085,0.6387899518013,0.635412073135376
final_20260707-111849_twoouts_augmented_spots_train_e200_b10_lr0.0001_s1,?|Iron_deformed_logtif.h5|81|81|313835,4,0.9432978630065918,0.896273210644722,0.6647678017616272,0.6392650604248047,0.6307972311973572
final_20260707-111849_twoouts_augmented_spots_train_e200_b10_lr0.0001_s1,?|Iron_deformed_logtif.h5|27|307|1314638,3,0.9656062523523966,0.9340569376945496,0.6865020990371704,0.6395520766576132,0.6194361925125123
final_20260707-111849_twoouts_augmented_spots_train_e200_b10_lr0.0001_s1,?|Al_deformed_LoG_logtif.h5|3|37|469193,18,0.9788764814535776,0.95897309978803,0.6989967690573798,0.6399398512310452,0.6146121978759765
final_20260707-111849_twoouts_augmented_spots_train_e200_b10_lr0.0001_s1,?|Iron_deformed_logtif.h5|278|558|2479788,3,0.949747622013092,0.9056451718012491,0.6697090069452921,0.6400193174680074,0.6142366647720336
final_20260707-111849_twoouts_augmented_spots_train_e200_b10_lr0.0001_s1,?|Iron_deformed_logtif.h5|91|91|323387,3,0.9788220922152201,0.9586118658383688,0.6986382206281027,0.6400919357935587,0.6031201243400574
final_20260707-111849_twoouts_augmented_spots_train_e200_b10_lr0.0001_s1,?|Iron_deformed_logtif.h5|17|17|67353,5,0.966972541809082,0.9363225817680358,0.6863702297210693,0.6403011560440064,0.6306732416152954
final_20260707-111849_twoouts_augmented_spots_train_e200_b10_lr0.0001_s1,?|Iron_deformed_logtif.h5|129|409|1686682,3,0.9641215205192566,0.9313288927078247,0.6833546161651611,0.6403834223747253,0.6257923245429993
final_20260707-111849_twoouts_augmented_spots_train_e200_b10_lr0.0001_s1,?|Al_big_grains_logtif.h5|3202|3202|103431,3,0.8924229145050049,0.8177072405815125,0.6116018891334534,0.6404105027516683,0.6270036101341248
final_20260707-111849_twoouts_augmented_spots_train_e200_b10_lr0.0001_s1,?|Iron_deformed_logtif.h5|9|289|1260309,3,0.9562588334083557,0.9181506037712097,0.6753919124603271,0.6404334704081217,0.6342710971832275
final_20260707-111849_twoouts_augmented_spots_train_e200_b10_lr0.0001_s1,?|Iron_deformed_logtif.h5|14|14|64651,3,0.9412386218706766,0.8909848729769388,0.6603304545084635,0.640454113483429,0.6343452215194703
final_20260707-111849_twoouts_augmented_spots_train_e200_b10_lr0.0001_s1,?|Iron_deformed_logtif.h5|136|136|495861,4,0.9412548840045929,0.8901465982198715,0.6601011157035828,0.6405768692493439,0.6198371887207031
final_20260707-111849_twoouts_augmented_spots_train_e200_b10_lr0.0001_s1,?|Iron_deformed_logtif.h5|61|61|251104,6,0.9666853348414103,0.9363300601641337,0.6851912339528402,0.6407470405101776,0.6126062870025635
final_20260707-111849_twoouts_augmented_spots_train_e200_b10_lr0.0001_s1,?|Iron_deformed_logtif.h5|184|184|749244,3,0.9689029455184937,0.9405641555786133,0.6871054967244467,0.6408987243970236,0.6221097230911254
final_20260707-111849_twoouts_augmented_spots_train_e200_b10_lr0.0001_s1,?|Iron_deformed_logtif.h5|172|172|667669,5,0.964544928073883,0.932539987564087,0.6821733951568604,0.6411857724189758,0.6277711868286133
final_20260707-111849_twoouts_augmented_spots_train_e200_b10_lr0.0001_s1,?|Iron_deformed_logtif.h5|86|367|1556377,5,0.9594616651535034,0.92268967628479,0.6765447497367859,0.6414584636688232,0.6144043326377868
final_20260707-111849_twoouts_augmented_spots_train_e200_b10_lr0.0001_s1,?|Iron_deformed_logtif.h5|111|111|397455,4,0.9605272114276886,0.9256482869386673,0.676814392209053,0.6418564170598984,0.6178498029708862
final_20260707-111849_twoouts_augmented_spots_train_e200_b10_lr0.0001_s1,?|Iron_deformed_logtif.h5|129|129|446107,6,0.9606324930985769,0.9252016047636668,0.6768394311269125,0.6418965260187784,0.6221715807914734
final_20260707-111849_twoouts_augmented_spots_train_e200_b10_lr0.0001_s1,?|Iron_deformed_logtif.h5|131|411|1687350,7,0.9775407569749015,0.9562263148171561,0.6937325426510402,0.6419041156768799,0.6124163031578064
final_20260707-111849_twoouts_augmented_spots_train_e200_b10_lr0.0001_s1,?|Iron_deformed_logtif.h5|207|487|2110068,4,0.9580522626638412,0.9209785163402557,0.6742361038923264,0.6419080793857574,0.6183140456676484
final_20260707-111849_twoouts_augmented_spots_train_e200_b10_lr0.0001_s1,?|Iron_deformed_logtif.h5|46|46|183492,5,0.9511123418807983,0.9100725173950195,0.6661448121070862,0.6424837946891785,0.6168424844741821
final_20260707-111849_twoouts_augmented_spots_train_e200_b10_lr0.0001_s1,?|Iron_deformed_logtif.h5|272|272|1208818,6,0.9444516003131866,0.8954890171686808,0.6592063705126444,0.6426226198673248,0.6326909959316254
final_20260707-111849_twoouts_augmented_spots_train_e200_b10_lr0.0001_s1,?|Iron_deformed_logtif.h5|245|525|2343145,3,0.9528380632400513,0.9102621078491211,0.6662253936131796,0.643306314945221,0.6300174236297608
final_20260707-111849_twoouts_augmented_spots_train_e200_b10_lr0.0001_s1,?|Al_deformed_LoG_logtif.h5|17|17|318986,16,0.971832662820816,0.9455381222069263,0.6837244853377342,0.6440540924668312,0.6190734803676605
final_20260707-111849_twoouts_augmented_spots_train_e200_b10_lr0.0001_s1,?|Al_deformed_LoG_logtif.h5|20|54|805566,20,0.9596055775880814,0.9226188004016876,0.6713915646076203,0.6441070020198822,0.6276692688465119
final_20260707-111849_twoouts_augmented_spots_train_e200_b10_lr0.0001_s1,?|Iron_deformed_logtif.h5|67|347|1504401,4,0.9574197679758072,0.9194557368755341,0.6687317043542862,0.6443440169095993,0.6399688363075257
final_20260707-111849_twoouts_augmented_spots_train_e200_b10_lr0.0001_s1,?|Al_deformed_LoG_logtif.h5|16|16|316744,25,0.9795985889434814,0.9603592777252197,0.6907357716560364,0.6444314122200012,0.6233456373214722
final_20260707-111849_twoouts_augmented_spots_train_e200_b10_lr0.0001_s1,?|Iron_deformed_logtif.h5|197|197|812567,6,0.953667571147283,0.912922203540802,0.6644481221834818,0.6446097294489542,0.606841504573822
final_20260707-111849_twoouts_augmented_spots_train_e200_b10_lr0.0001_s1,?|Iron_deformed_logtif.h5|234|514|2272117,3,0.9590206543604533,0.9226887226104736,0.669732669989268,0.6446440021197001,0.6327056288719177
final_20260707-111849_twoouts_augmented_spots_train_e200_b10_lr0.0001_s1,?|Iron_deformed_logtif.h5|120|400|1655560,4,0.9448865652084351,0.8973957747220993,0.6555305421352386,0.6446780264377594,0.6377588450908661
final_20260707-111849_twoouts_augmented_spots_train_e200_b10_lr0.0001_s1,?|Iron_deformed_logtif.h5|191|191|786702,8,0.9612513110041618,0.9260348156094551,0.6717699021100998,0.6447407081723213,0.6118349134922028
final_20260707-111849_twoouts_augmented_spots_train_e200_b10_lr0.0001_s1,?|Iron_deformed_logtif.h5|159|159|624558,4,0.9585859477519989,0.9215552657842636,0.6689874082803726,0.6447992771863937,0.623129379749298
final_20260707-111849_twoouts_augmented_spots_train_e200_b10_lr0.0001_s1,?|Iron_deformed_logtif.h5|273|273|1210178,4,0.9343446642160416,0.879645898938179,0.6446566581726074,0.6448440104722977,0.6382744312286377
final_20260707-111849_twoouts_augmented_spots_train_e200_b10_lr0.0001_s1,?|Iron_deformed_logtif.h5|50|50|192409,3,0.9589215914408366,0.9215092460314432,0.6692279179890951,0.6448468367258707,0.6288944959640503
final_20260707-111849_twoouts_augmented_spots_train_e200_b10_lr0.0001_s1,?|Iron_deformed_logtif.h5|187|187|782942,3,0.9671324491500854,0.9368687669436137,0.6772441665331522,0.6449441115061442,0.6400531530380249
final_20260707-111849_twoouts_augmented_spots_train_e200_b10_lr0.0001_s1,?|Iron_deformed_logtif.h5|128|408|1686356,3,0.9668156504631042,0.9358304142951965,0.6768215099970499,0.6449970602989197,0.6385573267936706
final_20260707-111849_twoouts_augmented_spots_train_e200_b10_lr0.0001_s1,?|Iron_deformed_logtif.h5|88|368|1562446,4,0.9521820396184921,0.9103835225105286,0.6620686054229736,0.6450566947460175,0.6330960988998413
final_20260707-111849_twoouts_augmented_spots_train_e200_b10_lr0.0001_s1,?|Iron_deformed_logtif.h5|108|108|396384,3,0.9470609029134115,0.9023040533065796,0.6567555069923401,0.6451527078946432,0.6172768950462342
final_20260707-111849_twoouts_augmented_spots_train_e200_b10_lr0.0001_s1,?|Iron_deformed_logtif.h5|184|464|1988468,6,0.9575992921988169,0.9193786283334097,0.6671035786469778,0.6452478667100271,0.6305559873580933
final_20260707-111849_twoouts_augmented_spots_train_e200_b10_lr0.0001_s1,?|Iron_deformed_logtif.h5|22|302|1309528,4,0.95805923640728,0.9212377220392227,0.6675345748662949,0.6452623158693314,0.6345802962779998
final_20260707-111849_twoouts_augmented_spots_train_e200_b10_lr0.0001_s1,?|Iron_deformed_logtif.h5|161|441|1867701,4,0.9675740897655487,0.9386685639619827,0.6766945570707321,0.6454397588968277,0.6202341020107269
final_20260707-111849_twoouts_augmented_spots_train_e200_b10_lr0.0001_s1,?|Iron_deformed_logtif.h5|41|321|1394494,4,0.9687351584434509,0.9396021068096161,0.6774367243051529,0.6456492245197296,0.6251299023628235
final_20260707-111849_twoouts_augmented_spots_train_e200_b10_lr0.0001_s1,?|Al_deformed_LoG_logtif.h5|11|11|167555,19,0.9793916532867833,0.9599327131321556,0.6880347383649725,0.6456784574609054,0.628317904472351
final_20260707-111849_twoouts_augmented_spots_train_e200_b10_lr0.0001_s1,?|Iron_deformed_logtif.h5|176|176|671863,7,0.9634181175913129,0.9301031402179173,0.6719721300261361,0.6457229937825885,0.6166576266288757
final_20260707-111849_twoouts_augmented_spots_train_e200_b10_lr0.0001_s1,?|Iron_deformed_logtif.h5|116|396|1643737,4,0.9560583829879761,0.9170485436916351,0.664509505033493,0.6457744389772415,0.6121005654335022
final_20260707-111849_twoouts_augmented_spots_train_e200_b10_lr0.0001_s1,?|Al_deformed_LoG_logtif.h5|26|60|891702,23,0.9841330362402875,0.9692398257877516,0.6920689214830813,0.646032048308331,0.631864595413208
final_20260707-111849_twoouts_augmented_spots_train_e200_b10_lr0.0001_s1,?|Iron_deformed_logtif.h5|265|545|2432134,4,0.9612988978624344,0.9268772900104523,0.6690308749675751,0.6461340188980103,0.6276663780212403
final_20260707-111849_twoouts_augmented_spots_train_e200_b10_lr0.0001_s1,?|Iron_deformed_logtif.h5|187|467|2022761,4,0.9692168980836868,0.9407175779342651,0.676801010966301,0.6462079435586929,0.6120467185974121
final_20260707-111849_twoouts_augmented_spots_train_e200_b10_lr0.0001_s1,?|Iron_deformed_logtif.h5|153|433|1857995,4,0.9690237939357758,0.94028340280056,0.6753479242324829,0.6468379497528076,0.624917721748352
final_20260707-111849_twoouts_augmented_spots_train_e200_b10_lr0.0001_s1,?|Iron_deformed_logtif.h5|84|363|1554874,4,0.9446159452199936,0.8956869840621948,0.6503784209489822,0.6471187323331833,0.6328484416007996
final_20260707-111849_twoouts_augmented_spots_train_e200_b10_lr0.0001_s1,?|Iron_deformed_logtif.h5|228|228|1010103,3,0.9603174726168314,0.9247949520746866,0.6656750241915385,0.6473212043444315,0.6440288305282593
final_20260707-111849_twoouts_augmented_spots_train_e200_b10_lr0.0001_s1,?|Iron_deformed_logtif.h5|56|336|1461382,5,0.9548078894615173,0.9142274379730224,0.6600897789001465,0.6473590493202209,0.6222016215324402
final_20260707-111849_twoouts_augmented_spots_train_e200_b10_lr0.0001_s1,?|IN718_twins_logtif.h5|569|1947|167097,3,0.8594073057174683,0.8094812631607056,0.5644693871339163,0.6474689642588297,0.5893397569656372
final_20260707-111849_twoouts_augmented_spots_train_e200_b10_lr0.0001_s1,?|Iron_deformed_logtif.h5|21|21|68698,5,0.9528011202812194,0.9111870169639588,0.6578529477119446,0.6474740743637085,0.6243777990341186
final_20260707-111849_twoouts_augmented_spots_train_e200_b10_lr0.0001_s1,?|Iron_deformed_logtif.h5|123|123|415378,4,0.9627314805984497,0.9295746237039566,0.6675559133291245,0.6475877910852432,0.638016813993454
final_20260707-111849_twoouts_augmented_spots_train_e200_b10_lr0.0001_s1,?|Iron_deformed_logtif.h5|37|317|1382409,4,0.9647582769393921,0.9324686080217361,0.6692969799041748,0.6477306485176086,0.6402621984481811
final_20260707-111849_twoouts_augmented_spots_train_e200_b10_lr0.0001_s1,?|Iron_deformed_logtif.h5|198|478|2057750,4,0.9597489386796951,0.9229315221309662,0.6637836396694183,0.6479826420545578,0.6219525098800659
final_20260707-111849_twoouts_augmented_spots_train_e200_b10_lr0.0001_s1,?|Iron_deformed_logtif.h5|139|420|1763892,4,0.959818884730339,0.9267270117998123,0.6632059067487717,0.6483065187931061,0.6275735139846802
final_20260707-111849_twoouts_augmented_spots_train_e200_b10_lr0.0001_s1,?|Iron_deformed_logtif.h5|276|556|2461082,3,0.9563800891240438,0.9181718230247498,0.6591439843177795,0.6486180623372396,0.6454148292541504
final_20260707-111849_twoouts_augmented_spots_train_e200_b10_lr0.0001_s1,?|Al_deformed_LoG_logtif.h5|25|25|428596,12,0.9708439906438192,0.943838506937027,0.6734089056650797,0.648717537522316,0.6094940543174744
final_20260707-111849_twoouts_augmented_spots_train_e200_b10_lr0.0001_s1,?|Al_deformed_LoG_logtif.h5|20|20|362924,19,0.9726561684357492,0.947014011834797,0.6749283671379089,0.6488638865320306,0.6254483461380005
final_20260707-111849_twoouts_augmented_spots_train_e200_b10_lr0.0001_s1,?|Iron_deformed_logtif.h5|114|394|1643007,3,0.967591385046641,0.9375983874003092,0.6694503823916117,0.6490705013275146,0.6317681193351745
final_20260707-111849_twoouts_augmented_spots_train_e200_b10_lr0.0001_s1,?|Al_deformed_LoG_logtif.h5|0|34|461737,22,0.9825018129565499,0.9661927737972953,0.6840146996758201,0.649243560704318,0.6361387014389038
final_20260707-111849_twoouts_augmented_spots_train_e200_b10_lr0.0001_s1,?|Al_deformed_LoG_logtif.h5|14|48|626060,26,0.9681023428073297,0.9385763658927038,0.6688171579287603,0.6496425890005552,0.6285962760448456
final_20260707-111849_twoouts_augmented_spots_train_e200_b10_lr0.0001_s1,?|Iron_deformed_logtif.h5|144|424|1768990,4,0.9652841240167618,0.9342014640569687,0.6651248782873154,0.6500796228647232,0.6438704192638397
final_20260707-111849_twoouts_augmented_spots_train_e200_b10_lr0.0001_s1,?|Iron_deformed_logtif.h5|229|509|2250437,3,0.9664171934127808,0.93596879641215,0.6662133534749349,0.650101919968923,0.6478488922119141
final_20260707-111849_twoouts_augmented_spots_train_e200_b10_lr0.0001_s1,?|Al_deformed_LoG_logtif.h5|9|43|572797,19,0.9695883989334106,0.9415962288254186,0.6686483527484693,0.6504700121126676,0.620004940032959
final_20260707-111849_twoouts_augmented_spots_train_e200_b10_lr0.0001_s1,?|Al_deformed_LoG_logtif.h5|19|19|353769,17,0.9584484801572912,0.920729027074926,0.6572691482656142,0.6505896624396829,0.6343669414520263
final_20260707-111849_twoouts_augmented_spots_train_e200_b10_lr0.0001_s1,?|Al_big_grains_logtif.h5|1987|6931|214006,3,0.9787503878275553,0.9592380126317342,0.6771892507870992,0.6507805784543356,0.6345710754394531
final_20260707-111849_twoouts_augmented_spots_train_e200_b10_lr0.0001_s1,?|Iron_deformed_logtif.h5|190|190|785959,3,0.9646601478258768,0.9323699474334717,0.6622479756673177,0.6512060761451721,0.6388873815536499
final_20260707-111849_twoouts_augmented_spots_train_e200_b10_lr0.0001_s1,?|Iron_deformed_logtif.h5|67|67|264081,3,0.9647441307703654,0.9329870541890463,0.6617133021354675,0.6515153845151266,0.6286165356636048
final_20260707-111849_twoouts_augmented_spots_train_e200_b10_lr0.0001_s1,?|Iron_deformed_logtif.h5|98|98|344511,4,0.9481075406074524,0.9021835774183273,0.6449681371450424,0.6515697091817856,0.6432753682136536
final_20260707-111849_twoouts_augmented_spots_train_e200_b10_lr0.0001_s1,?|Iron_deformed_logtif.h5|65|65|262514,3,0.9693649411201477,0.9411390423774719,0.6654227574666342,0.6519710818926493,0.6350059986114502
final_20260707-111849_twoouts_augmented_spots_train_e200_b10_lr0.0001_s1,?|Iron_deformed_logtif.h5|55|55|220305,3,0.9606617291768392,0.9250735640525818,0.6564396619796753,0.6521110137303671,0.6304224491119385
final_20260707-111849_twoouts_augmented_spots_train_e200_b10_lr0.0001_s1,?|Iron_deformed_logtif.h5|128|128|445774,4,0.9718859493732452,0.945461705327034,0.6674723923206329,0.652206763625145,0.6348408639431
final_20260707-111849_twoouts_augmented_spots_train_e200_b10_lr0.0001_s1,?|Al_big_grains_logtif.h5|4294|9239|295394,3,0.9770125150680542,0.9569604992866516,0.6725338896115621,0.6522393226623535,0.6342029571533203
final_20260707-111849_twoouts_augmented_spots_train_e200_b10_lr0.0001_s1,?|Iron_deformed_logtif.h5|124|404|1669194,3,0.9609691898028055,0.9257388512293497,0.6557547450065613,0.6526072025299072,0.6444117903709412
final_20260707-111849_twoouts_augmented_spots_train_e200_b10_lr0.0001_s1,?|Al_deformed_LoG_logtif.h5|33|33|445437,25,0.9701018404960632,0.9425039601325989,0.6647880983352661,0.6526568675041199,0.6133550047874451
final_20260707-111849_twoouts_augmented_spots_train_e200_b10_lr0.0001_s1,?|Iron_deformed_logtif.h5|22|22|70041,3,0.9606224298477173,0.9250565568606058,0.6552234490712484,0.6526995102564493,0.6481069803237915
final_20260707-111849_twoouts_augmented_spots_train_e200_b10_lr0.0001_s1,?|Iron_deformed_logtif.h5|98|378|1584909,3,0.9452800154685974,0.8974223136901855,0.639320433139801,0.6529797911643982,0.6440988183021545
final_20260707-111849_twoouts_augmented_spots_train_e200_b10_lr0.0001_s1,?|Iron_deformed_logtif.h5|23|23|70379,3,0.9380960265795389,0.8877538839975992,0.6311820348103842,0.6534570256868998,0.640818989276886
final_20260707-111849_twoouts_augmented_spots_train_e200_b10_lr0.0001_s1,?|Al_deformed_LoG_logtif.h5|8|42|510785,24,0.9670623491207758,0.9369808162252108,0.659248928229014,0.6539067129294077,0.6305929660797119
final_20260707-111849_twoouts_augmented_spots_train_e200_b10_lr0.0001_s1,?|Al_deformed_LoG_logtif.h5|17|51|763114,23,0.96591942206673,0.9345490621483844,0.6580552588338437,0.6539320790249369,0.63039071559906
final_20260707-111849_twoouts_augmented_spots_train_e200_b10_lr0.0001_s1,?|Iron_deformed_logtif.h5|138|138|519077,4,0.9615601301193237,0.9275576919317245,0.6536717563867569,0.6539441645145416,0.6281626403331757
final_20260707-111849_twoouts_augmented_spots_train_e200_b10_lr0.0001_s1,?|Al_deformed_LoG_logtif.h5|7|41|510550,15,0.950182843208313,0.9055419762929281,0.6418745040893554,0.6541541735331218,0.6367875814437867
final_20260707-111849_twoouts_augmented_spots_train_e200_b10_lr0.0001_s1,?|Iron_deformed_logtif.h5|143|143|525365,3,0.9680271744728088,0.938914159933726,0.65861709912618,0.6547050277392069,0.6435011625289917
final_20260707-111849_twoouts_augmented_spots_train_e200_b10_lr0.0001_s1,?|Iron_deformed_logtif.h5|136|416|1735423,3,0.9623570044835409,0.9276851614316305,0.6528740326563517,0.6547414660453796,0.6462962865829468
final_20260707-111849_twoouts_augmented_spots_train_e200_b10_lr0.0001_s1,?|Al_deformed_LoG_logtif.h5|4|4|23047,17,0.9782974614816553,0.957944344071781,0.6681468101108775,0.6550753221792334,0.6188933610916137
final_20260707-111849_twoouts_augmented_spots_train_e200_b10_lr0.0001_s1,?|Iron_deformed_logtif.h5|272|552|2450634,7,0.9595253126961845,0.9231763056346348,0.6475567987986973,0.655984239918845,0.6330741882324219
final_20260707-111849_twoouts_augmented_spots_train_e200_b10_lr0.0001_s1,?|Iron_deformed_logtif.h5|89|89|322664,5,0.9657178401947022,0.9349302887916565,0.6533461689949036,0.6561858177185058,0.6421338796615601
final_20260707-111849_twoouts_augmented_spots_train_e200_b10_lr0.0001_s1,?|Iron_deformed_logtif.h5|181|461|1951519,3,0.955254058043162,0.9153653780619303,0.6416956583658854,0.6567791700363159,0.6177982449531555
final_20260707-111849_twoouts_augmented_spots_train_e200_b10_lr0.0001_s1,?|Iron_deformed_logtif.h5|5|5|17872,5,0.9439074873924256,0.896336305141449,0.6284672021865845,0.6577201366424561,0.6096861720085144
final_20260707-111849_twoouts_augmented_spots_train_e200_b10_lr0.0001_s1,?|Al_deformed_LoG_logtif.h5|10|10|167252,17,0.9806469678878784,0.9626440826584312,0.6647818894947276,0.6579325339373421,0.6143743515014648
final_20260707-111849_twoouts_augmented_spots_train_e200_b10_lr0.0001_s1,?|Iron_logtif.h5|3842|11538|1017745,3,0.9704766273498535,0.9431847532590231,0.6516929070154825,0.6593918601671854,0.6432910203933716
final_20260707-111849_twoouts_augmented_spots_train_e200_b10_lr0.0001_s1,?|Al_deformed_LoG_logtif.h5|7|7|54476,19,0.9561583682110435,0.916843687233172,0.6346593812892312,0.6607494856181898,0.6344072341918945
final_20260707-111849_twoouts_augmented_spots_train_e200_b10_lr0.0001_s1,?|Al_deformed_LoG_logtif.h5|8|8|54671,22,0.9461268592964519,0.8988430581309579,0.6231111504814841,0.6615078503435309,0.6396581530570984
final_20260707-111849_twoouts_augmented_spots_train_e200_b10_lr0.0001_s1,?|Iron_deformed_logtif.h5|275|555|2456737,5,0.9537538647651672,0.912484347820282,0.6306012630462646,0.6615763068199157,0.6442352533340454
final_20260707-111849_twoouts_augmented_spots_train_e200_b10_lr0.0001_s1,?|Al_deformed_LoG_logtif.h5|30|65|895940,22,0.9671447466720234,0.9367667870088057,0.6437984623692252,0.661673142151399,0.6261946558952332
final_20260707-111849_twoouts_augmented_spots_train_e200_b10_lr0.0001_s1,?|Al_deformed_LoG_logtif.h5|15|49|716420,28,0.9753813339131219,0.9523206587348666,0.6510789330516543,0.6621511940445218,0.6284532368183136
final_20260707-111849_twoouts_augmented_spots_train_e200_b10_lr0.0001_s1,?|Al_deformed_LoG_logtif.h5|11|45|606718,21,0.9818248181116014,0.964498275802249,0.6572391362417311,0.662292846611568,0.6271281838417053
final_20260707-111849_twoouts_augmented_spots_train_e200_b10_lr0.0001_s1,?|Al_deformed_LoG_logtif.h5|10|44|606472,28,0.97813994543893,0.9575317118849073,0.6532774312155587,0.6624312592404229,0.6112147808074951
final_20260707-111849_twoouts_augmented_spots_train_e200_b10_lr0.0001_s1,?|Al_deformed_LoG_logtif.h5|6|40|510321,24,0.9434021462996801,0.8941088517506918,0.6183527981241544,0.6625246678789457,0.6364030003547668
final_20260707-111849_twoouts_augmented_spots_train_e200_b10_lr0.0001_s1,?|Iron_deformed_logtif.h5|11|291|1277433,3,0.9684890906016032,0.9394648869832357,0.6433624227841696,0.6625633438428243,0.6555525064468384
final_20260707-111849_twoouts_augmented_spots_train_e200_b10_lr0.0001_s1,?|Al_deformed_LoG_logtif.h5|14|14|188210,20,0.9648031711578369,0.9324598878622055,0.6390519201755523,0.66287562251091,0.6319833397865295
final_20260707-111849_twoouts_augmented_spots_train_e200_b10_lr0.0001_s1,?|Iron_deformed_logtif.h5|216|496|2201946,4,0.9574321359395981,0.918962374329567,0.6300690919160843,0.6636815220117569,0.6431782305240631
final_20260707-111849_twoouts_augmented_spots_train_e200_b10_lr0.0001_s1,?|Iron_deformed_logtif.h5|56|56|220626,3,0.9545696179072062,0.9141085545221964,0.6264461477597555,0.6640617450078329,0.6448481559753418
final_20260707-111849_twoouts_augmented_spots_train_e200_b10_lr0.0001_s1,?|Al_deformed_LoG_logtif.h5|19|53|795248,19,0.9704098732847917,0.9430369264201114,0.6420225814769143,0.6641936553151984,0.6350984334945678
final_20260707-111849_twoouts_augmented_spots_train_e200_b10_lr0.0001_s1,?|Iron_deformed_logtif.h5|127|127|436075,9,0.9641097055541145,0.9316403799586825,0.635496073298984,0.6643068260616727,0.6440186738967896
final_20260707-111849_twoouts_augmented_spots_train_e200_b10_lr0.0001_s1,?|Iron_deformed_logtif.h5|55|334|1461026,3,0.9521662394205729,0.9093828996022543,0.6233481367429098,0.6644090811411539,0.6533727169036865
final_20260707-111849_twoouts_augmented_spots_train_e200_b10_lr0.0001_s1,?|Al_deformed_LoG_logtif.h5|9|9|125856,30,0.9766610105832417,0.954759830236435,0.6469018538792928,0.6648795704046885,0.6336183369159698
final_20260707-111849_twoouts_augmented_spots_train_e200_b10_lr0.0001_s1,?|Al_deformed_LoG_logtif.h5|32|64|895895,23,0.975898019645525,0.9532298238381095,0.6455790530080381,0.6651594949805218,0.6330935835838318
final_20260707-111849_twoouts_augmented_spots_train_e200_b10_lr0.0001_s1,?|Al_deformed_LoG_logtif.h5|18|18|337193,18,0.9705409506956736,0.9433275891674889,0.6401261157459683,0.6652074191305373,0.6228463232517243
final_20260707-111849_twoouts_augmented_spots_train_e200_b10_lr0.0001_s1,?|Al_deformed_LoG_logtif.h5|22|56|838484,30,0.963324119647344,0.929799743493398,0.6323716402053833,0.665476244688034,0.6441247045993805
final_20260707-111849_twoouts_augmented_spots_train_e200_b10_lr0.0001_s1,?|Iron_deformed_logtif.h5|103|383|1609828,5,0.9549666762351989,0.9145879507064819,0.6233255624771118,0.6658205509185791,0.6432089686393738
final_20260707-111849_twoouts_augmented_spots_train_e200_b10_lr0.0001_s1,?|Iron_deformed_logtif.h5|57|337|1461804,3,0.9673003355662028,0.9373302857081095,0.6356184085210165,0.6658409635225931,0.6297286510467529
final_20260707-111849_twoouts_augmented_spots_train_e200_b10_lr0.0001_s1,?|Al_deformed_LoG_logtif.h5|25|59|878905,16,0.9680604562163353,0.9384975954890251,0.6343615651130676,0.6668494381010532,0.6349608898162842
final_20260707-111849_twoouts_augmented_spots_train_e200_b10_lr0.0001_s1,?|Al_deformed_LoG_logtif.h5|29|63|895675,13,0.9648495270655706,0.9324849339631888,0.6310755885564364,0.6668869577921354,0.6461048126220703
final_20260707-111849_twoouts_augmented_spots_train_e200_b10_lr0.0001_s1,?|Iron_deformed_logtif.h5|246|526|2344537,5,0.9416090488433838,0.8907613396644593,0.607243287563324,0.6671828746795654,0.6388798117637634
final_20260707-111849_twoouts_augmented_spots_train_e200_b10_lr0.0001_s1,?|Al_deformed_LoG_logtif.h5|29|29|444632,28,0.9643253215721675,0.9315803476742336,0.6296971972499575,0.667314058967999,0.6339407920837402
final_20260707-111849_twoouts_augmented_spots_train_e200_b10_lr0.0001_s1,?|Al_deformed_LoG_logtif.h5|6|6|54274,27,0.9581913992210671,0.9203133075325577,0.6222025729991771,0.6679944109033655,0.642963194847107
final_20260707-111849_twoouts_augmented_spots_train_e200_b10_lr0.0001_s1,?|Iron_deformed_logtif.h5|101|101|361413,5,0.9737256288528442,0.9495460987091064,0.6372782945632934,0.6682236552238464,0.6555022239685059
final_20260707-111849_twoouts_augmented_spots_train_e200_b10_lr0.0001_s1,?|Al_deformed_LoG_logtif.h5|5|5|30687,25,0.9623344564437866,0.9278794765472412,0.6246661949157715,0.668834125995636,0.6385324597358704
final_20260707-111849_twoouts_augmented_spots_train_e200_b10_lr0.0001_s1,?|Al_deformed_LoG_logtif.h5|32|32|445244,19,0.9771654762719807,0.955496515098371,0.6386308372020721,0.6692673156135961,0.6173393726348877
final_20260707-111849_twoouts_augmented_spots_train_e200_b10_lr0.0001_s1,?|Al_deformed_LoG_logtif.h5|33|67|896466,26,0.9657610540206616,0.9340714055758256,0.6209249473535098,0.6724180579185486,0.6497750282287598
final_20260707-111849_twoouts_augmented_spots_train_e200_b10_lr0.0001_s1,?|Al_deformed_LoG_logtif.h5|27|27|443830,20,0.9661386281251907,0.9350318223237991,0.6196742221713066,0.6732321947813034,0.6139854192733765
final_20260707-111849_twoouts_augmented_spots_train_e200_b10_lr0.0001_s1,?|Al_deformed_LoG_logtif.h5|18|52|779675,19,0.9612762112366525,0.9262810663173073,0.6148108667448947,0.6732326651874342,0.630939269065857
final_20260707-111849_twoouts_augmented_spots_train_e200_b10_lr0.0001_s1,?|Al_segvol.h5|4499|4499|24632,3,0.9916557669639587,0.9834912816683451,0.6449156602223715,0.6733700434366862,0.6508062243461609
final_20260707-111849_twoouts_augmented_spots_train_e200_b10_lr0.0001_s1,?|Al_deformed_LoG_logtif.h5|12|46|607012,28,0.9763488812105996,0.9540074403796878,0.6279908674103873,0.6741790005138942,0.6467529654502868
final_20260707-111849_twoouts_augmented_spots_train_e200_b10_lr0.0001_s1,?|Al_deformed_LoG_logtif.h5|30|30|444908,14,0.968274495431355,0.9388278467314584,0.6190976670810154,0.6745884205613818,0.6423130631446838
final_20260707-111849_twoouts_augmented_spots_train_e200_b10_lr0.0001_s1,?|Iron_deformed_logtif.h5|238|518|2313516,3,0.9703779617945353,0.942687471707662,0.6206578214963278,0.6748600800832113,0.6720576167106629
final_20260707-111849_twoouts_augmented_spots_train_e200_b10_lr0.0001_s1,?|Al_deformed_LoG_logtif.h5|24|24|428139,22,0.9735025492581454,0.9488696483048525,0.6233790151097558,0.6750617677515204,0.6358773648738861
final_20260707-111849_twoouts_augmented_spots_train_e200_b10_lr0.0001_s1,?|Iron_deformed_logtif.h5|127|407|1676778,4,0.9521887898445129,0.9095317423343658,0.601514995098114,0.6753368824720383,0.6554498672485352
final_20260707-111849_twoouts_augmented_spots_train_e200_b10_lr0.0001_s1,?|Al_deformed_LoG_logtif.h5|27|61|894788,23,0.9619385833325593,0.9274211888727935,0.6080890427465024,0.6769247677015222,0.6464868783950806
final_20260707-111849_twoouts_augmented_spots_train_e200_b10_lr0.0001_s1,?|Al_deformed_LoG_logtif.h5|15|15|275101,28,0.972892512168203,0.9474847316741943,0.6146756964070457,0.6791084068162101,0.6408221960067749
final_20260707-111849_twoouts_augmented_spots_train_e200_b10_lr0.0001_s1,?|Iron_deformed_logtif.h5|178|458|1910882,4,0.9707854688167572,0.9435839354991913,0.6121818274259567,0.6793018281459808,0.6542249262332916
final_20260707-111849_twoouts_augmented_spots_train_e200_b10_lr0.0001_s1,?|Al_deformed_LoG_logtif.h5|22|22|390231,24,0.9665232375264168,0.935627448062102,0.6068957398335139,0.679813747604688,0.6514165699481964
final_20260707-111849_twoouts_augmented_spots_train_e200_b10_lr0.0001_s1,?|IN718_twins_logtif.h5|518|1895|162872,3,0.995457649230957,0.9909841020901998,0.6322018106778463,0.681627889474233,0.6713925123214721
final_20260707-111849_twoouts_augmented_spots_train_e200_b10_lr0.0001_s1,?|Al_deformed_LoG_logtif.h5|24|58|878465,20,0.9756106913089753,0.952674463391304,0.6036222726106644,0.6859941989183426,0.628457373380661
final_20260707-111849_twoouts_augmented_spots_train_e200_b10_lr0.0001_s1,?|Al_deformed_LoG_logtif.h5|5|39|481387,20,0.9672819405794144,0.9371000111103058,0.5951371610164642,0.686072388291359,0.6445990622043609
final_20260707-111849_twoouts_augmented_spots_train_e200_b10_lr0.0001_s1,?|IN718_twins_logtif.h5|909|2288|195464,3,0.9897802472114563,0.9800146619478861,0.6020654837290446,0.6938573916753134,0.6804865002632141
final_20260707-111849_twoouts_augmented_spots_train_e200_b10_lr0.0001_s1,?|IN718_twins_logtif.h5|333|333|29388,3,0.9965214530626932,0.993087371190389,0.604144811630249,0.6961883107821146,0.6816399216651916
final_20260707-111849_twoouts_augmented_spots_train_e200_b10_lr0.0001_s1,?|IN718_twins_logtif.h5|612|612|50032,3,0.9910681247711182,0.9825015068054199,0.5924817522366842,0.6992931564648946,0.663003122806549
final_20260707-111849_twoouts_augmented_spots_train_e200_b10_lr0.0001_s1,?|Al_segvol.h5|2597|2597|14315,3,0.9809818665186564,0.9629990061124166,0.5780091285705566,0.7014863689740499,0.680525267124176
final_20260707-111849_twoouts_augmented_spots_train_e200_b10_lr0.0001_s1,?|IN718_twins_logtif.h5|703|2081|178440,3,0.9958828290303549,0.991829494635264,0.5885059634844462,0.7036884427070618,0.6764756321907044
final_20260707-111849_twoouts_augmented_spots_train_e200_b10_lr0.0001_s1,?|IN718_twins_logtif.h5|929|929|76478,3,0.9869725902875265,0.9747773210207621,0.5735863248507181,0.7066931327184042,0.6714096665382385
final_20260707-111849_twoouts_augmented_spots_train_e200_b10_lr0.0001_s1,?|IN718_twins_logtif.h5|1224|1224|103276,3,0.9967909256617228,0.9936142365137736,0.5780844688415527,0.7093532085418701,0.6976926565170288
final_20260707-111849_twoouts_augmented_spots_train_e200_b10_lr0.0001_s1,?|IN718_twins_logtif.h5|1066|2443|209241,3,0.9992109934488932,0.998423437277476,0.5781970421473185,0.7105070153872172,0.6972374796867371
final_20260707-111849_twoouts_augmented_spots_train_e200_b10_lr0.0001_s1,?|IN718_twins_logtif.h5|692|692|58235,3,0.9976090987523397,0.9952408274014791,0.57515021165212,0.7112294435501099,0.7021809339523315
final_20260707-111849_twoouts_augmented_spots_train_e200_b10_lr0.0001_s1,?|IN718_twins_logtif.h5|813|2190|188254,3,0.9979038834571838,0.9958179990450541,0.5670929551124573,0.7154054641723633,0.6974502325057983
final_20260707-111849_twoouts_augmented_spots_train_e200_b10_lr0.0001_s1,?|IN718_twins_logtif.h5|216|1595|136423,3,0.9972867170969645,0.9945904016494751,0.5659732222557068,0.7156567374865214,0.7014290809631347
final_20260707-111849_twoouts_augmented_spots_train_e200_b10_lr0.0001_s1,?|IN718_twins_logtif.h5|1082|2459|210603,3,0.9935094118118286,0.9871716300646464,0.5600207646687826,0.7167443235715231,0.6680076718330383
final_20260707-111849_twoouts_augmented_spots_train_e200_b10_lr0.0001_s1,?|IN718_twins_logtif.h5|108|1486|128639,3,0.9978424906730652,0.9956990480422974,0.5599060654640198,0.7189682324727377,0.7151774644851685
final_20260707-111849_twoouts_augmented_spots_train_e200_b10_lr0.0001_s1,?|IN718_twins_logtif.h5|343|1722|148837,3,0.9966948628425598,0.9934238195419312,0.5491089820861816,0.7237929503122965,0.6803318738937378
final_20260707-111849_twoouts_augmented_spots_train_e200_b10_lr0.0001_s1,?|IN718_twins_logtif.h5|885|885|73830,4,0.9946193695068359,0.9893300831317902,0.542370468378067,0.7261244356632233,0.7012923300266266
final_20260707-111849_twoouts_augmented_spots_train_e200_b10_lr0.0001_s1,?|IN718_twins_logtif.h5|425|1801|157178,3,0.9936860402425131,0.9874863425890604,0.5292667349179586,0.7322096625963846,0.6905378580093384
final_20260707-111849_twoouts_augmented_spots_train_e200_b10_lr0.0001_s1,?|IN718_twins_logtif.h5|1278|1278|108160,3,0.9989321827888489,0.9978675842285156,0.5337078074614207,0.732612152894338,0.6840588808059692
final_20260707-111849_twoouts_augmented_spots_train_e200_b10_lr0.0001_s1,?|IN718_twins_logtif.h5|483|1861|159477,3,0.9935174584388733,0.9871848622957865,0.5149270991484324,0.7392951846122742,0.7049139261245727
final_20260707-111849_twoouts_augmented_spots_train_e200_b10_lr0.0001_s1,?|IN718_twins_logtif.h5|1271|2649|226498,3,0.9937299887339274,0.9875755906105042,0.5025101105372111,0.7456099390983582,0.7265373945236206
final_20260707-111849_twoouts_augmented_spots_train_e200_b10_lr0.0001_s1,?|IN718_twins_logtif.h5|825|2202|189095,3,0.9964737097422282,0.9929909706115723,0.5052500168482462,0.7456118663152059,0.7426870346069336
final_20260707-111849_twoouts_augmented_spots_train_e200_b10_lr0.0001_s1,?|IN718_twins_logtif.h5|322|1698|147131,3,0.9976490338643392,0.9953192869822184,0.4984202980995178,0.7496143380800883,0.7423518657684326
final_20260717-084426_augmented_spots_train_e200_b10_lr0.0001_s1,?|Ti7Al_logtif.h5|474|1457|604880,3,0.5639825860659281,0.4733656148115794,0.1611900975306829,0.7013962268829346,0.648696756362915
final_20260717-084426_augmented_spots_train_e200_b10_lr0.0001_s1,?|Ti7Al_logtif.h5|765|1748|716846,3,0.5459522306919098,0.4649428327878316,0.12161383777856827,0.7121692101160685,0.6908528566360473
final_20260717-084426_augmented_spots_train_e200_b10_lr0.0001_s1,?|Ti7Al_logtif.h5|661|1643|680280,3,0.5546890695889791,0.4464711944262187,0.09469163169463475,0.7299987077713013,0.67966730594635
final_20260717-084426_augmented_spots_train_e200_b10_lr0.0001_s1,?|Ti7Al_logtif.h5|725|1707|707156,3,0.6097842256228129,0.5271200637022654,0.1404868165651957,0.7346486846605936,0.6894020795822143
final_20260717-084426_augmented_spots_train_e200_b10_lr0.0001_s1,?|Ti7Al_logtif.h5|737|737|318628,3,0.6598576505978903,0.5430588821570078,0.17535953720410666,0.742249071598053,0.6448957204818726
final_20260717-084426_augmented_spots_train_e200_b10_lr0.0001_s1,?|Ti7Al_logtif.h5|868|868|355427,3,0.6516858140627543,0.5805834631125132,0.16028234486778578,0.7457017103830973,0.6469672679901123
final_20260717-084426_augmented_spots_train_e200_b10_lr0.0001_s1,?|Iron_deformed_logtif.h5|184|184|749244,3,0.6150802175203959,0.5366996725400289,0.1150915597875913,0.7499943375587463,0.7216699957847595
final_20260717-084426_augmented_spots_train_e200_b10_lr0.0001_s1,?|Ti7Al_logtif.h5|800|1782|729836,3,0.6068743765354156,0.5079928437868754,0.08463680495818456,0.7611187895139059,0.6954014301300049
final_20260717-084426_augmented_spots_train_e200_b10_lr0.0001_s1,?|Iron_deformed_logtif.h5|167|447|1896154,3,0.6537741621335348,0.568557878335317,0.12005101144313812,0.7668615778287252,0.669168758392334
final_20260717-084426_augmented_spots_train_e200_b10_lr0.0001_s1,?|Iron_deformed_logtif.h5|230|510|2253954,4,0.5884896367788315,0.5296771675348282,0.05123971216380596,0.768624946475029,0.7095830261707305
final_20260717-084426_augmented_spots_train_e200_b10_lr0.0001_s1,?|Iron_deformed_logtif.h5|235|235|1039802,3,0.6507281064987183,0.565601646900177,0.11034104476372401,0.7701935370763143,0.7036131143569946
final_20260717-084426_augmented_spots_train_e200_b10_lr0.0001_s1,?|Iron_deformed_logtif.h5|274|274|1211311,3,0.7110550006230673,0.5783521135648092,0.15477179487546286,0.7781416177749634,0.6616497755050659
final_20260717-084426_augmented_spots_train_e200_b10_lr0.0001_s1,?|Ti7Al_logtif.h5|951|951|378424,6,0.6535837948322296,0.5774903992811838,0.09583042996625106,0.7788766920566559,0.6450317203998566
final_20260717-084426_augmented_spots_train_e200_b10_lr0.0001_s1,?|Ti7Al_logtif.h5|674|1655|690234,3,0.6769143144289652,0.5909281174341837,0.11197764178117116,0.782468318939209,0.7385947942733765
final_20260717-084426_augmented_spots_train_e200_b10_lr0.0001_s1,?|Ti7Al_logtif.h5|593|593|265156,3,0.6907125612099966,0.5906787316004435,0.1185347984234492,0.7860888838768005,0.697842025756836
final_20260717-084426_augmented_spots_train_e200_b10_lr0.0001_s1,?|Iron_deformed_logtif.h5|172|172|667669,5,0.7387975096702576,0.6220670104026794,0.15984633862972258,0.7894755959510803,0.7275032639503479
final_20260717-084426_augmented_spots_train_e200_b10_lr0.0001_s1,?|Iron_deformed_logtif.h5|167|167|658994,3,0.6388563414414724,0.5970508952935537,0.059361069152752556,0.7897476156552633,0.7099071621894837
final_20260717-084426_augmented_spots_train_e200_b10_lr0.0001_s1,?|Iron_deformed_logtif.h5|60|340|1491296,3,0.700711727142334,0.5634674231211344,0.11866246660550435,0.7910246253013611,0.7533166527748107
final_20260717-084426_augmented_spots_train_e200_b10_lr0.0001_s1,?|Iron_deformed_logtif.h5|252|532|2351102,3,0.7205018798510233,0.6527130603790283,0.13610836180547872,0.7921967506408691,0.6880883693695068
final_20260717-084426_augmented_spots_train_e200_b10_lr0.0001_s1,?|Iron_deformed_logtif.h5|77|357|1542926,6,0.7103318671385447,0.6199740469455719,0.11174083625276883,0.7992955148220062,0.732822448015213
final_20260717-084426_augmented_spots_train_e200_b10_lr0.0001_s1,?|Ti7Al_logtif.h5|485|485|220991,3,0.6238266925017039,0.5610720018545786,0.023317441654702026,0.8002546230951945,0.724605917930603
final_20260717-084426_augmented_spots_train_e200_b10_lr0.0001_s1,?|Ti7Al_logtif.h5|331|331|117248,3,0.6925976872444153,0.5890233516693115,0.09062740703423817,0.8009851376215616,0.7381026864051818
final_20260717-084426_augmented_spots_train_e200_b10_lr0.0001_s1,?|Iron_deformed_logtif.h5|217|497|2202296,4,0.7177087068557739,0.611586406826973,0.11031469702720642,0.8036970049142838,0.7510569632053375
final_20260717-084426_augmented_spots_train_e200_b10_lr0.0001_s1,?|Ti7Al_logtif.h5|244|1226|477357,3,0.7214910586675009,0.6216828227043152,0.11317533254623413,0.8041578531265259,0.7198032855987548
final_20260717-084426_augmented_spots_train_e200_b10_lr0.0001_s1,?|Iron_deformed_logtif.h5|164|164|645795,3,0.7957217693328857,0.6919817725817362,0.18725897868474325,0.8042314052581787,0.7882575869560242
final_20260717-084426_augmented_spots_train_e200_b10_lr0.0001_s1,?|Ti7Al_logtif.h5|900|1881|752712,3,0.6795697808265686,0.6083245277404785,0.06893898298343022,0.8053154150644938,0.7413644313812255
final_20260717-084426_augmented_spots_train_e200_b10_lr0.0001_s1,?|Iron_deformed_logtif.h5|232|232|1020810,3,0.7706798315048218,0.6446348230044047,0.1592413696149985,0.8057192166646322,0.709601354598999
final_20260717-084426_augmented_spots_train_e200_b10_lr0.0001_s1,?|Ti7Al_logtif.h5|502|502|226160,3,0.7225469350814819,0.5808120369911194,0.11028760174910228,0.8061296542485555,0.7129842877388001
final_20260717-084426_augmented_spots_train_e200_b10_lr0.0001_s1,?|Iron_deformed_logtif.h5|121|401|1655920,4,0.731418177485466,0.6335773468017578,0.1143689714372158,0.8085245937108994,0.7399515211582184
final_20260717-084426_augmented_spots_train_e200_b10_lr0.0001_s1,?|Iron_deformed_logtif.h5|62|342|1492694,5,0.7770192623138428,0.6521215498447418,0.15760494396090508,0.8097071409225464,0.702513325214386
final_20260717-084426_augmented_spots_train_e200_b10_lr0.0001_s1,?|Ti7Al_logtif.h5|431|1413|574457,3,0.7165195544560751,0.654237816731135,0.09536988909045856,0.8105748295783997,0.7046855211257934
final_20260717-084426_augmented_spots_train_e200_b10_lr0.0001_s1,?|Iron_deformed_logtif.h5|84|363|1554874,4,0.7835531830787659,0.6644880622625351,0.15511449053883553,0.8142193406820297,0.7431296050548554
final_20260717-084426_augmented_spots_train_e200_b10_lr0.0001_s1,?|Ti7Al_logtif.h5|153|153|50619,3,0.7264979283014933,0.6057235399881998,0.09756775945425034,0.8144650856653849,0.7230017066001893
final_20260717-084426_augmented_spots_train_e200_b10_lr0.0001_s1,?|Ti7Al_logtif.h5|689|689|304122,3,0.6872672835985819,0.6035901606082916,0.05763368556896845,0.8148167928059896,0.7491716623306275
final_20260717-084426_augmented_spots_train_e200_b10_lr0.0001_s1,?|Ti7Al_logtif.h5|740|1723|711979,3,0.6960835953553518,0.6093207697073618,0.06331505874792735,0.8163842558860779,0.7428635358810425
final_20260717-084426_augmented_spots_train_e200_b10_lr0.0001_s1,?|Iron_deformed_logtif.h5|241|241|1093313,4,0.7666371911764145,0.6840652227401733,0.13363765459507704,0.8164997696876526,0.6869322896003723
final_20260717-084426_augmented_spots_train_e200_b10_lr0.0001_s1,?|Ti7Al_logtif.h5|560|560|255019,3,0.6657834053039551,0.5579094092051188,0.032603127881884575,0.816590150197347,0.7428093314170837
final_20260717-084426_augmented_spots_train_e200_b10_lr0.0001_s1,?|Ti7Al_logtif.h5|192|192|64402,3,0.7119666934013367,0.64117431640625,0.07699707895517349,0.8174848159154257,0.7446945428848266
final_20260717-084426_augmented_spots_train_e200_b10_lr0.0001_s1,?|Iron_deformed_logtif.h5|5|5|17872,5,0.7437334299087525,0.6505013346672058,0.10230480432510376,0.820714282989502,0.7935622930526733
final_20260717-084426_augmented_spots_train_e200_b10_lr0.0001_s1,?|Iron_deformed_logtif.h5|14|14|64651,3,0.8283230066299438,0.7174490094184875,0.18434036523103714,0.8219913244247437,0.7948207497596741
final_20260717-084426_augmented_spots_train_e200_b10_lr0.0001_s1,?|Ti7Al_logtif.h5|291|291|107749,5,0.7191052973270416,0.623661345243454,0.07093540579080582,0.8240849375724792,0.7468645334243774
final_20260717-084426_augmented_spots_train_e200_b10_lr0.0001_s1,?|Ti7Al_logtif.h5|753|1735|715115,3,0.751534104347229,0.6142837603886923,0.10266557584206264,0.824434240659078,0.7760799884796142
final_20260717-084426_augmented_spots_train_e200_b10_lr0.0001_s1,?|Iron_deformed_logtif.h5|22|302|1309528,4,0.7797102481126785,0.6858362406492233,0.1307346299290657,0.8244877904653549,0.7449205458164215
final_20260717-084426_augmented_spots_train_e200_b10_lr0.0001_s1,?|Ti7Al_logtif.h5|936|1918|774149,3,0.7075015505154928,0.6373886068662008,0.05531553799907366,0.8260929981867472,0.7273261308670044
final_20260717-084426_augmented_spots_train_e200_b10_lr0.0001_s1,?|Ti7Al_logtif.h5|317|317|115086,3,0.7653554677963257,0.6533915797869364,0.11126869296034177,0.8270433942476908,0.7826496601104737
final_20260717-084426_augmented_spots_train_e200_b10_lr0.0001_s1,?|Ti7Al_logtif.h5|878|878|356416,3,0.7403517464796702,0.6633254587650299,0.08480156026780605,0.8277751008669535,0.7193418741226196
final_20260717-084426_augmented_spots_train_e200_b10_lr0.0001_s1,?|Ti7Al_logtif.h5|330|1312|505227,3,0.7702764670054117,0.6535784403483073,0.11417703578869502,0.8280496994654337,0.7793470859527588
final_20260717-084426_augmented_spots_train_e200_b10_lr0.0001_s1,?|Ti7Al_logtif.h5|846|1828|745292,3,0.7668978273868561,0.7147797842820486,0.10881535336375237,0.8290412425994873,0.6706101655960083
final_20260717-084426_augmented_spots_train_e200_b10_lr0.0001_s1,?|Iron_deformed_logtif.h5|168|448|1896773,3,0.7901162505149841,0.6842677990595499,0.1288116549452146,0.8306522965431213,0.7937720060348511
final_20260717-084426_augmented_spots_train_e200_b10_lr0.0001_s1,?|Iron_deformed_logtif.h5|114|394|1643007,3,0.7853585282961527,0.6755988995234171,0.12290731134514014,0.8312256137530009,0.7394885540008544
final_20260717-084426_augmented_spots_train_e200_b10_lr0.0001_s1,?|Iron_deformed_logtif.h5|1|281|1250417,3,0.7667677601178488,0.6654213269551595,0.10407783339420955,0.8313449819882711,0.7700178861618042
final_20260717-084426_augmented_spots_train_e200_b10_lr0.0001_s1,?|Iron_deformed_logtif.h5|27|27|75554,4,0.7601313665509224,0.6780353784561157,0.08880830649286509,0.8356615155935287,0.7437388658523559
final_20260717-084426_augmented_spots_train_e200_b10_lr0.0001_s1,?|Iron_deformed_logtif.h5|0|0|1623,3,0.760525623957316,0.6676226854324341,0.0868667537967364,0.836829423904419,0.7734079241752625
final_20260717-084426_augmented_spots_train_e200_b10_lr0.0001_s1,?|Iron_deformed_logtif.h5|96|376|1581320,3,0.7776992718378702,0.7256103456020355,0.10162543505430222,0.8380369345347086,0.7094670057296752
final_20260717-084426_augmented_spots_train_e200_b10_lr0.0001_s1,?|Iron_deformed_logtif.h5|108|108|396384,3,0.7891430854797363,0.69098428885142,0.11191503951946895,0.8386140068372091,0.8242930054664612
final_20260717-084426_augmented_spots_train_e200_b10_lr0.0001_s1,?|Iron_deformed_logtif.h5|88|368|1562446,4,0.7819361686706543,0.6818011105060577,0.1041661985218525,0.8388850092887878,0.8286672115325928
final_20260717-084426_augmented_spots_train_e200_b10_lr0.0001_s1,?|Iron_deformed_logtif.h5|255|535|2371626,5,0.7918752193450928,0.689099395275116,0.11362962424755096,0.8391227960586548,0.7542931199073791
final_20260717-084426_augmented_spots_train_e200_b10_lr0.0001_s1,?|Ti7Al_logtif.h5|561|1541|646447,3,0.7899370193481445,0.684757649898529,0.10738033366700013,0.8412783543268839,0.7141114354133606
final_20260717-084426_augmented_spots_train_e200_b10_lr0.0001_s1,?|Iron_deformed_logtif.h5|33|313|1349905,6,0.8126035928726196,0.7067691534757614,0.1299242042005062,0.8413396974404653,0.7362289428710938
final_20260717-084426_augmented_spots_train_e200_b10_lr0.0001_s1,?|Ti7Al_logtif.h5|615|615|277544,3,0.7035703460375468,0.6398400664329529,0.019726324826478958,0.8419220248858134,0.757709288597107
final_20260717-084426_augmented_spots_train_e200_b10_lr0.0001_s1,?|Iron_deformed_logtif.h5|207|487|2110068,4,0.8134362250566483,0.7161923497915268,0.1292739501222968,0.8420811593532562,0.7569798946380615
final_20260717-084426_augmented_spots_train_e200_b10_lr0.0001_s1,?|Iron_deformed_logtif.h5|21|300|1307410,3,0.7658568620681763,0.6948364774386088,0.08158409595489502,0.8421363631884257,0.7606034755706788
final_20260717-084426_augmented_spots_train_e200_b10_lr0.0001_s1,?|Iron_deformed_logtif.h5|245|525|2343145,3,0.8344765901565552,0.7282514174779257,0.14750411609808603,0.8434862295786539,0.8359892845153809
final_20260717-084426_augmented_spots_train_e200_b10_lr0.0001_s1,?|Ti7Al_logtif.h5|110|110|32103,5,0.7701580286026001,0.7108258545398712,0.08217447623610497,0.8439917802810669,0.7229854106903076
final_20260717-084426_augmented_spots_train_e200_b10_lr0.0001_s1,?|Iron_deformed_logtif.h5|23|23|70379,3,0.8446357647577921,0.7395358880360922,0.15198189516862234,0.8463269273440043,0.7819229364395142
final_20260717-084426_augmented_spots_train_e200_b10_lr0.0001_s1,?|Iron_deformed_logtif.h5|153|433|1857995,4,0.8366706967353821,0.7302629798650742,0.14391043223440647,0.8463801294565201,0.7453317165374755
final_20260717-084426_augmented_spots_train_e200_b10_lr0.0001_s1,?|Iron_deformed_logtif.h5|273|553|2451312,7,0.8290149739810398,0.7291896683829171,0.13268980170999253,0.8481625744274685,0.7406243681907654
final_20260717-084426_augmented_spots_train_e200_b10_lr0.0001_s1,?|Ti7Al_logtif.h5|1|983|386483,3,0.7306928932666779,0.6832637886206309,0.03247900617619356,0.8491069873174032,0.7473894119262695
final_20260717-084426_augmented_spots_train_e200_b10_lr0.0001_s1,?|Iron_deformed_logtif.h5|30|310|1320109,5,0.7603525400161744,0.6828710794448852,0.061844652146101,0.8492539405822754,0.7661127328872681
final_20260717-084426_augmented_spots_train_e200_b10_lr0.0001_s1,?|Iron_deformed_logtif.h5|215|495|2158392,3,0.8160128990809122,0.7035046418507894,0.11535501169661681,0.8503289222717285,0.7484319686889649
final_20260717-084426_augmented_spots_train_e200_b10_lr0.0001_s1,?|Iron_deformed_logtif.h5|117|397|1649342,3,0.755733440319697,0.7052408357461294,0.054431731502215065,0.8506508469581604,0.7392940759658814
final_20260717-084426_augmented_spots_train_e200_b10_lr0.0001_s1,?|Ti7Al_logtif.h5|125|125|38081,3,0.7680408159891764,0.6950024465719858,0.06517903072138627,0.8514308532079061,0.757854413986206
final_20260717-084426_augmented_spots_train_e200_b10_lr0.0001_s1,?|Ti7Al_logtif.h5|278|278|106292,4,0.7515630722045898,0.6735929772257805,0.04700719006359577,0.852277934551239,0.7773809850215911
final_20260717-084426_augmented_spots_train_e200_b10_lr0.0001_s1,?|Ti7Al_logtif.h5|867|1849|749230,3,0.7763445774714152,0.6990739504496256,0.07140195493896802,0.8524713317553202,0.7525694847106934
final_20260717-084426_augmented_spots_train_e200_b10_lr0.0001_s1,?|Iron_deformed_logtif.h5|276|556|2461082,3,0.781746526559194,0.6955743432044983,0.07474365085363388,0.8535014390945435,0.7620009899139404
final_20260717-084426_augmented_spots_train_e200_b10_lr0.0001_s1,?|Ti7Al_logtif.h5|230|1213|471619,3,0.8216449022293091,0.7036837339401245,0.11450442423423131,0.8535702228546143,0.7957555294036865
final_20260717-084426_augmented_spots_train_e200_b10_lr0.0001_s1,?|Iron_deformed_logtif.h5|2|2|12606,8,0.8234118446707726,0.7153218910098076,0.1159625391010195,0.8537246510386467,0.7637550950050354
final_20260717-084426_augmented_spots_train_e200_b10_lr0.0001_s1,?|Iron_deformed_logtif.h5|183|463|1960285,3,0.8099069595336914,0.6927434206008911,0.10155177302658558,0.8541775941848755,0.8142025828361511
final_20260717-084426_augmented_spots_train_e200_b10_lr0.0001_s1,?|Iron_deformed_logtif.h5|15|15|66683,3,0.8561000426610311,0.7517857948939005,0.14619463185469309,0.8549527327219645,0.8444128513336182
final_20260717-084426_augmented_spots_train_e200_b10_lr0.0001_s1,?|Iron_deformed_logtif.h5|46|46|183492,5,0.8201915144920349,0.73252934217453,0.11018865630030632,0.8550014138221741,0.7355460286140442
final_20260717-084426_augmented_spots_train_e200_b10_lr0.0001_s1,?|Iron_deformed_logtif.h5|215|215|920107,3,0.866969645023346,0.7689341306686401,0.15398471802473068,0.8564924796422323,0.8301256895065308
final_20260717-084426_augmented_spots_train_e200_b10_lr0.0001_s1,?|Ti7Al_logtif.h5|39|39|12402,3,0.7378621697425842,0.6713842650254568,0.024202366049091022,0.8568299015363058,0.7470903277397156
final_20260717-084426_augmented_spots_train_e200_b10_lr0.0001_s1,?|Iron_deformed_logtif.h5|152|432|1846281,3,0.8136623700459799,0.6913655400276184,0.09933387736479442,0.857164223988851,0.8234378099441528
final_20260717-084426_augmented_spots_train_e200_b10_lr0.0001_s1,?|Ti7Al_logtif.h5|9|9|1561,4,0.7841609045863152,0.7251023054122925,0.0697097503580153,0.8572255671024323,0.7749335050582886
final_20260717-084426_augmented_spots_train_e200_b10_lr0.0001_s1,?|Iron_deformed_logtif.h5|44|44|162956,4,0.8495511263608932,0.753850132226944,0.13451282493770123,0.8575191497802734,0.7985042750835418
final_20260717-084426_augmented_spots_train_e200_b10_lr0.0001_s1,?|Iron_deformed_logtif.h5|128|408|1686356,3,0.8668388525644938,0.7728200157483419,0.1513640135526657,0.8577374418576559,0.8419203042984009
final_20260717-084426_augmented_spots_train_e200_b10_lr0.0001_s1,?|Iron_deformed_logtif.h5|166|166|647236,5,0.8186391592025757,0.7229637742042542,0.10255751982331276,0.8580408215522766,0.730652368068695
final_20260717-084426_augmented_spots_train_e200_b10_lr0.0001_s1,?|Iron_deformed_logtif.h5|27|307|1314638,3,0.8032675385475159,0.693462053934733,0.08647387847304344,0.8583968281745911,0.8069676995277405
final_20260717-084426_augmented_spots_train_e200_b10_lr0.0001_s1,?|Iron_deformed_logtif.h5|136|416|1735423,3,0.850412130355835,0.7446340521176656,0.13122877975304922,0.8595916628837585,0.8171504259109497
final_20260717-084426_augmented_spots_train_e200_b10_lr0.0001_s1,?|Iron_deformed_logtif.h5|188|188|784896,5,0.846370542049408,0.744539225101471,0.12675261944532396,0.8598089456558228,0.8359647274017334
final_20260717-084426_augmented_spots_train_e200_b10_lr0.0001_s1,?|Iron_deformed_logtif.h5|181|461|1951519,3,0.834338108698527,0.7227253119150797,0.1136245255668958,0.8603568077087402,0.826606011390686
final_20260717-084426_augmented_spots_train_e200_b10_lr0.0001_s1,?|Iron_deformed_logtif.h5|174|174|668440,4,0.8088797628879547,0.7015050053596497,0.08737851725891232,0.8607506304979324,0.7813480436801911
final_20260717-084426_augmented_spots_train_e200_b10_lr0.0001_s1,?|Iron_deformed_logtif.h5|123|403|1657222,3,0.771395226319631,0.718581755956014,0.04974739874402682,0.86082390944163,0.7518552899360657
final_20260717-084426_augmented_spots_train_e200_b10_lr0.0001_s1,?|Ti7Al_logtif.h5|746|1728|712611,4,0.8315382301807404,0.7318258285522461,0.10967803746461868,0.8609301000833511,0.7634418070316314
final_20260717-084426_augmented_spots_train_e200_b10_lr0.0001_s1,?|Ti7Al_logtif.h5|726|726|314065,4,0.8128553330898285,0.737901858985424,0.09032349102199078,0.8612659275531769,0.7075996994972229
final_20260717-084426_augmented_spots_train_e200_b10_lr0.0001_s1,?|Iron_deformed_logtif.h5|86|367|1556377,5,0.8410177111625672,0.7423287272453308,0.11437621712684631,0.8633207559585572,0.8292991399765015
final_20260717-084426_augmented_spots_train_e200_b10_lr0.0001_s1,?|Ti7Al_logtif.h5|458|1440|597994,4,0.8015151619911194,0.7123146951198578,0.073782404884696,0.86386638879776,0.7487453579902649
final_20260717-084426_augmented_spots_train_e200_b10_lr0.0001_s1,?|Iron_deformed_logtif.h5|16|296|1305672,3,0.8617713451385498,0.7587462663650513,0.13285684088865915,0.8644572496414185,0.8466423749923706
final_20260717-084426_augmented_spots_train_e200_b10_lr0.0001_s1,?|Iron_deformed_logtif.h5|22|22|70041,3,0.8651909828186035,0.7676720221837362,0.13622260093688965,0.8644841909408569,0.8362547039985657
final_20260717-084426_augmented_spots_train_e200_b10_lr0.0001_s1,?|Iron_deformed_logtif.h5|13|13|63607,3,0.8363371888796488,0.735630452632904,0.10620151584347089,0.8650678396224976,0.8147975921630859
final_20260717-084426_augmented_spots_train_e200_b10_lr0.0001_s1,?|Iron_deformed_logtif.h5|56|336|1461382,5,0.848235261440277,0.7465737223625183,0.11589581221342087,0.8661697387695313,0.8079517960548401
final_20260717-084426_augmented_spots_train_e200_b10_lr0.0001_s1,?|Iron_logtif.h5|3842|11538|1017745,3,0.8441911339759827,0.743171771367391,0.10896643002827962,0.867612361907959,0.8455074667930603
final_20260717-084426_augmented_spots_train_e200_b10_lr0.0001_s1,?|Iron_deformed_logtif.h5|21|21|68698,5,0.849336040019989,0.7547516703605652,0.11407715901732444,0.8676294445991516,0.789502990245819
final_20260717-084426_augmented_spots_train_e200_b10_lr0.0001_s1,?|Iron_deformed_logtif.h5|197|197|812567,6,0.8107519845167795,0.7273006538550059,0.07369900494813919,0.8685264786084493,0.7764193415641785
final_20260717-084426_augmented_spots_train_e200_b10_lr0.0001_s1,?|Iron_deformed_logtif.h5|196|476|2048948,3,0.7765385111172994,0.7170798480510712,0.036871651808420815,0.8698334296544393,0.7703197002410889
final_20260717-084426_augmented_spots_train_e200_b10_lr0.0001_s1,?|Iron_deformed_logtif.h5|198|478|2057750,4,0.8262192755937576,0.7273751795291901,0.08578948862850666,0.8702148646116257,0.8444182395935058
final_20260717-084426_augmented_spots_train_e200_b10_lr0.0001_s1,?|Ti7Al_logtif.h5|81|1063|411051,5,0.8327911496162415,0.7321518659591675,0.09172433726489544,0.8705333948135376,0.8186789393424988
final_20260717-084426_augmented_spots_train_e200_b10_lr0.0001_s1,?|Iron_deformed_logtif.h5|210|210|876585,5,0.8335726261138916,0.7285665035247803,0.0917325284332037,0.8709200501441956,0.8046988725662232
final_20260717-084426_augmented_spots_train_e200_b10_lr0.0001_s1,?|Iron_deformed_logtif.h5|234|514|2272117,3,0.8406574527422587,0.7418132225672404,0.09880071381727855,0.8709283669789633,0.8526645421981811
final_20260717-084426_augmented_spots_train_e200_b10_lr0.0001_s1,?|Iron_deformed_logtif.h5|55|334|1461026,3,0.8693673809369405,0.7757940093676249,0.12685981889565787,0.8712537487347921,0.8423899173736572
final_20260717-084426_augmented_spots_train_e200_b10_lr0.0001_s1,?|Iron_deformed_logtif.h5|275|275|1215260,3,0.8145461479822794,0.7092688580354055,0.07202223067482312,0.8712619543075562,0.7889222621917724
final_20260717-084426_augmented_spots_train_e200_b10_lr0.0001_s1,?|Iron_deformed_logtif.h5|189|469|2025484,3,0.8448703289031982,0.7447081605593363,0.09606638302405675,0.8744019865989685,0.8567693591117859
final_20260717-084426_augmented_spots_train_e200_b10_lr0.0001_s1,?|Iron_deformed_logtif.h5|61|61|251104,6,0.7922976364692053,0.7185431520144144,0.0431126511345307,0.8745925029118856,0.7631521224975586
final_20260717-084426_augmented_spots_train_e200_b10_lr0.0001_s1,?|Iron_deformed_logtif.h5|143|143|525365,3,0.863952656586965,0.7757872343063354,0.11394759453833103,0.8750025232632955,0.7887141823768615
final_20260717-084426_augmented_spots_train_e200_b10_lr0.0001_s1,?|Iron_deformed_logtif.h5|120|400|1655560,4,0.8271083682775497,0.7343762964010239,0.0764029324054718,0.8753527402877808,0.8187047839164734
final_20260717-084426_augmented_spots_train_e200_b10_lr0.0001_s1,?|Iron_deformed_logtif.h5|274|554|2452789,4,0.8467312157154083,0.7409657388925552,0.09537058370187879,0.8756803423166275,0.8211176574230195
final_20260717-084426_augmented_spots_train_e200_b10_lr0.0001_s1,?|Iron_deformed_logtif.h5|162|442|1877566,3,0.7974636952082316,0.7229434450467428,0.04540373353908459,0.8760299682617188,0.8068405628204346
final_20260717-084426_augmented_spots_train_e200_b10_lr0.0001_s1,?|Ti7Al_logtif.h5|67|67|19272,4,0.8176388144493103,0.7417990416288376,0.06476668175309896,0.8764360547065735,0.7806021690368652
final_20260717-084426_augmented_spots_train_e200_b10_lr0.0001_s1,?|Iron_deformed_logtif.h5|20|20|68360,3,0.885651687781016,0.797467033068339,0.13093488290905952,0.8773583769798279,0.8342987775802613
final_20260717-084426_augmented_spots_train_e200_b10_lr0.0001_s1,?|Ti7Al_logtif.h5|380|1363|531358,3,0.8539309899012247,0.7492664655049642,0.09836796795328458,0.8777815302213033,0.8731660366058349
final_20260717-084426_augmented_spots_train_e200_b10_lr0.0001_s1,?|Iron_deformed_logtif.h5|18|299|1307069,4,0.8730061054229736,0.7774007618427277,0.1164356148801744,0.8782852441072464,0.837349283695221
final_20260717-084426_augmented_spots_train_e200_b10_lr0.0001_s1,?|Al_big_grains_logtif.h5|3202|3202|103431,3,0.7965489427248637,0.7092214624087015,0.03957305041452249,0.8784879446029663,0.8326276063919067
final_20260717-084426_augmented_spots_train_e200_b10_lr0.0001_s1,?|Iron_deformed_logtif.h5|163|443|1881181,3,0.8750244577725729,0.7984366615613302,0.11722530114154021,0.8788995544115702,0.7991579174995422
final_20260717-084426_augmented_spots_train_e200_b10_lr0.0001_s1,?|Iron_deformed_logtif.h5|39|319|1383099,3,0.8693118095397949,0.7793368498484293,0.10926646490891774,0.8800226847330729,0.8390787959098815
final_20260717-084426_augmented_spots_train_e200_b10_lr0.0001_s1,?|Iron_deformed_logtif.h5|102|102|368709,6,0.8498413066069285,0.7615748941898346,0.08938266336917877,0.8802293141682943,0.791564404964447
final_20260717-084426_augmented_spots_train_e200_b10_lr0.0001_s1,?|Iron_deformed_logtif.h5|1|1|10546,5,0.8148016810417176,0.7145227909088134,0.05342294052243233,0.8806893825531006,0.8334232568740845
final_20260717-084426_augmented_spots_train_e200_b10_lr0.0001_s1,?|Iron_deformed_logtif.h5|149|149|573179,5,0.8511307239532471,0.7591177701950074,0.08902956247329712,0.8810505747795105,0.8043688058853149
final_20260717-084426_augmented_spots_train_e200_b10_lr0.0001_s1,?|Iron_deformed_logtif.h5|13|293|1302579,4,0.8810950219631195,0.7923015803098679,0.11819815915077925,0.881448432803154,0.8429706692695618
final_20260717-084426_augmented_spots_train_e200_b10_lr0.0001_s1,?|Ti7Al_logtif.h5|120|1102|427246,3,0.8636060555775961,0.7719476222991943,0.10025469710429509,0.8816756804784139,0.8484009623527526
final_20260717-084426_augmented_spots_train_e200_b10_lr0.0001_s1,?|Iron_deformed_logtif.h5|127|407|1676778,4,0.8499533087015152,0.7833013534545898,0.08612102083861828,0.8819161504507065,0.7853855550289154
final_20260717-084426_augmented_spots_train_e200_b10_lr0.0001_s1,?|Ti7Al_logtif.h5|592|1574|655769,3,0.8166834712028503,0.704125980536143,0.052578395853439965,0.8820525209108988,0.8673647165298461
final_20260717-084426_augmented_spots_train_e200_b10_lr0.0001_s1,?|Iron_deformed_logtif.h5|235|515|2278776,3,0.8771287401517233,0.7858763734499613,0.11290629953145981,0.8821112314860026,0.8449208617210389
final_20260717-084426_augmented_spots_train_e200_b10_lr0.0001_s1,?|Iron_deformed_logtif.h5|178|458|1910882,4,0.8877188563346863,0.8166827112436295,0.12232275865972042,0.8826980292797089,0.7987522065639496
final_20260717-084426_augmented_spots_train_e200_b10_lr0.0001_s1,?|Iron_deformed_logtif.h5|139|420|1763892,4,0.8890400528907776,0.8108999133110046,0.12332838773727417,0.8828558474779129,0.8303582489490509
final_20260717-084426_augmented_spots_train_e200_b10_lr0.0001_s1,?|Iron_deformed_logtif.h5|250|250|1106997,4,0.845604196190834,0.7426167130470276,0.07963766902685165,0.8829832524061203,0.8670448303222656
final_20260717-084426_augmented_spots_train_e200_b10_lr0.0001_s1,?|Iron_deformed_logtif.h5|70|351|1516103,3,0.8377815087636312,0.7387409011522929,0.07142036159833272,0.883180578549703,0.824563467502594
final_20260717-084426_augmented_spots_train_e200_b10_lr0.0001_s1,?|Iron_deformed_logtif.h5|19|298|1306721,6,0.8659772177537283,0.7694825728734335,0.09900247305631638,0.8834873636563619,0.8361594080924988
final_20260717-084426_augmented_spots_train_e200_b10_lr0.0001_s1,?|Iron_deformed_logtif.h5|144|144|528465,3,0.8118251164754232,0.7494118611017863,0.04460228979587555,0.8836114406585693,0.8093783974647522
final_20260717-084426_augmented_spots_train_e200_b10_lr0.0001_s1,?|Iron_deformed_logtif.h5|192|472|2026576,3,0.861992597579956,0.7729804515838623,0.09475547075271606,0.8836185733477274,0.8144630670547486
final_20260717-084426_augmented_spots_train_e200_b10_lr0.0001_s1,?|Iron_deformed_logtif.h5|265|545|2432134,4,0.8161296248435974,0.7532858103513718,0.04828002257272601,0.883924812078476,0.7854579806327819
final_20260717-084426_augmented_spots_train_e200_b10_lr0.0001_s1,?|Iron_deformed_logtif.h5|191|191|786702,8,0.8667739927768707,0.7854029908776283,0.09860927145928144,0.8840823546051979,0.8335144400596619
final_20260717-084426_augmented_spots_train_e200_b10_lr0.0001_s1,?|Iron_deformed_logtif.h5|15|295|1305345,3,0.8523011008898417,0.7487968802452087,0.08373974512020747,0.8842806816101074,0.8697017669677735
final_20260717-084426_augmented_spots_train_e200_b10_lr0.0001_s1,?|Iron_deformed_logtif.h5|127|127|436075,9,0.845257838567098,0.7665575544039408,0.07546345786088043,0.8848971989419725,0.7961996674537659
final_20260717-084426_augmented_spots_train_e200_b10_lr0.0001_s1,?|Ti7Al_logtif.h5|479|1460|605758,3,0.8607605894406637,0.7781707843144735,0.08952310184637706,0.8856187264124552,0.8190898895263672
final_20260717-084426_augmented_spots_train_e200_b10_lr0.0001_s1,?|Iron_deformed_logtif.h5|98|378|1584909,3,0.8539343674977621,0.753649632136027,0.08243612324198087,0.8857491413752238,0.8573154926300048
final_20260717-084426_augmented_spots_train_e200_b10_lr0.0001_s1,?|Iron_deformed_logtif.h5|102|382|1609497,3,0.8633994460105896,0.7737019459406534,0.09168954690297444,0.885854959487915,0.8278297185897827
final_20260717-084426_augmented_spots_train_e200_b10_lr0.0001_s1,?|Iron_deformed_logtif.h5|136|136|495861,4,0.8562749624252319,0.7529231756925583,0.08351287245750427,0.8863810300827026,0.8378812849521637
final_20260717-084426_augmented_spots_train_e200_b10_lr0.0001_s1,?|Iron_deformed_logtif.h5|144|424|1768990,4,0.8386199921369553,0.7704753875732422,0.06467057578265667,0.8869747221469879,0.8232727527618409
final_20260717-084426_augmented_spots_train_e200_b10_lr0.0001_s1,?|Ti7Al_logtif.h5|738|1720|711689,3,0.8192159334818522,0.7231550216674805,0.04272047057747841,0.8882477283477783,0.8257848501205445
final_20260717-084426_augmented_spots_train_e200_b10_lr0.0001_s1,?|Al_big_grains_logtif.h5|4294|9239|295394,3,0.8375677466392517,0.7690121134122213,0.06036080668369929,0.8886034687360128,0.8270349979400635
final_20260717-084426_augmented_spots_train_e200_b10_lr0.0001_s1,?|Ti7Al_logtif.h5|163|1144|441312,3,0.8509659767150879,0.7504880030949911,0.07349474355578423,0.8887356122334799,0.8857624530792236
final_20260717-084426_augmented_spots_train_e200_b10_lr0.0001_s1,?|Iron_deformed_logtif.h5|259|539|2410871,4,0.872387483716011,0.7802392691373825,0.09422999247908592,0.889078751206398,0.8246393144130707
final_20260717-084426_augmented_spots_train_e200_b10_lr0.0001_s1,?|Iron_deformed_logtif.h5|187|187|782942,3,0.8802891572316488,0.7986016869544983,0.1017302895585696,0.8892794450124105,0.8468295931816101
final_20260717-084426_augmented_spots_train_e200_b10_lr0.0001_s1,?|Iron_deformed_logtif.h5|184|464|1988468,6,0.8735418518384298,0.7858875592549642,0.09423560742288828,0.8896531363328298,0.8191677927970886
final_20260717-084426_augmented_spots_train_e200_b10_lr0.0001_s1,?|Iron_deformed_logtif.h5|93|373|1573666,4,0.8409551680088043,0.7566560655832291,0.060473096556961536,0.8902410268783569,0.8000382542610168
final_20260717-084426_augmented_spots_train_e200_b10_lr0.0001_s1,?|Ti7Al_logtif.h5|907|907|360786,3,0.8369896411895752,0.7304804921150208,0.05620165541768074,0.8903939922650655,0.8763963103294372
final_20260717-084426_augmented_spots_train_e200_b10_lr0.0001_s1,?|Ti7Al_logtif.h5|711|711|309821,3,0.8664311369260153,0.7839458584785461,0.08519778524835904,0.8906166553497314,0.8492518901824951
final_20260717-084426_augmented_spots_train_e200_b10_lr0.0001_s1,?|Iron_deformed_logtif.h5|39|39|143519,5,0.8713452816009521,0.7800666093826294,0.08953711278736591,0.8909040927886963,0.8537983179092408
final_20260717-084426_augmented_spots_train_e200_b10_lr0.0001_s1,?|Ti7Al_logtif.h5|735|735|318417,3,0.8754494190216064,0.7896692951520284,0.09246609484155972,0.8914916714032491,0.836862301826477
final_20260717-084426_augmented_spots_train_e200_b10_lr0.0001_s1,?|Iron_deformed_logtif.h5|37|317|1382409,4,0.8642105460166931,0.7790742665529251,0.07939678244292736,0.8924068808555603,0.8376025319099426
final_20260717-084426_augmented_spots_train_e200_b10_lr0.0001_s1,?|Iron_deformed_logtif.h5|187|467|2022761,4,0.8527548760175705,0.7588580548763275,0.06688372790813446,0.8929355889558792,0.8699283719062805
final_20260717-084426_augmented_spots_train_e200_b10_lr0.0001_s1,?|Iron_deformed_logtif.h5|141|141|523753,3,0.9045736392339071,0.8291989962259928,0.11724636020759742,0.8936636249224345,0.8561134457588195
final_20260717-084426_augmented_spots_train_e200_b10_lr0.0001_s1,?|Iron_deformed_logtif.h5|173|173|668050,4,0.8846204578876495,0.7993197292089462,0.09618176892399788,0.8942193537950516,0.8578429758548737
final_20260717-084426_augmented_spots_train_e200_b10_lr0.0001_s1,?|Ti7Al_logtif.h5|278|1260|494692,3,0.8617716034253439,0.7763977646827698,0.07316736442347367,0.8943021098772684,0.8638893842697144
final_20260717-084426_augmented_spots_train_e200_b10_lr0.0001_s1,?|Iron_deformed_logtif.h5|80|360|1553237,3,0.8560974399248759,0.7754464149475098,0.06678192503750324,0.8946577707926432,0.8118928432464599
final_20260717-084426_augmented_spots_train_e200_b10_lr0.0001_s1,?|Ti7Al_logtif.h5|356|1338|522142,3,0.860416829586029,0.7665392955144247,0.06997608579695225,0.8952203591664633,0.8318142175674439
final_20260717-084426_augmented_spots_train_e200_b10_lr0.0001_s1,?|Iron_deformed_logtif.h5|137|137|518561,5,0.8459264993667602,0.7446043372154236,0.055137258023023605,0.8953946113586426,0.8365875601768493
final_20260717-084426_augmented_spots_train_e200_b10_lr0.0001_s1,?|Ti7Al_logtif.h5|605|1587|664057,3,0.8660966555277506,0.7799548705418905,0.07488789906104405,0.8956043720245361,0.8659411668777466
final_20260717-084426_augmented_spots_train_e200_b10_lr0.0001_s1,?|Iron_deformed_logtif.h5|270|270|1208200,4,0.8736389428377151,0.7923755049705505,0.08199283294379711,0.8958230763673782,0.8679916977882385
final_20260717-084426_augmented_spots_train_e200_b10_lr0.0001_s1,?|Iron_deformed_logtif.h5|42|322|1394565,3,0.9046335617701212,0.8333579897880554,0.11258404826124509,0.896024763584137,0.8659104704856873
final_20260717-084426_augmented_spots_train_e200_b10_lr0.0001_s1,?|Ti7Al_logtif.h5|273|273|104028,4,0.8235197365283966,0.7790317758917809,0.03133183275349438,0.89609394967556,0.7852271139621735
final_20260717-084426_augmented_spots_train_e200_b10_lr0.0001_s1,?|Iron_deformed_logtif.h5|191|471|2026221,3,0.8832921187082926,0.7975847323735555,0.08928998311360677,0.897001047929128,0.8369228720664978
final_20260717-084426_augmented_spots_train_e200_b10_lr0.0001_s1,?|Iron_deformed_logtif.h5|93|93|333088,3,0.8955587148666382,0.8164413770039877,0.10147222752372424,0.8970432281494141,0.8403310298919677
final_20260717-084426_augmented_spots_train_e200_b10_lr0.0001_s1,?|Iron_deformed_logtif.h5|224|224|1002176,3,0.8691505392392477,0.7760661443074545,0.07448738316694896,0.8973315755526224,0.8754528045654297
final_20260717-084426_augmented_spots_train_e200_b10_lr0.0001_s1,?|Iron_deformed_logtif.h5|176|176|671863,7,0.8720074551446098,0.7893007567950657,0.07591322782848563,0.898047115121569,0.854414439201355
final_20260717-084426_augmented_spots_train_e200_b10_lr0.0001_s1,?|Iron_deformed_logtif.h5|59|59|249552,4,0.8765499740839005,0.7896106392145157,0.08027419820427895,0.8981378972530365,0.8613990366458892
final_20260717-084426_augmented_spots_train_e200_b10_lr0.0001_s1,?|Iron_deformed_logtif.h5|50|50|192409,3,0.8857457637786865,0.8000149528185526,0.08926889051993687,0.89823846022288,0.8573475122451782
final_20260717-084426_augmented_spots_train_e200_b10_lr0.0001_s1,?|Iron_deformed_logtif.h5|85|85|315186,5,0.871808123588562,0.7905673980712891,0.07484914809465408,0.8984794855117798,0.8293565511703491
final_20260717-084426_augmented_spots_train_e200_b10_lr0.0001_s1,?|Ti7Al_logtif.h5|579|579|259870,3,0.8462718725204468,0.7527688344319662,0.04785626816252867,0.8992078105608622,0.8659304261207581
final_20260717-084426_augmented_spots_train_e200_b10_lr0.0001_s1,?|Al_big_grains_logtif.h5|1987|6931|214006,3,0.8330658872922262,0.7777322133382162,0.03272901972134908,0.9001684387524923,0.8281388759613038
final_20260717-084426_augmented_spots_train_e200_b10_lr0.0001_s1,?|Iron_deformed_logtif.h5|17|17|67353,5,0.878599750995636,0.7908890247344971,0.07720980644226075,0.90069500207901,0.8536900043487549
final_20260717-084426_augmented_spots_train_e200_b10_lr0.0001_s1,?|Iron_deformed_logtif.h5|169|449|1897167,4,0.8841266483068466,0.7949629127979279,0.08191407099366188,0.9011062979698181,0.8687372803688049
final_20260717-084426_augmented_spots_train_e200_b10_lr0.0001_s1,?|Ti7Al_logtif.h5|372|372|143345,3,0.8381011486053467,0.7340006828308105,0.034738318994641304,0.9016814231872559,0.8473026156425476
final_20260717-084426_augmented_spots_train_e200_b10_lr0.0001_s1,?|Iron_deformed_logtif.h5|129|129|446107,6,0.8827700217564901,0.8009402950604757,0.0789291625842452,0.9019204278786978,0.8405987620353699
final_20260717-084426_augmented_spots_train_e200_b10_lr0.0001_s1,?|Iron_deformed_logtif.h5|257|537|2399113,3,0.8642857074737549,0.7759892741839091,0.060111245761315026,0.9020872314771017,0.8610122442245484
final_20260717-084426_augmented_spots_train_e200_b10_lr0.0001_s1,?|Iron_deformed_logtif.h5|138|138|519077,4,0.8928093314170837,0.8146872371435165,0.08768559899181128,0.9025618582963943,0.8487184584140778
final_20260717-084426_augmented_spots_train_e200_b10_lr0.0001_s1,?|Iron_deformed_logtif.h5|159|159|624558,4,0.885446697473526,0.8120342642068863,0.08014139719307423,0.9026526659727097,0.8297876477241516
final_20260717-084426_augmented_spots_train_e200_b10_lr0.0001_s1,?|Iron_deformed_logtif.h5|210|490|2115695,3,0.8972739775975546,0.8157243132591248,0.09142637997865677,0.9029237627983093,0.8822093963623047
final_20260717-084426_augmented_spots_train_e200_b10_lr0.0001_s1,?|Iron_deformed_logtif.h5|95|374|1574041,5,0.8952581644058227,0.8140895366668701,0.08880347087979316,0.9032273530960083,0.8598407983779908
final_20260717-084426_augmented_spots_train_e200_b10_lr0.0001_s1,?|Iron_deformed_logtif.h5|278|278|1238536,5,0.8753966093063354,0.7890689373016357,0.06726979687809945,0.9040633797645569,0.861432945728302
final_20260717-084426_augmented_spots_train_e200_b10_lr0.0001_s1,?|Iron_deformed_logtif.h5|228|228|1010103,3,0.8801908095677694,0.7973832686742147,0.07182663927475612,0.9041820963223776,0.8947569608688355
final_20260717-084426_augmented_spots_train_e200_b10_lr0.0001_s1,?|Iron_deformed_logtif.h5|125|405|1675921,3,0.8895606795946757,0.8093467752138773,0.08063381413618724,0.9044634302457174,0.8607979893684388
final_20260717-084426_augmented_spots_train_e200_b10_lr0.0001_s1,?|Iron_deformed_logtif.h5|100|100|360369,4,0.8824327737092972,0.79926997423172,0.07299731951206923,0.904717743396759,0.8560118913650513
final_20260717-084426_augmented_spots_train_e200_b10_lr0.0001_s1,?|Al_deformed_LoG_logtif.h5|20|54|805566,20,0.900197970867157,0.8235896617174149,0.09055099124088883,0.9048234969377518,0.8514286756515503
final_20260717-084426_augmented_spots_train_e200_b10_lr0.0001_s1,?|Al_deformed_LoG_logtif.h5|19|19|353769,17,0.8991949628381168,0.8228552586892072,0.0893447503228398,0.9049251009436214,0.8535921692848205
final_20260717-084426_augmented_spots_train_e200_b10_lr0.0001_s1,?|Ti7Al_logtif.h5|306|1288|501063,4,0.8661837726831436,0.7815200537443161,0.05628903186880052,0.9049473702907562,0.8513275682926178
final_20260717-084426_augmented_spots_train_e200_b10_lr0.0001_s1,?|Iron_deformed_logtif.h5|195|195|807221,3,0.8868541717529297,0.8044748306274414,0.07648490617672603,0.9051846265792847,0.8541957855224609
final_20260717-084426_augmented_spots_train_e200_b10_lr0.0001_s1,?|Ti7Al_logtif.h5|89|89|24821,3,0.8841831684112549,0.8040293057759603,0.07252524172266324,0.9058289527893066,0.8519184350967407
final_20260717-084426_augmented_spots_train_e200_b10_lr0.0001_s1,?|Iron_deformed_logtif.h5|189|189|785586,6,0.8760953346888224,0.7848651707172394,0.06293611011157434,0.906579593817393,0.8642842769622803
final_20260717-084426_augmented_spots_train_e200_b10_lr0.0001_s1,?|Iron_deformed_logtif.h5|81|81|313835,4,0.883729875087738,0.8171157985925674,0.069625623524189,0.9070521295070648,0.8418237805366516
final_20260717-084426_augmented_spots_train_e200_b10_lr0.0001_s1,?|Iron_deformed_logtif.h5|152|152|607331,6,0.8801370759805044,0.801117459932963,0.06555640821655591,0.9072903295358022,0.8648084998130798
final_20260717-084426_augmented_spots_train_e200_b10_lr0.0001_s1,?|Iron_deformed_logtif.h5|56|56|220626,3,0.8913624087969462,0.817329466342926,0.0761854238808155,0.9075885017712911,0.8797019481658935
final_20260717-084426_augmented_spots_train_e200_b10_lr0.0001_s1,?|Iron_deformed_logtif.h5|128|128|445774,4,0.8969998508691788,0.8200373351573944,0.08170731225982308,0.9076462686061859,0.8647155463695526
final_20260717-084426_augmented_spots_train_e200_b10_lr0.0001_s1,?|Iron_deformed_logtif.h5|9|289|1260309,3,0.8852963050206503,0.8005674282709757,0.06933249719440937,0.9079819122950236,0.8685524225234985
final_20260717-084426_augmented_spots_train_e200_b10_lr0.0001_s1,?|Iron_deformed_logtif.h5|67|347|1504401,4,0.901413232088089,0.8284482657909393,0.08508900739252567,0.9081621170043945,0.8537382125854492
final_20260717-084426_augmented_spots_train_e200_b10_lr0.0001_s1,?|Iron_deformed_logtif.h5|278|558|2479788,3,0.9111668467521667,0.8414392471313477,0.09341278672218323,0.9088770349820455,0.872540283203125
final_20260717-084426_augmented_spots_train_e200_b10_lr0.0001_s1,?|Iron_deformed_logtif.h5|243|243|1093956,4,0.8774106949567795,0.7899668216705322,0.059080753941088915,0.9091649502515793,0.8708766281604767
final_20260717-084426_augmented_spots_train_e200_b10_lr0.0001_s1,?|Iron_deformed_logtif.h5|190|190|785959,3,0.8811264038085938,0.7942512432734171,0.060102524856726326,0.9105119506518046,0.8786778926849366
final_20260717-084426_augmented_spots_train_e200_b10_lr0.0001_s1,?|Iron_deformed_logtif.h5|248|530|2345952,3,0.8711176713307699,0.7857170701026917,0.04671003917853037,0.912203828493754,0.8959649085998536
final_20260717-084426_augmented_spots_train_e200_b10_lr0.0001_s1,?|Iron_deformed_logtif.h5|81|362|1554017,4,0.870891198515892,0.7818855494260788,0.04608034435659647,0.9124054312705994,0.884414267539978
final_20260717-084426_augmented_spots_train_e200_b10_lr0.0001_s1,?|Iron_deformed_logtif.h5|270|550|2449837,5,0.8989177703857422,0.8226738691329956,0.074030090123415,0.9124438285827636,0.8696517705917358
final_20260717-084426_augmented_spots_train_e200_b10_lr0.0001_s1,?|Iron_deformed_logtif.h5|65|65|262514,3,0.9041993220647176,0.835526724656423,0.07795718063910802,0.9131210645039877,0.8822008609771729
final_20260717-084426_augmented_spots_train_e200_b10_lr0.0001_s1,?|Iron_deformed_logtif.h5|121|121|413884,3,0.8842938741048177,0.801632026831309,0.05777049188812574,0.9132616917292277,0.9030863285064697
final_20260717-084426_augmented_spots_train_e200_b10_lr0.0001_s1,?|Iron_deformed_logtif.h5|131|131|446796,4,0.8882102817296982,0.8074954897165298,0.061588252894580364,0.9133109897375107,0.8710111916065216
final_20260717-084426_augmented_spots_train_e200_b10_lr0.0001_s1,?|Al_deformed_LoG_logtif.h5|6|40|510321,24,0.9201179295778275,0.8542386094729105,0.09337735079073657,0.9133702889084816,0.8330534815788269
final_20260717-084426_augmented_spots_train_e200_b10_lr0.0001_s1,?|Iron_deformed_logtif.h5|92|372|1572842,4,0.8993611335754395,0.8235481083393097,0.07203023973852396,0.9136654436588287,0.8569056034088135
final_20260717-084426_augmented_spots_train_e200_b10_lr0.0001_s1,?|Iron_deformed_logtif.h5|129|409|1686682,3,0.9052066206932068,0.828626791636149,0.07782783110936482,0.913689394791921,0.8999140143394471
final_20260717-084426_augmented_spots_train_e200_b10_lr0.0001_s1,?|Iron_deformed_logtif.h5|242|242|1093635,4,0.8768161833286285,0.7881209254264832,0.049234227277338505,0.9137909710407257,0.8931116163730621
final_20260717-084426_augmented_spots_train_e200_b10_lr0.0001_s1,?|Iron_deformed_logtif.h5|135|135|484462,3,0.8800578117370605,0.7910784880320231,0.052460535118977226,0.9137986302375793,0.8897206783294678
final_20260717-084426_augmented_spots_train_e200_b10_lr0.0001_s1,?|Al_deformed_LoG_logtif.h5|3|37|469193,18,0.8940074344476064,0.8236973616811964,0.06622231555067831,0.913892560535007,0.8302781760692597
final_20260717-084426_augmented_spots_train_e200_b10_lr0.0001_s1,?|Iron_deformed_logtif.h5|273|273|1210178,4,0.8996135145425797,0.8236135393381119,0.07006373163312674,0.9147748798131943,0.8948900163173675
final_20260717-084426_augmented_spots_train_e200_b10_lr0.0001_s1,?|Iron_deformed_logtif.h5|161|441|1867701,4,0.8838318437337875,0.8222566843032837,0.054222353268414736,0.9148047566413879,0.8540379524230957
final_20260717-084426_augmented_spots_train_e200_b10_lr0.0001_s1,?|Iron_deformed_logtif.h5|246|526|2344537,5,0.9177736520767212,0.8520900011062622,0.08783162385225296,0.9149709939956665,0.8730617165565491
final_20260717-084426_augmented_spots_train_e200_b10_lr0.0001_s1,?|Iron_deformed_logtif.h5|279|279|1239202,4,0.8976600170135498,0.8201375007629395,0.06742084631696343,0.9151195883750916,0.8559895575046539
final_20260717-084426_augmented_spots_train_e200_b10_lr0.0001_s1,?|Al_deformed_LoG_logtif.h5|25|59|878905,16,0.9078084006905556,0.8437327817082405,0.0775305709685199,0.9151389226317406,0.840455174446106
final_20260717-084426_augmented_spots_train_e200_b10_lr0.0001_s1,?|Iron_deformed_logtif.h5|250|529|2345856,3,0.8933047453562418,0.8114559253056844,0.06275388784706593,0.9152754545211792,0.8824285268783569
final_20260717-084426_augmented_spots_train_e200_b10_lr0.0001_s1,?|Iron_deformed_logtif.h5|188|468|2024649,4,0.908686175942421,0.8379591256380081,0.0780689362436533,0.9153086245059967,0.8820867538452148
final_20260717-084426_augmented_spots_train_e200_b10_lr0.0001_s1,?|Iron_deformed_logtif.h5|249|527|2345175,4,0.9059177041053772,0.8311225771903992,0.07435383880510926,0.9157819300889969,0.8725072979927063
final_20260717-084426_augmented_spots_train_e200_b10_lr0.0001_s1,?|Iron_deformed_logtif.h5|216|496|2201946,4,0.9016888737678528,0.8231976926326752,0.0700649619102478,0.9158119708299637,0.8950944006443023
final_20260717-084426_augmented_spots_train_e200_b10_lr0.0001_s1,?|Iron_deformed_logtif.h5|229|229|1011112,4,0.9010771214962006,0.8251965045928955,0.0687843644991517,0.9161463975906372,0.8978397607803345
final_20260717-084426_augmented_spots_train_e200_b10_lr0.0001_s1,?|Al_deformed_LoG_logtif.h5|17|51|763114,23,0.9173303039177604,0.8517769601034082,0.08421566037704116,0.9165573249692502,0.86090167760849
final_20260717-084426_augmented_spots_train_e200_b10_lr0.0001_s1,?|Al_deformed_LoG_logtif.h5|29|63|895675,13,0.916833235667302,0.8488751099659846,0.08358402363955975,0.9166246102406428,0.8546592116355896
final_20260717-084426_augmented_spots_train_e200_b10_lr0.0001_s1,?|Iron_deformed_logtif.h5|123|123|415378,4,0.8808683604001999,0.8128239661455154,0.04751003300771117,0.9166791588068008,0.8599705040454865
final_20260717-084426_augmented_spots_train_e200_b10_lr0.0001_s1,?|Ti7Al_logtif.h5|587|1569|653866,3,0.8883837262789408,0.8094947735468546,0.05484569196899732,0.9167690277099609,0.8794696450233459
final_20260717-084426_augmented_spots_train_e200_b10_lr0.0001_s1,?|Iron_deformed_logtif.h5|17|297|1306370,4,0.9032896161079407,0.8277164548635483,0.06839272053912282,0.9174484610557556,0.8717671453952789
final_20260717-084426_augmented_spots_train_e200_b10_lr0.0001_s1,?|Iron_deformed_logtif.h5|91|91|323387,3,0.8795493046442667,0.7950604756673177,0.044076526227096714,0.9177363912264506,0.8630582094192505
final_20260717-084426_augmented_spots_train_e200_b10_lr0.0001_s1,?|Al_deformed_LoG_logtif.h5|17|17|318986,16,0.904702927917242,0.8370234929025173,0.06852830981370062,0.9180873148143291,0.849655956029892
final_20260717-084426_augmented_spots_train_e200_b10_lr0.0001_s1,?|Iron_deformed_logtif.h5|67|67|264081,3,0.8980605602264404,0.8220126827557882,0.06068328022956848,0.9186886350313822,0.9098612427711487
final_20260717-084426_augmented_spots_train_e200_b10_lr0.0001_s1,?|Iron_deformed_logtif.h5|272|272|1208818,6,0.8938771386941274,0.8140671948591868,0.054768674075603485,0.9195542335510254,0.8839568495750427
final_20260717-084426_augmented_spots_train_e200_b10_lr0.0001_s1,?|Ti7Al_logtif.h5|785|1767|720185,3,0.8738497694333395,0.7861912647883097,0.03340517853697141,0.920222282409668,0.9095970392227173
final_20260717-084426_augmented_spots_train_e200_b10_lr0.0001_s1,?|Iron_deformed_logtif.h5|272|552|2450634,7,0.898886399609702,0.8298912133489337,0.056977798363992145,0.920954304082053,0.850124990940094
final_20260717-084426_augmented_spots_train_e200_b10_lr0.0001_s1,?|Ti7Al_logtif.h5|903|1882|752818,3,0.8873986800511678,0.8061464627583822,0.04469496880968412,0.9213518301645914,0.8968816757202148
final_20260717-084426_augmented_spots_train_e200_b10_lr0.0001_s1,?|Iron_deformed_logtif.h5|73|73|294002,3,0.8823415040969849,0.7952495614687601,0.039603261897961296,0.9213691353797913,0.8911614775657654
final_20260717-084426_augmented_spots_train_e200_b10_lr0.0001_s1,?|Iron_deformed_logtif.h5|103|383|1609828,5,0.9058506965637207,0.8320418715476989,0.061488982290029526,0.9221808791160584,0.8627867817878723
final_20260717-084426_augmented_spots_train_e200_b10_lr0.0001_s1,?|Iron_deformed_logtif.h5|229|509|2250437,3,0.9042683442433676,0.8340320587158203,0.05980563722550869,0.9222313364346822,0.8868289709091186
final_20260717-084426_augmented_spots_train_e200_b10_lr0.0001_s1,?|Al_deformed_LoG_logtif.h5|20|20|362924,19,0.9230421938394245,0.8608619445248654,0.07796247707875936,0.9225398458932575,0.8719686508178711
final_20260717-084426_augmented_spots_train_e200_b10_lr0.0001_s1,?|Al_deformed_LoG_logtif.h5|27|61|894788,23,0.9291600921879644,0.8702646934467814,0.08166401347388393,0.9237480396809785,0.8611457467079162
final_20260717-084426_augmented_spots_train_e200_b10_lr0.0001_s1,?|Al_deformed_LoG_logtif.h5|32|32|445244,19,0.9193180046583477,0.856630686082338,0.07139013815475137,0.9239639388887506,0.8653049945831299
final_20260717-084426_augmented_spots_train_e200_b10_lr0.0001_s1,?|Iron_deformed_logtif.h5|105|105|380792,4,0.8978011012077332,0.8221457898616791,0.04807650251314044,0.9248622804880142,0.9010796964168548
final_20260717-084426_augmented_spots_train_e200_b10_lr0.0001_s1,?|Al_deformed_LoG_logtif.h5|14|48|626060,26,0.9192483562689561,0.8548506819284879,0.06919202724328408,0.9250281682381263,0.8606321513652802
final_20260717-084426_augmented_spots_train_e200_b10_lr0.0001_s1,?|Iron_deformed_logtif.h5|275|555|2456737,5,0.9166927099227905,0.8501981019973754,0.06601169407367706,0.9253404974937439,0.890810239315033
final_20260717-084426_augmented_spots_train_e200_b10_lr0.0001_s1,?|Iron_deformed_logtif.h5|58|58|242737,3,0.9066519339879354,0.8360782464345297,0.055696722430487476,0.9254776239395142,0.8755391359329223
final_20260717-084426_augmented_spots_train_e200_b10_lr0.0001_s1,?|Iron_deformed_logtif.h5|57|337|1461804,3,0.8973578214645386,0.8235032757123312,0.04608762264251709,0.9256350795427958,0.9138906717300415
final_20260717-084426_augmented_spots_train_e200_b10_lr0.0001_s1,?|Al_deformed_LoG_logtif.h5|7|41|510550,15,0.923102863629659,0.8585329532623291,0.07095286448796591,0.9260749975840251,0.8870960235595703
final_20260717-084426_augmented_spots_train_e200_b10_lr0.0001_s1,?|Al_deformed_LoG_logtif.h5|22|22|390231,24,0.9124541928370794,0.8463830600182215,0.05720296106301248,0.9276256188750267,0.8721373319625855
final_20260717-084426_augmented_spots_train_e200_b10_lr0.0001_s1,?|Al_deformed_LoG_logtif.h5|29|29|444632,28,0.9126331465584892,0.8541533393519265,0.05730670936671751,0.9276632240840367,0.8874099314212799
final_20260717-084426_augmented_spots_train_e200_b10_lr0.0001_s1,?|Al_deformed_LoG_logtif.h5|30|30|444908,14,0.9168660087244851,0.8621169924736023,0.0604694632015058,0.9281982864652362,0.8939702153205872
final_20260717-084426_augmented_spots_train_e200_b10_lr0.0001_s1,?|Iron_deformed_logtif.h5|238|518|2313516,3,0.9125086267789205,0.8421507676442465,0.0538536241898934,0.9293274879455566,0.9072529315948487
final_20260717-084426_augmented_spots_train_e200_b10_lr0.0001_s1,?|Iron_deformed_logtif.h5|87|87|316193,3,0.9155765175819397,0.848543643951416,0.056758360316356025,0.9294090668360392,0.8956098675727844
final_20260717-084426_augmented_spots_train_e200_b10_lr0.0001_s1,?|Iron_deformed_logtif.h5|34|34|111384,3,0.8944322466850281,0.8139942288398743,0.03543519973754883,0.929498533407847,0.8989500999450684
final_20260717-084426_augmented_spots_train_e200_b10_lr0.0001_s1,?|Al_deformed_LoG_logtif.h5|33|67|896466,26,0.9212768352948703,0.8585897133900569,0.062065343659084574,0.9296057591071496,0.8840647339820862
final_20260717-084426_augmented_spots_train_e200_b10_lr0.0001_s1,?|Iron_deformed_logtif.h5|116|396|1643737,4,0.9222644120454788,0.8574935048818588,0.06179423816502094,0.9302350878715515,0.9107695341110229
final_20260717-084426_augmented_spots_train_e200_b10_lr0.0001_s1,?|Al_deformed_LoG_logtif.h5|32|64|895895,23,0.9239012002944946,0.8628224445425946,0.06309666014883829,0.9304022737171339,0.858239221572876
final_20260717-084426_augmented_spots_train_e200_b10_lr0.0001_s1,?|Iron_deformed_logtif.h5|124|404|1669194,3,0.9369478821754456,0.8818528652191162,0.07581768340120713,0.9305650989214579,0.9107258915901184
final_20260717-084426_augmented_spots_train_e200_b10_lr0.0001_s1,?|Al_deformed_LoG_logtif.h5|30|65|895940,22,0.9259306734258478,0.8650705326687206,0.06152031375941905,0.9322051866488024,0.8662955403327942
final_20260717-084426_augmented_spots_train_e200_b10_lr0.0001_s1,?|Al_big_grains_logtif.h5|1823|6767|209024,3,0.9083647131919861,0.8423137267430624,0.04365945917864641,0.9323526422182719,0.9012007117271423
final_20260717-084426_augmented_spots_train_e200_b10_lr0.0001_s1,?|Al_deformed_LoG_logtif.h5|5|39|481387,20,0.9140483796596527,0.8540029495954513,0.049246647674590346,0.9324008703231812,0.8548924565315247
final_20260717-084426_augmented_spots_train_e200_b10_lr0.0001_s1,?|Iron_logtif.h5|1800|1800|157572,3,0.917588472366333,0.8502694964408875,0.05267659450570742,0.9324559370676676,0.9120582580566406
final_20260717-084426_augmented_spots_train_e200_b10_lr0.0001_s1,?|Iron_deformed_logtif.h5|41|321|1394494,4,0.9217189401388168,0.8580870628356934,0.056284599006175995,0.9327171742916107,0.9167349755764007
final_20260717-084426_augmented_spots_train_e200_b10_lr0.0001_s1,?|Al_deformed_LoG_logtif.h5|25|25|428596,12,0.9150150318940481,0.8502110292514166,0.04937025951221585,0.9328223913908005,0.9037083446979522
final_20260717-084426_augmented_spots_train_e200_b10_lr0.0001_s1,?|Al_deformed_LoG_logtif.h5|22|56|838484,30,0.9341028193632762,0.8778854409853617,0.06799535434693098,0.9330537299315135,0.8939656674861908
final_20260717-084426_augmented_spots_train_e200_b10_lr0.0001_s1,?|Al_deformed_LoG_logtif.h5|10|44|606472,28,0.9303032393966403,0.8744072807686669,0.06331888526411993,0.9334921772990908,0.8882958889007568
final_20260717-084426_augmented_spots_train_e200_b10_lr0.0001_s1,?|Al_deformed_LoG_logtif.h5|8|8|54671,22,0.9292318793860349,0.8697929111394015,0.06199408432638103,0.9336188923228871,0.909377145767212
final_20260717-084426_augmented_spots_train_e200_b10_lr0.0001_s1,?|Iron_deformed_logtif.h5|53|333|1458032,4,0.9303608536720276,0.8726079910993576,0.06278369762003422,0.9337885826826096,0.9146204888820648
final_20260717-084426_augmented_spots_train_e200_b10_lr0.0001_s1,?|Al_deformed_LoG_logtif.h5|11|45|606718,21,0.9269758604821705,0.8697516009921119,0.05939852047179427,0.9337886713799977,0.863355278968811
final_20260717-084426_augmented_spots_train_e200_b10_lr0.0001_s1,?|Al_deformed_LoG_logtif.h5|27|27|443830,20,0.9183023780584335,0.856255304813385,0.04983446472324431,0.934233957529068,0.9036002635955811
final_20260717-084426_augmented_spots_train_e200_b10_lr0.0001_s1,?|Al_deformed_LoG_logtif.h5|5|5|30687,25,0.9272404551506043,0.8669026255607605,0.0578735589236021,0.934683449268341,0.9095546007156372
final_20260717-084426_augmented_spots_train_e200_b10_lr0.0001_s1,?|Al_deformed_LoG_logtif.h5|10|10|167252,17,0.9370146428837496,0.8868090054568123,0.06695774833069128,0.9350284443182104,0.8846066355705261
final_20260717-084426_augmented_spots_train_e200_b10_lr0.0001_s1,?|Al_deformed_LoG_logtif.h5|18|52|779675,19,0.9308178738543862,0.8727446261205172,0.0602766428338854,0.9352706168827257,0.8891802430152893
final_20260717-084426_augmented_spots_train_e200_b10_lr0.0001_s1,?|Iron_deformed_logtif.h5|105|385|1622522,3,0.8849703868230184,0.8041533827781677,0.013899036372701326,0.9355356891949972,0.9080301523208618
final_20260717-084426_augmented_spots_train_e200_b10_lr0.0001_s1,?|Iron_deformed_logtif.h5|111|111|397455,4,0.921854093670845,0.8586438298225403,0.050049893790856004,0.9359021037817001,0.8974114179611206
final_20260717-084426_augmented_spots_train_e200_b10_lr0.0001_s1,?|Al_deformed_LoG_logtif.h5|33|33|445437,25,0.9309554505348205,0.8744014477729798,0.05833329044282436,0.9363110733032226,0.8875543117523194
final_20260717-084426_augmented_spots_train_e200_b10_lr0.0001_s1,?|Ti7Al_logtif.h5|134|1116|428768,3,0.9170137842496237,0.8522825837135315,0.04351479715357224,0.9367494980494181,0.9033570528030396
final_20260717-084426_augmented_spots_train_e200_b10_lr0.0001_s1,?|Al_deformed_LoG_logtif.h5|15|49|716420,28,0.9297028630971909,0.8717758357524872,0.05577096898507859,0.9369659445115498,0.8969494283199311
final_20260717-084426_augmented_spots_train_e200_b10_lr0.0001_s1,?|Al_deformed_LoG_logtif.h5|9|43|572797,19,0.926398355709879,0.8660034286348444,0.051611929249606635,0.937393213573255,0.9038731336593628
final_20260717-084426_augmented_spots_train_e200_b10_lr0.0001_s1,?|Al_deformed_LoG_logtif.h5|7|7|54476,19,0.9280794702078167,0.8694903913297152,0.052727447136452325,0.9376760219272814,0.902384614944458
final_20260717-084426_augmented_spots_train_e200_b10_lr0.0001_s1,?|Iron_deformed_logtif.h5|101|101|361413,5,0.9230968475341796,0.8636783361434937,0.04662383534014225,0.9382364988327027,0.9058075666427612
final_20260717-084426_augmented_spots_train_e200_b10_lr0.0001_s1,?|Iron_deformed_logtif.h5|98|98|344511,4,0.9327782690525055,0.8744308948516846,0.055958152282983065,0.938410073518753,0.9223560690879822
final_20260717-084426_augmented_spots_train_e200_b10_lr0.0001_s1,?|Al_deformed_LoG_logtif.h5|6|6|54274,27,0.9353027564507944,0.8798353738254971,0.05743812397122383,0.938932321689747,0.8986121535301208
final_20260717-084426_augmented_spots_train_e200_b10_lr0.0001_s1,?|Al_deformed_LoG_logtif.h5|14|14|188210,20,0.9334532380104065,0.8766559779644012,0.05514026116579771,0.9391564816236496,0.8879503846168518
final_20260717-084426_augmented_spots_train_e200_b10_lr0.0001_s1,?|Al_deformed_LoG_logtif.h5|15|15|275101,28,0.9370165978159223,0.8835365857396807,0.05675572329866035,0.9401304402521679,0.9235885560512542
final_20260717-084426_augmented_spots_train_e200_b10_lr0.0001_s1,?|Ti7Al_logtif.h5|530|1512|630809,3,0.9207387765248617,0.8563125530878702,0.0393929568429788,0.9406729141871134,0.9317787766456604
final_20260717-084426_augmented_spots_train_e200_b10_lr0.0001_s1,?|Iron_deformed_logtif.h5|89|89|322664,5,0.9224583745002747,0.8603799223899842,0.04076220355927944,0.9408480882644653,0.9164421200752259
final_20260717-084426_augmented_spots_train_e200_b10_lr0.0001_s1,?|Al_deformed_LoG_logtif.h5|18|18|337193,18,0.9332584275139703,0.8774476647377014,0.05110297088200847,0.9410777323775821,0.9149288535118103
final_20260717-084426_augmented_spots_train_e200_b10_lr0.0001_s1,?|Al_deformed_LoG_logtif.h5|8|42|510785,24,0.9389215980966886,0.8869821454087893,0.0559741350201269,0.9414737299084663,0.9055824100971221
final_20260717-084426_augmented_spots_train_e200_b10_lr0.0001_s1,?|Al_deformed_LoG_logtif.h5|26|26|441233,21,0.9203060297738939,0.8692547451882136,0.0342679474768894,0.943019035316649,0.9243034720420837
final_20260717-084426_augmented_spots_train_e200_b10_lr0.0001_s1,?|Al_deformed_LoG_logtif.h5|0|0|14345,21,0.907288616611844,0.8550045234816415,0.020803568463417747,0.9432425271897089,0.8602765798568726
final_20260717-084426_augmented_spots_train_e200_b10_lr0.0001_s1,?|Iron_deformed_logtif.h5|95|95|333463,3,0.9343576629956564,0.8777865966161092,0.04759161236385504,0.9433830380439758,0.9379905104637146
final_20260717-084426_augmented_spots_train_e200_b10_lr0.0001_s1,?|Al_deformed_LoG_logtif.h5|3|3|20806,16,0.9251830689609051,0.8664238415658474,0.03711981966625899,0.944031622260809,0.8872427046298981
final_20260717-084426_augmented_spots_train_e200_b10_lr0.0001_s1,?|Al_deformed_LoG_logtif.h5|4|4|23047,17,0.9432796274914461,0.8941093437811908,0.05511567325276487,0.9440819761332344,0.9121885538101197
final_20260717-084426_augmented_spots_train_e200_b10_lr0.0001_s1,?|Al_deformed_LoG_logtif.h5|16|50|760193,17,0.9312689725090476,0.875289005391738,0.04273474369855488,0.9442671116660623,0.917285418510437
final_20260717-084426_augmented_spots_train_e200_b10_lr0.0001_s1,?|Iron_deformed_logtif.h5|193|473|2027590,3,0.9276878635088602,0.868821918964386,0.03882227403422197,0.944432814915975,0.9207168102264405
final_20260717-084426_augmented_spots_train_e200_b10_lr0.0001_s1,?|Al_deformed_LoG_logtif.h5|19|53|795248,19,0.9373890067401686,0.8840237134381345,0.0471656589621776,0.9451116762663189,0.9060796141624451
final_20260717-084426_augmented_spots_train_e200_b10_lr0.0001_s1,?|Iron_deformed_logtif.h5|131|411|1687350,7,0.9313189217022487,0.8754522630146572,0.0406883071575846,0.9453153014183044,0.9306033611297607
final_20260717-084426_augmented_spots_train_e200_b10_lr0.0001_s1,?|Al_deformed_LoG_logtif.h5|12|12|167848,21,0.9412133239564442,0.890965393611363,0.04956013381126381,0.9458265928995042,0.9120869040489197
final_20260717-084426_augmented_spots_train_e200_b10_lr0.0001_s1,?|Iron_deformed_logtif.h5|248|248|1106248,3,0.9265714883804321,0.8653760949770609,0.03324116890629133,0.9466651479403178,0.9349829435348511
final_20260717-084426_augmented_spots_train_e200_b10_lr0.0001_s1,?|Al_deformed_LoG_logtif.h5|24|58|878465,20,0.943315276503563,0.8939017921686172,0.04921832280233503,0.9470484733581543,0.92217658162117
final_20260717-084426_augmented_spots_train_e200_b10_lr0.0001_s1,?|Al_deformed_LoG_logtif.h5|4|38|471881,23,0.9393747474836267,0.8872075340022212,0.04500270497215831,0.9471860242926556,0.9148146510124207
final_20260717-084426_augmented_spots_train_e200_b10_lr0.0001_s1,?|Iron_deformed_logtif.h5|194|474|2027962,3,0.9328319231669108,0.8756916522979736,0.038419272750616074,0.9472062985102335,0.9303094625473023
final_20260717-084426_augmented_spots_train_e200_b10_lr0.0001_s1,?|Iron_deformed_logtif.h5|241|521|2332675,5,0.9276457190513611,0.867950975894928,0.03253227435052395,0.9475567221641541,0.9269285321235656
final_20260717-084426_augmented_spots_train_e200_b10_lr0.0001_s1,?|Al_big_grains_logtif.h5|481|5423|169747,3,0.9383571346600851,0.885633667310079,0.04278569451222817,0.9477857152620951,0.91836599111557
final_20260717-084426_augmented_spots_train_e200_b10_lr0.0001_s1,?|Iron_deformed_logtif.h5|263|263|1188628,3,0.9325436155001322,0.8786701361338297,0.036950950821240745,0.9477963447570801,0.9304250478744507
final_20260717-084426_augmented_spots_train_e200_b10_lr0.0001_s1,?|Al_deformed_LoG_logtif.h5|24|24|428139,22,0.9444973875175823,0.8973269300027327,0.04609111226587133,0.9492031362923709,0.9332082688808441
final_20260717-084426_augmented_spots_train_e200_b10_lr0.0001_s1,?|Iron_deformed_logtif.h5|11|291|1277433,3,0.9457562367121378,0.8987160921096802,0.04500473539034525,0.9503757158915201,0.9442325592041015
final_20260717-084426_augmented_spots_train_e200_b10_lr0.0001_s1,?|Al_deformed_LoG_logtif.h5|9|9|125856,30,0.9405117432276408,0.8895293215910594,0.039164849029233055,0.9506734510262808,0.9236826956272125
final_20260717-084426_augmented_spots_train_e200_b10_lr0.0001_s1,?|Al_segvol.h5|4499|4499|24632,3,0.9460399349530538,0.8985581398010254,0.04097185159722964,0.952534039815267,0.9456696033477783
final_20260717-084426_augmented_spots_train_e200_b10_lr0.0001_s1,?|Al_deformed_LoG_logtif.h5|16|16|316744,25,0.9426554846763611,0.8928548312187194,0.035601774044334886,0.9535268640518189,0.9246705532073974
final_20260717-084426_augmented_spots_train_e200_b10_lr0.0001_s1,?|Al_deformed_LoG_logtif.h5|0|34|461737,22,0.9442873082377694,0.9067007167772814,0.03684872198341922,0.953719290820035,0.9282201170921326
final_20260717-084426_augmented_spots_train_e200_b10_lr0.0001_s1,?|IN718_twins_logtif.h5|929|929|76478,3,0.9482489228248596,0.9077052474021912,0.038282567635178566,0.9549831748008728,0.9517136216163635
final_20260717-084426_augmented_spots_train_e200_b10_lr0.0001_s1,?|IN718_twins_logtif.h5|909|2288|195464,3,0.9567237297693888,0.9204821983973185,0.043819973866144814,0.9564518729845682,0.9183907866477966
final_20260717-084426_augmented_spots_train_e200_b10_lr0.0001_s1,?|Iron_deformed_logtif.h5|55|55|220305,3,0.9338996211687723,0.8768710295359293,0.020915452390909195,0.9564920862515768,0.9442280411720276
final_20260717-084426_augmented_spots_train_e200_b10_lr0.0001_s1,?|Al_deformed_LoG_logtif.h5|26|60|891702,23,0.9507242700327998,0.9113357663154602,0.0359480420694403,0.9573881133742954,0.9296209931373596
final_20260717-084426_augmented_spots_train_e200_b10_lr0.0001_s1,?|Al_deformed_LoG_logtif.h5|11|11|167555,19,0.947953882970308,0.903099885112361,0.03158824503617851,0.9581828274224934,0.9361989498138428
final_20260717-084426_augmented_spots_train_e200_b10_lr0.0001_s1,?|Al_deformed_LoG_logtif.h5|12|46|607012,28,0.9502370996134621,0.9064110709088189,0.03288409912160465,0.9586765021085739,0.9467875123023987
final_20260717-084426_augmented_spots_train_e200_b10_lr0.0001_s1,?|Iron_deformed_logtif.h5|61|341|1491473,3,0.9389115969340006,0.8852059245109558,0.020089806988835335,0.9594109257062277,0.9509945154190064
final_20260717-084426_augmented_spots_train_e200_b10_lr0.0001_s1,?|Al_segvol.h5|2597|2597|14315,3,0.9513493577639262,0.9079715410868326,0.031652022153139114,0.9598486622174581,0.9571136474609375
final_20260717-084426_augmented_spots_train_e200_b10_lr0.0001_s1,?|Ti7Al_logtif.h5|763|1744|716641,3,0.9432753324508667,0.8937704960505167,0.020246413846810658,0.9615144530932108,0.9594549059867858
final_20260717-084426_augmented_spots_train_e200_b10_lr0.0001_s1,?|IN718_twins_logtif.h5|216|1595|136423,3,0.958955446879069,0.9282367626825968,0.027427890648444492,0.9657637675603231,0.950557017326355
final_20260717-084426_augmented_spots_train_e200_b10_lr0.0001_s1,?|IN718_twins_logtif.h5|612|612|50032,3,0.9538829525311788,0.9194674094518026,0.021229457731048267,0.9663267532984415,0.9470906376838684
final_20260717-084426_augmented_spots_train_e200_b10_lr0.0001_s1,?|IN718_twins_logtif.h5|343|1722|148837,3,0.9666531880696615,0.93645179271698,0.030990924686193466,0.9678311347961426,0.9521604537963867
final_20260717-084426_augmented_spots_train_e200_b10_lr0.0001_s1,?|IN718_twins_logtif.h5|569|1947|167097,3,0.9749456246693929,0.9518573880195618,0.037632537384827934,0.9686565597852071,0.9532695412635803
final_20260717-084426_augmented_spots_train_e200_b10_lr0.0001_s1,?|IN718_twins_logtif.h5|1278|1278|108160,3,0.959662655989329,0.9285138448079427,0.021939735549191635,0.968861440817515,0.9472021341323853
final_20260717-084426_augmented_spots_train_e200_b10_lr0.0001_s1,?|IN718_twins_logtif.h5|1066|2443|209241,3,0.9590677817662557,0.9245529969533285,0.01477013248950243,0.9721488157908121,0.965520703792572
final_20260717-084426_augmented_spots_train_e200_b10_lr0.0001_s1,?|IN718_twins_logtif.h5|1082|2459|210603,3,0.9690861701965332,0.9416959881782532,0.024045299738645554,0.9725204507509867,0.9579550266265869
final_20260717-084426_augmented_spots_train_e200_b10_lr0.0001_s1,?|IN718_twins_logtif.h5|322|1698|147131,3,0.9664156436920166,0.9400235414505005,0.020031397541364033,0.9731921156247457,0.9583241224288941
final_20260717-084426_augmented_spots_train_e200_b10_lr0.0001_s1,?|IN718_twins_logtif.h5|333|333|29388,3,0.9704113006591797,0.9453352292378744,0.023878832037250202,0.9732662439346313,0.9514909148216247
final_20260717-084426_augmented_spots_train_e200_b10_lr0.0001_s1,?|IN718_twins_logtif.h5|518|1895|162872,3,0.9728091955184937,0.9486521085103353,0.025928642600774765,0.9734402696291605,0.9665088176727294
final_20260717-084426_augmented_spots_train_e200_b10_lr0.0001_s1,?|IN718_twins_logtif.h5|1224|1224|103276,3,0.974716047445933,0.9515464703241984,0.023268317182858784,0.9757238626480103,0.9711705327033997
final_20260717-084426_augmented_spots_train_e200_b10_lr0.0001_s1,?|IN718_twins_logtif.h5|703|2081|178440,3,0.9828391273816427,0.9665162364641825,0.028721322615941364,0.9770589073499044,0.9692811250686646
final_20260717-084426_augmented_spots_train_e200_b10_lr0.0001_s1,?|IN718_twins_logtif.h5|108|1486|128639,3,0.9871454437573751,0.9746969143549601,0.02890529731909434,0.9791200558344523,0.9735184788703919
final_20260717-084426_augmented_spots_train_e200_b10_lr0.0001_s1,?|IN718_twins_logtif.h5|183|1559|134525,3,0.9776332378387451,0.95706574122111,0.018333824040989082,0.9796497027079264,0.9775400638580323
final_20260717-084426_augmented_spots_train_e200_b10_lr0.0001_s1,?|IN718_twins_logtif.h5|425|1801|157178,3,0.9766100645065308,0.9551897644996643,0.016164491573969524,0.9802228013674418,0.9750056385993957
final_20260717-084426_augmented_spots_train_e200_b10_lr0.0001_s1,?|IN718_twins_logtif.h5|692|692|58235,3,0.9823403358459473,0.965739111105601,0.018361922353506088,0.9819892048835754,0.9763557195663453
final_20260717-084426_augmented_spots_train_e200_b10_lr0.0001_s1,?|IN718_twins_logtif.h5|483|1861|159477,3,0.986065149307251,0.9726780652999878,0.020011839767297108,0.9830266634623209,0.9771410226821899
final_20260717-084426_augmented_spots_train_e200_b10_lr0.0001_s1,?|IN718_twins_logtif.h5|885|885|73830,4,0.9852656126022339,0.9712450504302979,0.017821135465055704,0.9837222397327423,0.98048894405365
final_20260717-084426_augmented_spots_train_e200_b10_lr0.0001_s1,?|IN718_twins_logtif.h5|1271|2649|226498,3,0.9873480796813965,0.9750329852104187,0.014926432631909847,0.986210823059082,0.9850918292999268
final_20260717-084426_augmented_spots_train_e200_b10_lr0.0001_s1,?|IN718_twins_logtif.h5|825|2202|189095,3,0.9897666772206625,0.9797705809275309,0.016305544103185337,0.9867305556933085,0.9856690406799317
final_20260717-084426_augmented_spots_train_e200_b10_lr0.0001_s1,?|IN718_twins_logtif.h5|813|2190|188254,3,0.9899705648422241,0.980197548866272,0.015222085018952688,0.9873742461204529,0.9852734446525574
final_20260719-084743_augmented_spots_train_e200_b100_lr0.0001_s1,?|Iron_deformed_logtif.h5|167|447|1896154,3,0.6365080773830414,0.5517820119857788,0.12790904194116592,0.754299521446228,0.6730694770812988
final_20260719-084743_augmented_spots_train_e200_b100_lr0.0001_s1,?|Ti7Al_logtif.h5|474|1457|604880,3,0.6619338989257812,0.5392804543177286,0.14357199519872665,0.7591809829076132,0.7380393505096435
final_20260719-084743_augmented_spots_train_e200_b100_lr0.0001_s1,?|Ti7Al_logtif.h5|800|1782|729836,3,0.605467696984609,0.5627353886763254,0.04302826834221681,0.7812197009722391,0.7241360545158386
final_20260719-084743_augmented_spots_train_e200_b100_lr0.0001_s1,?|Iron_deformed_logtif.h5|14|14|64651,3,0.817500631014506,0.6944132844607035,0.22838979959487915,0.7945554256439209,0.786533260345459
final_20260719-084743_augmented_spots_train_e200_b100_lr0.0001_s1,?|Iron_deformed_logtif.h5|84|363|1554874,4,0.7725133746862411,0.6496318876743317,0.16130806785076857,0.8056026548147202,0.7174706280231475
final_20260719-084743_augmented_spots_train_e200_b100_lr0.0001_s1,?|Ti7Al_logtif.h5|737|737|318628,3,0.7889700730641683,0.6834978063901266,0.16203494494160017,0.8134675820668539,0.7114159464836121
final_20260719-084743_augmented_spots_train_e200_b100_lr0.0001_s1,?|Ti7Al_logtif.h5|291|291|107749,5,0.7198652446269989,0.6313937842845917,0.08596608862280845,0.8169495701789856,0.7225043058395386
final_20260719-084743_augmented_spots_train_e200_b100_lr0.0001_s1,?|Iron_deformed_logtif.h5|5|5|17872,5,0.7476126790046692,0.6624796271324158,0.11118435002863407,0.8182141542434692,0.7195242166519165
final_20260719-084743_augmented_spots_train_e200_b100_lr0.0001_s1,?|Iron_deformed_logtif.h5|245|525|2343145,3,0.7974297602971395,0.6747260093688965,0.15932896981636682,0.8190503915150961,0.7660990476608276
final_20260719-084743_augmented_spots_train_e200_b100_lr0.0001_s1,?|Ti7Al_logtif.h5|740|1723|711979,3,0.706290731827418,0.6237002511819204,0.06446491181850433,0.8209128975868225,0.7494420051574707
final_20260719-084743_augmented_spots_train_e200_b100_lr0.0001_s1,?|Ti7Al_logtif.h5|951|951|378424,6,0.7346224983533224,0.6498895535866419,0.09167632088065147,0.8214730819066366,0.6907126605510712
final_20260719-084743_augmented_spots_train_e200_b100_lr0.0001_s1,?|Ti7Al_logtif.h5|868|868|355427,3,0.7652689218521118,0.681602954864502,0.1210337517162164,0.8221175869305929,0.7526425957679749
final_20260719-084743_augmented_spots_train_e200_b100_lr0.0001_s1,?|Ti7Al_logtif.h5|479|1460|605758,3,0.7847877542177836,0.6753167112668356,0.13565055032571158,0.8245686093966166,0.7567575097084045
final_20260719-084743_augmented_spots_train_e200_b100_lr0.0001_s1,?|Iron_deformed_logtif.h5|77|357|1542926,6,0.7605009575684866,0.6776911616325378,0.10424942895770073,0.8281257748603821,0.7313685119152069
final_20260719-084743_augmented_spots_train_e200_b100_lr0.0001_s1,?|Iron_deformed_logtif.h5|108|108|396384,3,0.7686236103375753,0.6748942732810974,0.10954061150550842,0.8295415043830872,0.7545601963996887
final_20260719-084743_augmented_spots_train_e200_b100_lr0.0001_s1,?|Ti7Al_logtif.h5|593|593|265156,3,0.7292855978012085,0.6570722063382467,0.052597819517056145,0.8383438984553019,0.7470931529998779
final_20260719-084743_augmented_spots_train_e200_b100_lr0.0001_s1,?|Iron_deformed_logtif.h5|168|448|1896773,3,0.8012578884760538,0.7049437959988912,0.12355982263882954,0.8388490279515585,0.7869915962219238
final_20260719-084743_augmented_spots_train_e200_b100_lr0.0001_s1,?|Iron_deformed_logtif.h5|96|376|1581320,3,0.7852334578831991,0.7374888956546783,0.1032016674677531,0.8410159150759379,0.7139363884925842
final_20260719-084743_augmented_spots_train_e200_b100_lr0.0001_s1,?|Iron_deformed_logtif.h5|121|401|1655920,4,0.7773739993572235,0.68000428378582,0.09287416003644466,0.8422499448060989,0.7773420870304107
final_20260719-084743_augmented_spots_train_e200_b100_lr0.0001_s1,?|Iron_deformed_logtif.h5|172|172|667669,5,0.8089515089988708,0.7143171310424805,0.1218656249344349,0.8435429215431214,0.7672742247581482
final_20260719-084743_augmented_spots_train_e200_b100_lr0.0001_s1,?|Ti7Al_logtif.h5|125|125|38081,3,0.7862329085667928,0.6616957585016886,0.08887723709146182,0.8486778338750204,0.8150174140930175
final_20260719-084743_augmented_spots_train_e200_b100_lr0.0001_s1,?|Ti7Al_logtif.h5|330|1312|505227,3,0.7757540543874105,0.6615453561147054,0.0752316986521085,0.8502611915270487,0.8251022577285767
final_20260719-084743_augmented_spots_train_e200_b100_lr0.0001_s1,?|Ti7Al_logtif.h5|725|1707|707156,3,0.7734453479448954,0.707043449083964,0.06844822317361832,0.8524985710779825,0.762364661693573
final_20260719-084743_augmented_spots_train_e200_b100_lr0.0001_s1,?|Iron_deformed_logtif.h5|241|241|1093313,4,0.7985688373446465,0.7311331927776337,0.08187947329133749,0.8583446741104126,0.7269924819469452
final_20260719-084743_augmented_spots_train_e200_b100_lr0.0001_s1,?|Iron_deformed_logtif.h5|215|215|920107,3,0.8614996472994486,0.7649328112602234,0.142534372707208,0.8594826261202494,0.8382189154624939
final_20260719-084743_augmented_spots_train_e200_b100_lr0.0001_s1,?|Iron_deformed_logtif.h5|230|510|2253954,4,0.7616835534572601,0.6804281920194626,0.04104716423898935,0.8603181838989258,0.7858009338378906
final_20260719-084743_augmented_spots_train_e200_b100_lr0.0001_s1,?|Iron_deformed_logtif.h5|22|302|1309528,4,0.8287183791399002,0.7628660649061203,0.10785789135843515,0.8604302704334259,0.7583742082118988
final_20260719-084743_augmented_spots_train_e200_b100_lr0.0001_s1,?|Ti7Al_logtif.h5|1|983|386483,3,0.7515836457411448,0.7033048470815023,0.02991935486594836,0.860832134882609,0.7525823950767517
final_20260719-084743_augmented_spots_train_e200_b100_lr0.0001_s1,?|Iron_deformed_logtif.h5|95|374|1574041,5,0.8453953862190247,0.7491042852401734,0.12267356663942337,0.8613608956336976,0.7625466346740722
final_20260719-084743_augmented_spots_train_e200_b100_lr0.0001_s1,?|Iron_deformed_logtif.h5|173|173|668050,4,0.8418695330619812,0.7515952587127686,0.11836864240467548,0.8617504239082336,0.787028682231903
final_20260719-084743_augmented_spots_train_e200_b100_lr0.0001_s1,?|Iron_deformed_logtif.h5|86|367|1556377,5,0.8395793676376343,0.7462699770927429,0.11094256192445755,0.8643184065818786,0.7814199090003967
final_20260719-084743_augmented_spots_train_e200_b100_lr0.0001_s1,?|Iron_deformed_logtif.h5|270|270|1208200,4,0.8629834055900574,0.7724507451057434,0.13305324967950583,0.8649650812149048,0.7800594508647919
final_20260719-084743_augmented_spots_train_e200_b100_lr0.0001_s1,?|Iron_deformed_logtif.h5|56|336|1461382,5,0.8823974847793579,0.7982909798622131,0.15228484869003295,0.865056312084198,0.7799850225448608
final_20260719-084743_augmented_spots_train_e200_b100_lr0.0001_s1,?|Iron_deformed_logtif.h5|128|408|1686356,3,0.8699835936228434,0.7793766856193542,0.13774863258004189,0.8661174774169922,0.823048210144043
final_20260719-084743_augmented_spots_train_e200_b100_lr0.0001_s1,?|Ti7Al_logtif.h5|746|1728|712611,4,0.8337494730949402,0.7479733228683472,0.10085733840242028,0.8664460927248001,0.8024168908596039
final_20260719-084743_augmented_spots_train_e200_b100_lr0.0001_s1,?|Iron_deformed_logtif.h5|1|281|1250417,3,0.8065616488456726,0.7179874181747437,0.07355466609199841,0.8665035168329874,0.7880413651466369
final_20260719-084743_augmented_spots_train_e200_b100_lr0.0001_s1,?|Iron_deformed_logtif.h5|184|184|749244,3,0.7996753255526224,0.7033341924349467,0.0656830184161663,0.866996169090271,0.8594831943511962
final_20260719-084743_augmented_spots_train_e200_b100_lr0.0001_s1,?|Iron_deformed_logtif.h5|274|274|1211311,3,0.8637780348459879,0.7835036118825277,0.1283035452167193,0.8677372535069784,0.7377946019172669
final_20260719-084743_augmented_spots_train_e200_b100_lr0.0001_s1,?|Ti7Al_logtif.h5|765|1748|716846,3,0.7742244998613993,0.7296862602233887,0.03773121846218904,0.8682466348012289,0.7547169208526612
final_20260719-084743_augmented_spots_train_e200_b100_lr0.0001_s1,?|Ti7Al_logtif.h5|846|1828|745292,3,0.828955888748169,0.7970382471879324,0.09200276465465625,0.8684765696525574,0.7093061447143555
final_20260719-084743_augmented_spots_train_e200_b100_lr0.0001_s1,?|Ti7Al_logtif.h5|561|1541|646447,3,0.843064030011495,0.7548996408780416,0.10331599072863658,0.8698740204175314,0.74641934633255
final_20260719-084743_augmented_spots_train_e200_b100_lr0.0001_s1,?|Ti7Al_logtif.h5|738|1720|711689,3,0.7953956325848898,0.6969733436902364,0.053001457204421364,0.8711970845858256,0.8112257719039917
final_20260719-084743_augmented_spots_train_e200_b100_lr0.0001_s1,?|Ti7Al_logtif.h5|878|878|356416,3,0.8254874547322592,0.7498699426651001,0.08173119587202866,0.8718781471252441,0.7901487350463867
final_20260719-084743_augmented_spots_train_e200_b100_lr0.0001_s1,?|Iron_deformed_logtif.h5|27|27|75554,4,0.8161908686161041,0.7433810085058212,0.07173930667340755,0.8722257763147354,0.7817100286483765
final_20260719-084743_augmented_spots_train_e200_b100_lr0.0001_s1,?|Ti7Al_logtif.h5|153|153|50619,3,0.8326495289802551,0.7357314427693685,0.08608357732494672,0.8732829888661703,0.8614496469497681
final_20260719-084743_augmented_spots_train_e200_b100_lr0.0001_s1,?|Iron_deformed_logtif.h5|15|295|1305345,3,0.8652772506078085,0.7693404952685038,0.11704764763514201,0.8741147915522257,0.8450730800628662
final_20260719-084743_augmented_spots_train_e200_b100_lr0.0001_s1,?|Iron_deformed_logtif.h5|21|300|1307410,3,0.8308649659156799,0.7182391881942749,0.08220500995715459,0.87432994445165,0.8633255958557129
final_20260719-084743_augmented_spots_train_e200_b100_lr0.0001_s1,?|Iron_deformed_logtif.h5|163|443|1881181,3,0.8570780356725057,0.7727403044700623,0.10541349773605664,0.8758322993914286,0.7657869100570679
final_20260719-084743_augmented_spots_train_e200_b100_lr0.0001_s1,?|Iron_deformed_logtif.h5|278|558|2479788,3,0.8584791223208109,0.7969983418782552,0.1023690365254879,0.8780550559361776,0.7802653908729553
final_20260719-084743_augmented_spots_train_e200_b100_lr0.0001_s1,?|Iron_deformed_logtif.h5|250|250|1106997,4,0.8774249702692032,0.7913936525583267,0.12098641321063042,0.8782192915678024,0.7961344599723816
final_20260719-084743_augmented_spots_train_e200_b100_lr0.0001_s1,?|Iron_deformed_logtif.h5|88|368|1562446,4,0.83949775993824,0.7459026873111725,0.0828669024631381,0.8783154189586639,0.852679431438446
final_20260719-084743_augmented_spots_train_e200_b100_lr0.0001_s1,?|Iron_deformed_logtif.h5|117|397|1649342,3,0.8111353317896525,0.7368264595667521,0.05393500253558159,0.8786001404126486,0.8189046502113342
final_20260719-084743_augmented_spots_train_e200_b100_lr0.0001_s1,?|Ti7Al_logtif.h5|674|1655|690234,3,0.8208901286125183,0.7316815058390299,0.06209405263264974,0.8793980081876119,0.8497634172439575
final_20260719-084743_augmented_spots_train_e200_b100_lr0.0001_s1,?|Iron_deformed_logtif.h5|224|224|1002176,3,0.8721489906311035,0.7785844405492147,0.11004500711957614,0.8810519774754842,0.8156832814216614
final_20260719-084743_augmented_spots_train_e200_b100_lr0.0001_s1,?|Iron_deformed_logtif.h5|39|319|1383099,3,0.8770164847373962,0.8025376001993815,0.11469200253486633,0.8811622262001038,0.8078129529953003
final_20260719-084743_augmented_spots_train_e200_b100_lr0.0001_s1,?|Iron_deformed_logtif.h5|184|464|1988468,6,0.8895600835482279,0.8095380564530691,0.1268270934621493,0.881366491317749,0.7939688265323639
final_20260719-084743_augmented_spots_train_e200_b100_lr0.0001_s1,?|Iron_deformed_logtif.h5|15|15|66683,3,0.876505434513092,0.7838444908459982,0.11364645510911942,0.8814294934272766,0.8738561868667603
final_20260719-084743_augmented_spots_train_e200_b100_lr0.0001_s1,?|Iron_deformed_logtif.h5|166|166|647236,5,0.84695485830307,0.7751763701438904,0.08120761178433895,0.8828736305236816,0.7662546396255493
final_20260719-084743_augmented_spots_train_e200_b100_lr0.0001_s1,?|Iron_deformed_logtif.h5|67|347|1504401,4,0.8560602217912674,0.773103728890419,0.0901284608989954,0.8829658627510071,0.8147081792354584
final_20260719-084743_augmented_spots_train_e200_b100_lr0.0001_s1,?|Iron_deformed_logtif.h5|167|167|658994,3,0.8149244785308838,0.7285531759262085,0.04826567694544792,0.8833293914794922,0.8287076830863953
final_20260719-084743_augmented_spots_train_e200_b100_lr0.0001_s1,?|Iron_deformed_logtif.h5|273|273|1210178,4,0.8792981654405594,0.8014340251684189,0.11200613318942487,0.8836459964513779,0.8222074627876281
final_20260719-084743_augmented_spots_train_e200_b100_lr0.0001_s1,?|Iron_deformed_logtif.h5|178|458|1910882,4,0.8539469689130783,0.7801483273506165,0.08566469419747591,0.884141132235527,0.8020906269550323
final_20260719-084743_augmented_spots_train_e200_b100_lr0.0001_s1,?|Ti7Al_logtif.h5|192|192|64402,3,0.8193516135215759,0.7798768281936646,0.048799329747756325,0.8852761387825012,0.7899374008178711
final_20260719-084743_augmented_spots_train_e200_b100_lr0.0001_s1,?|Ti7Al_logtif.h5|661|1643|680280,3,0.8236476182937622,0.726400097211202,0.05291575255493323,0.8853659232457479,0.8075010657310486
final_20260719-084743_augmented_spots_train_e200_b100_lr0.0001_s1,?|Ti7Al_logtif.h5|317|317|115086,3,0.8288736144701639,0.737648069858551,0.05581067812939485,0.8865314722061157,0.8410862803459167
final_20260719-084743_augmented_spots_train_e200_b100_lr0.0001_s1,?|Iron_deformed_logtif.h5|131|131|446796,4,0.843424841761589,0.7528757750988007,0.07003466226160526,0.886695072054863,0.8031947076320648
final_20260719-084743_augmented_spots_train_e200_b100_lr0.0001_s1,?|Ti7Al_logtif.h5|900|1881|752712,3,0.8251436154047648,0.7636420528093973,0.051181402057409286,0.8869810899098715,0.7857866406440734
final_20260719-084743_augmented_spots_train_e200_b100_lr0.0001_s1,?|Ti7Al_logtif.h5|9|9|1561,4,0.8112580105662346,0.7687653303146362,0.03161400929093361,0.8898220062255859,0.7839006900787353
final_20260719-084743_augmented_spots_train_e200_b100_lr0.0001_s1,?|Iron_deformed_logtif.h5|55|334|1461026,3,0.9021100997924805,0.8249990344047546,0.11943146834770839,0.8913393020629883,0.8611612558364868
final_20260719-084743_augmented_spots_train_e200_b100_lr0.0001_s1,?|Iron_deformed_logtif.h5|215|495|2158392,3,0.8666329383850098,0.7742791573206583,0.08364656815926234,0.8914931813875834,0.8310995817184448
final_20260719-084743_augmented_spots_train_e200_b100_lr0.0001_s1,?|Iron_deformed_logtif.h5|217|497|2202296,4,0.8523313850164413,0.7649786472320557,0.0683372262865305,0.8919970989227295,0.8662426173686981
final_20260719-084743_augmented_spots_train_e200_b100_lr0.0001_s1,?|Iron_deformed_logtif.h5|18|299|1307069,4,0.8970136344432831,0.8178596794605255,0.11168708396144211,0.8926632851362228,0.8383254528045654
final_20260719-084743_augmented_spots_train_e200_b100_lr0.0001_s1,?|Iron_deformed_logtif.h5|164|164|645795,3,0.8880903919537863,0.8047384222348531,0.10250751674175262,0.8927914301554362,0.8600084066390992
final_20260719-084743_augmented_spots_train_e200_b100_lr0.0001_s1,?|Iron_deformed_logtif.h5|37|317|1382409,4,0.866981565952301,0.7885488718748093,0.07980358880013227,0.893588975071907,0.8227868497371673
final_20260719-084743_augmented_spots_train_e200_b100_lr0.0001_s1,?|Ti7Al_logtif.h5|331|331|117248,3,0.854596734046936,0.7910438577334086,0.0662191640585661,0.8941887815793356,0.8070599675178528
final_20260719-084743_augmented_spots_train_e200_b100_lr0.0001_s1,?|Iron_deformed_logtif.h5|30|310|1320109,5,0.8360031485557556,0.7653340220451355,0.04747539237141609,0.8942638874053955,0.8254203557968139
final_20260719-084743_augmented_spots_train_e200_b100_lr0.0001_s1,?|Iron_deformed_logtif.h5|62|342|1492694,5,0.8742995500564575,0.7830008745193482,0.08254610225558281,0.8958767294883728,0.861005961894989
final_20260719-084743_augmented_spots_train_e200_b100_lr0.0001_s1,?|Iron_deformed_logtif.h5|20|20|68360,3,0.8971972862879435,0.8199175596237183,0.10540298745036125,0.8958971500396729,0.8388022303581237
final_20260719-084743_augmented_spots_train_e200_b100_lr0.0001_s1,?|Iron_deformed_logtif.h5|21|21|68698,5,0.8821666598320007,0.8215139508247375,0.08968438170850276,0.8962411403656005,0.7907178163528442
final_20260719-084743_augmented_spots_train_e200_b100_lr0.0001_s1,?|Iron_deformed_logtif.h5|259|539|2410871,4,0.8860186636447906,0.8060001283884048,0.09305315185338259,0.8964827507734299,0.834275758266449
final_20260719-084743_augmented_spots_train_e200_b100_lr0.0001_s1,?|Iron_deformed_logtif.h5|13|293|1302579,4,0.8939199596643448,0.8146801143884659,0.10051559889689088,0.8967021852731705,0.8242618858814239
final_20260719-084743_augmented_spots_train_e200_b100_lr0.0001_s1,?|Ti7Al_logtif.h5|67|67|19272,4,0.8450421094894409,0.7885564267635345,0.05110327759757638,0.8969693928956985,0.7904015004634857
final_20260719-084743_augmented_spots_train_e200_b100_lr0.0001_s1,?|Ti7Al_logtif.h5|560|560|255019,3,0.8411767681439718,0.7613657315572103,0.04688937092820803,0.8971437017122904,0.7914714097976685
final_20260719-084743_augmented_spots_train_e200_b100_lr0.0001_s1,?|Iron_deformed_logtif.h5|143|143|525365,3,0.898173987865448,0.8244575063387553,0.10329632336894672,0.8974388440450033,0.8253261566162109
final_20260719-084743_augmented_spots_train_e200_b100_lr0.0001_s1,?|Iron_deformed_logtif.h5|136|136|495861,4,0.8977804780006409,0.8197377175092697,0.10232112742960453,0.8977296650409698,0.8389443993568421
final_20260719-084743_augmented_spots_train_e200_b100_lr0.0001_s1,?|Iron_deformed_logtif.h5|13|13|63607,3,0.8939405083656311,0.8188787698745728,0.09801450495918591,0.8979630072911581,0.8216566562652587
final_20260719-084743_augmented_spots_train_e200_b100_lr0.0001_s1,?|Iron_deformed_logtif.h5|229|229|1011112,4,0.8858074843883514,0.7985231578350067,0.08949114615097642,0.8981581777334213,0.8506300747394562
final_20260719-084743_augmented_spots_train_e200_b100_lr0.0001_s1,?|Ti7Al_logtif.h5|936|1918|774149,3,0.8468025326728821,0.7672759890556335,0.05002721957862377,0.8983876506487528,0.8568137168884278
final_20260719-084743_augmented_spots_train_e200_b100_lr0.0001_s1,?|Iron_deformed_logtif.h5|16|296|1305672,3,0.8866445024808248,0.802858571211497,0.08857688059409459,0.899033804734548,0.8608695983886718
final_20260719-084743_augmented_spots_train_e200_b100_lr0.0001_s1,?|Iron_deformed_logtif.h5|188|188|784896,5,0.8933714747428894,0.8148849606513977,0.09464784264564514,0.8993618249893188,0.8582687020301819
final_20260719-084743_augmented_spots_train_e200_b100_lr0.0001_s1,?|Iron_deformed_logtif.h5|189|469|2025484,3,0.8890192111333212,0.8077961007754008,0.08995504925648372,0.8995320796966553,0.8846792340278625
final_20260719-084743_augmented_spots_train_e200_b100_lr0.0001_s1,?|Ti7Al_logtif.h5|431|1413|574457,3,0.8757355014483134,0.8032071789105734,0.07629937476788957,0.8997180461883545,0.854799771308899
final_20260719-084743_augmented_spots_train_e200_b100_lr0.0001_s1,?|Iron_deformed_logtif.h5|232|232|1020810,3,0.8810477256774902,0.7985816597938538,0.0806529230127732,0.900197446346283,0.8509632349014282
final_20260719-084743_augmented_spots_train_e200_b100_lr0.0001_s1,?|Iron_deformed_logtif.h5|19|298|1306721,6,0.8884222606817881,0.8071455756823221,0.08643313807745774,0.9009945690631866,0.8589875102043152
final_20260719-084743_augmented_spots_train_e200_b100_lr0.0001_s1,?|Iron_deformed_logtif.h5|44|44|162956,4,0.8990197032690048,0.8274808079004288,0.09697065479122102,0.9010245203971863,0.8477474093437195
final_20260719-084743_augmented_spots_train_e200_b100_lr0.0001_s1,?|Ti7Al_logtif.h5|110|110|32103,5,0.8528660893440246,0.7782150268554687,0.05045773833990097,0.9012041687965393,0.8647543430328369
final_20260719-084743_augmented_spots_train_e200_b100_lr0.0001_s1,?|Iron_deformed_logtif.h5|235|515|2278776,3,0.884497344493866,0.799694279829661,0.08161770552396774,0.9014398256937662,0.8640426397323608
final_20260719-084743_augmented_spots_train_e200_b100_lr0.0001_s1,?|Iron_deformed_logtif.h5|60|340|1491296,3,0.8550947507222494,0.7554181019465128,0.05138004260758559,0.901857336362203,0.8559810161590576
final_20260719-084743_augmented_spots_train_e200_b100_lr0.0001_s1,?|Iron_deformed_logtif.h5|81|81|313835,4,0.8826488852500916,0.8124643266201019,0.07543665822595358,0.903606116771698,0.8355838537216187
final_20260719-084743_augmented_spots_train_e200_b100_lr0.0001_s1,?|Iron_deformed_logtif.h5|102|382|1609497,3,0.9093454082806905,0.8398450811704,0.10151974267015855,0.9039128422737122,0.831342625617981
final_20260719-084743_augmented_spots_train_e200_b100_lr0.0001_s1,?|Ti7Al_logtif.h5|753|1735|715115,3,0.9130774537722269,0.8429834842681885,0.1043141136566798,0.9043816725413004,0.8705325245857238
final_20260719-084743_augmented_spots_train_e200_b100_lr0.0001_s1,?|Iron_deformed_logtif.h5|169|449|1897167,4,0.8923093974590302,0.8119859099388123,0.08229762595146894,0.9050058871507645,0.8677867233753205
final_20260719-084743_augmented_spots_train_e200_b100_lr0.0001_s1,?|Iron_deformed_logtif.h5|191|191|786702,8,0.8921199291944504,0.8307883813977242,0.08140970533713698,0.9053551033139229,0.8531888782978058
final_20260719-084743_augmented_spots_train_e200_b100_lr0.0001_s1,?|Iron_deformed_logtif.h5|70|351|1516103,3,0.8889022668202718,0.8100183010101318,0.0781920279065768,0.9053551157315572,0.8284934520721435
final_20260719-084743_augmented_spots_train_e200_b100_lr0.0001_s1,?|Iron_deformed_logtif.h5|127|127|436075,9,0.8802255060937669,0.8205268383026123,0.06944453022960159,0.9053905010223389,0.7976248860359192
final_20260719-084743_augmented_spots_train_e200_b100_lr0.0001_s1,?|Iron_deformed_logtif.h5|252|532|2351102,3,0.8672375679016113,0.7916135787963867,0.0549511614566048,0.9061432282129923,0.8663847923278809
final_20260719-084743_augmented_spots_train_e200_b100_lr0.0001_s1,?|Iron_deformed_logtif.h5|183|463|1960285,3,0.8618465264638265,0.7619035641352335,0.047437296559413276,0.9072046081225077,0.9004938840866089
final_20260719-084743_augmented_spots_train_e200_b100_lr0.0001_s1,?|Ti7Al_logtif.h5|244|1226|477357,3,0.8566979964574178,0.7728747526804606,0.04193716480707129,0.9073803822199503,0.8588660478591919
final_20260719-084743_augmented_spots_train_e200_b100_lr0.0001_s1,?|Iron_deformed_logtif.h5|144|424|1768990,4,0.8888018131256104,0.8382632583379745,0.07372060080524534,0.9075405895709991,0.8235300540924072
final_20260719-084743_augmented_spots_train_e200_b100_lr0.0001_s1,?|Iron_deformed_logtif.h5|187|187|782942,3,0.9016423026720682,0.8350759347279867,0.08406588435173035,0.9087882240613302,0.8397687077522278
final_20260719-084743_augmented_spots_train_e200_b100_lr0.0001_s1,?|Ti7Al_logtif.h5|615|615|277544,3,0.8330660263697306,0.8017162481943766,0.015000829938799143,0.9090326031049093,0.8075535416603088
final_20260719-084743_augmented_spots_train_e200_b100_lr0.0001_s1,?|Iron_deformed_logtif.h5|273|553|2451312,7,0.8884890845843724,0.8138388650757926,0.07041151262819767,0.9090387991496495,0.8275027990341186
final_20260719-084743_augmented_spots_train_e200_b100_lr0.0001_s1,?|Iron_deformed_logtif.h5|120|400|1655560,4,0.8759791553020477,0.8007653802633286,0.0569900656118989,0.9094945341348648,0.8599426805973053
final_20260719-084743_augmented_spots_train_e200_b100_lr0.0001_s1,?|Ti7Al_logtif.h5|230|1213|471619,3,0.8928200006484985,0.8152619401613871,0.07166221737861633,0.9105788667996725,0.8446163296699524
final_20260719-084743_augmented_spots_train_e200_b100_lr0.0001_s1,?|Iron_deformed_logtif.h5|102|102|368709,6,0.8851438462734222,0.8079622487227122,0.062324645929038525,0.9114096065362295,0.8629779815673828
final_20260719-084743_augmented_spots_train_e200_b100_lr0.0001_s1,?|Iron_deformed_logtif.h5|22|22|70041,3,0.9135568340619405,0.8453797101974487,0.08985071629285812,0.9118530750274658,0.8673417925834656
final_20260719-084743_augmented_spots_train_e200_b100_lr0.0001_s1,?|Iron_logtif.h5|3842|11538|1017745,3,0.9216449658075968,0.8613404631614685,0.09482345792154472,0.9134107232093811,0.8517506837844848
final_20260719-084743_augmented_spots_train_e200_b100_lr0.0001_s1,?|Iron_deformed_logtif.h5|235|235|1039802,3,0.8784691095352173,0.8002174099286398,0.05127993163963159,0.9135945836702982,0.8825241684913635
final_20260719-084743_augmented_spots_train_e200_b100_lr0.0001_s1,?|Al_big_grains_logtif.h5|3202|3202|103431,3,0.8593501845995585,0.781289796034495,0.03187714020411173,0.9137365221977234,0.8942470669746398
final_20260719-084743_augmented_spots_train_e200_b100_lr0.0001_s1,?|Iron_deformed_logtif.h5|149|149|573179,5,0.8929437875747681,0.8161237120628357,0.0642652004957199,0.9143393039703369,0.8635936379432678
final_20260719-084743_augmented_spots_train_e200_b100_lr0.0001_s1,?|Iron_deformed_logtif.h5|191|471|2026221,3,0.8918442924817404,0.8145869374275208,0.06135824943582217,0.9152430097262064,0.8565455079078674
final_20260719-084743_augmented_spots_train_e200_b100_lr0.0001_s1,?|Iron_deformed_logtif.h5|198|478|2057750,4,0.8922427743673325,0.8131840527057648,0.061386603862047195,0.915428102016449,0.8848534464836121
final_20260719-084743_augmented_spots_train_e200_b100_lr0.0001_s1,?|Ti7Al_logtif.h5|120|1102|427246,3,0.8797805507977804,0.7986867626508077,0.04833779359857241,0.9157213966051737,0.8849702477455139
final_20260719-084743_augmented_spots_train_e200_b100_lr0.0001_s1,?|Ti7Al_logtif.h5|605|1587|664057,3,0.8797501524289449,0.8048554460207621,0.04799478376905123,0.9158776799837748,0.8923484444618225
final_20260719-084743_augmented_spots_train_e200_b100_lr0.0001_s1,?|Iron_deformed_logtif.h5|278|278|1238536,5,0.9032801747322082,0.831357479095459,0.07134221158921719,0.9159689784049988,0.8718831539154053
final_20260719-084743_augmented_spots_train_e200_b100_lr0.0001_s1,?|Iron_deformed_logtif.h5|152|432|1846281,3,0.899704098701477,0.8193153937657675,0.06748209148645401,0.9161110122998556,0.9021911144256591
final_20260719-084743_augmented_spots_train_e200_b100_lr0.0001_s1,?|Iron_deformed_logtif.h5|181|461|1951519,3,0.9110989173253378,0.8382059733072916,0.0785334383447965,0.9162827531496683,0.8981856942176819
final_20260719-084743_augmented_spots_train_e200_b100_lr0.0001_s1,?|Iron_deformed_logtif.h5|33|313|1349905,6,0.9217107792695364,0.8584667642911276,0.08839933481067419,0.9166557292143503,0.8718387186527252
final_20260719-084743_augmented_spots_train_e200_b100_lr0.0001_s1,?|Iron_deformed_logtif.h5|1|1|10546,5,0.8814902901649475,0.7978246450424195,0.04764618091285229,0.9169220685958862,0.9059177279472351
final_20260719-084743_augmented_spots_train_e200_b100_lr0.0001_s1,?|Iron_deformed_logtif.h5|139|420|1763892,4,0.9216247200965881,0.8598270565271378,0.0874807273503393,0.9170719981193542,0.8772124469280242
final_20260719-084743_augmented_spots_train_e200_b100_lr0.0001_s1,?|Ti7Al_logtif.h5|273|273|104028,4,0.8652879148721695,0.8204739093780518,0.03102182107977569,0.9171330332756042,0.8228752672672272
final_20260719-084743_augmented_spots_train_e200_b100_lr0.0001_s1,?|Iron_deformed_logtif.h5|123|403|1657222,3,0.867796778678894,0.7971668442090353,0.03348319325596094,0.9171567956606547,0.8723568439483642
final_20260719-084743_augmented_spots_train_e200_b100_lr0.0001_s1,?|Iron_deformed_logtif.h5|93|93|333088,3,0.9105191429456075,0.8409419457117716,0.07618829359610875,0.9171653985977173,0.8686872720718384
final_20260719-084743_augmented_spots_train_e200_b100_lr0.0001_s1,?|Ti7Al_logtif.h5|903|1882|752818,3,0.8855166037877401,0.8144727150599161,0.049229027392963566,0.9181437691052755,0.8526249051094055
final_20260719-084743_augmented_spots_train_e200_b100_lr0.0001_s1,?|Ti7Al_logtif.h5|579|579|259870,3,0.8676209648450216,0.7831525405248007,0.0312152033050855,0.9182028571764628,0.898150098323822
final_20260719-084743_augmented_spots_train_e200_b100_lr0.0001_s1,?|Iron_deformed_logtif.h5|59|59|249552,4,0.9034205675125122,0.8353171050548553,0.06564661860466003,0.9188869893550873,0.8721628844738006
final_20260719-084743_augmented_spots_train_e200_b100_lr0.0001_s1,?|Iron_deformed_logtif.h5|162|442|1877566,3,0.8752485315004984,0.8037928144137064,0.037318787847956024,0.9189648628234863,0.882099962234497
final_20260719-084743_augmented_spots_train_e200_b100_lr0.0001_s1,?|Iron_deformed_logtif.h5|228|228|1010103,3,0.9000741442044576,0.8261297345161438,0.06150888713697592,0.9192826350529989,0.9040426850318909
final_20260719-084743_augmented_spots_train_e200_b100_lr0.0001_s1,?|Iron_deformed_logtif.h5|129|409|1686682,3,0.919161856174469,0.8515194654464722,0.08043392126758893,0.9193639357884725,0.8976943254470825
final_20260719-084743_augmented_spots_train_e200_b100_lr0.0001_s1,?|Iron_deformed_logtif.h5|141|141|523753,3,0.9117463032404581,0.8418068289756775,0.07299714783827464,0.9193745652834574,0.8847652196884155
final_20260719-084743_augmented_spots_train_e200_b100_lr0.0001_s1,?|Iron_deformed_logtif.h5|2|2|12606,8,0.9034494757652283,0.8314607664942741,0.06443891255185008,0.9195052906870842,0.855700945854187
final_20260719-084743_augmented_spots_train_e200_b100_lr0.0001_s1,?|Iron_deformed_logtif.h5|234|514|2272117,3,0.9110288222630819,0.8477433522542318,0.07128739853700002,0.9198706944783529,0.8906714439392089
final_20260719-084743_augmented_spots_train_e200_b100_lr0.0001_s1,?|Iron_deformed_logtif.h5|121|121|413884,3,0.9033997456232706,0.8317241668701172,0.06291612486044566,0.9202418128649393,0.8992128849029541
final_20260719-084743_augmented_spots_train_e200_b100_lr0.0001_s1,?|Iron_deformed_logtif.h5|255|535|2371626,5,0.8945987701416016,0.8183438181877136,0.05405870191752911,0.9202700257301331,0.8936451435089111
final_20260719-084743_augmented_spots_train_e200_b100_lr0.0001_s1,?|Iron_deformed_logtif.h5|197|197|812567,6,0.8916505674521128,0.8248643179734548,0.05046606001754602,0.9205922484397888,0.8658018708229065
final_20260719-084743_augmented_spots_train_e200_b100_lr0.0001_s1,?|Ti7Al_logtif.h5|867|1849|749230,3,0.889743705590566,0.8134100437164307,0.04786089435219765,0.9209413925806681,0.8926030278205872
final_20260719-084743_augmented_spots_train_e200_b100_lr0.0001_s1,?|Iron_deformed_logtif.h5|50|50|192409,3,0.9212719798088074,0.8591796159744263,0.07791039968530337,0.9216808080673218,0.8781984567642211
final_20260719-084743_augmented_spots_train_e200_b100_lr0.0001_s1,?|Ti7Al_logtif.h5|380|1363|531358,3,0.8973077932993571,0.8190857172012329,0.05345621146261692,0.9219258030255636,0.8861052393913269
final_20260719-084743_augmented_spots_train_e200_b100_lr0.0001_s1,?|Iron_deformed_logtif.h5|250|529|2345856,3,0.9074772993723551,0.8329101006189982,0.063429760436217,0.9220237731933594,0.8839535117149353
final_20260719-084743_augmented_spots_train_e200_b100_lr0.0001_s1,?|Iron_deformed_logtif.h5|17|297|1306370,4,0.9200790971517563,0.8592430353164673,0.07436980912461877,0.9228546321392059,0.8491643071174622
final_20260719-084743_augmented_spots_train_e200_b100_lr0.0001_s1,?|Ti7Al_logtif.h5|278|1260|494692,3,0.9117049177487692,0.856572171052297,0.06527369127919276,0.9232156078020731,0.8909955739974975
final_20260719-084743_augmented_spots_train_e200_b100_lr0.0001_s1,?|Iron_deformed_logtif.h5|189|189|785586,6,0.9003420372804006,0.8257371683915457,0.05257511061305801,0.923883467912674,0.8805889785289764
final_20260719-084743_augmented_spots_train_e200_b100_lr0.0001_s1,?|Al_big_grains_logtif.h5|1987|6931|214006,3,0.8661763270696005,0.8109047611554464,0.01705534818271796,0.9245604674021403,0.8703699588775635
final_20260719-084743_augmented_spots_train_e200_b100_lr0.0001_s1,?|Iron_deformed_logtif.h5|39|39|143519,5,0.9143675923347473,0.8487075448036194,0.06483365558087825,0.9247669696807861,0.8749800443649292
final_20260719-084743_augmented_spots_train_e200_b100_lr0.0001_s1,?|Iron_deformed_logtif.h5|46|46|183492,5,0.9066140174865722,0.8374902009963989,0.056945237517356875,0.924834382534027,0.8932547092437744
final_20260719-084743_augmented_spots_train_e200_b100_lr0.0001_s1,?|Iron_deformed_logtif.h5|210|210|876585,5,0.9270240664482117,0.866919469833374,0.07667661216109992,0.9251737236976624,0.8779710054397583
final_20260719-084743_augmented_spots_train_e200_b100_lr0.0001_s1,?|Ti7Al_logtif.h5|306|1288|501063,4,0.9032833874225616,0.8332862704992294,0.05160411028191447,0.9258396476507187,0.8923647105693817
final_20260719-084743_augmented_spots_train_e200_b100_lr0.0001_s1,?|Iron_deformed_logtif.h5|53|333|1458032,4,0.9180730283260345,0.8545445948839188,0.06624406389892101,0.925914466381073,0.8806418359279633
final_20260719-084743_augmented_spots_train_e200_b100_lr0.0001_s1,?|Iron_deformed_logtif.h5|153|433|1857995,4,0.915705606341362,0.8501472473144531,0.06317520514130592,0.9262651950120926,0.9010737240314484
final_20260719-084743_augmented_spots_train_e200_b100_lr0.0001_s1,?|Iron_deformed_logtif.h5|152|152|607331,6,0.9062378704547882,0.8396314183870951,0.05324840918183327,0.9264947275320689,0.8803800046443939
final_20260719-084743_augmented_spots_train_e200_b100_lr0.0001_s1,?|Iron_deformed_logtif.h5|195|195|807221,3,0.9297395944595337,0.8718292315800985,0.07573982079823811,0.9269999265670776,0.8906752943992615
final_20260719-084743_augmented_spots_train_e200_b100_lr0.0001_s1,?|Iron_deformed_logtif.h5|192|472|2026576,3,0.9178710778554281,0.8600939909617106,0.06365559498469035,0.9271077513694763,0.888390040397644
final_20260719-084743_augmented_spots_train_e200_b100_lr0.0001_s1,?|Iron_deformed_logtif.h5|138|138|519077,4,0.924434095621109,0.8649643808603287,0.0701247164979577,0.9271546900272369,0.8700277447700501
final_20260719-084743_augmented_spots_train_e200_b100_lr0.0001_s1,?|Iron_deformed_logtif.h5|85|85|315186,5,0.9096329569816589,0.8535863995552063,0.05509802158921957,0.9272674679756164,0.8599403142929077
final_20260719-084743_augmented_spots_train_e200_b100_lr0.0001_s1,?|Iron_deformed_logtif.h5|137|137|518561,5,0.8966046094894409,0.817971670627594,0.04185243621468544,0.9273760795593262,0.8820590019226074
final_20260719-084743_augmented_spots_train_e200_b100_lr0.0001_s1,?|Al_deformed_LoG_logtif.h5|29|63|895675,13,0.9249184223321768,0.8637857253734882,0.06993285795817009,0.9274927790348346,0.8411735773086548
final_20260719-084743_augmented_spots_train_e200_b100_lr0.0001_s1,?|Iron_deformed_logtif.h5|42|322|1394565,3,0.9493171771367391,0.9050463835398356,0.09340258066852887,0.92795729637146,0.8800092577934265
final_20260719-084743_augmented_spots_train_e200_b100_lr0.0001_s1,?|Iron_deformed_logtif.h5|103|383|1609828,5,0.9310320019721985,0.8742337584495544,0.07474055700004101,0.9281457424163818,0.8659754037857056
final_20260719-084743_augmented_spots_train_e200_b100_lr0.0001_s1,?|Iron_deformed_logtif.h5|61|61|251104,6,0.8887274463971456,0.8275032738844553,0.030140242849787075,0.9292936126391093,0.868497371673584
final_20260719-084743_augmented_spots_train_e200_b100_lr0.0001_s1,?|Iron_deformed_logtif.h5|23|23|70379,3,0.9361713727315267,0.8818787733713785,0.07751772925257683,0.9293268322944641,0.8904003858566284
final_20260719-084743_augmented_spots_train_e200_b100_lr0.0001_s1,?|Iron_logtif.h5|1800|1800|157572,3,0.9316089948018392,0.8754256963729858,0.07293625921010971,0.9293363690376282,0.8840911746025085
final_20260719-084743_augmented_spots_train_e200_b100_lr0.0001_s1,?|Iron_deformed_logtif.h5|0|0|1623,3,0.9274619420369467,0.8662261366844177,0.06840584799647331,0.9295280575752258,0.9018105506896973
final_20260719-084743_augmented_spots_train_e200_b100_lr0.0001_s1,?|Iron_deformed_logtif.h5|129|129|446107,6,0.9293735524018606,0.8711469372113546,0.06915069743990898,0.9301114281018575,0.8878516256809235
final_20260719-084743_augmented_spots_train_e200_b100_lr0.0001_s1,?|Al_deformed_LoG_logtif.h5|6|40|510321,24,0.9281291390458742,0.867863600452741,0.06745453739616399,0.9303373048702875,0.8712582767009736
final_20260719-084743_augmented_spots_train_e200_b100_lr0.0001_s1,?|Iron_deformed_logtif.h5|279|279|1239202,4,0.9260826706886292,0.8688769638538361,0.06506328319665045,0.9305097013711929,0.8614437699317932
final_20260719-084743_augmented_spots_train_e200_b100_lr0.0001_s1,?|Iron_deformed_logtif.h5|265|545|2432134,4,0.8898880928754807,0.8282776921987534,0.028180833905935287,0.9308536350727081,0.8842733144760132
final_20260719-084743_augmented_spots_train_e200_b100_lr0.0001_s1,?|Al_deformed_LoG_logtif.h5|20|20|362924,19,0.9344983822421024,0.8805512378090307,0.07127654383351144,0.9316109136531228,0.8551113247871399
final_20260719-084743_augmented_spots_train_e200_b100_lr0.0001_s1,?|Ti7Al_logtif.h5|592|1574|655769,3,0.8976888855298361,0.8219623963038126,0.03433531476184726,0.9316767851511637,0.9006349921226502
final_20260719-084743_augmented_spots_train_e200_b100_lr0.0001_s1,?|Iron_deformed_logtif.h5|128|128|445774,4,0.9205415844917297,0.858034610748291,0.05694197816774249,0.9317997992038727,0.8967209696769715
final_20260719-084743_augmented_spots_train_e200_b100_lr0.0001_s1,?|Iron_deformed_logtif.h5|125|405|1675921,3,0.9210218191146851,0.8605288863182068,0.05711043936510881,0.9319556951522827,0.8880817413330078
final_20260719-084743_augmented_spots_train_e200_b100_lr0.0001_s1,?|Iron_deformed_logtif.h5|136|416|1735423,3,0.9320842822392782,0.8742948770523071,0.06716447199384372,0.9324599107106527,0.9107759594917297
final_20260719-084743_augmented_spots_train_e200_b100_lr0.0001_s1,?|Iron_deformed_logtif.h5|249|527|2345175,4,0.9168830960988998,0.8506757766008377,0.05122504523023963,0.9328290075063705,0.9047213017940521
final_20260719-084743_augmented_spots_train_e200_b100_lr0.0001_s1,?|Iron_deformed_logtif.h5|58|58|242737,3,0.9111506144205729,0.8428124984105428,0.044900513564546905,0.9331250588099161,0.8952739238739014
final_20260719-084743_augmented_spots_train_e200_b100_lr0.0001_s1,?|Iron_deformed_logtif.h5|98|98|344511,4,0.931231826543808,0.873111292719841,0.06453554052859545,0.933348149061203,0.8972902297973633
final_20260719-084743_augmented_spots_train_e200_b100_lr0.0001_s1,?|Al_big_grains_logtif.h5|4294|9239|295394,3,0.9095843434333801,0.8460220297177633,0.04267323513825735,0.9334555466969808,0.9158046245574951
final_20260719-084743_augmented_spots_train_e200_b100_lr0.0001_s1,?|Al_deformed_LoG_logtif.h5|7|41|510550,15,0.9274772882461548,0.8669462442398072,0.06051497906446457,0.9334811568260193,0.885196328163147
final_20260719-084743_augmented_spots_train_e200_b100_lr0.0001_s1,?|Al_deformed_LoG_logtif.h5|8|8|54671,22,0.9270631047812375,0.8694284856319427,0.06002705849029801,0.9335180222988129,0.8941638588905334
final_20260719-084743_augmented_spots_train_e200_b100_lr0.0001_s1,?|Al_deformed_LoG_logtif.h5|20|54|805566,20,0.9274022936820984,0.8679054319858551,0.060299540590494874,0.9335513800382614,0.9083621799945831
final_20260719-084743_augmented_spots_train_e200_b100_lr0.0001_s1,?|Iron_deformed_logtif.h5|246|526|2344537,5,0.9433093786239624,0.8940853118896485,0.076056207716465,0.9336265802383423,0.8906575560569763
final_20260719-084743_augmented_spots_train_e200_b100_lr0.0001_s1,?|Iron_deformed_logtif.h5|207|487|2110068,4,0.9254430830478668,0.8669333308935165,0.058157903142273426,0.9336425811052322,0.9095354735851288
final_20260719-084743_augmented_spots_train_e200_b100_lr0.0001_s1,?|Iron_deformed_logtif.h5|174|174|668440,4,0.9146897345781326,0.8489704877138138,0.047185967210680246,0.9337518662214279,0.8921860873699188
final_20260719-084743_augmented_spots_train_e200_b100_lr0.0001_s1,?|Iron_deformed_logtif.h5|210|490|2115695,3,0.9340012470881144,0.8775850931803385,0.06594361364841461,0.9340288241704305,0.9226692676544189
final_20260719-084743_augmented_spots_train_e200_b100_lr0.0001_s1,?|Iron_deformed_logtif.h5|144|144|528465,3,0.9082458217938741,0.854451060295105,0.039709468061725296,0.9342681765556335,0.8966587305068969
final_20260719-084743_augmented_spots_train_e200_b100_lr0.0001_s1,?|Ti7Al_logtif.h5|907|907|360786,3,0.9059971372286478,0.8396225770314535,0.03620246549447378,0.9348973234494528,0.9016265869140625
final_20260719-084743_augmented_spots_train_e200_b100_lr0.0001_s1,?|Iron_deformed_logtif.h5|274|554|2452789,4,0.9129702746868134,0.843226358294487,0.0426689675077796,0.9351506531238556,0.9142037391662597
final_20260719-084743_augmented_spots_train_e200_b100_lr0.0001_s1,?|Iron_deformed_logtif.h5|216|496|2201946,4,0.9273380637168884,0.8666171133518219,0.05546257458627224,0.935937762260437,0.9174120724201202
final_20260719-084743_augmented_spots_train_e200_b100_lr0.0001_s1,?|Iron_deformed_logtif.h5|91|91|323387,3,0.9105914831161499,0.8438943028450012,0.037334821497400604,0.9366283218065897,0.8838863372802734
final_20260719-084743_augmented_spots_train_e200_b100_lr0.0001_s1,?|Iron_deformed_logtif.h5|272|272|1208818,6,0.9229258596897125,0.8604351679484049,0.04945582958559195,0.9367350240548452,0.9065190255641937
final_20260719-084743_augmented_spots_train_e200_b100_lr0.0001_s1,?|Al_deformed_LoG_logtif.h5|19|19|353769,17,0.9361100442269269,0.8817137970643885,0.06234419625252485,0.9368829236311071,0.8962777614593506
final_20260719-084743_augmented_spots_train_e200_b100_lr0.0001_s1,?|Iron_deformed_logtif.h5|111|111|397455,4,0.9257019311189651,0.8658682405948639,0.05144365504384041,0.9371291548013687,0.8911561369895935
final_20260719-084743_augmented_spots_train_e200_b100_lr0.0001_s1,?|Iron_deformed_logtif.h5|127|407|1676778,4,0.9245445132255554,0.866270899772644,0.04982851631939411,0.9373580068349838,0.9167584419250489
final_20260719-084743_augmented_spots_train_e200_b100_lr0.0001_s1,?|Ti7Al_logtif.h5|163|1144|441312,3,0.918377141157786,0.8528454502423605,0.04338827356696129,0.9374944368998209,0.9099397540092469
final_20260719-084743_augmented_spots_train_e200_b100_lr0.0001_s1,?|Iron_deformed_logtif.h5|187|467|2022761,4,0.9289382100105286,0.8711665272712708,0.05208550486713648,0.9384263455867767,0.9148639380931854
final_20260719-084743_augmented_spots_train_e200_b100_lr0.0001_s1,?|Iron_deformed_logtif.h5|124|404|1669194,3,0.9487696091334025,0.9028464754422506,0.0712479663391908,0.9387608369191488,0.9165059566497803
final_20260719-084743_augmented_spots_train_e200_b100_lr0.0001_s1,?|Iron_deformed_logtif.h5|100|100|360369,4,0.9403741657733917,0.8896234929561615,0.06111059430986643,0.939631775021553,0.9188711047172546
final_20260719-084743_augmented_spots_train_e200_b100_lr0.0001_s1,?|Iron_deformed_logtif.h5|243|243|1093956,4,0.9297610819339752,0.873743399977684,0.04997270181775093,0.9398941993713379,0.9073812425136566
final_20260719-084743_augmented_spots_train_e200_b100_lr0.0001_s1,?|Al_deformed_LoG_logtif.h5|25|59|878905,16,0.9367448128759861,0.8841011896729469,0.05555417970754206,0.9405953176319599,0.88997483253479
final_20260719-084743_augmented_spots_train_e200_b100_lr0.0001_s1,?|Iron_deformed_logtif.h5|238|518|2313516,3,0.9323407610257467,0.8764251669247946,0.05085653252899647,0.9407421350479126,0.9184609174728393
final_20260719-084743_augmented_spots_train_e200_b100_lr0.0001_s1,?|Iron_deformed_logtif.h5|242|242|1093635,4,0.9163913726806641,0.8493857681751251,0.03450211090967059,0.9409446269273758,0.9133099019527435
final_20260719-084743_augmented_spots_train_e200_b100_lr0.0001_s1,?|Iron_deformed_logtif.h5|270|550|2449837,5,0.9349366903305054,0.8797776341438294,0.052726917713880536,0.9411048769950867,0.9031184434890747
final_20260719-084743_augmented_spots_train_e200_b100_lr0.0001_s1,?|Ti7Al_logtif.h5|81|1063|411051,5,0.9396527051925659,0.8911208391189576,0.05628208331763744,0.9416853189468384,0.9315189123153687
final_20260719-084743_augmented_spots_train_e200_b100_lr0.0001_s1,?|Iron_deformed_logtif.h5|56|56|220626,3,0.9464100996653239,0.9004619320233663,0.06242155780394872,0.9419942696889242,0.9067980647087097
final_20260719-084743_augmented_spots_train_e200_b100_lr0.0001_s1,?|Al_deformed_LoG_logtif.h5|27|61|894788,23,0.9425149974615677,0.8935955866523411,0.05843775128216847,0.9420386241829913,0.8922625184059143
final_20260719-084743_augmented_spots_train_e200_b100_lr0.0001_s1,?|Al_deformed_LoG_logtif.h5|14|48|626060,26,0.9387835218356206,0.8878263372641343,0.0546438590121957,0.942069833095257,0.880137711763382
final_20260719-084743_augmented_spots_train_e200_b100_lr0.0001_s1,?|Iron_deformed_logtif.h5|123|123|415378,4,0.9174979031085968,0.8706207275390625,0.03317836415953934,0.9421597719192505,0.8849976360797882
final_20260719-084743_augmented_spots_train_e200_b100_lr0.0001_s1,?|Iron_deformed_logtif.h5|98|378|1584909,3,0.9260132114092509,0.8650592565536499,0.04155610998471578,0.9422285556793213,0.9213730812072753
final_20260719-084743_augmented_spots_train_e200_b100_lr0.0001_s1,?|Al_deformed_LoG_logtif.h5|32|64|895895,23,0.9368267266646676,0.8855065988457721,0.051968646195271744,0.9424290475638016,0.8901117086410523
final_20260719-084743_augmented_spots_train_e200_b100_lr0.0001_s1,?|Al_deformed_LoG_logtif.h5|17|51|763114,23,0.9401612644610198,0.8896336322245391,0.05510248170922632,0.9425294010535531,0.9020803928375244
final_20260719-084743_augmented_spots_train_e200_b100_lr0.0001_s1,?|Iron_deformed_logtif.h5|27|307|1314638,3,0.9262042840321859,0.86684517065684,0.040878839790821075,0.9426627357800802,0.9243818283081054
final_20260719-084743_augmented_spots_train_e200_b100_lr0.0001_s1,?|Ti7Al_logtif.h5|587|1569|653866,3,0.9277051488558451,0.8725237051645914,0.04212316249807676,0.9427909851074219,0.920287036895752
final_20260719-084743_augmented_spots_train_e200_b100_lr0.0001_s1,?|Iron_deformed_logtif.h5|114|394|1643007,3,0.940530518690745,0.8902315696080526,0.05420668298999468,0.9431619246800741,0.919762659072876
final_20260719-084743_augmented_spots_train_e200_b100_lr0.0001_s1,?|Ti7Al_logtif.h5|785|1767|720185,3,0.9082474311192831,0.8558792074521383,0.02141828027864297,0.943414568901062,0.9033002376556396
final_20260719-084743_augmented_spots_train_e200_b100_lr0.0001_s1,?|Iron_deformed_logtif.h5|275|555|2456737,5,0.9383181095123291,0.8874646067619324,0.05117978230118751,0.9435691714286805,0.9162249445915223
final_20260719-084743_augmented_spots_train_e200_b100_lr0.0001_s1,?|Iron_deformed_logtif.h5|257|537|2399113,3,0.9379847645759583,0.885350247224172,0.05082900697986285,0.9435778657595316,0.9289360761642456
final_20260719-084743_augmented_spots_train_e200_b100_lr0.0001_s1,?|Iron_deformed_logtif.h5|65|65|262514,3,0.9413646658261617,0.8912919163703918,0.05378992110490799,0.9437873760859171,0.9279687166213989
final_20260719-084743_augmented_spots_train_e200_b100_lr0.0001_s1,?|Iron_deformed_logtif.h5|67|67|264081,3,0.9384203553199768,0.8866013884544373,0.05065403754512469,0.9438831408818563,0.932414436340332
final_20260719-084743_augmented_spots_train_e200_b100_lr0.0001_s1,?|Iron_deformed_logtif.h5|159|159|624558,4,0.94181028008461,0.8914305865764618,0.05403813440352678,0.9438860863447189,0.9125057339668274
final_20260719-084743_augmented_spots_train_e200_b100_lr0.0001_s1,?|Iron_deformed_logtif.h5|229|509|2250437,3,0.9200673898061117,0.858415404955546,0.03214168300231298,0.943962832291921,0.9282805442810058
final_20260719-084743_augmented_spots_train_e200_b100_lr0.0001_s1,?|Iron_deformed_logtif.h5|161|441|1867701,4,0.9324167370796204,0.8759048283100128,0.043218388222157955,0.9445991814136505,0.9346896648406983
final_20260719-084743_augmented_spots_train_e200_b100_lr0.0001_s1,?|Iron_deformed_logtif.h5|188|468|2024649,4,0.9500199258327484,0.9055956900119781,0.06030653556808829,0.9448567032814026,0.9135006189346313
final_20260719-084743_augmented_spots_train_e200_b100_lr0.0001_s1,?|Iron_deformed_logtif.h5|93|373|1573666,4,0.930141031742096,0.8772115260362625,0.039883237797766924,0.9451288878917694,0.9090214550495148
final_20260719-084743_augmented_spots_train_e200_b100_lr0.0001_s1,?|Iron_deformed_logtif.h5|276|556|2461082,3,0.920756459236145,0.8623727162679037,0.030305936932563782,0.9452252785364786,0.9163500666618347
final_20260719-084743_augmented_spots_train_e200_b100_lr0.0001_s1,?|Al_deformed_LoG_logtif.h5|14|14|188210,20,0.9413802623748779,0.8940706074237823,0.05044040023349226,0.9454699218273163,0.9196195304393768
final_20260719-084743_augmented_spots_train_e200_b100_lr0.0001_s1,?|Iron_deformed_logtif.h5|135|135|484462,3,0.9411459962526957,0.8894811669985453,0.04917909701665243,0.9459834694862366,0.9352781653404236
final_20260719-084743_augmented_spots_train_e200_b100_lr0.0001_s1,?|Ti7Al_logtif.h5|278|278|106292,4,0.9239788800477982,0.8658498674631119,0.03187718684785068,0.9460508674383163,0.9251371502876282
final_20260719-084743_augmented_spots_train_e200_b100_lr0.0001_s1,?|Al_deformed_LoG_logtif.h5|22|22|390231,24,0.938139354189237,0.8872301603356997,0.04510480506966511,0.9465172737836838,0.9035759687423706
final_20260719-084743_augmented_spots_train_e200_b100_lr0.0001_s1,?|Iron_deformed_logtif.h5|272|552|2450634,7,0.9372557657105582,0.8848499229976109,0.043891639315656254,0.9466820614678519,0.9248040080070495
final_20260719-084743_augmented_spots_train_e200_b100_lr0.0001_s1,?|Iron_deformed_logtif.h5|81|362|1554017,4,0.9279801994562149,0.8703086376190186,0.034190015867352486,0.9468950927257538,0.9361456274986267
final_20260719-084743_augmented_spots_train_e200_b100_lr0.0001_s1,?|Iron_deformed_logtif.h5|17|17|67353,5,0.9409335374832153,0.8902180671691895,0.046813062950968744,0.9470602393150329,0.9166821956634521
final_20260719-084743_augmented_spots_train_e200_b100_lr0.0001_s1,?|Al_deformed_LoG_logtif.h5|17|17|318986,16,0.9426419213414192,0.8938616923987865,0.048371880722697824,0.9471350274980068,0.9183573126792908
final_20260719-084743_augmented_spots_train_e200_b100_lr0.0001_s1,?|Al_deformed_LoG_logtif.h5|22|56|838484,30,0.9461206177870433,0.8989837169647217,0.05182583243586123,0.9471473932266236,0.9132405698299408
final_20260719-084743_augmented_spots_train_e200_b100_lr0.0001_s1,?|Al_deformed_LoG_logtif.h5|18|52|779675,19,0.9398848477162813,0.8882714666818318,0.04557353905157039,0.9471556481562162,0.9094210863113403
final_20260719-084743_augmented_spots_train_e200_b100_lr0.0001_s1,?|Al_deformed_LoG_logtif.h5|27|27|443830,20,0.9378401339054108,0.8868594378232956,0.043433963786810637,0.9472030878067017,0.9115865707397461
final_20260719-084743_augmented_spots_train_e200_b100_lr0.0001_s1,?|Al_deformed_LoG_logtif.h5|6|6|54274,27,0.9450365525704844,0.8970779246754117,0.050038707494321794,0.947498928617548,0.9231103181838989
final_20260719-084743_augmented_spots_train_e200_b100_lr0.0001_s1,?|Al_deformed_LoG_logtif.h5|10|10|167252,17,0.9527309361626121,0.9128838602234336,0.057520914055845314,0.9476050278719734,0.9022200584411622
final_20260719-084743_augmented_spots_train_e200_b100_lr0.0001_s1,?|Al_deformed_LoG_logtif.h5|8|42|510785,24,0.9453073069453239,0.8981955498456955,0.05005351904158791,0.9476268962025642,0.9116349339485168
final_20260719-084743_augmented_spots_train_e200_b100_lr0.0001_s1,?|Al_deformed_LoG_logtif.h5|32|32|445244,19,0.945961920838607,0.9006157235095376,0.05032992480616821,0.9478160080156828,0.8928059339523315
final_20260719-084743_augmented_spots_train_e200_b100_lr0.0001_s1,?|Ti7Al_logtif.h5|372|372|143345,3,0.922029455502828,0.8589800397555033,0.025686688721179962,0.9481713771820068,0.9449077367782592
final_20260719-084743_augmented_spots_train_e200_b100_lr0.0001_s1,?|Iron_deformed_logtif.h5|92|372|1572842,4,0.9420148581266403,0.8913680613040924,0.04566825809888542,0.948173314332962,0.9380336225032806
final_20260719-084743_augmented_spots_train_e200_b100_lr0.0001_s1,?|Ti7Al_logtif.h5|689|689|304122,3,0.9287558794021606,0.8741693099339803,0.03230717622985443,0.9482243458429972,0.9106791496276856
final_20260719-084743_augmented_spots_train_e200_b100_lr0.0001_s1,?|Ti7Al_logtif.h5|735|735|318417,3,0.9383122722307841,0.888005256652832,0.04166543359557787,0.948323388894399,0.9364399909973145
final_20260719-084743_augmented_spots_train_e200_b100_lr0.0001_s1,?|Ti7Al_logtif.h5|711|711|309821,3,0.9399297038714091,0.8980696002642313,0.043271112721413374,0.9483292698860168,0.9007730960845948
final_20260719-084743_augmented_spots_train_e200_b100_lr0.0001_s1,?|Iron_deformed_logtif.h5|241|521|2332675,5,0.9353068113327027,0.8808322310447693,0.0375317994505167,0.9488875031471252,0.9244229793548584
final_20260719-084743_augmented_spots_train_e200_b100_lr0.0001_s1,?|Iron_deformed_logtif.h5|41|321|1394494,4,0.9516155421733856,0.90913125872612,0.053011784330010414,0.9493018686771393,0.9368881225585938
final_20260719-084743_augmented_spots_train_e200_b100_lr0.0001_s1,?|Iron_deformed_logtif.h5|9|289|1260309,3,0.9391829172770182,0.8878416816393534,0.04053559278448423,0.9493236541748047,0.9329707145690918
final_20260719-084743_augmented_spots_train_e200_b100_lr0.0001_s1,?|Iron_deformed_logtif.h5|87|87|316193,3,0.9463399847348531,0.8992019295692444,0.04710324356953303,0.9496183395385742,0.9365997076034546
final_20260719-084743_augmented_spots_train_e200_b100_lr0.0001_s1,?|Al_deformed_LoG_logtif.h5|30|65|895940,22,0.9462677348743785,0.9001484513282776,0.046785783467137,0.9497409733858976,0.9109838843345642
final_20260719-084743_augmented_spots_train_e200_b100_lr0.0001_s1,?|Iron_deformed_logtif.h5|193|473|2027590,3,0.9356071551640829,0.8875314195950826,0.036035083855191864,0.9497860670089722,0.9163154363632202
final_20260719-084743_augmented_spots_train_e200_b100_lr0.0001_s1,?|Al_deformed_LoG_logtif.h5|33|67|896466,26,0.9465042765323932,0.900643914937973,0.04654698783101944,0.9499786450312688,0.9338456988334656
final_20260719-084743_augmented_spots_train_e200_b100_lr0.0001_s1,?|Al_deformed_LoG_logtif.h5|9|43|572797,19,0.9433924461665907,0.8959698802546451,0.042034913197551906,0.9506787657737732,0.9107392430305481
final_20260719-084743_augmented_spots_train_e200_b100_lr0.0001_s1,?|Iron_deformed_logtif.h5|80|360|1553237,3,0.9391951560974121,0.8885478178660074,0.03678141844769319,0.9512068629264832,0.9410070180892944
final_20260719-084743_augmented_spots_train_e200_b100_lr0.0001_s1,?|Ti7Al_logtif.h5|502|502|226160,3,0.9279052217801412,0.8716569542884827,0.02509167107443015,0.9514067769050598,0.9333751201629639
final_20260719-084743_augmented_spots_train_e200_b100_lr0.0001_s1,?|Al_deformed_LoG_logtif.h5|29|29|444632,28,0.9485722269330706,0.9039000826222556,0.045693958178162575,0.951439135840961,0.918179190158844
final_20260719-084743_augmented_spots_train_e200_b100_lr0.0001_s1,?|Al_deformed_LoG_logtif.h5|5|5|30687,25,0.9471560478210449,0.9021089100837707,0.04405219413340092,0.9515519285202027,0.9293206810951233
final_20260719-084743_augmented_spots_train_e200_b100_lr0.0001_s1,?|Iron_deformed_logtif.h5|176|176|671863,7,0.9443692479814801,0.8971051488603864,0.04114923333483083,0.9516100031988961,0.927862572669983
final_20260719-084743_augmented_spots_train_e200_b100_lr0.0001_s1,?|Al_deformed_LoG_logtif.h5|7|7|54476,19,0.9431182459781045,0.8947083510850605,0.03938593107618784,0.95186616245069,0.9237714767456054
final_20260719-084743_augmented_spots_train_e200_b100_lr0.0001_s1,?|Al_deformed_LoG_logtif.h5|3|37|469193,18,0.9492902391486697,0.9067980613973405,0.044499051162145205,0.9523955881595612,0.902619481086731
final_20260719-084743_augmented_spots_train_e200_b100_lr0.0001_s1,?|Al_deformed_LoG_logtif.h5|30|30|444908,14,0.9522322927202497,0.9105404913425446,0.04711243237501809,0.9525599437100547,0.9223558604717255
final_20260719-084743_augmented_spots_train_e200_b100_lr0.0001_s1,?|Ti7Al_logtif.h5|726|726|314065,4,0.9492366909980774,0.9049473702907562,0.042942790081724524,0.9531469494104385,0.9292348384857178
final_20260719-084743_augmented_spots_train_e200_b100_lr0.0001_s1,?|Al_deformed_LoG_logtif.h5|25|25|428596,12,0.9463543742895126,0.8998699486255646,0.03913986779904614,0.9536072611808777,0.9353681325912475
final_20260719-084743_augmented_spots_train_e200_b100_lr0.0001_s1,?|Al_deformed_LoG_logtif.h5|18|18|337193,18,0.9493069152037302,0.9058547914028168,0.041432548210852675,0.9539371927579244,0.9238653182983398
final_20260719-084743_augmented_spots_train_e200_b100_lr0.0001_s1,?|Iron_deformed_logtif.h5|95|95|333463,3,0.9619589646657308,0.9267752965291342,0.05381993701060613,0.9540695150693258,0.942152488231659
final_20260719-084743_augmented_spots_train_e200_b100_lr0.0001_s1,?|Iron_deformed_logtif.h5|105|105|380792,4,0.9424134790897369,0.8956973999738693,0.03418034524656832,0.9541165679693222,0.9312212467193604
final_20260719-084743_augmented_spots_train_e200_b100_lr0.0001_s1,?|Iron_deformed_logtif.h5|73|73|294002,3,0.9444447557131449,0.897905965646108,0.03514925638834635,0.9546477595965067,0.9373983860015869
final_20260719-084743_augmented_spots_train_e200_b100_lr0.0001_s1,?|Iron_deformed_logtif.h5|116|396|1643737,4,0.9527676999568939,0.9105389565229416,0.04198845382779837,0.955389603972435,0.9416908144950866
final_20260719-084743_augmented_spots_train_e200_b100_lr0.0001_s1,?|Al_deformed_LoG_logtif.h5|15|49|716420,28,0.9505654126405716,0.9074557828051704,0.03968769147260381,0.9554388629538673,0.9247121691703797
final_20260719-084743_augmented_spots_train_e200_b100_lr0.0001_s1,?|Iron_deformed_logtif.h5|34|34|111384,3,0.9355855584144592,0.8806909124056498,0.0243598905702432,0.955612858136495,0.9434894323348999
final_20260719-084743_augmented_spots_train_e200_b100_lr0.0001_s1,?|Ti7Al_logtif.h5|89|89|24821,3,0.9563085635503134,0.9177168210347494,0.045012951362878084,0.9556477864583334,0.9269084453582763
final_20260719-084743_augmented_spots_train_e200_b100_lr0.0001_s1,?|Al_deformed_LoG_logtif.h5|15|15|275101,28,0.9539491959980556,0.9128332138061523,0.041416446811386516,0.9562663776533944,0.9459488987922668
final_20260719-084743_augmented_spots_train_e200_b100_lr0.0001_s1,?|Al_big_grains_logtif.h5|481|5423|169747,3,0.9599141081174215,0.9238083163897196,0.04718679996828238,0.9563636382420858,0.9348074197769165
final_20260719-084743_augmented_spots_train_e200_b100_lr0.0001_s1,?|Iron_deformed_logtif.h5|11|291|1277433,3,0.9531511863072714,0.9118683934211731,0.04020245373249054,0.9564743836720785,0.9550810337066651
final_20260719-084743_augmented_spots_train_e200_b100_lr0.0001_s1,?|Al_deformed_LoG_logtif.h5|10|44|606472,28,0.9584957127060209,0.9213791808911732,0.04521919913323862,0.9566382659333093,0.9365801692008973
final_20260719-084743_augmented_spots_train_e200_b100_lr0.0001_s1,?|Al_deformed_LoG_logtif.h5|33|33|445437,25,0.9540207290649414,0.9135464191436767,0.04039057476446033,0.9568150758743286,0.9237619280815125
final_20260719-084743_augmented_spots_train_e200_b100_lr0.0001_s1,?|Al_deformed_LoG_logtif.h5|4|4|23047,17,0.9575484640458051,0.9202298662241768,0.043452668058521604,0.9570478937205147,0.9293818473815918
final_20260719-084743_augmented_spots_train_e200_b100_lr0.0001_s1,?|Iron_deformed_logtif.h5|275|275|1215260,3,0.9497336745262146,0.9046561320622762,0.03563398743669192,0.957049826780955,0.9560533046722413
final_20260719-084743_augmented_spots_train_e200_b100_lr0.0001_s1,?|Al_deformed_LoG_logtif.h5|19|53|795248,19,0.9490986623262104,0.9048397258708352,0.03427619393914938,0.9574112390217028,0.9332369804382324
final_20260719-084743_augmented_spots_train_e200_b100_lr0.0001_s1,?|Al_deformed_LoG_logtif.h5|24|24|428139,22,0.9552424468777396,0.9171886227347634,0.03966725389049812,0.9577875923026692,0.9380869150161744
final_20260719-084743_augmented_spots_train_e200_b100_lr0.0001_s1,?|Iron_deformed_logtif.h5|57|337|1461804,3,0.9510307709376017,0.908864160378774,0.0353524728367726,0.9578391710917155,0.9424762010574341
final_20260719-084743_augmented_spots_train_e200_b100_lr0.0001_s1,?|Ti7Al_logtif.h5|39|39|12402,3,0.9292867581049601,0.8793684442838033,0.013597810951371988,0.9578444560368856,0.9299698591232299
final_20260719-084743_augmented_spots_train_e200_b100_lr0.0001_s1,?|Iron_deformed_logtif.h5|131|411|1687350,7,0.9523712311472211,0.9106303453445435,0.036395677897546976,0.957987768309457,0.9435979008674622
final_20260719-084743_augmented_spots_train_e200_b100_lr0.0001_s1,?|Iron_deformed_logtif.h5|190|190|785959,3,0.9503839015960693,0.9065069556236267,0.034057494873801865,0.9581632018089294,0.9494153618812561
final_20260719-084743_augmented_spots_train_e200_b100_lr0.0001_s1,?|Iron_deformed_logtif.h5|248|530|2345952,3,0.9445001284281412,0.8974081873893738,0.028015369549393654,0.9582423567771912,0.9381816387176514
final_20260719-084743_augmented_spots_train_e200_b100_lr0.0001_s1,?|Iron_deformed_logtif.h5|196|476|2048948,3,0.9369439284006754,0.8854912519454956,0.01993590158720811,0.9585040211677551,0.943006181716919
final_20260719-084743_augmented_spots_train_e200_b100_lr0.0001_s1,?|Iron_deformed_logtif.h5|263|263|1188628,3,0.9441157380739847,0.8977896769841512,0.02696620610853036,0.9585747520128886,0.9405110836029053
final_20260719-084743_augmented_spots_train_e200_b100_lr0.0001_s1,?|Al_deformed_LoG_logtif.h5|4|38|471881,23,0.9559806611226953,0.9173627132954805,0.03866166423034409,0.958659493404886,0.9238183975219727
final_20260719-084743_augmented_spots_train_e200_b100_lr0.0001_s1,?|Iron_deformed_logtif.h5|194|474|2027962,3,0.9546122153600057,0.9135347803433737,0.03704205900430679,0.9587850570678711,0.9585353136062622
final_20260719-084743_augmented_spots_train_e200_b100_lr0.0001_s1,?|Al_deformed_LoG_logtif.h5|5|39|481387,20,0.9520870387554169,0.9097867012023926,0.032217517215758565,0.9599347651004791,0.9357283592224122
final_20260719-084743_augmented_spots_train_e200_b100_lr0.0001_s1,?|Ti7Al_logtif.h5|134|1116|428768,3,0.9439341227213541,0.8996204733848572,0.023304748659332592,0.960314671198527,0.9477703809738159
final_20260719-084743_augmented_spots_train_e200_b100_lr0.0001_s1,?|Al_deformed_LoG_logtif.h5|16|50|760193,17,0.9529027658350328,0.9114061243393842,0.031784556806087494,0.9605590981595656,0.9357692241668701
final_20260719-084743_augmented_spots_train_e200_b100_lr0.0001_s1,?|IN718_twins_logtif.h5|1278|1278|108160,3,0.9600171248118082,0.9286995530128479,0.03881162063529094,0.9606027603149414,0.912959361076355
final_20260719-084743_augmented_spots_train_e200_b100_lr0.0001_s1,?|Ti7Al_logtif.h5|458|1440|597994,4,0.9553090482950211,0.9156316071748734,0.034043664461933076,0.9606326967477798,0.9457063972949982
final_20260719-084743_augmented_spots_train_e200_b100_lr0.0001_s1,?|Iron_deformed_logtif.h5|89|89|322664,5,0.951566469669342,0.910677433013916,0.028611845523118972,0.9614773035049439,0.9374998211860657
final_20260719-084743_augmented_spots_train_e200_b100_lr0.0001_s1,?|Al_deformed_LoG_logtif.h5|12|12|167848,21,0.961327075958252,0.9267811633291698,0.03753259325666087,0.961897231283642,0.9410580396652222
final_20260719-084743_augmented_spots_train_e200_b100_lr0.0001_s1,?|Iron_deformed_logtif.h5|248|248|1106248,3,0.943657636642456,0.8970275719960531,0.01895252677301566,0.9623525738716125,0.9493665099143982
final_20260719-084743_augmented_spots_train_e200_b100_lr0.0001_s1,?|Iron_deformed_logtif.h5|101|101|361413,5,0.9571661949157715,0.9200079560279846,0.03193818964064121,0.9626139998435974,0.9493479609489441
final_20260719-084743_augmented_spots_train_e200_b100_lr0.0001_s1,?|Al_deformed_LoG_logtif.h5|3|3|20806,16,0.9569948427379131,0.9193058721721172,0.02883019339060411,0.9640823304653168,0.9352862238883972
final_20260719-084743_augmented_spots_train_e200_b100_lr0.0001_s1,?|Iron_deformed_logtif.h5|61|341|1491473,3,0.9477083484331766,0.9018259048461914,0.019304609236617882,0.9642018874486288,0.9496357440948486
final_20260719-084743_augmented_spots_train_e200_b100_lr0.0001_s1,?|Ti7Al_logtif.h5|763|1744|716641,3,0.9510300954182943,0.9074839353561401,0.022608447819948196,0.9642108480135599,0.9606460094451904
final_20260719-084743_augmented_spots_train_e200_b100_lr0.0001_s1,?|Ti7Al_logtif.h5|485|485|220991,3,0.9379045963287354,0.8868153095245361,0.009410515272368988,0.9642470479011536,0.9562011361122131
final_20260719-084743_augmented_spots_train_e200_b100_lr0.0001_s1,?|Al_deformed_LoG_logtif.h5|11|11|167555,19,0.9578393917334708,0.9210665978883442,0.028420007150424153,0.964709692879727,0.9360726475715637
final_20260719-084743_augmented_spots_train_e200_b100_lr0.0001_s1,?|Al_deformed_LoG_logtif.h5|9|9|125856,30,0.9616544862588247,0.9267811437447866,0.03210503081791103,0.9647747238477071,0.9364175736904145
final_20260719-084743_augmented_spots_train_e200_b100_lr0.0001_s1,?|Al_deformed_LoG_logtif.h5|11|45|606718,21,0.966004090649741,0.9349044816834586,0.034914364151301835,0.9655448624065944,0.94997239112854
final_20260719-084743_augmented_spots_train_e200_b100_lr0.0001_s1,?|Al_deformed_LoG_logtif.h5|24|58|878465,20,0.965205830335617,0.933220437169075,0.032948162173852324,0.9661288291215897,0.9592069268226624
final_20260719-084743_augmented_spots_train_e200_b100_lr0.0001_s1,?|Al_deformed_LoG_logtif.h5|16|16|316744,25,0.9609847092628478,0.9261736941337585,0.027261789664626123,0.9668614673614502,0.9440213203430176
final_20260719-084743_augmented_spots_train_e200_b100_lr0.0001_s1,?|Al_deformed_LoG_logtif.h5|26|26|441233,21,0.9576673706372579,0.9216255261784508,0.020788541861942837,0.9684394143876576,0.951928973197937
final_20260719-084743_augmented_spots_train_e200_b100_lr0.0001_s1,?|Iron_deformed_logtif.h5|105|385|1622522,3,0.9499155879020691,0.9072502454121908,0.01280569223066171,0.9685549338658651,0.9534159421920776
final_20260719-084743_augmented_spots_train_e200_b100_lr0.0001_s1,?|Ti7Al_logtif.h5|530|1512|630809,3,0.9662842949231466,0.9351515571276346,0.02780431384841601,0.9692399899164835,0.9645632982254029
final_20260719-084743_augmented_spots_train_e200_b100_lr0.0001_s1,?|Al_big_grains_logtif.h5|1823|6767|209024,3,0.9683165351549784,0.9393373926480612,0.028447242453694344,0.9699346423149109,0.9645614981651306
final_20260719-084743_augmented_spots_train_e200_b100_lr0.0001_s1,?|Iron_deformed_logtif.h5|55|55|220305,3,0.9553097287813822,0.9150105317433676,0.015316554345190525,0.9699966112772623,0.9622886180877686
final_20260719-084743_augmented_spots_train_e200_b100_lr0.0001_s1,?|Al_deformed_LoG_logtif.h5|12|46|607012,28,0.9663379873548236,0.9352763444185257,0.02476965988587056,0.9707841681582587,0.9595885097980499
final_20260719-084743_augmented_spots_train_e200_b100_lr0.0001_s1,?|Al_deformed_LoG_logtif.h5|0|34|461737,22,0.9664313684810292,0.936822696165605,0.02452055007134649,0.970955415205522,0.955742746591568
final_20260719-084743_augmented_spots_train_e200_b100_lr0.0001_s1,?|Al_deformed_LoG_logtif.h5|26|60|891702,23,0.9664380109828451,0.9371837869934414,0.02293153568778349,0.9717532370401465,0.9512305736541748
final_20260719-084743_augmented_spots_train_e200_b100_lr0.0001_s1,?|Al_segvol.h5|2597|2597|14315,3,0.965034008026123,0.9339553713798523,0.020823797831932705,0.9721051057179769,0.9650700211524963
final_20260719-084743_augmented_spots_train_e200_b100_lr0.0001_s1,?|Al_deformed_LoG_logtif.h5|0|0|14345,21,0.9580416934830802,0.9233546001570565,0.013313042820386943,0.9723643234797886,0.9575555324554443
final_20260719-084743_augmented_spots_train_e200_b100_lr0.0001_s1,?|Al_segvol.h5|4499|4499|24632,3,0.980140487353007,0.9611950715382894,0.02698242198675871,0.9765790303548177,0.9663785815238952
final_20260719-084743_augmented_spots_train_e200_b100_lr0.0001_s1,?|IN718_twins_logtif.h5|343|1722|148837,3,0.9834801157315572,0.9680769840876261,0.025557521109779675,0.9789612889289856,0.959087860584259
final_20260719-084743_augmented_spots_train_e200_b100_lr0.0001_s1,?|Ti7Al_logtif.h5|356|1338|522142,3,0.9727624654769897,0.9473007122675577,0.014084441276888052,0.9793390035629272,0.976180624961853
final_20260719-084743_augmented_spots_train_e200_b100_lr0.0001_s1,?|IN718_twins_logtif.h5|569|1947|167097,3,0.9881045619646708,0.9767493804295858,0.025334222863117855,0.9813851912816366,0.9657919645309448
final_20260719-084743_augmented_spots_train_e200_b100_lr0.0001_s1,?|IN718_twins_logtif.h5|108|1486|128639,3,0.9946294029553732,0.9893236955006918,0.02527567883953452,0.9846768379211426,0.9800997734069824
final_20260719-084743_augmented_spots_train_e200_b100_lr0.0001_s1,?|IN718_twins_logtif.h5|909|2288|195464,3,0.9889445106188456,0.9782271186510721,0.01925672870129347,0.984843889872233,0.9760803937911987
final_20260719-084743_augmented_spots_train_e200_b100_lr0.0001_s1,?|IN718_twins_logtif.h5|929|929|76478,3,0.9935428897539774,0.9871918161710104,0.02198089410861333,0.9857809940973917,0.9780663013458252
final_20260719-084743_augmented_spots_train_e200_b100_lr0.0001_s1,?|IN718_twins_logtif.h5|518|1895|162872,3,0.9929440021514893,0.9860135714213053,0.018656119393805664,0.9871439735094706,0.985185194015503
final_20260719-084743_augmented_spots_train_e200_b100_lr0.0001_s1,?|IN718_twins_logtif.h5|1224|1224|103276,3,0.9886727531750997,0.9777783552805582,0.013570855682094892,0.987550954023997,0.986824917793274
final_20260719-084743_augmented_spots_train_e200_b100_lr0.0001_s1,?|IN718_twins_logtif.h5|216|1595|136423,3,0.9935909310976664,0.9872806072235107,0.01766156420732538,0.9879646698633829,0.9824623942375184
final_20260719-084743_augmented_spots_train_e200_b100_lr0.0001_s1,?|IN718_twins_logtif.h5|483|1861|159477,3,0.9904023011525472,0.9810983737309774,0.014231847288707892,0.9880852301915487,0.9831099510192871
final_20260719-084743_augmented_spots_train_e200_b100_lr0.0001_s1,?|IN718_twins_logtif.h5|885|885|73830,4,0.9880167245864868,0.9765161126852036,0.009679204085841775,0.9891687482595444,0.9859399020671844
final_20260719-084743_augmented_spots_train_e200_b100_lr0.0001_s1,?|IN718_twins_logtif.h5|703|2081|178440,3,0.9936141570409139,0.9873380263646444,0.014518781254688898,0.9895476897557577,0.9863213062286377
final_20260719-084743_augmented_spots_train_e200_b100_lr0.0001_s1,?|IN718_twins_logtif.h5|612|612|50032,3,0.992966890335083,0.986045221487681,0.01250489428639412,0.9902309974034628,0.9897997617721558
final_20260719-084743_augmented_spots_train_e200_b100_lr0.0001_s1,?|IN718_twins_logtif.h5|813|2190|188254,3,0.9942461450894674,0.9885585308074951,0.01286485263456901,0.9906906485557556,0.988599443435669
final_20260719-084743_augmented_spots_train_e200_b100_lr0.0001_s1,?|IN718_twins_logtif.h5|1271|2649|226498,3,0.9909925063451132,0.9821923971176147,0.009595929645001888,0.9906982978185018,0.9881101131439209
final_20260719-084743_augmented_spots_train_e200_b100_lr0.0001_s1,?|IN718_twins_logtif.h5|425|1801|157178,3,0.9926068186759949,0.9853562116622925,0.010949503164738417,0.9908286730448405,0.9879448413848877
final_20260719-084743_augmented_spots_train_e200_b100_lr0.0001_s1,?|IN718_twins_logtif.h5|1082|2459|210603,3,0.9933726787567139,0.9868562618891398,0.011279777313272158,0.9910464485486349,0.9893987298011779
final_20260719-084743_augmented_spots_train_e200_b100_lr0.0001_s1,?|IN718_twins_logtif.h5|183|1559|134525,3,0.9911509354909261,0.9826502998669943,0.008440624301632246,0.9913551410039266,0.9886912345886231
final_20260719-084743_augmented_spots_train_e200_b100_lr0.0001_s1,?|IN718_twins_logtif.h5|1066|2443|209241,3,0.9942266345024109,0.9885386824607849,0.01017213643838962,0.9920272429784139,0.9901460766792297
final_20260719-084743_augmented_spots_train_e200_b100_lr0.0001_s1,?|IN718_twins_logtif.h5|692|692|58235,3,0.9959622224171957,0.9919644196828207,0.011555814184248447,0.9922031958897909,0.9897359728813171
final_20260719-084743_augmented_spots_train_e200_b100_lr0.0001_s1,?|IN718_twins_logtif.h5|333|333|29388,3,0.9950715899467468,0.9902187784512838,0.010062507974604765,0.9925045172373453,0.9894912362098693
final_20260719-084743_augmented_spots_train_e200_b100_lr0.0001_s1,?|IN718_twins_logtif.h5|322|1698|147131,3,0.9943155845006307,0.9887199799219767,0.009034161611149708,0.9926406939824423,0.990307354927063
final_20260719-084743_augmented_spots_train_e200_b100_lr0.0001_s1,?|IN718_twins_logtif.h5|825|2202|189095,3,0.9943009416262308,0.9886930386225382,0.0074461956198016805,0.9934273759524027,0.9924177885055542
final_20260721-011126_augmented_spots_train_e200_b10_lr0.0001_s1,?|Iron_deformed_logtif.h5|167|447|1896154,3,0.49109835426012677,0.4531657000382741,0.13016209999720255,0.6804681221644083,0.6461567163467408
final_20260721-011126_augmented_spots_train_e200_b10_lr0.0001_s1,?|Ti7Al_logtif.h5|765|1748|716846,3,0.6184198061625162,0.5318944056828817,0.1239880695939064,0.7472158670425415,0.7088564038276672
final_20260721-011126_augmented_spots_train_e200_b10_lr0.0001_s1,?|Iron_deformed_logtif.h5|77|357|1542926,6,0.6497795681158701,0.5458486576875051,0.15255498513579369,0.7486122846603394,0.6612812876701355
final_20260721-011126_augmented_spots_train_e200_b10_lr0.0001_s1,?|Ti7Al_logtif.h5|474|1457|604880,3,0.6706105271975199,0.539185086886088,0.1536992092927297,0.7584556539853414,0.7141655921936035
final_20260721-011126_augmented_spots_train_e200_b10_lr0.0001_s1,?|Ti7Al_logtif.h5|800|1782|729836,3,0.5826462705930074,0.498503436644872,0.04901094983021418,0.7668176690737406,0.7057244777679443
final_20260721-011126_augmented_spots_train_e200_b10_lr0.0001_s1,?|Ti7Al_logtif.h5|737|737|318628,3,0.7091428736845652,0.6204016904036204,0.17285532504320145,0.7681437730789185,0.6331427097320557
final_20260721-011126_augmented_spots_train_e200_b10_lr0.0001_s1,?|Ti7Al_logtif.h5|330|1312|505227,3,0.6615300973256429,0.5669957399368286,0.09049252917369206,0.7855187853177389,0.7060760140419007
final_20260721-011126_augmented_spots_train_e200_b10_lr0.0001_s1,?|Iron_deformed_logtif.h5|184|184|749244,3,0.6534506479899088,0.5865610639254252,0.07292478779951732,0.7902629176775614,0.7405200839042664
final_20260721-011126_augmented_spots_train_e200_b10_lr0.0001_s1,?|Iron_deformed_logtif.h5|230|510|2253954,4,0.6298632770776749,0.5779299587011337,0.04038443975150585,0.7947394251823425,0.7171567499637603
final_20260721-011126_augmented_spots_train_e200_b10_lr0.0001_s1,?|Iron_deformed_logtif.h5|117|397|1649342,3,0.6475606163342794,0.6299928824106852,0.0551961325109005,0.7961822549502054,0.6995132207870484
final_20260721-011126_augmented_spots_train_e200_b10_lr0.0001_s1,?|Ti7Al_logtif.h5|868|868|355427,3,0.7185243964195251,0.6374631524085999,0.12306815758347511,0.7977281212806702,0.7015352725982666
final_20260721-011126_augmented_spots_train_e200_b10_lr0.0001_s1,?|Ti7Al_logtif.h5|951|951|378424,6,0.6970144013563792,0.6138859838247299,0.09800918276111285,0.7995026111602783,0.6499828994274139
final_20260721-011126_augmented_spots_train_e200_b10_lr0.0001_s1,?|Iron_deformed_logtif.h5|14|14|64651,3,0.804665227731069,0.6777682105700175,0.20189319054285684,0.8013860384623209,0.7846560955047608
final_20260721-011126_augmented_spots_train_e200_b10_lr0.0001_s1,?|Iron_deformed_logtif.h5|167|167|658994,3,0.6630983352661133,0.6044582625230154,0.056521580864985786,0.8032883803049723,0.7203978300094604
final_20260721-011126_augmented_spots_train_e200_b10_lr0.0001_s1,?|Ti7Al_logtif.h5|431|1413|574457,3,0.7210322618484497,0.6481624643007914,0.09787242859601974,0.8115799427032471,0.7242496490478516
final_20260721-011126_augmented_spots_train_e200_b10_lr0.0001_s1,?|Ti7Al_logtif.h5|153|153|50619,3,0.7288080056508383,0.6044208606084188,0.09808708106478055,0.815360446770986,0.7442335724830628
final_20260721-011126_augmented_spots_train_e200_b10_lr0.0001_s1,?|Iron_deformed_logtif.h5|172|172|667669,5,0.782898736000061,0.6923406839370727,0.150262750685215,0.8163179993629456,0.7229165077209473
final_20260721-011126_augmented_spots_train_e200_b10_lr0.0001_s1,?|Iron_deformed_logtif.h5|84|363|1554874,4,0.7931881844997406,0.6728022918105125,0.1544189117848873,0.8193846344947815,0.7230261921882629
final_20260721-011126_augmented_spots_train_e200_b10_lr0.0001_s1,?|Ti7Al_logtif.h5|674|1655|690234,3,0.7494981288909912,0.6538585225741068,0.10551770155628522,0.8219902118047079,0.7516860008239746
final_20260721-011126_augmented_spots_train_e200_b10_lr0.0001_s1,?|Ti7Al_logtif.h5|244|1226|477357,3,0.7664336760838827,0.6729139486948649,0.11321527759234111,0.826609214146932,0.7330429792404175
final_20260721-011126_augmented_spots_train_e200_b10_lr0.0001_s1,?|Iron_deformed_logtif.h5|121|401|1655920,4,0.7628012597560883,0.6648705303668976,0.10692563839256763,0.8279378116130829,0.7474163770675659
final_20260721-011126_augmented_spots_train_e200_b10_lr0.0001_s1,?|Ti7Al_logtif.h5|291|291|107749,5,0.7320408582687378,0.6375485181808471,0.07405440658330917,0.8289932131767273,0.7538832902908326
final_20260721-011126_augmented_spots_train_e200_b10_lr0.0001_s1,?|Ti7Al_logtif.h5|306|1288|501063,4,0.7343997433781624,0.6662292182445526,0.07589926151558757,0.829250231385231,0.7076593697071075
final_20260721-011126_augmented_spots_train_e200_b10_lr0.0001_s1,?|Iron_deformed_logtif.h5|22|302|1309528,4,0.7933190017938614,0.6941831558942795,0.12451761681586504,0.8344006985425949,0.7110375583171844
final_20260721-011126_augmented_spots_train_e200_b10_lr0.0001_s1,?|Iron_deformed_logtif.h5|241|241|1093313,4,0.7619837000966072,0.6833749115467072,0.09286892786622047,0.8345573842525482,0.6984968662261963
final_20260721-011126_augmented_spots_train_e200_b10_lr0.0001_s1,?|Iron_deformed_logtif.h5|13|13|63607,3,0.837328314781189,0.7266931136449178,0.16394110023975372,0.8366936047871908,0.7994378209114075
final_20260721-011126_augmented_spots_train_e200_b10_lr0.0001_s1,?|Iron_deformed_logtif.h5|168|448|1896773,3,0.7814696828524271,0.7126035292943319,0.10390202204386394,0.838783860206604,0.7442089080810547
final_20260721-011126_augmented_spots_train_e200_b10_lr0.0001_s1,?|Iron_deformed_logtif.h5|96|376|1581320,3,0.7845358848571777,0.7445192039012909,0.1023949682712555,0.8410704533259074,0.7073341369628906
final_20260721-011126_augmented_spots_train_e200_b10_lr0.0001_s1,?|Ti7Al_logtif.h5|740|1723|711979,3,0.7389973799387614,0.6697607537110647,0.04644220074017843,0.8462775945663452,0.7547566175460816
final_20260721-011126_augmented_spots_train_e200_b10_lr0.0001_s1,?|Ti7Al_logtif.h5|878|878|356416,3,0.7746779123942057,0.7113578617572784,0.07820979754130046,0.8482340574264526,0.7318548679351806
final_20260721-011126_augmented_spots_train_e200_b10_lr0.0001_s1,?|Ti7Al_logtif.h5|661|1643|680280,3,0.763979176680247,0.6687546571095785,0.06667665966476004,0.8486512899398804,0.781137752532959
final_20260721-011126_augmented_spots_train_e200_b10_lr0.0001_s1,?|Iron_deformed_logtif.h5|164|164|645795,3,0.8287480274836222,0.7257413069407145,0.13111531734466553,0.8488163550694784,0.769877576828003
final_20260721-011126_augmented_spots_train_e200_b10_lr0.0001_s1,?|Iron_deformed_logtif.h5|88|368|1562446,4,0.8105874806642532,0.7153542041778564,0.10949984658509493,0.850543811917305,0.7893352210521698
final_20260721-011126_augmented_spots_train_e200_b10_lr0.0001_s1,?|Ti7Al_logtif.h5|479|1460|605758,3,0.7871116797129313,0.6843734184900919,0.08352122455835342,0.8517952362696329,0.7863591194152832
final_20260721-011126_augmented_spots_train_e200_b10_lr0.0001_s1,?|Ti7Al_logtif.h5|192|192|64402,3,0.7820687890052795,0.6872682174046835,0.07835196827848752,0.8518584370613098,0.8051792621612549
final_20260721-011126_augmented_spots_train_e200_b10_lr0.0001_s1,?|Ti7Al_logtif.h5|317|317|115086,3,0.7685501972834269,0.6890421907107035,0.06391528745492299,0.8523174722989401,0.7708098888397217
final_20260721-011126_augmented_spots_train_e200_b10_lr0.0001_s1,?|Iron_deformed_logtif.h5|274|274|1211311,3,0.8398812214533488,0.75003715356191,0.13331744944055876,0.8532818754514059,0.7188477277755737
final_20260721-011126_augmented_spots_train_e200_b10_lr0.0001_s1,?|Ti7Al_logtif.h5|593|593|265156,3,0.7583917180697123,0.6829410195350647,0.05149934689203898,0.8534462054570516,0.7657914400100708
final_20260721-011126_augmented_spots_train_e200_b10_lr0.0001_s1,?|Ti7Al_logtif.h5|846|1828|745292,3,0.8029712736606598,0.775520940621694,0.09380841876069705,0.8545814355214437,0.6837231516838074
final_20260721-011126_augmented_spots_train_e200_b10_lr0.0001_s1,?|Iron_deformed_logtif.h5|120|400|1655560,4,0.8097406178712845,0.7428946420550346,0.09951023943722248,0.8551151752471924,0.7294177114963531
final_20260721-011126_augmented_spots_train_e200_b10_lr0.0001_s1,?|Iron_deformed_logtif.h5|232|232|1020810,3,0.805223266283671,0.7447094321250916,0.09415573254227638,0.8555337985356649,0.7349402904510498
final_20260721-011126_augmented_spots_train_e200_b10_lr0.0001_s1,?|Ti7Al_logtif.h5|753|1735|715115,3,0.8548495173454285,0.7531733711560568,0.14044980704784393,0.8571998476982117,0.8116618514060974
final_20260721-011126_augmented_spots_train_e200_b10_lr0.0001_s1,?|Ti7Al_logtif.h5|725|1707|707156,3,0.7753804922103882,0.6882683038711548,0.058291271328926086,0.8585446079572042,0.8123326182365418
final_20260721-011126_augmented_spots_train_e200_b10_lr0.0001_s1,?|Iron_deformed_logtif.h5|163|443|1881181,3,0.8446153402328491,0.7536810437838236,0.12390744313597679,0.860353946685791,0.7648668408393859
final_20260721-011126_augmented_spots_train_e200_b10_lr0.0001_s1,?|Iron_deformed_logtif.h5|62|342|1492694,5,0.8201132416725159,0.706257164478302,0.0993983045220375,0.8603574752807617,0.8073056936264038
final_20260721-011126_augmented_spots_train_e200_b10_lr0.0001_s1,?|Iron_deformed_logtif.h5|162|442|1877566,3,0.7651916444301605,0.720541924238205,0.04261448855201403,0.861288587252299,0.7475086688995362
final_20260721-011126_augmented_spots_train_e200_b10_lr0.0001_s1,?|Iron_deformed_logtif.h5|166|166|647236,5,0.8184153378009796,0.7539183318614959,0.09495708271861077,0.8617291331291199,0.7110600471496582
final_20260721-011126_augmented_spots_train_e200_b10_lr0.0001_s1,?|Iron_deformed_logtif.h5|56|336|1461382,5,0.8766021132469177,0.786646044254303,0.15124825164675712,0.8626769304275512,0.7942956805229187
final_20260721-011126_augmented_spots_train_e200_b10_lr0.0001_s1,?|Iron_deformed_logtif.h5|21|300|1307410,3,0.8023555874824524,0.7203545967737833,0.07454119995236397,0.8639071782430013,0.7987384796142578
final_20260721-011126_augmented_spots_train_e200_b10_lr0.0001_s1,?|Iron_deformed_logtif.h5|259|539|2410871,4,0.8394815027713776,0.7375912815332413,0.1106544267386198,0.8644135594367981,0.816686463356018
final_20260721-011126_augmented_spots_train_e200_b10_lr0.0001_s1,?|Iron_deformed_logtif.h5|217|497|2202296,4,0.8268609791994095,0.7292472422122955,0.0966145396232605,0.8651232272386551,0.7862434267997742
final_20260721-011126_augmented_spots_train_e200_b10_lr0.0001_s1,?|Ti7Al_logtif.h5|125|125|38081,3,0.8038591742515564,0.693038801352183,0.07258342082301776,0.8656378587086996,0.8235194683074951
final_20260721-011126_augmented_spots_train_e200_b10_lr0.0001_s1,?|Iron_deformed_logtif.h5|278|558|2479788,3,0.8428241014480591,0.7722280422846476,0.11139435693621635,0.8657148679097494,0.772162389755249
final_20260721-011126_augmented_spots_train_e200_b10_lr0.0001_s1,?|Iron_deformed_logtif.h5|1|281|1250417,3,0.8088141083717346,0.7121618986129761,0.07519739369551341,0.8668083349863688,0.8035838603973389
final_20260721-011126_augmented_spots_train_e200_b10_lr0.0001_s1,?|Ti7Al_logtif.h5|230|1213|471619,3,0.8427866498629252,0.7431534727414449,0.10893416777253151,0.8669262528419495,0.7741669058799744
final_20260721-011126_augmented_spots_train_e200_b10_lr0.0001_s1,?|Ti7Al_logtif.h5|900|1881|752712,3,0.7927477161089579,0.7103802164395651,0.058853937312960625,0.8669468959172567,0.7881962656974792
final_20260721-011126_augmented_spots_train_e200_b10_lr0.0001_s1,?|Ti7Al_logtif.h5|561|1541|646447,3,0.8071970343589783,0.7243131101131439,0.07310492762674888,0.867046058177948,0.7472074747085571
final_20260721-011126_augmented_spots_train_e200_b10_lr0.0001_s1,?|Iron_deformed_logtif.h5|123|403|1657222,3,0.7704256176948547,0.7236807743708292,0.03525002673268318,0.8675877849260966,0.7617623805999756
final_20260721-011126_augmented_spots_train_e200_b10_lr0.0001_s1,?|Ti7Al_logtif.h5|1|983|386483,3,0.7705669601758321,0.7138299147288004,0.03284332280357679,0.8688618143399557,0.7692646741867065
final_20260721-011126_augmented_spots_train_e200_b10_lr0.0001_s1,?|Iron_deformed_logtif.h5|5|5|17872,5,0.8235265135765075,0.7363317608833313,0.08546111285686493,0.8690327048301697,0.794932746887207
final_20260721-011126_augmented_spots_train_e200_b10_lr0.0001_s1,?|Iron_deformed_logtif.h5|149|149|573179,5,0.8339697003364563,0.7352989554405213,0.09317407608032227,0.8703978180885314,0.7716384649276733
final_20260721-011126_augmented_spots_train_e200_b10_lr0.0001_s1,?|Iron_deformed_logtif.h5|30|310|1320109,5,0.7940575122833252,0.7309900522232056,0.05302104204893112,0.8705182433128357,0.7746447324752808
final_20260721-011126_augmented_spots_train_e200_b10_lr0.0001_s1,?|Ti7Al_logtif.h5|726|726|314065,4,0.851433590054512,0.7560430020093918,0.11037784861400723,0.870527908205986,0.7730990529060364
final_20260721-011126_augmented_spots_train_e200_b10_lr0.0001_s1,?|Ti7Al_logtif.h5|746|1728|712611,4,0.829801395535469,0.7538977116346359,0.08797418838366866,0.8709136098623276,0.7800528049468994
final_20260721-011126_augmented_spots_train_e200_b10_lr0.0001_s1,?|Iron_deformed_logtif.h5|188|188|784896,5,0.8570269227027894,0.7568338751792908,0.11515830904245376,0.8709343075752258,0.84507896900177
final_20260721-011126_augmented_spots_train_e200_b10_lr0.0001_s1,?|Iron_deformed_logtif.h5|255|535|2371626,5,0.842805016040802,0.7463738441467285,0.09918256513774396,0.8718112111091614,0.7989719271659851
final_20260721-011126_augmented_spots_train_e200_b10_lr0.0001_s1,?|Iron_deformed_logtif.h5|215|215|920107,3,0.8702305356661478,0.7766289512316386,0.12644100685914358,0.8718947569529215,0.8538354277610779
final_20260721-011126_augmented_spots_train_e200_b10_lr0.0001_s1,?|Iron_deformed_logtif.h5|0|0|1623,3,0.8378377358118693,0.736464281876882,0.09254118924339612,0.872648278872172,0.8111265897750854
final_20260721-011126_augmented_spots_train_e200_b10_lr0.0001_s1,?|Ti7Al_logtif.h5|615|615|277544,3,0.7674487034479777,0.7110706766446432,0.02089589089155197,0.8732763926188151,0.7851025581359863
final_20260721-011126_augmented_spots_train_e200_b10_lr0.0001_s1,?|Iron_deformed_logtif.h5|245|525|2343145,3,0.8684491713841757,0.7723239262898763,0.12102878590424855,0.8737101952234904,0.8359703779220581
final_20260721-011126_augmented_spots_train_e200_b10_lr0.0001_s1,?|Iron_deformed_logtif.h5|16|296|1305672,3,0.8694556752840678,0.778086264928182,0.11831766615311305,0.8755689859390259,0.8362667083740234
final_20260721-011126_augmented_spots_train_e200_b10_lr0.0001_s1,?|Iron_deformed_logtif.h5|273|553|2451312,7,0.8654348083904811,0.7919876064573016,0.11347753554582596,0.8759786316326686,0.7342371463775634
final_20260721-011126_augmented_spots_train_e200_b10_lr0.0001_s1,?|Iron_deformed_logtif.h5|183|463|1960285,3,0.8118048111597697,0.6911060015360514,0.05878650210797787,0.8765091697374979,0.8462898015975953
final_20260721-011126_augmented_spots_train_e200_b10_lr0.0001_s1,?|Ti7Al_logtif.h5|110|110|32103,5,0.8142928361892701,0.734199333190918,0.05939827375113964,0.8774472951889039,0.781930410861969
final_20260721-011126_augmented_spots_train_e200_b10_lr0.0001_s1,?|Iron_deformed_logtif.h5|270|270|1208200,4,0.857834205031395,0.7748287469148636,0.09937957767397165,0.8792272955179214,0.77828648686409
final_20260721-011126_augmented_spots_train_e200_b10_lr0.0001_s1,?|Iron_deformed_logtif.h5|21|21|68698,5,0.8779418110847473,0.804381000995636,0.11943567171692848,0.879253089427948,0.7530820488929748
final_20260721-011126_augmented_spots_train_e200_b10_lr0.0001_s1,?|Iron_deformed_logtif.h5|192|472|2026576,3,0.8643073240915934,0.782167116800944,0.10491058478752772,0.87969837586085,0.7887417078018188
final_20260721-011126_augmented_spots_train_e200_b10_lr0.0001_s1,?|Iron_deformed_logtif.h5|108|108|396384,3,0.8441007932027181,0.7754542827606201,0.0842423823972543,0.8799292047818502,0.7840772271156311
final_20260721-011126_augmented_spots_train_e200_b10_lr0.0001_s1,?|Iron_deformed_logtif.h5|60|340|1491296,3,0.8574559688568115,0.7653973698616028,0.09354502397278945,0.8819554646809896,0.8144224882125854
final_20260721-011126_augmented_spots_train_e200_b10_lr0.0001_s1,?|Iron_deformed_logtif.h5|19|298|1306721,6,0.8779868682225546,0.7920028865337372,0.11310876812785864,0.8824390470981598,0.8166999220848083
final_20260721-011126_augmented_spots_train_e200_b10_lr0.0001_s1,?|Iron_deformed_logtif.h5|187|187|782942,3,0.8633108933766683,0.7714380025863647,0.09825800855954488,0.8825264374415079,0.8545957446098328
final_20260721-011126_augmented_spots_train_e200_b10_lr0.0001_s1,?|Iron_deformed_logtif.h5|102|382|1609497,3,0.8734291791915894,0.7891270120938619,0.10735476327439149,0.8830372095108032,0.784516179561615
final_20260721-011126_augmented_spots_train_e200_b10_lr0.0001_s1,?|Iron_deformed_logtif.h5|198|478|2057750,4,0.8512446731328964,0.7564236372709274,0.08351477235555649,0.8838649690151215,0.8592358410358429
final_20260721-011126_augmented_spots_train_e200_b10_lr0.0001_s1,?|Iron_deformed_logtif.h5|100|100|360369,4,0.8697090744972229,0.8030784428119659,0.10016855504363775,0.8847702443599701,0.7540861606597901
final_20260721-011126_augmented_spots_train_e200_b10_lr0.0001_s1,?|Iron_deformed_logtif.h5|215|495|2158392,3,0.8794934153556824,0.7951864798863729,0.10796309821307659,0.8857651750246683,0.792080557346344
final_20260721-011126_augmented_spots_train_e200_b10_lr0.0001_s1,?|Iron_deformed_logtif.h5|15|15|66683,3,0.8859277764956156,0.7974934379259745,0.11327221244573593,0.8863277832667033,0.8837009191513061
final_20260721-011126_augmented_spots_train_e200_b10_lr0.0001_s1,?|Al_big_grains_logtif.h5|1987|6931|214006,3,0.799584170182546,0.7308497627576193,0.0264731307203571,0.88655553261439,0.8457818031311035
final_20260721-011126_augmented_spots_train_e200_b10_lr0.0001_s1,?|Iron_deformed_logtif.h5|173|173|668050,4,0.8721226155757904,0.7969949394464493,0.09884215658530593,0.8866402506828308,0.8196704149246216
final_20260721-011126_augmented_spots_train_e200_b10_lr0.0001_s1,?|Iron_deformed_logtif.h5|20|20|68360,3,0.882379392782847,0.7964903910954794,0.10824327822774649,0.8870680729548136,0.8358149766921997
final_20260721-011126_augmented_spots_train_e200_b10_lr0.0001_s1,?|Iron_deformed_logtif.h5|189|469|2025484,3,0.8755443493525187,0.7902336319287618,0.09880276521046956,0.8883707920710245,0.8841927289962769
final_20260721-011126_augmented_spots_train_e200_b10_lr0.0001_s1,?|Iron_deformed_logtif.h5|18|299|1307069,4,0.885730430483818,0.8018096387386322,0.10784226702526212,0.888944074511528,0.8348709762096405
final_20260721-011126_augmented_spots_train_e200_b10_lr0.0001_s1,?|Ti7Al_logtif.h5|592|1574|655769,3,0.828822652498881,0.72440238793691,0.04955870844423771,0.889631966749827,0.8612211227416993
final_20260721-011126_augmented_spots_train_e200_b10_lr0.0001_s1,?|Iron_deformed_logtif.h5|15|295|1305345,3,0.8572157820065817,0.7543551524480184,0.07735195259253184,0.8899319171905518,0.8752038717269898
final_20260721-011126_augmented_spots_train_e200_b10_lr0.0001_s1,?|Iron_deformed_logtif.h5|86|367|1556377,5,0.8766448736190796,0.7950517416000367,0.09605549946427346,0.8902946710586548,0.8373171210289001
final_20260721-011126_augmented_spots_train_e200_b10_lr0.0001_s1,?|Iron_deformed_logtif.h5|153|433|1857995,4,0.8940908759832382,0.8156054615974426,0.11155619844794273,0.8912673443555832,0.8059693932533264
final_20260721-011126_augmented_spots_train_e200_b10_lr0.0001_s1,?|Iron_deformed_logtif.h5|210|210|876585,5,0.8811760783195496,0.7996859669685363,0.09855702444911003,0.8913095355033874,0.8208138585090637
final_20260721-011126_augmented_spots_train_e200_b10_lr0.0001_s1,?|Iron_deformed_logtif.h5|128|408|1686356,3,0.9151228268941244,0.8469888170560201,0.12936610107620558,0.8928783734639486,0.8543261408805847
final_20260721-011126_augmented_spots_train_e200_b10_lr0.0001_s1,?|Ti7Al_logtif.h5|331|331|117248,3,0.848703662554423,0.7820472121238708,0.06208607011164228,0.8933087984720866,0.8066852450370788
final_20260721-011126_augmented_spots_train_e200_b10_lr0.0001_s1,?|Ti7Al_logtif.h5|372|372|143345,3,0.8275065422058105,0.7271954019864401,0.03728550051649412,0.8951105276743571,0.8212948799133301
final_20260721-011126_augmented_spots_train_e200_b10_lr0.0001_s1,?|Iron_deformed_logtif.h5|55|334|1461026,3,0.9001038273175558,0.8224655389785767,0.10859909902016322,0.8957523703575134,0.852946662902832
final_20260721-011126_augmented_spots_train_e200_b10_lr0.0001_s1,?|Ti7Al_logtif.h5|907|907|360786,3,0.8355618317921957,0.7307083606719971,0.041279303530852,0.8971412579218546,0.8582622408866882
final_20260721-011126_augmented_spots_train_e200_b10_lr0.0001_s1,?|Iron_deformed_logtif.h5|95|374|1574041,5,0.8927182555198669,0.8126913666725158,0.095676514133811,0.8985208630561828,0.8535706996917725
final_20260721-011126_augmented_spots_train_e200_b10_lr0.0001_s1,?|Iron_deformed_logtif.h5|191|191|786702,8,0.8867994919419289,0.8165445700287819,0.08913203189149499,0.898833729326725,0.8252354145050049
final_20260721-011126_augmented_spots_train_e200_b10_lr0.0001_s1,?|Iron_deformed_logtif.h5|27|27|75554,4,0.8638351559638977,0.7937619686126709,0.06604908127337694,0.8988930583000183,0.8345126032829284
final_20260721-011126_augmented_spots_train_e200_b10_lr0.0001_s1,?|Iron_deformed_logtif.h5|144|144|528465,3,0.8392590284347534,0.7835601568222046,0.04103479782740275,0.8991121053695679,0.8337821960449219
final_20260721-011126_augmented_spots_train_e200_b10_lr0.0001_s1,?|Iron_deformed_logtif.h5|273|273|1210178,4,0.887525349855423,0.8078354001045227,0.08810882642865181,0.8997082710266113,0.8359481573104859
final_20260721-011126_augmented_spots_train_e200_b10_lr0.0001_s1,?|Iron_deformed_logtif.h5|178|458|1910882,4,0.8794973790645599,0.8171006292104721,0.07984273508191109,0.8998273462057114,0.8247832417488098
final_20260721-011126_augmented_spots_train_e200_b10_lr0.0001_s1,?|Iron_deformed_logtif.h5|191|471|2026221,3,0.8833210070927938,0.8012000719706217,0.0833789420624574,0.8999710083007812,0.8397451162338256
final_20260721-011126_augmented_spots_train_e200_b10_lr0.0001_s1,?|Ti7Al_logtif.h5|587|1569|653866,3,0.8714933395385742,0.7898536920547485,0.07087972636024158,0.9003068407376608,0.841405189037323
final_20260721-011126_augmented_spots_train_e200_b10_lr0.0001_s1,?|Iron_deformed_logtif.h5|22|22|70041,3,0.9177083373069763,0.8517328898111979,0.11454918856422107,0.9015795588493347,0.8532365322113037
final_20260721-011126_augmented_spots_train_e200_b10_lr0.0001_s1,?|Ti7Al_logtif.h5|689|689|304122,3,0.8311476310094198,0.7422905365626017,0.02774971475203832,0.9016989469528198,0.8521199345588684
final_20260721-011126_augmented_spots_train_e200_b10_lr0.0001_s1,?|Iron_deformed_logtif.h5|58|58|242737,3,0.9050562183062235,0.8336304823557535,0.09875431408484776,0.9031509558359782,0.860376501083374
final_20260721-011126_augmented_spots_train_e200_b10_lr0.0001_s1,?|Ti7Al_logtif.h5|380|1363|531358,3,0.8907235662142435,0.8064312934875488,0.08407988647619884,0.9033218224843343,0.8687658071517944
final_20260721-011126_augmented_spots_train_e200_b10_lr0.0001_s1,?|Iron_deformed_logtif.h5|197|197|812567,6,0.8600269158681234,0.7894178032875061,0.051722710176060595,0.9041520853837332,0.822287380695343
final_20260721-011126_augmented_spots_train_e200_b10_lr0.0001_s1,?|Iron_deformed_logtif.h5|139|420|1763892,4,0.9179132133722305,0.8540892750024796,0.10930538969114423,0.9043039083480835,0.8533894538879394
final_20260721-011126_augmented_spots_train_e200_b10_lr0.0001_s1,?|Iron_deformed_logtif.h5|44|44|162956,4,0.8944551944732666,0.8163015395402908,0.08559423219412565,0.904430478811264,0.8494753003120422
final_20260721-011126_augmented_spots_train_e200_b10_lr0.0001_s1,?|Iron_deformed_logtif.h5|127|127|436075,9,0.8772950437333848,0.8078400625122918,0.06801931425515148,0.90463787317276,0.7979276657104493
final_20260721-011126_augmented_spots_train_e200_b10_lr0.0001_s1,?|Iron_deformed_logtif.h5|136|416|1735423,3,0.9049408038457235,0.8305288751920065,0.09283498550454776,0.9060529271761576,0.8709510326385498
final_20260721-011126_augmented_spots_train_e200_b10_lr0.0001_s1,?|Iron_deformed_logtif.h5|39|319|1383099,3,0.9186701774597168,0.8536579608917236,0.10650139798720677,0.9060843785603842,0.8687736630439759
final_20260721-011126_augmented_spots_train_e200_b10_lr0.0001_s1,?|Iron_deformed_logtif.h5|152|432|1846281,3,0.8944544792175293,0.8127525448799133,0.08223034565647443,0.9061120549837748,0.8584846615791321
final_20260721-011126_augmented_spots_train_e200_b10_lr0.0001_s1,?|Iron_deformed_logtif.h5|9|289|1260309,3,0.8758953213691711,0.7929831941922506,0.0626043863594532,0.9066454569498698,0.8406158208847045
final_20260721-011126_augmented_spots_train_e200_b10_lr0.0001_s1,?|Ti7Al_logtif.h5|9|9|1561,4,0.8610684126615524,0.806040808558464,0.0472259228117764,0.9069212526082993,0.8397581517696381
final_20260721-011126_augmented_spots_train_e200_b10_lr0.0001_s1,?|Ti7Al_logtif.h5|67|67|19272,4,0.869342714548111,0.7927013635635376,0.05471585085615516,0.9073134511709213,0.8426894307136535
final_20260721-011126_augmented_spots_train_e200_b10_lr0.0001_s1,?|Iron_deformed_logtif.h5|81|81|313835,4,0.894701823592186,0.8248349130153656,0.07877997681498528,0.9079609364271164,0.8397319674491882
final_20260721-011126_augmented_spots_train_e200_b10_lr0.0001_s1,?|Iron_deformed_logtif.h5|274|554|2452789,4,0.8645134121179581,0.77239990234375,0.04843713575974107,0.9080381542444229,0.8606065809726715
final_20260721-011126_augmented_spots_train_e200_b10_lr0.0001_s1,?|Iron_deformed_logtif.h5|13|293|1302579,4,0.8881798833608627,0.8071929961442947,0.07028304319828749,0.9089484512805939,0.8585878074169159
final_20260721-011126_augmented_spots_train_e200_b10_lr0.0001_s1,?|Iron_deformed_logtif.h5|136|136|495861,4,0.9078708589076996,0.8338103890419006,0.08937630709260702,0.9092472940683365,0.8670851528644562
final_20260721-011126_augmented_spots_train_e200_b10_lr0.0001_s1,?|Iron_deformed_logtif.h5|141|141|523753,3,0.9030060569445292,0.8276102940241495,0.08369872098167737,0.9096536835034689,0.8605715155601501
final_20260721-011126_augmented_spots_train_e200_b10_lr0.0001_s1,?|Iron_deformed_logtif.h5|265|545|2432134,4,0.8553377240896225,0.8085183352231979,0.0348122650757432,0.9102627485990524,0.814082932472229
final_20260721-011126_augmented_spots_train_e200_b10_lr0.0001_s1,?|Iron_deformed_logtif.h5|235|235|1039802,3,0.8731167117754618,0.7897679607073466,0.0523362203190724,0.9103902379671732,0.8755143523216248
final_20260721-011126_augmented_spots_train_e200_b10_lr0.0001_s1,?|Ti7Al_logtif.h5|738|1720|711689,3,0.8635369340578715,0.7825279037157694,0.04237885711093744,0.9105790257453918,0.8587565302848816
final_20260721-011126_augmented_spots_train_e200_b10_lr0.0001_s1,?|Iron_deformed_logtif.h5|1|1|10546,5,0.8738663911819458,0.791069233417511,0.05259039737284184,0.9106379985809326,0.8853261470794678
final_20260721-011126_augmented_spots_train_e200_b10_lr0.0001_s1,?|Iron_deformed_logtif.h5|137|137|518561,5,0.8725035071372986,0.7840253353118897,0.05063597150146961,0.910933768749237,0.8477196574211121
final_20260721-011126_augmented_spots_train_e200_b10_lr0.0001_s1,?|Ti7Al_logtif.h5|785|1767|720185,3,0.8589836160341898,0.7787254254023234,0.03672186036904653,0.9111308852831522,0.8793522834777832
final_20260721-011126_augmented_spots_train_e200_b10_lr0.0001_s1,?|Iron_deformed_logtif.h5|278|278|1238536,5,0.8984331965446473,0.8253568053245545,0.074137619510293,0.9121477842330933,0.847747540473938
final_20260721-011126_augmented_spots_train_e200_b10_lr0.0001_s1,?|Iron_deformed_logtif.h5|81|362|1554017,4,0.9026888608932495,0.831025168299675,0.07770262844860554,0.912493109703064,0.841927456855774
final_20260721-011126_augmented_spots_train_e200_b10_lr0.0001_s1,?|Iron_deformed_logtif.h5|188|468|2024649,4,0.9388070553541183,0.886622816324234,0.11348960408940911,0.9126587212085724,0.8523440003395081
final_20260721-011126_augmented_spots_train_e200_b10_lr0.0001_s1,?|Iron_deformed_logtif.h5|169|449|1897167,4,0.8992376327514648,0.8208562433719635,0.07312141265720129,0.9130581319332123,0.8825716376304626
final_20260721-011126_augmented_spots_train_e200_b10_lr0.0001_s1,?|Iron_deformed_logtif.h5|252|532|2351102,3,0.8942970832188925,0.8277470668156942,0.06723462914427121,0.9135312040646871,0.8700499534606934
final_20260721-011126_augmented_spots_train_e200_b10_lr0.0001_s1,?|Iron_deformed_logtif.h5|39|39|143519,5,0.9114759564399719,0.8447444081306458,0.08352509997785092,0.9139754295349121,0.8455181121826172
final_20260721-011126_augmented_spots_train_e200_b10_lr0.0001_s1,?|Iron_deformed_logtif.h5|184|464|1988468,6,0.9281055529912313,0.8692001601060232,0.0994848267485698,0.9143103758494059,0.8526983559131622
final_20260721-011126_augmented_spots_train_e200_b10_lr0.0001_s1,?|Ti7Al_logtif.h5|867|1849|749230,3,0.890470027923584,0.8111611803372701,0.061717379838228226,0.9143763184547424,0.9053252577781677
final_20260721-011126_augmented_spots_train_e200_b10_lr0.0001_s1,?|Iron_deformed_logtif.h5|70|351|1516103,3,0.8862308263778687,0.8061962525049845,0.057002256934841476,0.9146142800649008,0.8534495115280152
final_20260721-011126_augmented_spots_train_e200_b10_lr0.0001_s1,?|Iron_deformed_logtif.h5|229|229|1011112,4,0.9016841351985931,0.8252351582050323,0.0721537028439343,0.9147651940584183,0.8888149738311768
final_20260721-011126_augmented_spots_train_e200_b10_lr0.0001_s1,?|Ti7Al_logtif.h5|605|1587|664057,3,0.8915988206863403,0.8206639289855957,0.05940005804101626,0.9160993695259094,0.8851289510726928
final_20260721-011126_augmented_spots_train_e200_b10_lr0.0001_s1,?|Iron_deformed_logtif.h5|224|224|1002176,3,0.9025804400444031,0.825277308622996,0.07019243389368057,0.9161940018335978,0.9007030963897705
final_20260721-011126_augmented_spots_train_e200_b10_lr0.0001_s1,?|Iron_deformed_logtif.h5|250|529|2345856,3,0.8973859747250875,0.8202057480812073,0.06491842369238536,0.9162337779998779,0.8608760714530945
final_20260721-011126_augmented_spots_train_e200_b10_lr0.0001_s1,?|Iron_deformed_logtif.h5|272|272|1208818,6,0.909610778093338,0.8394758204619089,0.07605551276355982,0.916777640581131,0.8676186203956604
final_20260721-011126_augmented_spots_train_e200_b10_lr0.0001_s1,?|Iron_deformed_logtif.h5|228|228|1010103,3,0.9142305056254069,0.8478992978731791,0.0803740844130516,0.9169281919797262,0.9004543423652649
final_20260721-011126_augmented_spots_train_e200_b10_lr0.0001_s1,?|Al_big_grains_logtif.h5|3202|3202|103431,3,0.8664596875508627,0.7889381647109985,0.032505630825956665,0.9169770081837972,0.9000714898109436
final_20260721-011126_augmented_spots_train_e200_b10_lr0.0001_s1,?|Iron_deformed_logtif.h5|131|131|446796,4,0.8927694857120514,0.8182784914970398,0.05873502418398857,0.9170172363519669,0.8588928639888763
final_20260721-011126_augmented_spots_train_e200_b10_lr0.0001_s1,?|Iron_deformed_logtif.h5|61|61|251104,6,0.8611497630675634,0.8166885624329249,0.02662055877347787,0.9172646005948385,0.8260698318481445
final_20260721-011126_augmented_spots_train_e200_b10_lr0.0001_s1,?|Ti7Al_logtif.h5|711|711|309821,3,0.9019776185353597,0.8270787000656128,0.0672736329336961,0.9173519810040792,0.8848944664001465
final_20260721-011126_augmented_spots_train_e200_b10_lr0.0001_s1,?|Iron_deformed_logtif.h5|59|59|249552,4,0.9039298444986343,0.8362736403942108,0.06886884197592735,0.9175305068492889,0.876964807510376
final_20260721-011126_augmented_spots_train_e200_b10_lr0.0001_s1,?|Ti7Al_logtif.h5|278|1260|494692,3,0.9029821554819742,0.8338147600491842,0.06791129242628813,0.9175354441006979,0.8857387900352478
final_20260721-011126_augmented_spots_train_e200_b10_lr0.0001_s1,?|Iron_deformed_logtif.h5|2|2|12606,8,0.8970044702291489,0.8217087611556053,0.060940050054341555,0.9180322140455246,0.8666569352149963
final_20260721-011126_augmented_spots_train_e200_b10_lr0.0001_s1,?|Ti7Al_logtif.h5|278|278|106292,4,0.8647861629724503,0.7855579107999802,0.02828033617697656,0.9182529002428055,0.8965984523296356
final_20260721-011126_augmented_spots_train_e200_b10_lr0.0001_s1,?|Iron_deformed_logtif.h5|181|461|1951519,3,0.9069013198216757,0.8360832333564758,0.06965157886346181,0.9186248977979025,0.89537593126297
final_20260721-011126_augmented_spots_train_e200_b10_lr0.0001_s1,?|Iron_deformed_logtif.h5|103|383|1609828,5,0.9146909117698669,0.8531343221664429,0.07650855220854283,0.9190911650657654,0.8322404623031616
final_20260721-011126_augmented_spots_train_e200_b10_lr0.0001_s1,?|Iron_deformed_logtif.h5|195|195|807221,3,0.9178911447525024,0.8521291414896647,0.07970538859566052,0.919092853864034,0.8851417303085327
final_20260721-011126_augmented_spots_train_e200_b10_lr0.0001_s1,?|Ti7Al_logtif.h5|502|502|226160,3,0.8865692615509033,0.80988077322642,0.04768115654587746,0.9194440444310507,0.897629725933075
final_20260721-011126_augmented_spots_train_e200_b10_lr0.0001_s1,?|Iron_deformed_logtif.h5|138|138|519077,4,0.9030785262584686,0.8326470255851746,0.06381577672436833,0.9196313619613647,0.868991369009018
final_20260721-011126_augmented_spots_train_e200_b10_lr0.0001_s1,?|Iron_deformed_logtif.h5|129|129|446107,6,0.9157782395680746,0.8552774687608083,0.07437286774317424,0.9207026859124502,0.8697915077209473
final_20260721-011126_augmented_spots_train_e200_b10_lr0.0001_s1,?|Iron_deformed_logtif.h5|246|526|2344537,5,0.9289064764976501,0.8691635847091674,0.08535714149475097,0.9217746615409851,0.87629075050354
final_20260721-011126_augmented_spots_train_e200_b10_lr0.0001_s1,?|Iron_deformed_logtif.h5|127|407|1676778,4,0.9234297573566437,0.8616296648979187,0.07972406782209873,0.9218528419733047,0.8981582462787628
final_20260721-011126_augmented_spots_train_e200_b10_lr0.0001_s1,?|Iron_deformed_logtif.h5|176|176|671863,7,0.9199486460004535,0.8607249515397208,0.0761630493881447,0.9218928047588894,0.8479735612869262
final_20260721-011126_augmented_spots_train_e200_b10_lr0.0001_s1,?|Iron_deformed_logtif.h5|234|514|2272117,3,0.9094744126001993,0.846211830774943,0.06550899644692738,0.9219827055931091,0.8970051646232605
final_20260721-011126_augmented_spots_train_e200_b10_lr0.0001_s1,?|Iron_deformed_logtif.h5|235|515|2278776,3,0.9018335938453674,0.8261459668477377,0.05571982512871424,0.9230569203694662,0.8950488328933716
final_20260721-011126_augmented_spots_train_e200_b10_lr0.0001_s1,?|Iron_deformed_logtif.h5|27|307|1314638,3,0.8979649146397909,0.824313243230184,0.050170267621676125,0.9238973061243693,0.8910050392150879
final_20260721-011126_augmented_spots_train_e200_b10_lr0.0001_s1,?|Iron_logtif.h5|3842|11538|1017745,3,0.9319528539975485,0.8770961165428162,0.08240237769981225,0.924775242805481,0.87251877784729
final_20260721-011126_augmented_spots_train_e200_b10_lr0.0001_s1,?|Iron_deformed_logtif.h5|42|322|1394565,3,0.9326831499735514,0.8754600683848063,0.08281250794728597,0.9249353210131327,0.8707507133483887
final_20260721-011126_augmented_spots_train_e200_b10_lr0.0001_s1,?|Iron_deformed_logtif.h5|111|111|397455,4,0.9145763218402863,0.8526081442832947,0.06410685647279024,0.9252347499132156,0.8579783141613007
final_20260721-011126_augmented_spots_train_e200_b10_lr0.0001_s1,?|Iron_deformed_logtif.h5|93|93|333088,3,0.9181037545204163,0.8532926440238953,0.06745601072907448,0.9253238836924235,0.8932186365127563
final_20260721-011126_augmented_spots_train_e200_b10_lr0.0001_s1,?|Ti7Al_logtif.h5|579|579|259870,3,0.8759510517120361,0.7921619812647501,0.02478828343252341,0.9255813757578532,0.922274374961853
final_20260721-011126_augmented_spots_train_e200_b10_lr0.0001_s1,?|Iron_deformed_logtif.h5|67|67|264081,3,0.9201665719350179,0.8544333378473917,0.06850121666987737,0.9258327086766561,0.9163799285888672
final_20260721-011126_augmented_spots_train_e200_b10_lr0.0001_s1,?|Iron_deformed_logtif.h5|152|152|607331,6,0.9062753220399221,0.8402289847532908,0.0539039671421051,0.9261856973171234,0.8849948644638062
final_20260721-011126_augmented_spots_train_e200_b10_lr0.0001_s1,?|Iron_deformed_logtif.h5|257|537|2399113,3,0.8975302775700887,0.8319908976554871,0.04495908630390962,0.9262856046358744,0.8711686849594116
final_20260721-011126_augmented_spots_train_e200_b10_lr0.0001_s1,?|Iron_deformed_logtif.h5|102|102|368709,6,0.9127533535162607,0.849219024181366,0.05874402107050022,0.9270046651363373,0.8619027733802795
final_20260721-011126_augmented_spots_train_e200_b10_lr0.0001_s1,?|Iron_deformed_logtif.h5|46|46|183492,5,0.9189100742340088,0.8547760605812073,0.06155674830079079,0.9286766648292542,0.9093209266662597
final_20260721-011126_augmented_spots_train_e200_b10_lr0.0001_s1,?|Al_deformed_LoG_logtif.h5|19|19|353769,17,0.932934466530295,0.8774809837341309,0.07555805623312206,0.928688200081096,0.8919772386550904
final_20260721-011126_augmented_spots_train_e200_b10_lr0.0001_s1,?|Iron_deformed_logtif.h5|189|189|785586,6,0.9073395629723867,0.8375905851523081,0.04967396830519041,0.9288327892621359,0.8777377009391785
final_20260721-011126_augmented_spots_train_e200_b10_lr0.0001_s1,?|Iron_deformed_logtif.h5|216|496|2201946,4,0.9178184121847153,0.8518994301557541,0.06008427729830146,0.9288670718669891,0.8904742121696472
final_20260721-011126_augmented_spots_train_e200_b10_lr0.0001_s1,?|Iron_deformed_logtif.h5|125|405|1675921,3,0.9367607235908508,0.8897302548090616,0.07892954970399539,0.9289155801137289,0.8659472703933716
final_20260721-011126_augmented_spots_train_e200_b10_lr0.0001_s1,?|Iron_deformed_logtif.h5|144|424|1768990,4,0.9291427284479141,0.8779397457838058,0.07119906647130847,0.9289718419313431,0.8901398003101348
final_20260721-011126_augmented_spots_train_e200_b10_lr0.0001_s1,?|Iron_deformed_logtif.h5|23|23|70379,3,0.929202159245809,0.8697686791419983,0.070931576192379,0.929135282834371,0.8940588951110839
final_20260721-011126_augmented_spots_train_e200_b10_lr0.0001_s1,?|Ti7Al_logtif.h5|903|1882|752818,3,0.8974351485570272,0.8253966967264811,0.03842257335782051,0.9295062820116679,0.897363030910492
final_20260721-011126_augmented_spots_train_e200_b10_lr0.0001_s1,?|Ti7Al_logtif.h5|39|39|12402,3,0.8773726423581442,0.8002360065778097,0.01761718715230624,0.9298777182896932,0.8931359052658081
final_20260721-011126_augmented_spots_train_e200_b10_lr0.0001_s1,?|Iron_deformed_logtif.h5|98|98|344511,4,0.9281151741743088,0.8675696402788162,0.06733775045722723,0.9303887337446213,0.8871316015720367
final_20260721-011126_augmented_spots_train_e200_b10_lr0.0001_s1,?|Ti7Al_logtif.h5|120|1102|427246,3,0.9010076721509298,0.8285770018895467,0.04016357318808635,0.9304220676422119,0.8927453517913818
final_20260721-011126_augmented_spots_train_e200_b10_lr0.0001_s1,?|Iron_deformed_logtif.h5|33|313|1349905,6,0.9232697089513143,0.8625017503897349,0.06233065451184908,0.9304695228735606,0.8850177228450775
final_20260721-011126_augmented_spots_train_e200_b10_lr0.0001_s1,?|Iron_deformed_logtif.h5|37|317|1382409,4,0.9186084270477295,0.8546905219554901,0.05728439800441265,0.9306620210409164,0.9008235454559326
final_20260721-011126_augmented_spots_train_e200_b10_lr0.0001_s1,?|Al_deformed_LoG_logtif.h5|6|40|510321,24,0.9257477323214213,0.8654820894201597,0.06437921359126146,0.9306842610239983,0.8719636797904968
final_20260721-011126_augmented_spots_train_e200_b10_lr0.0001_s1,?|Iron_deformed_logtif.h5|129|409|1686682,3,0.9322917461395264,0.8746455113093058,0.06886601075530052,0.9317128658294678,0.9048284769058228
final_20260721-011126_augmented_spots_train_e200_b10_lr0.0001_s1,?|Iron_deformed_logtif.h5|143|143|525365,3,0.93878173828125,0.8880956371625265,0.07521660688022773,0.9317825436592102,0.8977003574371338
final_20260721-011126_augmented_spots_train_e200_b10_lr0.0001_s1,?|Iron_deformed_logtif.h5|250|250|1106997,4,0.9224414527416229,0.8611054867506027,0.056299482472240925,0.9330709874629974,0.9057561457157135
final_20260721-011126_augmented_spots_train_e200_b10_lr0.0001_s1,?|Iron_deformed_logtif.h5|196|476|2048948,3,0.8911991516749064,0.8238320350646973,0.024561113367478054,0.9333190123240153,0.9042191624641418
final_20260721-011126_augmented_spots_train_e200_b10_lr0.0001_s1,?|Iron_deformed_logtif.h5|89|89|322664,5,0.907823383808136,0.8420480728149414,0.04033083319664001,0.9337462782859802,0.9164820671081543
final_20260721-011126_augmented_spots_train_e200_b10_lr0.0001_s1,?|Al_deformed_LoG_logtif.h5|29|63|895675,13,0.931387878381289,0.874949193917788,0.06358471562942633,0.9339015850654016,0.8784138798713684
final_20260721-011126_augmented_spots_train_e200_b10_lr0.0001_s1,?|Ti7Al_logtif.h5|458|1440|597994,4,0.9075202196836472,0.8390583842992783,0.039650459541007876,0.933934897184372,0.9129153847694397
final_20260721-011126_augmented_spots_train_e200_b10_lr0.0001_s1,?|Iron_deformed_logtif.h5|210|490|2115695,3,0.9316917657852173,0.8732538024584452,0.06374849937856197,0.933971643447876,0.9063356518745422
final_20260721-011126_augmented_spots_train_e200_b10_lr0.0001_s1,?|Iron_deformed_logtif.h5|123|123|415378,4,0.9105352014303207,0.8574733585119247,0.042067718459293246,0.9342337548732758,0.8667439043521881
final_20260721-011126_augmented_spots_train_e200_b10_lr0.0001_s1,?|Ti7Al_logtif.h5|560|560|255019,3,0.8953444361686707,0.8199598987897238,0.02611645497381687,0.9346140027046204,0.8883021473884583
final_20260721-011126_augmented_spots_train_e200_b10_lr0.0001_s1,?|Iron_deformed_logtif.h5|279|279|1239202,4,0.9302421510219574,0.8728860914707184,0.06050414522178471,0.9348689913749695,0.8882743716239929
final_20260721-011126_augmented_spots_train_e200_b10_lr0.0001_s1,?|Al_deformed_LoG_logtif.h5|17|51|763114,23,0.9341770514197971,0.8835787643557009,0.0628981163887226,0.935639474702918,0.8791142225265502
final_20260721-011126_augmented_spots_train_e200_b10_lr0.0001_s1,?|Al_deformed_LoG_logtif.h5|17|17|318986,16,0.9337639734148979,0.880453921854496,0.06221911250031553,0.9357724227011204,0.8734280467033386
final_20260721-011126_augmented_spots_train_e200_b10_lr0.0001_s1,?|Iron_deformed_logtif.h5|105|105|380792,4,0.9311984181404114,0.8767768740653992,0.05932794185355306,0.9359352588653564,0.9123936653137207
final_20260721-011126_augmented_spots_train_e200_b10_lr0.0001_s1,?|Iron_deformed_logtif.h5|249|527|2345175,4,0.931147962808609,0.8731842041015625,0.058782980777323246,0.9361824840307236,0.9133868753910065
final_20260721-011126_augmented_spots_train_e200_b10_lr0.0001_s1,?|Iron_deformed_logtif.h5|91|91|323387,3,0.9121823310852051,0.8468531767527262,0.039541589096188545,0.9363203843434652,0.8836453676223754
final_20260721-011126_augmented_spots_train_e200_b10_lr0.0001_s1,?|Iron_deformed_logtif.h5|17|297|1306370,4,0.9180145710706711,0.8544737994670868,0.0446856589987874,0.9366644620895386,0.8848659634590149
final_20260721-011126_augmented_spots_train_e200_b10_lr0.0001_s1,?|Ti7Al_logtif.h5|485|485|220991,3,0.8904403249422709,0.8206591208775839,0.0170971251403292,0.9366715947786967,0.900632917881012
final_20260721-011126_augmented_spots_train_e200_b10_lr0.0001_s1,?|Iron_deformed_logtif.h5|92|372|1572842,4,0.9371039718389511,0.8834088295698166,0.0636473277118057,0.9367283284664154,0.9079397439956665
final_20260721-011126_augmented_spots_train_e200_b10_lr0.0001_s1,?|Iron_deformed_logtif.h5|174|174|668440,4,0.9212531745433807,0.8597923666238785,0.0474820900708437,0.9368855357170105,0.8998530268669128
final_20260721-011126_augmented_spots_train_e200_b10_lr0.0001_s1,?|Iron_deformed_logtif.h5|229|509|2250437,3,0.9225847323735555,0.8679764072100321,0.04866768171389898,0.9369585315386454,0.8970946550369263
final_20260721-011126_augmented_spots_train_e200_b10_lr0.0001_s1,?|Al_deformed_LoG_logtif.h5|20|20|362924,19,0.9415757405130487,0.8923453625879789,0.0674745916192861,0.9370505809783936,0.877299702167511
final_20260721-011126_augmented_spots_train_e200_b10_lr0.0001_s1,?|Iron_deformed_logtif.h5|135|135|484462,3,0.946643610795339,0.8993152777353922,0.07167329266667366,0.937485138575236,0.9191006898880005
final_20260721-011126_augmented_spots_train_e200_b10_lr0.0001_s1,?|Iron_deformed_logtif.h5|98|378|1584909,3,0.9372771779696146,0.8832745552062988,0.061616264283657074,0.9378304481506348,0.9251436948776245
final_20260721-011126_augmented_spots_train_e200_b10_lr0.0001_s1,?|Al_deformed_LoG_logtif.h5|7|41|510550,15,0.9344868103663126,0.8783869703610738,0.05651013577977816,0.9389883319536845,0.903468656539917
final_20260721-011126_augmented_spots_train_e200_b10_lr0.0001_s1,?|Al_deformed_LoG_logtif.h5|18|52|779675,19,0.935412911992324,0.8831245930571305,0.05735275085623327,0.9390300794651634,0.8643322706222534
final_20260721-011126_augmented_spots_train_e200_b10_lr0.0001_s1,?|Iron_deformed_logtif.h5|243|243|1093956,4,0.9267417639493942,0.8721242845058441,0.04817933263257146,0.9392812103033066,0.8906634628772736
final_20260721-011126_augmented_spots_train_e200_b10_lr0.0001_s1,?|Al_deformed_LoG_logtif.h5|27|61|894788,23,0.9447407307832137,0.8977738230124764,0.06566537957152595,0.9395376884418986,0.8686642050743103
final_20260721-011126_augmented_spots_train_e200_b10_lr0.0001_s1,?|Al_deformed_LoG_logtif.h5|8|8|54671,22,0.9323628057133068,0.877370912920345,0.05320274186405269,0.9395800287073309,0.8918245255947113
final_20260721-011126_augmented_spots_train_e200_b10_lr0.0001_s1,?|Iron_deformed_logtif.h5|121|121|413884,3,0.9276766379674276,0.8685037891070048,0.04809703677892685,0.9397897919019064,0.930294144153595
final_20260721-011126_augmented_spots_train_e200_b10_lr0.0001_s1,?|Ti7Al_logtif.h5|936|1918|774149,3,0.9163036346435547,0.8547392090161642,0.036440283836176,0.9399316708246866,0.9204945206642151
final_20260721-011126_augmented_spots_train_e200_b10_lr0.0001_s1,?|Iron_deformed_logtif.h5|190|190|785959,3,0.9313759605089823,0.8759800593058268,0.05108111103375753,0.9401474197705587,0.9217761278152465
final_20260721-011126_augmented_spots_train_e200_b10_lr0.0001_s1,?|Iron_deformed_logtif.h5|238|518|2313516,3,0.9356784423192342,0.881274143854777,0.05533818652232488,0.9401701291402181,0.9075051665306091
final_20260721-011126_augmented_spots_train_e200_b10_lr0.0001_s1,?|Iron_deformed_logtif.h5|128|128|445774,4,0.9323275238275528,0.8765683770179749,0.05197575967758894,0.9401758909225464,0.9073011875152588
final_20260721-011126_augmented_spots_train_e200_b10_lr0.0001_s1,?|Ti7Al_logtif.h5|163|1144|441312,3,0.9243365526199341,0.8655558625857035,0.043931071336070694,0.9402027527491251,0.9086300253868103
final_20260721-011126_augmented_spots_train_e200_b10_lr0.0001_s1,?|Ti7Al_logtif.h5|81|1063|411051,5,0.931288731098175,0.8776196718215943,0.05004905015230179,0.9406198501586914,0.9268965601921082
final_20260721-011126_augmented_spots_train_e200_b10_lr0.0001_s1,?|Iron_deformed_logtif.h5|56|56|220626,3,0.9427170753479004,0.8950274785359701,0.06140782684087753,0.9406546155611674,0.9001732707023621
final_20260721-011126_augmented_spots_train_e200_b10_lr0.0001_s1,?|Iron_deformed_logtif.h5|67|347|1504401,4,0.9382255673408508,0.8871125876903534,0.05648949462920427,0.9408680349588394,0.9105060040950775
final_20260721-011126_augmented_spots_train_e200_b10_lr0.0001_s1,?|Al_deformed_LoG_logtif.h5|20|54|805566,20,0.9375687330961228,0.88400239944458,0.05569641869515181,0.94093616604805,0.9163566768169403
final_20260721-011126_augmented_spots_train_e200_b10_lr0.0001_s1,?|Iron_deformed_logtif.h5|187|467|2022761,4,0.9283600151538849,0.8708809018135071,0.04621788114309311,0.9410710483789444,0.923511266708374
final_20260721-011126_augmented_spots_train_e200_b10_lr0.0001_s1,?|Iron_deformed_logtif.h5|275|555|2456737,5,0.9356898188591003,0.882628858089447,0.05318581722676754,0.9412520170211792,0.9200746297836304
final_20260721-011126_augmented_spots_train_e200_b10_lr0.0001_s1,?|Al_deformed_LoG_logtif.h5|25|59|878905,16,0.9377878755331039,0.8854871019721031,0.053597288962919265,0.9420952908694744,0.8839634358882904
final_20260721-011126_augmented_spots_train_e200_b10_lr0.0001_s1,?|Ti7Al_logtif.h5|735|735|318417,3,0.9371655186017355,0.8857265710830688,0.052427110572656,0.9423692027727762,0.9202619075775147
final_20260721-011126_augmented_spots_train_e200_b10_lr0.0001_s1,?|Iron_deformed_logtif.h5|207|487|2110068,4,0.9423864781856537,0.8935987800359726,0.05727236485108733,0.9425570666790009,0.9221575558185577
final_20260721-011126_augmented_spots_train_e200_b10_lr0.0001_s1,?|Iron_deformed_logtif.h5|124|404|1669194,3,0.9511240323384603,0.9074812928835551,0.06592375971376896,0.9426001310348511,0.9193043231964111
final_20260721-011126_augmented_spots_train_e200_b10_lr0.0001_s1,?|Al_deformed_LoG_logtif.h5|25|25|428596,12,0.9354458351929983,0.8842317710320154,0.04896821151487529,0.9432388146718343,0.9292473375797272
final_20260721-011126_augmented_spots_train_e200_b10_lr0.0001_s1,?|Iron_deformed_logtif.h5|114|394|1643007,3,0.9378587007522583,0.8850010434786478,0.051149204994241394,0.9433547655741373,0.9170656204223633
final_20260721-011126_augmented_spots_train_e200_b10_lr0.0001_s1,?|Ti7Al_logtif.h5|273|273|104028,4,0.9160101115703583,0.867907702922821,0.02853303332813084,0.9437385350465775,0.8914979875087738
final_20260721-011126_augmented_spots_train_e200_b10_lr0.0001_s1,?|Iron_deformed_logtif.h5|50|50|192409,3,0.9346842765808105,0.8801860014597574,0.04538231839736303,0.9446509679158529,0.9263115882873535
final_20260721-011126_augmented_spots_train_e200_b10_lr0.0001_s1,?|Iron_deformed_logtif.h5|87|87|316193,3,0.9587937593460083,0.9212633768717448,0.06847479691108067,0.9451594750086466,0.9221555590629578
final_20260721-011126_augmented_spots_train_e200_b10_lr0.0001_s1,?|Iron_deformed_logtif.h5|159|159|624558,4,0.9429505318403244,0.8937375694513321,0.051163122756406665,0.9458937048912048,0.921843433380127
final_20260721-011126_augmented_spots_train_e200_b10_lr0.0001_s1,?|Iron_deformed_logtif.h5|85|85|315186,5,0.9299481511116028,0.8785616159439087,0.03799731843173504,0.945975399017334,0.9054139375686645
final_20260721-011126_augmented_spots_train_e200_b10_lr0.0001_s1,?|Al_deformed_LoG_logtif.h5|32|32|445244,19,0.9465496194990057,0.9026919760202107,0.05384991685614774,0.9463498529634977,0.9047486424446106
final_20260721-011126_augmented_spots_train_e200_b10_lr0.0001_s1,?|Iron_deformed_logtif.h5|161|441|1867701,4,0.9355252981185913,0.883946567773819,0.04226163402199745,0.9466318190097809,0.9267011523246765
final_20260721-011126_augmented_spots_train_e200_b10_lr0.0001_s1,?|Al_deformed_LoG_logtif.h5|22|56|838484,30,0.9479496697584788,0.9024078786373139,0.05341161424294114,0.9472690323988596,0.8965494632720947
final_20260721-011126_augmented_spots_train_e200_b10_lr0.0001_s1,?|Al_deformed_LoG_logtif.h5|14|48|626060,26,0.94680455327034,0.9020181252406194,0.052190953077605136,0.9473067957621354,0.8940725028514862
final_20260721-011126_augmented_spots_train_e200_b10_lr0.0001_s1,?|Iron_deformed_logtif.h5|41|321|1394494,4,0.9543614983558655,0.9144243001937866,0.05961163621395826,0.9473749250173569,0.9228146851062775
final_20260721-011126_augmented_spots_train_e200_b10_lr0.0001_s1,?|Al_deformed_LoG_logtif.h5|32|64|895895,23,0.9431478510732236,0.8970998732940011,0.04757195532969807,0.9477879456851793,0.8861350059509278
final_20260721-011126_augmented_spots_train_e200_b10_lr0.0001_s1,?|Iron_deformed_logtif.h5|93|373|1573666,4,0.9324824661016464,0.8797707110643387,0.03659195080399513,0.9479452520608902,0.9174660563468933
final_20260721-011126_augmented_spots_train_e200_b10_lr0.0001_s1,?|Iron_deformed_logtif.h5|53|333|1458032,4,0.9452230036258698,0.8966841399669647,0.049234689213335514,0.9479941427707672,0.9346606254577636
final_20260721-011126_augmented_spots_train_e200_b10_lr0.0001_s1,?|Al_deformed_LoG_logtif.h5|8|42|510785,24,0.9480193008979162,0.902910478413105,0.05198200993860761,0.9480186353127161,0.9132067203521729
final_20260721-011126_augmented_spots_train_e200_b10_lr0.0001_s1,?|Ti7Al_logtif.h5|89|89|24821,3,0.948982298374176,0.9039921164512634,0.052602418387929596,0.948189934094747,0.9165420532226562
final_20260721-011126_augmented_spots_train_e200_b10_lr0.0001_s1,?|Iron_deformed_logtif.h5|11|291|1277433,3,0.9428230126698812,0.8985197941462199,0.04577574754754702,0.9485236008961996,0.928537106513977
final_20260721-011126_augmented_spots_train_e200_b10_lr0.0001_s1,?|Iron_deformed_logtif.h5|272|552|2450634,7,0.9328989045960563,0.8789000511169434,0.035456747614911625,0.948721068246024,0.920315968990326
final_20260721-011126_augmented_spots_train_e200_b10_lr0.0001_s1,?|Al_deformed_LoG_logtif.h5|7|7|54476,19,0.9375899904652646,0.886282930248662,0.03994103854424075,0.948824477823157,0.9106399774551391
final_20260721-011126_augmented_spots_train_e200_b10_lr0.0001_s1,?|Iron_logtif.h5|1800|1800|157572,3,0.9502463340759277,0.9081253210703532,0.05235768482089043,0.9489443103472391,0.9242267608642578
final_20260721-011126_augmented_spots_train_e200_b10_lr0.0001_s1,?|Al_deformed_LoG_logtif.h5|6|6|54274,27,0.9458563923835754,0.8986845921587061,0.04703532840573677,0.9494105378786722,0.9239198565483093
final_20260721-011126_augmented_spots_train_e200_b10_lr0.0001_s1,?|Al_deformed_LoG_logtif.h5|9|43|572797,19,0.9434469216748288,0.898707345912331,0.04442065665008206,0.9495131216551128,0.9070940613746643
final_20260721-011126_augmented_spots_train_e200_b10_lr0.0001_s1,?|Al_deformed_LoG_logtif.h5|33|67|896466,26,0.944943524323977,0.8984325046722705,0.04565995286863584,0.9496417870888343,0.9170343279838562
final_20260721-011126_augmented_spots_train_e200_b10_lr0.0001_s1,?|Al_deformed_LoG_logtif.h5|15|15|275101,28,0.9490931587559837,0.9072395073516029,0.04895950817236943,0.9500668240445,0.9045715272426605
final_20260721-011126_augmented_spots_train_e200_b10_lr0.0001_s1,?|Iron_deformed_logtif.h5|95|95|333463,3,0.9583519101142883,0.9206152359644572,0.056962168465058007,0.9506948590278625,0.9333258152008057
final_20260721-011126_augmented_spots_train_e200_b10_lr0.0001_s1,?|Iron_deformed_logtif.h5|193|473|2027590,3,0.941196084022522,0.8954213658968607,0.03978813998401165,0.9507039586702982,0.9150206565856933
final_20260721-011126_augmented_spots_train_e200_b10_lr0.0001_s1,?|Iron_deformed_logtif.h5|17|17|67353,5,0.9523751616477967,0.9100407242774964,0.05040265694260597,0.9509862422943115,0.916228175163269
final_20260721-011126_augmented_spots_train_e200_b10_lr0.0001_s1,?|Al_deformed_LoG_logtif.h5|22|22|390231,24,0.945019394159317,0.8983954712748528,0.04260719796487441,0.9512061004837354,0.9317867279052734
final_20260721-011126_augmented_spots_train_e200_b10_lr0.0001_s1,?|Iron_deformed_logtif.h5|80|360|1553237,3,0.9387446443239847,0.8880760272343954,0.03555069677531719,0.9515969554583231,0.9286526083946228
final_20260721-011126_augmented_spots_train_e200_b10_lr0.0001_s1,?|Al_deformed_LoG_logtif.h5|29|29|444632,28,0.9492625551564353,0.9053969851561955,0.04356086906045675,0.9528508420501437,0.9110778033733368
final_20260721-011126_augmented_spots_train_e200_b10_lr0.0001_s1,?|Ti7Al_logtif.h5|530|1512|630809,3,0.9557337562243143,0.9158938527107239,0.050013559559981026,0.9528600772221884,0.9450060844421386
final_20260721-011126_augmented_spots_train_e200_b10_lr0.0001_s1,?|Iron_deformed_logtif.h5|276|556|2461082,3,0.9405954281489054,0.8924988110860189,0.03454786414901415,0.9530237913131714,0.9252521276474
final_20260721-011126_augmented_spots_train_e200_b10_lr0.0001_s1,?|Al_big_grains_logtif.h5|4294|9239|295394,3,0.942363460858663,0.8954881230990092,0.03601915265123049,0.9531721472740173,0.9441260576248169
final_20260721-011126_augmented_spots_train_e200_b10_lr0.0001_s1,?|Iron_deformed_logtif.h5|131|411|1687350,7,0.9479692918913705,0.9031325578689575,0.041491432913712094,0.9532389300210136,0.9280596137046814
final_20260721-011126_augmented_spots_train_e200_b10_lr0.0001_s1,?|Iron_deformed_logtif.h5|270|550|2449837,5,0.9526250958442688,0.9103956460952759,0.04599403999745846,0.9533155202865601,0.9286535739898681
final_20260721-011126_augmented_spots_train_e200_b10_lr0.0001_s1,?|Al_deformed_LoG_logtif.h5|18|18|337193,18,0.9499929447968801,0.9079414076275296,0.04326197655043668,0.9533654815620847,0.9011726200580596
final_20260721-011126_augmented_spots_train_e200_b10_lr0.0001_s1,?|Al_deformed_LoG_logtif.h5|5|5|30687,25,0.9492771291732788,0.9054863452911377,0.042344192992895845,0.9534664678573609,0.9343939781188965
final_20260721-011126_augmented_spots_train_e200_b10_lr0.0001_s1,?|Al_deformed_LoG_logtif.h5|30|65|895940,22,0.9525500942360271,0.9105425179004669,0.0451855609532107,0.9536822709170255,0.9158327341079712
final_20260721-011126_augmented_spots_train_e200_b10_lr0.0001_s1,?|Iron_deformed_logtif.h5|65|65|262514,3,0.9466537435849508,0.9001883467038473,0.03881004949410757,0.9539218544960022,0.94579576253891
final_20260721-011126_augmented_spots_train_e200_b10_lr0.0001_s1,?|Iron_deformed_logtif.h5|248|248|1106248,3,0.9331844647725424,0.8803287943204244,0.024914866934219997,0.9541348218917847,0.937542200088501
final_20260721-011126_augmented_spots_train_e200_b10_lr0.0001_s1,?|Al_deformed_LoG_logtif.h5|27|27|443830,20,0.9476868242025376,0.9030068457126618,0.03795586847700179,0.954865476489067,0.9298463523387909
final_20260721-011126_augmented_spots_train_e200_b10_lr0.0001_s1,?|Iron_deformed_logtif.h5|116|396|1643737,4,0.9528885632753372,0.9108575880527496,0.042572195176035166,0.9551581740379333,0.9406983077526092
final_20260721-011126_augmented_spots_train_e200_b10_lr0.0001_s1,?|Iron_deformed_logtif.h5|242|242|1093635,4,0.942177951335907,0.8923053294420242,0.031536698807030916,0.9553206264972687,0.9294680178165435
final_20260721-011126_augmented_spots_train_e200_b10_lr0.0001_s1,?|Al_deformed_LoG_logtif.h5|15|49|716420,28,0.9544307397944587,0.9143903830221721,0.04371203891267734,0.9553593503577369,0.9298776686191559
final_20260721-011126_augmented_spots_train_e200_b10_lr0.0001_s1,?|Iron_deformed_logtif.h5|34|34|111384,3,0.9341409603754679,0.8781765302022299,0.022018467386563618,0.9560612638791403,0.9428069472312928
final_20260721-011126_augmented_spots_train_e200_b10_lr0.0001_s1,?|Al_deformed_LoG_logtif.h5|10|10|167252,17,0.9628594728077159,0.9296478383681354,0.04992503420833279,0.9564672217649572,0.9286010980606079
final_20260721-011126_augmented_spots_train_e200_b10_lr0.0001_s1,?|Al_deformed_LoG_logtif.h5|3|37|469193,18,0.9548578361670176,0.9163007239500681,0.04188187037491136,0.9564879834651947,0.92013139128685
final_20260721-011126_augmented_spots_train_e200_b10_lr0.0001_s1,?|Al_deformed_LoG_logtif.h5|14|14|188210,20,0.9535508155822754,0.9121657282114028,0.039964856952428816,0.9567929804325104,0.9254505813121796
final_20260721-011126_augmented_spots_train_e200_b10_lr0.0001_s1,?|Iron_deformed_logtif.h5|275|275|1215260,3,0.9548733631769816,0.9139813383420309,0.040627606213092804,0.9571228623390198,0.94885333776474
final_20260721-011126_augmented_spots_train_e200_b10_lr0.0001_s1,?|Iron_deformed_logtif.h5|73|73|294002,3,0.947922150293986,0.9032906293869019,0.032924298817912735,0.9574989080429077,0.9410796284675598
final_20260721-011126_augmented_spots_train_e200_b10_lr0.0001_s1,?|Al_deformed_LoG_logtif.h5|4|4|23047,17,0.9598032376345467,0.9241180349798763,0.04441439557601424,0.9576944147839266,0.9317836761474609
final_20260721-011126_augmented_spots_train_e200_b10_lr0.0001_s1,?|Iron_deformed_logtif.h5|57|337|1461804,3,0.9447624087333679,0.8990806341171265,0.02934022309879462,0.9577111403147379,0.9511132001876831
final_20260721-011126_augmented_spots_train_e200_b10_lr0.0001_s1,?|Al_deformed_LoG_logtif.h5|10|44|606472,28,0.9636756245579038,0.9310204663446972,0.04685929750225374,0.9584081577403205,0.9313027620315552
final_20260721-011126_augmented_spots_train_e200_b10_lr0.0001_s1,?|Iron_deformed_logtif.h5|241|521|2332675,5,0.9485930442810059,0.9035263657569885,0.03129434026777744,0.9586493372917175,0.942586612701416
final_20260721-011126_augmented_spots_train_e200_b10_lr0.0001_s1,?|Al_deformed_LoG_logtif.h5|30|30|444908,14,0.9626384122031075,0.9283791737897056,0.0449978302099875,0.9588202919278827,0.9318988502025605
final_20260721-011126_augmented_spots_train_e200_b10_lr0.0001_s1,?|Iron_deformed_logtif.h5|248|530|2345952,3,0.9427482088406881,0.8939565221468607,0.02413245166341464,0.9593078891436259,0.9502261400222778
final_20260721-011126_augmented_spots_train_e200_b10_lr0.0001_s1,?|Al_deformed_LoG_logtif.h5|24|24|428139,22,0.9569703855297782,0.9204448515718634,0.03587016600861468,0.9605501158670946,0.929633766412735
final_20260721-011126_augmented_spots_train_e200_b10_lr0.0001_s1,?|Al_deformed_LoG_logtif.h5|33|33|445437,25,0.9613920688629151,0.9268245792388916,0.0397988448664546,0.9607966160774231,0.9281570672988891
final_20260721-011126_augmented_spots_train_e200_b10_lr0.0001_s1,?|Al_big_grains_logtif.h5|481|5423|169747,3,0.9628416498502096,0.929483155409495,0.04122880970438322,0.9608063896497091,0.9320011019706727
final_20260721-011126_augmented_spots_train_e200_b10_lr0.0001_s1,?|Iron_deformed_logtif.h5|263|263|1188628,3,0.9474999109903971,0.9034452239672343,0.025692205876111984,0.9609038432439169,0.9455870628356934
final_20260721-011126_augmented_spots_train_e200_b10_lr0.0001_s1,?|Al_deformed_LoG_logtif.h5|5|39|481387,20,0.9540166348218918,0.914180588722229,0.03204822991974652,0.9609842091798783,0.9336785197257995
final_20260721-011126_augmented_spots_train_e200_b10_lr0.0001_s1,?|Ti7Al_logtif.h5|356|1338|522142,3,0.9503880937894186,0.9069971442222595,0.026997494821747143,0.9616953134536743,0.9486352920532226
final_20260721-011126_augmented_spots_train_e200_b10_lr0.0001_s1,?|Al_deformed_LoG_logtif.h5|12|12|167848,21,0.9642230329059419,0.9322375853856405,0.04020547893430505,0.9620087714422316,0.9330618977546692
final_20260721-011126_augmented_spots_train_e200_b10_lr0.0001_s1,?|Iron_deformed_logtif.h5|194|474|2027962,3,0.9593367775281271,0.9219876329104105,0.03525393456220627,0.96204141775767,0.9581572413444519
final_20260721-011126_augmented_spots_train_e200_b10_lr0.0001_s1,?|Al_deformed_LoG_logtif.h5|19|53|795248,19,0.9580233222559879,0.9204936843169363,0.03349968570431596,0.9622618116830525,0.9412354230880737
final_20260721-011126_augmented_spots_train_e200_b10_lr0.0001_s1,?|Al_deformed_LoG_logtif.h5|4|38|471881,23,0.961131663426109,0.9264453856841378,0.03527790198669485,0.9629268853560738,0.9262220859527588
final_20260721-011126_augmented_spots_train_e200_b10_lr0.0001_s1,?|Iron_deformed_logtif.h5|101|101|361413,5,0.9647243976593017,0.9329087972640991,0.03727433662861586,0.9637250065803528,0.9498048067092896
final_20260721-011126_augmented_spots_train_e200_b10_lr0.0001_s1,?|Al_deformed_LoG_logtif.h5|16|50|760193,17,0.9592794250039494,0.9226617883233463,0.030425424769739893,0.9644269908175749,0.9336213111877442
final_20260721-011126_augmented_spots_train_e200_b10_lr0.0001_s1,?|Al_deformed_LoG_logtif.h5|9|9|125856,30,0.9631167550881704,0.9304218212763469,0.033208166357750694,0.964954286813736,0.9382150411605835
final_20260721-011126_augmented_spots_train_e200_b10_lr0.0001_s1,?|Al_deformed_LoG_logtif.h5|24|58|878465,20,0.9661443352699279,0.9351761877536774,0.03394246399402619,0.9661009252071381,0.9582888782024384
final_20260721-011126_augmented_spots_train_e200_b10_lr0.0001_s1,?|Al_deformed_LoG_logtif.h5|3|3|20806,16,0.9606955014169216,0.9264132231473923,0.027194236288778484,0.9667506292462349,0.9458628296852112
final_20260721-011126_augmented_spots_train_e200_b10_lr0.0001_s1,?|Ti7Al_logtif.h5|134|1116|428768,3,0.9568882584571838,0.9192812045415243,0.02283629806091388,0.9670259753863016,0.9621600151062012
final_20260721-011126_augmented_spots_train_e200_b10_lr0.0001_s1,?|Al_big_grains_logtif.h5|1823|6767|209024,3,0.9601012667020162,0.9251644015312195,0.026022983714938164,0.9670391281445821,0.9592399835586548
final_20260721-011126_augmented_spots_train_e200_b10_lr0.0001_s1,?|Iron_deformed_logtif.h5|55|55|220305,3,0.95116259654363,0.9079719583193461,0.016975009193023045,0.967093805472056,0.9577938914299011
final_20260721-011126_augmented_spots_train_e200_b10_lr0.0001_s1,?|Al_segvol.h5|4499|4499|24632,3,0.9682929515838623,0.9395123322804769,0.03358313317100207,0.9673548936843872,0.9510475397109985
final_20260721-011126_augmented_spots_train_e200_b10_lr0.0001_s1,?|Al_deformed_LoG_logtif.h5|11|45|606718,21,0.9696686807132903,0.9420932275908334,0.03441693024000242,0.9676258847827003,0.9520822763442993
final_20260721-011126_augmented_spots_train_e200_b10_lr0.0001_s1,?|Al_deformed_LoG_logtif.h5|11|11|167555,19,0.9636004818113226,0.9311441590911463,0.027319362289027163,0.9681405613296911,0.9530300378799439
final_20260721-011126_augmented_spots_train_e200_b10_lr0.0001_s1,?|Al_deformed_LoG_logtif.h5|16|16|316744,25,0.966371762752533,0.935879909992218,0.028253902588039635,0.9690589308738708,0.939506733417511
final_20260721-011126_augmented_spots_train_e200_b10_lr0.0001_s1,?|IN718_twins_logtif.h5|343|1722|148837,3,0.9742897351582845,0.9517036279042562,0.03377512997637192,0.9702572822570801,0.9380297422409057
final_20260721-011126_augmented_spots_train_e200_b10_lr0.0001_s1,?|Iron_deformed_logtif.h5|105|385|1622522,3,0.9542254408200582,0.9136130611101786,0.012808580261965593,0.97070840994517,0.9633421182632447
final_20260721-011126_augmented_spots_train_e200_b10_lr0.0001_s1,?|Al_deformed_LoG_logtif.h5|12|46|607012,28,0.9685029323611941,0.9394741931131908,0.02596040243016822,0.9712712679590497,0.9545789420604706
final_20260721-011126_augmented_spots_train_e200_b10_lr0.0001_s1,?|Al_deformed_LoG_logtif.h5|0|0|14345,21,0.9572783282824925,0.9236818665549869,0.013846757932610455,0.9717157908848354,0.9614169597625732
final_20260721-011126_augmented_spots_train_e200_b10_lr0.0001_s1,?|Al_deformed_LoG_logtif.h5|26|60|891702,23,0.9665951884311178,0.9377000798349795,0.02304573274096069,0.971774723218835,0.9508199214935302
final_20260721-011126_augmented_spots_train_e200_b10_lr0.0001_s1,?|Ti7Al_logtif.h5|763|1744|716641,3,0.9600525697072347,0.9246480663617452,0.01576462263862292,0.9721439878145853,0.9641592741012573
final_20260721-011126_augmented_spots_train_e200_b10_lr0.0001_s1,?|Al_deformed_LoG_logtif.h5|26|26|441233,21,0.9634769757588705,0.9315967247599647,0.01904832414307055,0.972214332648686,0.9587408900260925
final_20260721-011126_augmented_spots_train_e200_b10_lr0.0001_s1,?|IN718_twins_logtif.h5|909|2288|195464,3,0.9799751043319702,0.9616784850756327,0.03150429669767618,0.9742353955904642,0.9512470960617065
final_20260721-011126_augmented_spots_train_e200_b10_lr0.0001_s1,?|Al_deformed_LoG_logtif.h5|0|34|461737,22,0.9716858023946936,0.9461790269071405,0.02276428824883293,0.9744607589461587,0.9610174417495727
final_20260721-011126_augmented_spots_train_e200_b10_lr0.0001_s1,?|Al_segvol.h5|2597|2597|14315,3,0.9695968429247538,0.9421964486440023,0.019670816759268444,0.9749630093574524,0.968745493888855
final_20260721-011126_augmented_spots_train_e200_b10_lr0.0001_s1,?|Iron_deformed_logtif.h5|61|341|1491473,3,0.9646120071411133,0.9318727652231852,0.013187450046340624,0.975712259610494,0.9716715455055237
final_20260721-011126_augmented_spots_train_e200_b10_lr0.0001_s1,?|IN718_twins_logtif.h5|1066|2443|209241,3,0.9862160682678223,0.9730323354403178,0.03468317041794459,0.9757664402325948,0.9632673978805542
final_20260721-011126_augmented_spots_train_e200_b10_lr0.0001_s1,?|IN718_twins_logtif.h5|612|612|50032,3,0.9852914810180664,0.9716506799062093,0.025996664228538673,0.9796474178632101,0.96364324092865
final_20260721-011126_augmented_spots_train_e200_b10_lr0.0001_s1,?|IN718_twins_logtif.h5|1082|2459|210603,3,0.9845889608065287,0.9702093005180359,0.02478347501407067,0.9799027442932129,0.9626804947853088
final_20260721-011126_augmented_spots_train_e200_b10_lr0.0001_s1,?|IN718_twins_logtif.h5|108|1486|128639,3,0.9959266980489095,0.9919226169586182,0.029499268780152004,0.9832137028376261,0.9767860889434814
final_20260721-011126_augmented_spots_train_e200_b10_lr0.0001_s1,?|IN718_twins_logtif.h5|333|333|29388,3,0.986576517422994,0.9738980333010355,0.01893263527502616,0.983821968237559,0.970485532283783
final_20260721-011126_augmented_spots_train_e200_b10_lr0.0001_s1,?|IN718_twins_logtif.h5|322|1698|147131,3,0.9809060096740723,0.9647403756777445,0.012247317160169283,0.984329362710317,0.9735092639923095
final_20260721-011126_augmented_spots_train_e200_b10_lr0.0001_s1,?|IN718_twins_logtif.h5|1224|1224|103276,3,0.9863872528076172,0.9735074639320374,0.016187507348755997,0.9850998520851135,0.9840485334396363
final_20260721-011126_augmented_spots_train_e200_b10_lr0.0001_s1,?|IN718_twins_logtif.h5|703|2081|178440,3,0.9944524168968201,0.9889986316363016,0.022444553673267365,0.9860039154688517,0.979309332370758
final_20260721-011126_augmented_spots_train_e200_b10_lr0.0001_s1,?|IN718_twins_logtif.h5|518|1895|162872,3,0.9937319159507751,0.9875788688659668,0.020728751085698605,0.9865015943845113,0.9794763326644897
final_20260721-011126_augmented_spots_train_e200_b10_lr0.0001_s1,?|IN718_twins_logtif.h5|929|929|76478,3,0.9973341822624207,0.9946887493133545,0.024247348308563232,0.9865433772404989,0.9782553315162659
final_20260721-011126_augmented_spots_train_e200_b10_lr0.0001_s1,?|IN718_twins_logtif.h5|216|1595|136423,3,0.9954540928204855,0.9909735321998596,0.020037679312129814,0.9877082109451294,0.9827955365180969
final_20260721-011126_augmented_spots_train_e200_b10_lr0.0001_s1,?|IN718_twins_logtif.h5|569|1947|167097,3,0.9978969693183899,0.9958038131395975,0.02224641169110934,0.9878252744674683,0.9852723717689514
final_20260721-011126_augmented_spots_train_e200_b10_lr0.0001_s1,?|IN718_twins_logtif.h5|885|885|73830,4,0.9893265515565872,0.9791576266288757,0.011627898085862398,0.9888493418693542,0.9853430807590484
final_20260721-011126_augmented_spots_train_e200_b10_lr0.0001_s1,?|IN718_twins_logtif.h5|483|1861|159477,3,0.9927386244138082,0.985676109790802,0.01436995311329762,0.9891843398412069,0.9851085066795349
final_20260721-011126_augmented_spots_train_e200_b10_lr0.0001_s1,?|IN718_twins_logtif.h5|692|692|58235,3,0.9966811140378317,0.9933985670407613,0.016659482071797054,0.9900108377138773,0.986287522315979
final_20260721-011126_augmented_spots_train_e200_b10_lr0.0001_s1,?|IN718_twins_logtif.h5|1278|1278|108160,3,0.9953832626342773,0.9908358852068583,0.013791006368895372,0.9907961289087931,0.9871006011962891
final_20260721-011126_augmented_spots_train_e200_b10_lr0.0001_s1,?|IN718_twins_logtif.h5|813|2190|188254,3,0.9955505132675171,0.991154948870341,0.01353917270898819,0.9910056591033936,0.9883257746696472
final_20260721-011126_augmented_spots_train_e200_b10_lr0.0001_s1,?|IN718_twins_logtif.h5|1271|2649|226498,3,0.992778480052948,0.9857105414072672,0.010031150343517462,0.9913736979166666,0.9898922443389893
final_20260721-011126_augmented_spots_train_e200_b10_lr0.0001_s1,?|IN718_twins_logtif.h5|425|1801|157178,3,0.9953200221061707,0.9907109340031942,0.011436300973097483,0.9919418692588806,0.9899368762969971
final_20260721-011126_augmented_spots_train_e200_b10_lr0.0001_s1,?|IN718_twins_logtif.h5|183|1559|134525,3,0.995133658250173,0.9903830289840698,0.009162873961031437,0.9929853876431783,0.9913285255432129
final_20260721-011126_augmented_spots_train_e200_b10_lr0.0001_s1,?|IN718_twins_logtif.h5|825|2202|189095,3,0.996282696723938,0.992612898349762,0.008812589260439077,0.9937350749969482,0.9932961940765381
final_20260721-102717_to_newloss_augmented_spots_train_e200_b10_lr0.0001_s1,?|Iron_deformed_logtif.h5|184|184|749244,3,0.6541397372881571,0.5786392092704773,0.08201672012607257,0.7860615054766337,0.7734500646591187
final_20260721-102717_to_newloss_augmented_spots_train_e200_b10_lr0.0001_s1,?|Iron_deformed_logtif.h5|167|447|1896154,3,0.6765575607617696,0.5739314158757528,0.09687032612661521,0.7898436188697815,0.7398267269134522
final_20260721-102717_to_newloss_augmented_spots_train_e200_b10_lr0.0001_s1,?|Ti7Al_logtif.h5|800|1782|729836,3,0.638164758682251,0.5529802640279134,0.04733837520082792,0.7954132159550985,0.745958411693573
final_20260721-102717_to_newloss_augmented_spots_train_e200_b10_lr0.0001_s1,?|Iron_deformed_logtif.h5|88|368|1562446,4,0.7392370700836182,0.6382501721382141,0.13092917948961258,0.8041539490222931,0.7518851339817048
final_20260721-102717_to_newloss_augmented_spots_train_e200_b10_lr0.0001_s1,?|Iron_deformed_logtif.h5|5|5|17872,5,0.6994137644767762,0.6156563639640809,0.08395500723272561,0.8077293753623962,0.7372838377952575
final_20260721-102717_to_newloss_augmented_spots_train_e200_b10_lr0.0001_s1,?|Ti7Al_logtif.h5|740|1723|711979,3,0.7118605971336365,0.5937326947848002,0.09421565383672714,0.8088224728902181,0.7861788988113403
final_20260721-102717_to_newloss_augmented_spots_train_e200_b10_lr0.0001_s1,?|Iron_deformed_logtif.h5|230|510|2253954,4,0.6706844717264175,0.5874870717525482,0.048101292457431555,0.8112915754318237,0.7822064757347107
final_20260721-102717_to_newloss_augmented_spots_train_e200_b10_lr0.0001_s1,?|Ti7Al_logtif.h5|674|1655|690234,3,0.6651166280110677,0.5833380619684855,0.037445664405822754,0.8138355016708374,0.8040762424468995
final_20260721-102717_to_newloss_augmented_spots_train_e200_b10_lr0.0001_s1,?|Iron_deformed_logtif.h5|14|14|64651,3,0.8349104126294454,0.7330133120218912,0.1973318656285604,0.8187892635663351,0.8082990050315857
final_20260721-102717_to_newloss_augmented_spots_train_e200_b10_lr0.0001_s1,?|Iron_deformed_logtif.h5|84|363|1554874,4,0.7526451349258423,0.6392005681991577,0.10980160161852837,0.8214217573404312,0.7480748355388641
final_20260721-102717_to_newloss_augmented_spots_train_e200_b10_lr0.0001_s1,?|Iron_deformed_logtif.h5|121|401|1655920,4,0.7381086945533752,0.6251967251300812,0.09248598571866751,0.8228113800287247,0.8033330380916596
final_20260721-102717_to_newloss_augmented_spots_train_e200_b10_lr0.0001_s1,?|Iron_deformed_logtif.h5|168|448|1896773,3,0.7705456813176473,0.6633509993553162,0.12398868054151535,0.8232785065968832,0.7957654356956482
final_20260721-102717_to_newloss_augmented_spots_train_e200_b10_lr0.0001_s1,?|Iron_deformed_logtif.h5|1|281|1250417,3,0.750564436117808,0.6439855297406515,0.09154443194468816,0.829509973526001,0.7865816354751587
final_20260721-102717_to_newloss_augmented_spots_train_e200_b10_lr0.0001_s1,?|Iron_deformed_logtif.h5|121|121|413884,3,0.7535427411397299,0.6291746695836385,0.08616621295611064,0.8336882789929708,0.8253133416175842
final_20260721-102717_to_newloss_augmented_spots_train_e200_b10_lr0.0001_s1,?|Ti7Al_logtif.h5|479|1460|605758,3,0.7322571873664856,0.6321522196133932,0.06409550954898198,0.8340808550516764,0.8009254336357117
final_20260721-102717_to_newloss_augmented_spots_train_e200_b10_lr0.0001_s1,?|Iron_deformed_logtif.h5|241|241|1093313,4,0.7519711554050446,0.6368609219789505,0.08314419630914927,0.8344134986400604,0.7567893207073212
final_20260721-102717_to_newloss_augmented_spots_train_e200_b10_lr0.0001_s1,?|Ti7Al_logtif.h5|725|1707|707156,3,0.7236406604448954,0.6350108782450358,0.053466346114873886,0.8350871602694193,0.7942313551902771
final_20260721-102717_to_newloss_augmented_spots_train_e200_b10_lr0.0001_s1,?|Ti7Al_logtif.h5|765|1748|716846,3,0.7416905462741852,0.6686277488867441,0.07067497447133064,0.8355077703793844,0.7173641920089722
final_20260721-102717_to_newloss_augmented_spots_train_e200_b10_lr0.0001_s1,?|Iron_deformed_logtif.h5|123|403|1657222,3,0.7017021576563517,0.6171266039212545,0.029325451391438644,0.8361883560816447,0.7949083566665649
final_20260721-102717_to_newloss_augmented_spots_train_e200_b10_lr0.0001_s1,?|Ti7Al_logtif.h5|1|983|386483,3,0.7187861800193787,0.6569469670454661,0.046346535285313926,0.8362198074658712,0.7571282148361206
final_20260721-102717_to_newloss_augmented_spots_train_e200_b10_lr0.0001_s1,?|Iron_deformed_logtif.h5|77|357|1542926,6,0.7707527379194895,0.6881559391816457,0.09636771616836388,0.8371925155321757,0.7755984365940094
final_20260721-102717_to_newloss_augmented_spots_train_e200_b10_lr0.0001_s1,?|Ti7Al_logtif.h5|153|153|50619,3,0.7578384677569071,0.6613097588221232,0.08150434369842212,0.8381670316060384,0.7866274595260621
final_20260721-102717_to_newloss_augmented_spots_train_e200_b10_lr0.0001_s1,?|Ti7Al_logtif.h5|615|615|277544,3,0.6941253344217936,0.6213202873865763,0.016482599234829347,0.8388213713963827,0.7822526931762696
final_20260721-102717_to_newloss_augmented_spots_train_e200_b10_lr0.0001_s1,?|Iron_deformed_logtif.h5|245|525|2343145,3,0.7988752722740173,0.6865258812904358,0.11810388912757237,0.8403856754302979,0.829792582988739
final_20260721-102717_to_newloss_augmented_spots_train_e200_b10_lr0.0001_s1,?|Ti7Al_logtif.h5|372|372|143345,3,0.7209791739781698,0.5879619518915812,0.038954960803190865,0.8410121003786722,0.8083272337913513
final_20260721-102717_to_newloss_augmented_spots_train_e200_b10_lr0.0001_s1,?|Ti7Al_logtif.h5|951|951|378424,6,0.7681334912776947,0.6716092924276987,0.08560001663863659,0.8412667413552603,0.7495756149291992
final_20260721-102717_to_newloss_augmented_spots_train_e200_b10_lr0.0001_s1,?|Ti7Al_logtif.h5|868|868|355427,3,0.7779427965482076,0.6696721712748209,0.09264751399556796,0.8426476120948792,0.7755888223648071
final_20260721-102717_to_newloss_augmented_spots_train_e200_b10_lr0.0001_s1,?|Iron_deformed_logtif.h5|274|274|1211311,3,0.78009561697642,0.6584074298540751,0.09310205653309822,0.8434967796007792,0.7832585096359252
final_20260721-102717_to_newloss_augmented_spots_train_e200_b10_lr0.0001_s1,?|Iron_deformed_logtif.h5|0|0|1623,3,0.813923199971517,0.7077256441116333,0.12533828864494959,0.8442924618721008,0.7828607082366943
final_20260721-102717_to_newloss_augmented_spots_train_e200_b10_lr0.0001_s1,?|Iron_deformed_logtif.h5|172|172|667669,5,0.7846195578575135,0.6840970039367675,0.09591517895460129,0.8443522095680237,0.8088703989982605
final_20260721-102717_to_newloss_augmented_spots_train_e200_b10_lr0.0001_s1,?|Iron_deformed_logtif.h5|96|376|1581320,3,0.7863361040751139,0.716844896475474,0.09666260207692783,0.8448367516199747,0.7391545534133911
final_20260721-102717_to_newloss_augmented_spots_train_e200_b10_lr0.0001_s1,?|Ti7Al_logtif.h5|900|1881|752712,3,0.7509874900182089,0.6516619920730591,0.059142731440564,0.8459223707516988,0.8000579595565795
final_20260721-102717_to_newloss_augmented_spots_train_e200_b10_lr0.0001_s1,?|Ti7Al_logtif.h5|110|110|32103,5,0.7377251982688904,0.6674431681632995,0.043235404416918755,0.8472448945045471,0.7647813558578491
final_20260721-102717_to_newloss_augmented_spots_train_e200_b10_lr0.0001_s1,?|Ti7Al_logtif.h5|244|1226|477357,3,0.7251802682876587,0.610170861085256,0.030636627847949665,0.8472718199094137,0.8164547204971313
final_20260721-102717_to_newloss_augmented_spots_train_e200_b10_lr0.0001_s1,?|Ti7Al_logtif.h5|746|1728|712611,4,0.7752709090709686,0.6774502843618393,0.08071547513827682,0.8472777307033539,0.783602899312973
final_20260721-102717_to_newloss_augmented_spots_train_e200_b10_lr0.0001_s1,?|Iron_deformed_logtif.h5|273|273|1210178,4,0.8102954626083374,0.6992557197809219,0.11092328140512109,0.8496860861778259,0.7839269518852234
final_20260721-102717_to_newloss_augmented_spots_train_e200_b10_lr0.0001_s1,?|Iron_deformed_logtif.h5|30|310|1320109,5,0.7369043111801148,0.6598427295684814,0.034188037365674974,0.8513581395149231,0.7849426150321961
final_20260721-102717_to_newloss_augmented_spots_train_e200_b10_lr0.0001_s1,?|Al_big_grains_logtif.h5|1987|6931|214006,3,0.7276940941810608,0.6531497041384379,0.02419371685634057,0.8517501950263977,0.7995948433876038
final_20260721-102717_to_newloss_augmented_spots_train_e200_b10_lr0.0001_s1,?|Iron_deformed_logtif.h5|27|27|75554,4,0.785111591219902,0.6915141940116882,0.0753632690757513,0.8548741489648819,0.7850878655910491
final_20260721-102717_to_newloss_augmented_spots_train_e200_b10_lr0.0001_s1,?|Ti7Al_logtif.h5|579|579|259870,3,0.7375259598096212,0.6363075574239095,0.02775733917951584,0.8548843264579773,0.8402552366256714
final_20260721-102717_to_newloss_augmented_spots_train_e200_b10_lr0.0001_s1,?|Iron_deformed_logtif.h5|44|44|162956,4,0.8123239427804947,0.7122089117765427,0.10211705858819187,0.8551034331321716,0.8464955568313599
final_20260721-102717_to_newloss_augmented_spots_train_e200_b10_lr0.0001_s1,?|Iron_deformed_logtif.h5|144|424|1768990,4,0.779036283493042,0.7052964717149734,0.06830458412878215,0.8553658574819565,0.7891116380691529
final_20260721-102717_to_newloss_augmented_spots_train_e200_b10_lr0.0001_s1,?|Iron_deformed_logtif.h5|144|144|528465,3,0.7465116381645203,0.6721292535463969,0.035097366819779076,0.8557071089744568,0.7939849138259888
final_20260721-102717_to_newloss_augmented_spots_train_e200_b10_lr0.0001_s1,?|Ti7Al_logtif.h5|737|737|318628,3,0.8498926560084025,0.7545690933863322,0.136120884368817,0.8568859100341797,0.7714560985565185
final_20260721-102717_to_newloss_augmented_spots_train_e200_b10_lr0.0001_s1,?|Iron_deformed_logtif.h5|86|367|1556377,5,0.8166743993759156,0.7137760400772095,0.10162860229611397,0.8575229048728943,0.8069823980331421
final_20260721-102717_to_newloss_augmented_spots_train_e200_b10_lr0.0001_s1,?|Ti7Al_logtif.h5|474|1457|604880,3,0.7923872272173563,0.6744010051091512,0.07413234437505405,0.859127422173818,0.8237069368362426
final_20260721-102717_to_newloss_augmented_spots_train_e200_b10_lr0.0001_s1,?|Ti7Al_logtif.h5|431|1413|574457,3,0.7823498646418253,0.680463949839274,0.06395530700683594,0.8591972788174947,0.838300085067749
final_20260721-102717_to_newloss_augmented_spots_train_e200_b10_lr0.0001_s1,?|Ti7Al_logtif.h5|278|278|106292,4,0.7427820116281509,0.6614975035190582,0.021480135386809707,0.8606509417295456,0.8105639338493347
final_20260721-102717_to_newloss_augmented_spots_train_e200_b10_lr0.0001_s1,?|Ti7Al_logtif.h5|330|1312|505227,3,0.7696744004885355,0.6623098055521647,0.046701911836862564,0.8614862362543741,0.8284190058708191
final_20260721-102717_to_newloss_augmented_spots_train_e200_b10_lr0.0001_s1,?|Ti7Al_logtif.h5|593|593|265156,3,0.7776022752126058,0.7010141213734945,0.05225672076145808,0.862672766049703,0.7727532148361206
final_20260721-102717_to_newloss_augmented_spots_train_e200_b10_lr0.0001_s1,?|Iron_deformed_logtif.h5|21|300|1307410,3,0.7863507866859436,0.6640247305234274,0.06085664095977942,0.862747073173523,0.8335017204284668
final_20260721-102717_to_newloss_augmented_spots_train_e200_b10_lr0.0001_s1,?|Iron_deformed_logtif.h5|259|539|2410871,4,0.787886381149292,0.6790775656700134,0.06167287239804864,0.8631067723035812,0.8361653923988343
final_20260721-102717_to_newloss_augmented_spots_train_e200_b10_lr0.0001_s1,?|Ti7Al_logtif.h5|936|1918|774149,3,0.7630353569984436,0.6673130790392557,0.03602081164717674,0.8635072708129883,0.825322937965393
final_20260721-102717_to_newloss_augmented_spots_train_e200_b10_lr0.0001_s1,?|Iron_deformed_logtif.h5|1|1|10546,5,0.7644733905792236,0.6483889222145081,0.035574951022863385,0.8644492030143738,0.8525142431259155
final_20260721-102717_to_newloss_augmented_spots_train_e200_b10_lr0.0001_s1,?|Iron_deformed_logtif.h5|173|173|668050,4,0.8034726679325104,0.7036571204662323,0.07425142079591751,0.8646106421947479,0.8495947241783142
final_20260721-102717_to_newloss_augmented_spots_train_e200_b10_lr0.0001_s1,?|Iron_deformed_logtif.h5|13|13|63607,3,0.810251792271932,0.6986303726832072,0.07897396261493365,0.8656389315923055,0.8440804481506348
final_20260721-102717_to_newloss_augmented_spots_train_e200_b10_lr0.0001_s1,?|Iron_deformed_logtif.h5|164|164|645795,3,0.8197636604309082,0.7141154805819193,0.08792140583197276,0.8659211198488871,0.8375700950622559
final_20260721-102717_to_newloss_augmented_spots_train_e200_b10_lr0.0001_s1,?|Iron_deformed_logtif.h5|270|270|1208200,4,0.8241231441497803,0.7291250973939896,0.09129865653812885,0.8664122372865677,0.7963636994361878
final_20260721-102717_to_newloss_augmented_spots_train_e200_b10_lr0.0001_s1,?|Iron_deformed_logtif.h5|60|340|1491296,3,0.804880698521932,0.6928873658180237,0.07148224115371704,0.86669921875,0.8335566520690918
final_20260721-102717_to_newloss_augmented_spots_train_e200_b10_lr0.0001_s1,?|Iron_deformed_logtif.h5|232|232|1020810,3,0.8153266310691833,0.7127139965693156,0.0816636395951112,0.8668314814567566,0.8076133131980896
final_20260721-102717_to_newloss_augmented_spots_train_e200_b10_lr0.0001_s1,?|Iron_deformed_logtif.h5|167|167|658994,3,0.7697991331418356,0.6741083065668741,0.035249567280213036,0.8672747611999512,0.8116627693176269
final_20260721-102717_to_newloss_augmented_spots_train_e200_b10_lr0.0001_s1,?|Iron_deformed_logtif.h5|198|478|2057750,4,0.8060900717973709,0.7013684213161469,0.06993926968425512,0.8680753856897354,0.861977481842041
final_20260721-102717_to_newloss_augmented_spots_train_e200_b10_lr0.0001_s1,?|Ti7Al_logtif.h5|561|1541|646447,3,0.8205453952153524,0.7210034330685934,0.08413421735167503,0.8682056069374084,0.8193853020668029
final_20260721-102717_to_newloss_augmented_spots_train_e200_b10_lr0.0001_s1,?|Iron_deformed_logtif.h5|162|442|1877566,3,0.7666516105333964,0.6745298703511556,0.029212250063816707,0.8687196572621664,0.8250742435455323
final_20260721-102717_to_newloss_augmented_spots_train_e200_b10_lr0.0001_s1,?|Ti7Al_logtif.h5|291|291|107749,5,0.8009792566299438,0.6968046426773071,0.06302282214164734,0.868978214263916,0.8266273617744446
final_20260721-102717_to_newloss_augmented_spots_train_e200_b10_lr0.0001_s1,?|Iron_deformed_logtif.h5|62|342|1492694,5,0.8193856716156006,0.7047729730606079,0.08067687600851059,0.8693544030189514,0.8435705423355102
final_20260721-102717_to_newloss_augmented_spots_train_e200_b10_lr0.0001_s1,?|Iron_deformed_logtif.h5|22|302|1309528,4,0.8225901275873184,0.7200682908296585,0.08265277557075024,0.8699686676263809,0.8073627412319183
final_20260721-102717_to_newloss_augmented_spots_train_e200_b10_lr0.0001_s1,?|Iron_deformed_logtif.h5|70|351|1516103,3,0.8322523633639017,0.7267897923787435,0.0903691587348779,0.8709416190783182,0.8116968393325805
final_20260721-102717_to_newloss_augmented_spots_train_e200_b10_lr0.0001_s1,?|Ti7Al_logtif.h5|9|9|1561,4,0.7719557732343674,0.7068467736244202,0.028824233915656805,0.8715657740831375,0.7891523241996765
final_20260721-102717_to_newloss_augmented_spots_train_e200_b10_lr0.0001_s1,?|Ti7Al_logtif.h5|689|689|304122,3,0.7743932803471884,0.6987817883491516,0.03110921320815881,0.8716420332590739,0.8067861080169678
final_20260721-102717_to_newloss_augmented_spots_train_e200_b10_lr0.0001_s1,?|Iron_deformed_logtif.h5|55|334|1461026,3,0.8293989300727844,0.724539041519165,0.0854516252875328,0.8719736536343893,0.8473005771636963
final_20260721-102717_to_newloss_augmented_spots_train_e200_b10_lr0.0001_s1,?|Iron_deformed_logtif.h5|188|188|784896,5,0.826577365398407,0.7252494335174561,0.08231346420943737,0.8721319556236267,0.8503337860107422
final_20260721-102717_to_newloss_augmented_spots_train_e200_b10_lr0.0001_s1,?|Ti7Al_logtif.h5|273|273|104028,4,0.809847503900528,0.743181049823761,0.06481244461610913,0.8725175261497498,0.7391106247901916
final_20260721-102717_to_newloss_augmented_spots_train_e200_b10_lr0.0001_s1,?|Iron_deformed_logtif.h5|15|15|66683,3,0.8313307960828146,0.718876580397288,0.08623600999514262,0.8725474079449972,0.8695854663848877
final_20260721-102717_to_newloss_augmented_spots_train_e200_b10_lr0.0001_s1,?|Iron_deformed_logtif.h5|117|397|1649342,3,0.7837539911270142,0.7109959522883097,0.03779504727572203,0.872979482014974,0.8031611919403077
final_20260721-102717_to_newloss_augmented_spots_train_e200_b10_lr0.0001_s1,?|Iron_deformed_logtif.h5|217|497|2202296,4,0.8087490350008011,0.709350198507309,0.062230954645201564,0.873259037733078,0.8179941952228547
final_20260721-102717_to_newloss_augmented_spots_train_e200_b10_lr0.0001_s1,?|Iron_deformed_logtif.h5|127|127|436075,9,0.7960883577664694,0.715412073665195,0.048250061149398484,0.873919149239858,0.7827831387519837
final_20260721-102717_to_newloss_augmented_spots_train_e200_b10_lr0.0001_s1,?|Iron_deformed_logtif.h5|224|224|1002176,3,0.8021098574002584,0.6950956185658773,0.052435180793205895,0.874837338924408,0.8462479591369629
final_20260721-102717_to_newloss_augmented_spots_train_e200_b10_lr0.0001_s1,?|Iron_deformed_logtif.h5|120|400|1655560,4,0.8054385483264923,0.7225074023008347,0.05522684287279844,0.8751058578491211,0.8080168724060058
final_20260721-102717_to_newloss_augmented_spots_train_e200_b10_lr0.0001_s1,?|Iron_deformed_logtif.h5|273|553|2451312,7,0.8346394300460815,0.7388093812125069,0.0829928522663457,0.8758233104433332,0.8300954818725585
final_20260721-102717_to_newloss_augmented_spots_train_e200_b10_lr0.0001_s1,?|Iron_deformed_logtif.h5|197|197|812567,6,0.8057088951269785,0.7176640530427297,0.05096724536269903,0.8773708343505859,0.7935446500778198
final_20260721-102717_to_newloss_augmented_spots_train_e200_b10_lr0.0001_s1,?|Ti7Al_logtif.h5|331|331|117248,3,0.8333996136983236,0.7489293615023295,0.07760874911521871,0.877895454565684,0.8213356852531433
final_20260721-102717_to_newloss_augmented_spots_train_e200_b10_lr0.0001_s1,?|Iron_deformed_logtif.h5|163|443|1881181,3,0.8279937903086344,0.7378262877464294,0.07182253276308377,0.8780856331189474,0.8288656592369079
final_20260721-102717_to_newloss_augmented_spots_train_e200_b10_lr0.0001_s1,?|Iron_deformed_logtif.h5|143|143|525365,3,0.8448738058408102,0.7498693466186523,0.088202769557635,0.8783355156580607,0.8362434148788452
final_20260721-102717_to_newloss_augmented_spots_train_e200_b10_lr0.0001_s1,?|Iron_deformed_logtif.h5|196|476|2048948,3,0.7894936402638754,0.6937810381253561,0.03222480292121569,0.8786343932151794,0.855839467048645
final_20260721-102717_to_newloss_augmented_spots_train_e200_b10_lr0.0001_s1,?|Ti7Al_logtif.h5|278|1260|494692,3,0.7958890994389852,0.7024129629135132,0.038186281298597656,0.8788514137268066,0.8608921647071839
final_20260721-102717_to_newloss_augmented_spots_train_e200_b10_lr0.0001_s1,?|Ti7Al_logtif.h5|587|1569|653866,3,0.8070980906486511,0.6937710046768188,0.049136693278948464,0.8789806962013245,0.8559122920036316
final_20260721-102717_to_newloss_augmented_spots_train_e200_b10_lr0.0001_s1,?|Iron_deformed_logtif.h5|184|464|1988468,6,0.8286115626494089,0.7295684317747752,0.06991176214069128,0.8793498973051707,0.8284112811088562
final_20260721-102717_to_newloss_augmented_spots_train_e200_b10_lr0.0001_s1,?|Iron_deformed_logtif.h5|169|449|1897167,4,0.8347544372081757,0.7232632040977478,0.07569734565913677,0.8795285671949387,0.8491128325462342
final_20260721-102717_to_newloss_augmented_spots_train_e200_b10_lr0.0001_s1,?|Ti7Al_logtif.h5|192|192|64402,3,0.8240949511528015,0.7484865784645081,0.06434858093659084,0.8798731962839762,0.8215561389923096
final_20260721-102717_to_newloss_augmented_spots_train_e200_b10_lr0.0001_s1,?|Iron_deformed_logtif.h5|255|535|2371626,5,0.8060160517692566,0.7084290385246277,0.04579479675740004,0.8801106333732605,0.8390671491622925
final_20260721-102717_to_newloss_augmented_spots_train_e200_b10_lr0.0001_s1,?|Iron_deformed_logtif.h5|87|87|316193,3,0.8519280354181925,0.7602850397427877,0.09118918577829997,0.8803694248199463,0.812024998664856
final_20260721-102717_to_newloss_augmented_spots_train_e200_b10_lr0.0001_s1,?|Iron_deformed_logtif.h5|189|469|2025484,3,0.8457867304484049,0.7448184092839559,0.08390001952648163,0.8809433380762736,0.8710336923599243
final_20260721-102717_to_newloss_augmented_spots_train_e200_b10_lr0.0001_s1,?|Iron_deformed_logtif.h5|274|554|2452789,4,0.8310045897960663,0.7191559374332428,0.06899890047498047,0.8810028433799744,0.8225353717803955
final_20260721-102717_to_newloss_augmented_spots_train_e200_b10_lr0.0001_s1,?|Iron_deformed_logtif.h5|192|472|2026576,3,0.8441118995348612,0.7521974841753641,0.08058297013243039,0.8817644913991293,0.8163615822792053
final_20260721-102717_to_newloss_augmented_spots_train_e200_b10_lr0.0001_s1,?|Al_big_grains_logtif.h5|4294|9239|295394,3,0.8020817240079244,0.7175408204396566,0.03816109895706177,0.8819603125254313,0.8415086030960083
final_20260721-102717_to_newloss_augmented_spots_train_e200_b10_lr0.0001_s1,?|Iron_deformed_logtif.h5|276|556|2461082,3,0.8110157052675883,0.732122560342153,0.04593198373913765,0.8825418551762899,0.8108914613723754
final_20260721-102717_to_newloss_augmented_spots_train_e200_b10_lr0.0001_s1,?|Iron_deformed_logtif.h5|191|191|786702,8,0.8359275758266449,0.747270792722702,0.06945940526202321,0.8832340687513351,0.8360402941703796
final_20260721-102717_to_newloss_augmented_spots_train_e200_b10_lr0.0001_s1,?|Iron_deformed_logtif.h5|234|514|2272117,3,0.8304583628972372,0.7373504241307577,0.06242337077856064,0.8840175072352091,0.8524382472038269
final_20260721-102717_to_newloss_augmented_spots_train_e200_b10_lr0.0001_s1,?|Iron_deformed_logtif.h5|22|22|70041,3,0.8392466306686401,0.7323154211044312,0.07032444079717,0.8844610651334127,0.8488663554191589
final_20260721-102717_to_newloss_augmented_spots_train_e200_b10_lr0.0001_s1,?|Iron_deformed_logtif.h5|18|299|1307069,4,0.8548379987478256,0.756880134344101,0.084972670301795,0.8849326521158218,0.8447271764278412
final_20260721-102717_to_newloss_augmented_spots_train_e200_b10_lr0.0001_s1,?|Iron_deformed_logtif.h5|235|235|1039802,3,0.7996620535850525,0.6988547245661417,0.02955283783376217,0.8850546081860861,0.8642977714538574
final_20260721-102717_to_newloss_augmented_spots_train_e200_b10_lr0.0001_s1,?|Iron_deformed_logtif.h5|215|215|920107,3,0.8545490304629008,0.7562731305758158,0.08364110191663106,0.885453979174296,0.86213219165802
final_20260721-102717_to_newloss_augmented_spots_train_e200_b10_lr0.0001_s1,?|Iron_deformed_logtif.h5|181|461|1951519,3,0.8561716874440511,0.7564274470011393,0.0841263731320699,0.886022667090098,0.8643309354782105
final_20260721-102717_to_newloss_augmented_spots_train_e200_b10_lr0.0001_s1,?|Iron_deformed_logtif.h5|189|189|785586,6,0.8260100781917572,0.7191448012987772,0.052762574050575495,0.886623760064443,0.8583196699619293
final_20260721-102717_to_newloss_augmented_spots_train_e200_b10_lr0.0001_s1,?|Ti7Al_logtif.h5|317|317|115086,3,0.8225424289703369,0.7255141337712606,0.048872397591670357,0.886834979057312,0.8537949562072754
final_20260721-102717_to_newloss_augmented_spots_train_e200_b10_lr0.0001_s1,?|Iron_deformed_logtif.h5|39|319|1383099,3,0.8441308736801147,0.7458547353744507,0.06960821027557056,0.8872613310813904,0.885455584526062
final_20260721-102717_to_newloss_augmented_spots_train_e200_b10_lr0.0001_s1,?|Iron_deformed_logtif.h5|16|296|1305672,3,0.8498134016990662,0.7432433366775513,0.07523150990406673,0.8872909148534139,0.8582190752029419
final_20260721-102717_to_newloss_augmented_spots_train_e200_b10_lr0.0001_s1,?|Iron_deformed_logtif.h5|20|20|68360,3,0.8579427798589071,0.7662639816602071,0.08334790666898091,0.8872974117596945,0.8338089227676392
final_20260721-102717_to_newloss_augmented_spots_train_e200_b10_lr0.0001_s1,?|Iron_deformed_logtif.h5|15|295|1305345,3,0.8502420783042908,0.7479360898335775,0.07564165319005649,0.8873002131779989,0.858119797706604
final_20260721-102717_to_newloss_augmented_spots_train_e200_b10_lr0.0001_s1,?|Iron_deformed_logtif.h5|93|93|333088,3,0.8673527439435323,0.7699733972549438,0.09090002129475276,0.8882263700167338,0.8353658437728881
final_20260721-102717_to_newloss_augmented_spots_train_e200_b10_lr0.0001_s1,?|Iron_deformed_logtif.h5|56|336|1461382,5,0.8584118127822876,0.7587285041809082,0.08170943111181259,0.8883511900901795,0.8543032884597779
final_20260721-102717_to_newloss_augmented_spots_train_e200_b10_lr0.0001_s1,?|Iron_deformed_logtif.h5|105|105|380792,4,0.8157476484775543,0.7184059619903564,0.03896768670529127,0.888389989733696,0.8538838207721711
final_20260721-102717_to_newloss_augmented_spots_train_e200_b10_lr0.0001_s1,?|Iron_deformed_logtif.h5|228|228|1010103,3,0.8178960482279459,0.7250550587972006,0.04077024261156718,0.8885628978411356,0.8568703889846802
final_20260721-102717_to_newloss_augmented_spots_train_e200_b10_lr0.0001_s1,?|Iron_deformed_logtif.h5|149|149|573179,5,0.8208077311515808,0.7175090909004211,0.04306016825139523,0.8888737678527832,0.859642505645752
final_20260721-102717_to_newloss_augmented_spots_train_e200_b10_lr0.0001_s1,?|Iron_deformed_logtif.h5|210|490|2115695,3,0.8587782780329386,0.7608380913734436,0.08050934970378876,0.8891344467798868,0.8533346891403198
final_20260721-102717_to_newloss_augmented_spots_train_e200_b10_lr0.0001_s1,?|Iron_deformed_logtif.h5|139|420|1763892,4,0.8513147979974747,0.7628172188997269,0.07284341473132372,0.8892357051372528,0.8505708277225494
final_20260721-102717_to_newloss_augmented_spots_train_e200_b10_lr0.0001_s1,?|Iron_deformed_logtif.h5|81|81|313835,4,0.8315915465354919,0.7382322996854782,0.05269281379878521,0.8894493579864502,0.8479038834571838
final_20260721-102717_to_newloss_augmented_spots_train_e200_b10_lr0.0001_s1,?|Iron_deformed_logtif.h5|108|108|396384,3,0.8373010158538818,0.7428856293360392,0.05722726508975029,0.8900368611017863,0.8682541370391845
final_20260721-102717_to_newloss_augmented_spots_train_e200_b10_lr0.0001_s1,?|Iron_deformed_logtif.h5|252|532|2351102,3,0.8098745346069336,0.7161370714505514,0.028671088628470898,0.8906017343203226,0.8536287426948548
final_20260721-102717_to_newloss_augmented_spots_train_e200_b10_lr0.0001_s1,?|Iron_deformed_logtif.h5|19|298|1306721,6,0.8672171036402384,0.7753654420375824,0.0853123590350151,0.8909523685773214,0.8313683867454529
final_20260721-102717_to_newloss_augmented_spots_train_e200_b10_lr0.0001_s1,?|Iron_deformed_logtif.h5|39|39|143519,5,0.8353347539901733,0.7287248253822327,0.05339943971484899,0.8909676432609558,0.8435097217559815
final_20260721-102717_to_newloss_augmented_spots_train_e200_b10_lr0.0001_s1,?|Iron_deformed_logtif.h5|89|89|322664,5,0.814325499534607,0.7270734071731567,0.03207699805498123,0.8911242485046387,0.8455480337142944
final_20260721-102717_to_newloss_augmented_spots_train_e200_b10_lr0.0001_s1,?|Ti7Al_logtif.h5|306|1288|501063,4,0.8205481171607971,0.7190819829702377,0.037582737393677235,0.8914826959371567,0.8686921000480652
final_20260721-102717_to_newloss_augmented_spots_train_e200_b10_lr0.0001_s1,?|Iron_deformed_logtif.h5|190|190|785959,3,0.8482497135798136,0.7482482592264811,0.06526334024965763,0.8914932211240133,0.8486478805541993
final_20260721-102717_to_newloss_augmented_spots_train_e200_b10_lr0.0001_s1,?|Ti7Al_logtif.h5|726|726|314065,4,0.8317055851221085,0.716805636882782,0.04855480417609215,0.8915753960609436,0.8477801561355591
final_20260721-102717_to_newloss_augmented_spots_train_e200_b10_lr0.0001_s1,?|Iron_deformed_logtif.h5|176|176|671863,7,0.8262113588196891,0.7330729620797294,0.04265966492572001,0.8917758379663739,0.8524600744247437
final_20260721-102717_to_newloss_augmented_spots_train_e200_b10_lr0.0001_s1,?|Ti7Al_logtif.h5|605|1587|664057,3,0.8296865026156107,0.7288451393445333,0.0458105131983757,0.8919380108515421,0.8669492721557617
final_20260721-102717_to_newloss_augmented_spots_train_e200_b10_lr0.0001_s1,?|Iron_deformed_logtif.h5|229|509|2250437,3,0.8336248596509298,0.7460095087687174,0.04916366748511791,0.8922305901845297,0.8178063631057739
final_20260721-102717_to_newloss_augmented_spots_train_e200_b10_lr0.0001_s1,?|Iron_deformed_logtif.h5|275|275|1215260,3,0.8105773131052653,0.6894200642903646,0.026046112800637882,0.8922656178474426,0.8674695253372192
final_20260721-102717_to_newloss_augmented_spots_train_e200_b10_lr0.0001_s1,?|Ti7Al_logtif.h5|125|125|38081,3,0.8293541073799133,0.736065129439036,0.04448078013956547,0.892436683177948,0.855767011642456
final_20260721-102717_to_newloss_augmented_spots_train_e200_b10_lr0.0001_s1,?|Iron_deformed_logtif.h5|136|416|1735423,3,0.8403249581654867,0.7404025594393412,0.0549484392007192,0.89268825451533,0.8702625393867492
final_20260721-102717_to_newloss_augmented_spots_train_e200_b10_lr0.0001_s1,?|Iron_deformed_logtif.h5|136|136|495861,4,0.8731082528829575,0.7777607440948486,0.08771330304443836,0.8926974833011627,0.8516251683235169
final_20260721-102717_to_newloss_augmented_spots_train_e200_b10_lr0.0001_s1,?|Iron_deformed_logtif.h5|141|141|523753,3,0.8609862724939982,0.7747889359792074,0.07366198766976595,0.89366215467453,0.8364092350006104
final_20260721-102717_to_newloss_augmented_spots_train_e200_b10_lr0.0001_s1,?|Ti7Al_logtif.h5|560|560|255019,3,0.8244089881579081,0.7122857968012491,0.03693757578730583,0.8937357266743978,0.8611158132553101
final_20260721-102717_to_newloss_augmented_spots_train_e200_b10_lr0.0001_s1,?|Iron_deformed_logtif.h5|2|2|12606,8,0.8486296534538269,0.7487525418400764,0.06079907563980669,0.8939152956008911,0.839713716506958
final_20260721-102717_to_newloss_augmented_spots_train_e200_b10_lr0.0001_s1,?|Iron_deformed_logtif.h5|9|289|1260309,3,0.8278173804283142,0.7393598357836405,0.03993881493806839,0.8939392566680908,0.8564235448837281
final_20260721-102717_to_newloss_augmented_spots_train_e200_b10_lr0.0001_s1,?|Iron_deformed_logtif.h5|195|195|807221,3,0.8466562628746033,0.7462395230929056,0.05859990417957306,0.8940281669298807,0.8684320092201233
final_20260721-102717_to_newloss_augmented_spots_train_e200_b10_lr0.0001_s1,?|Ti7Al_logtif.h5|753|1735|715115,3,0.8484652241071066,0.7456796367963155,0.06010286013285319,0.8941811720530192,0.8840453863143921
final_20260721-102717_to_newloss_augmented_spots_train_e200_b10_lr0.0001_s1,?|Ti7Al_logtif.h5|120|1102|427246,3,0.8256516456604004,0.7371970216433207,0.036741588885585465,0.8944550355275472,0.8639909863471985
final_20260721-102717_to_newloss_augmented_spots_train_e200_b10_lr0.0001_s1,?|Ti7Al_logtif.h5|592|1574|655769,3,0.8245025873184204,0.7114267746607462,0.03392669868965944,0.8952879508336385,0.8871574640274048
final_20260721-102717_to_newloss_augmented_spots_train_e200_b10_lr0.0001_s1,?|Ti7Al_logtif.h5|485|485|220991,3,0.8078280289967855,0.7057238618532816,0.01686303596943617,0.8954825401306152,0.8603612184524536
final_20260721-102717_to_newloss_augmented_spots_train_e200_b10_lr0.0001_s1,?|Iron_deformed_logtif.h5|207|487|2110068,4,0.8303104639053345,0.7429108172655106,0.03897102177143097,0.8956697285175323,0.8440055191516876
final_20260721-102717_to_newloss_augmented_spots_train_e200_b10_lr0.0001_s1,?|Iron_deformed_logtif.h5|279|279|1239202,4,0.8574192076921463,0.7659798264503479,0.06531731132417917,0.8960509449243546,0.85251424908638
final_20260721-102717_to_newloss_augmented_spots_train_e200_b10_lr0.0001_s1,?|Ti7Al_logtif.h5|867|1849|749230,3,0.8426271279652914,0.7395439743995667,0.05051609997948011,0.8960555195808411,0.8775406837463379
final_20260721-102717_to_newloss_augmented_spots_train_e200_b10_lr0.0001_s1,?|Iron_deformed_logtif.h5|33|313|1349905,6,0.8589860002199808,0.7594660520553589,0.0663588788981239,0.8963135679562887,0.8642653524875641
final_20260721-102717_to_newloss_augmented_spots_train_e200_b10_lr0.0001_s1,?|Iron_deformed_logtif.h5|191|471|2026221,3,0.8591312964757284,0.7630603114763895,0.06611574130753677,0.8965077996253967,0.8734069347381592
final_20260721-102717_to_newloss_augmented_spots_train_e200_b10_lr0.0001_s1,?|Iron_deformed_logtif.h5|135|135|484462,3,0.878355344136556,0.7890219489733378,0.08498463282982509,0.8966853618621826,0.8236289739608764
final_20260721-102717_to_newloss_augmented_spots_train_e200_b10_lr0.0001_s1,?|Ti7Al_logtif.h5|903|1882|752818,3,0.8361551960309347,0.7437658707300822,0.042119878033796944,0.8970176577568054,0.8745216727256775
final_20260721-102717_to_newloss_augmented_spots_train_e200_b10_lr0.0001_s1,?|Iron_deformed_logtif.h5|21|21|68698,5,0.8380903005599976,0.7459111690521241,0.04391922578215599,0.8970855355262757,0.8427434206008911
final_20260721-102717_to_newloss_augmented_spots_train_e200_b10_lr0.0001_s1,?|Iron_deformed_logtif.h5|166|166|647236,5,0.8425138473510743,0.7403876304626464,0.04821047261357307,0.8971517086029053,0.869093370437622
final_20260721-102717_to_newloss_augmented_spots_train_e200_b10_lr0.0001_s1,?|Ti7Al_logtif.h5|785|1767|720185,3,0.8159657915433248,0.7144221266110738,0.021193569526076317,0.8973861138025919,0.8768556714057922
final_20260721-102717_to_newloss_augmented_spots_train_e200_b10_lr0.0001_s1,?|Iron_deformed_logtif.h5|11|291|1277433,3,0.8342687487602234,0.7573621869087219,0.038028497248888016,0.898120125134786,0.8504219889640808
final_20260721-102717_to_newloss_augmented_spots_train_e200_b10_lr0.0001_s1,?|Iron_deformed_logtif.h5|92|372|1572842,4,0.8480886965990067,0.746892973780632,0.05169803579337895,0.8981953412294388,0.868150794506073
final_20260721-102717_to_newloss_augmented_spots_train_e200_b10_lr0.0001_s1,?|Ti7Al_logtif.h5|738|1720|711689,3,0.8357963959376017,0.7307121555010477,0.039188856879870095,0.8983037869135538,0.8717518091201782
final_20260721-102717_to_newloss_augmented_spots_train_e200_b10_lr0.0001_s1,?|Iron_deformed_logtif.h5|61|61|251104,6,0.819275826215744,0.7359260022640228,0.022330718270192545,0.8984725375970205,0.8324083387851715
final_20260721-102717_to_newloss_augmented_spots_train_e200_b10_lr0.0001_s1,?|Iron_deformed_logtif.h5|187|467|2022761,4,0.8358699232339859,0.7409641444683075,0.038550617173314095,0.8986596614122391,0.8690571129322052
final_20260721-102717_to_newloss_augmented_spots_train_e200_b10_lr0.0001_s1,?|Iron_deformed_logtif.h5|178|458|1910882,4,0.8361151814460754,0.7571680992841721,0.038178008049726486,0.8989686071872711,0.8529376924037934
final_20260721-102717_to_newloss_augmented_spots_train_e200_b10_lr0.0001_s1,?|Iron_deformed_logtif.h5|152|432|1846281,3,0.847236712773641,0.7436249256134033,0.048889958610137306,0.899173378944397,0.8742598295211792
final_20260721-102717_to_newloss_augmented_spots_train_e200_b10_lr0.0001_s1,?|Ti7Al_logtif.h5|67|67|19272,4,0.8402837067842484,0.7433677762746811,0.041360707487910986,0.89946149289608,0.8704708814620972
final_20260721-102717_to_newloss_augmented_spots_train_e200_b10_lr0.0001_s1,?|Iron_deformed_logtif.h5|125|405|1675921,3,0.8547559579213461,0.7578287919362386,0.0546848059942325,0.900035579999288,0.8417140245437622
final_20260721-102717_to_newloss_augmented_spots_train_e200_b10_lr0.0001_s1,?|Iron_deformed_logtif.h5|265|545|2432134,4,0.830348402261734,0.7599459141492844,0.030021477956324816,0.9001635015010834,0.8241824388504029
final_20260721-102717_to_newloss_augmented_spots_train_e200_b10_lr0.0001_s1,?|Iron_deformed_logtif.h5|13|293|1302579,4,0.847552552819252,0.7407669872045517,0.04715414787642658,0.900199219584465,0.8745141327381134
final_20260721-102717_to_newloss_augmented_spots_train_e200_b10_lr0.0001_s1,?|Iron_deformed_logtif.h5|102|382|1609497,3,0.8567974170049032,0.7601544062296549,0.055744399006168045,0.9005265235900879,0.8755939245223999
final_20260721-102717_to_newloss_augmented_spots_train_e200_b10_lr0.0001_s1,?|Iron_deformed_logtif.h5|138|138|519077,4,0.8373480886220932,0.7537678778171539,0.03533846838399768,0.901004821062088,0.8542520761489868
final_20260721-102717_to_newloss_augmented_spots_train_e200_b10_lr0.0001_s1,?|Ti7Al_logtif.h5|81|1063|411051,5,0.8456111073493957,0.7554017066955566,0.043432756513357165,0.9010891795158387,0.8731955528259278
final_20260721-102717_to_newloss_augmented_spots_train_e200_b10_lr0.0001_s1,?|Iron_deformed_logtif.h5|128|408|1686356,3,0.8774623076121012,0.7902533014615377,0.07416345924139023,0.9016494154930115,0.8911768078804017
final_20260721-102717_to_newloss_augmented_spots_train_e200_b10_lr0.0001_s1,?|Iron_deformed_logtif.h5|238|518|2313516,3,0.846589724222819,0.7552518645922343,0.04309969519575437,0.9017450213432312,0.8990771532058716
final_20260721-102717_to_newloss_augmented_spots_train_e200_b10_lr0.0001_s1,?|Ti7Al_logtif.h5|380|1363|531358,3,0.852877696355184,0.7493572235107422,0.04914143433173498,0.9018681446711222,0.8827167391777039
final_20260721-102717_to_newloss_augmented_spots_train_e200_b10_lr0.0001_s1,?|Iron_deformed_logtif.h5|17|297|1306370,4,0.8811504691839218,0.7939421683549881,0.07625235407613218,0.9024490714073181,0.8289825916290283
final_20260721-102717_to_newloss_augmented_spots_train_e200_b10_lr0.0001_s1,?|Ti7Al_logtif.h5|878|878|356416,3,0.8614110549290975,0.7683847347895304,0.055635777612527214,0.9028876423835754,0.8708068370819092
final_20260721-102717_to_newloss_augmented_spots_train_e200_b10_lr0.0001_s1,?|Iron_deformed_logtif.h5|159|159|624558,4,0.8752196729183197,0.7891307175159454,0.06791932927444577,0.9036501795053482,0.8544452667236329
final_20260721-102717_to_newloss_augmented_spots_train_e200_b10_lr0.0001_s1,?|Ti7Al_logtif.h5|661|1643|680280,3,0.8568751017252604,0.7680001656214396,0.048373430812110506,0.9042508602142334,0.8625876426696777
final_20260721-102717_to_newloss_augmented_spots_train_e200_b10_lr0.0001_s1,?|Iron_deformed_logtif.h5|123|123|415378,4,0.8356030732393265,0.7494393736124039,0.026979380287230015,0.9043118208646774,0.8626686811447144
final_20260721-102717_to_newloss_augmented_spots_train_e200_b10_lr0.0001_s1,?|Iron_deformed_logtif.h5|210|210|876585,5,0.8692203283309936,0.7829452276229858,0.06007433272898197,0.9045730233192444,0.862753438949585
final_20260721-102717_to_newloss_augmented_spots_train_e200_b10_lr0.0001_s1,?|Iron_deformed_logtif.h5|249|527|2345175,4,0.8572054505348206,0.7671773135662079,0.04611484194174409,0.9055453091859818,0.8695015251636505
final_20260721-102717_to_newloss_augmented_spots_train_e200_b10_lr0.0001_s1,?|Iron_deformed_logtif.h5|67|67|264081,3,0.8624494075775146,0.7805467844009399,0.05088212216893832,0.9057836333910624,0.8864773273468017
final_20260721-102717_to_newloss_augmented_spots_train_e200_b10_lr0.0001_s1,?|Iron_deformed_logtif.h5|216|496|2201946,4,0.8538781106472015,0.766128659248352,0.041879418306052685,0.9059993475675583,0.8655483782291412
final_20260721-102717_to_newloss_augmented_spots_train_e200_b10_lr0.0001_s1,?|Iron_deformed_logtif.h5|152|152|607331,6,0.8577926456928253,0.7678077022234598,0.044768383260816336,0.9065121213595072,0.8658648133277893
final_20260721-102717_to_newloss_augmented_spots_train_e200_b10_lr0.0001_s1,?|Iron_deformed_logtif.h5|37|317|1382409,4,0.867697075009346,0.7818233817815781,0.05409678630530834,0.9068001359701157,0.8736515760421752
final_20260721-102717_to_newloss_augmented_spots_train_e200_b10_lr0.0001_s1,?|Iron_deformed_logtif.h5|53|333|1458032,4,0.8637916594743729,0.7718675583600998,0.04997818637639284,0.9069067388772964,0.8559393227100373
final_20260721-102717_to_newloss_augmented_spots_train_e200_b10_lr0.0001_s1,?|Iron_deformed_logtif.h5|127|407|1676778,4,0.8609893471002579,0.7941367775201797,0.045620773918926716,0.9076842814683914,0.8342909753322602
final_20260721-102717_to_newloss_augmented_spots_train_e200_b10_lr0.0001_s1,?|Iron_deformed_logtif.h5|215|495|2158392,3,0.8750073313713074,0.7865694562594095,0.05957158127178749,0.9077179034550985,0.8648086905479431
final_20260721-102717_to_newloss_augmented_spots_train_e200_b10_lr0.0001_s1,?|Iron_deformed_logtif.h5|235|515|2278776,3,0.8689224720001221,0.7749533255894979,0.053210354720552765,0.9078560670216879,0.8818002939224243
final_20260721-102717_to_newloss_augmented_spots_train_e200_b10_lr0.0001_s1,?|Iron_deformed_logtif.h5|174|174|668440,4,0.8561721593141556,0.7581050544977188,0.04035219526849687,0.9079099893569946,0.8729136168956757
final_20260721-102717_to_newloss_augmented_spots_train_e200_b10_lr0.0001_s1,?|Iron_deformed_logtif.h5|183|463|1960285,3,0.8586465120315552,0.7573869029680887,0.042005318527420364,0.9083206256230673,0.8883250713348388
final_20260721-102717_to_newloss_augmented_spots_train_e200_b10_lr0.0001_s1,?|Iron_deformed_logtif.h5|81|362|1554017,4,0.8485477864742279,0.7454159706830978,0.0316555118188262,0.9084461331367493,0.8878078281879425
final_20260721-102717_to_newloss_augmented_spots_train_e200_b10_lr0.0001_s1,?|Ti7Al_logtif.h5|230|1213|471619,3,0.8673450549443563,0.7692399422327677,0.04954702562342087,0.9088990290959676,0.8912089824676513
final_20260721-102717_to_newloss_augmented_spots_train_e200_b10_lr0.0001_s1,?|Iron_deformed_logtif.h5|91|91|323387,3,0.8521341880162557,0.7606334884961446,0.03337860697259506,0.9093777934710184,0.8761920928955078
final_20260721-102717_to_newloss_augmented_spots_train_e200_b10_lr0.0001_s1,?|Iron_deformed_logtif.h5|95|374|1574041,5,0.8854400515556335,0.8010527968406678,0.06664479970932007,0.9093976378440857,0.8768171668052673
final_20260721-102717_to_newloss_augmented_spots_train_e200_b10_lr0.0001_s1,?|Iron_deformed_logtif.h5|67|347|1504401,4,0.8722392171621323,0.7845363914966583,0.05337935476563871,0.9094299376010895,0.8641562402248383
final_20260721-102717_to_newloss_augmented_spots_train_e200_b10_lr0.0001_s1,?|Iron_deformed_logtif.h5|41|321|1394494,4,0.864191547036171,0.7788230031728745,0.0451562125235796,0.9095176607370377,0.8861754655838012
final_20260721-102717_to_newloss_augmented_spots_train_e200_b10_lr0.0001_s1,?|Iron_deformed_logtif.h5|272|272|1208818,6,0.8601031800111135,0.7706297039985657,0.039810892660170794,0.9101461470127106,0.8834182620048523
final_20260721-102717_to_newloss_augmented_spots_train_e200_b10_lr0.0001_s1,?|Ti7Al_logtif.h5|134|1116|428768,3,0.8410859902699789,0.7670332988103231,0.019819263834506273,0.910633385181427,0.8743956804275512
final_20260721-102717_to_newloss_augmented_spots_train_e200_b10_lr0.0001_s1,?|Iron_deformed_logtif.h5|229|229|1011112,4,0.8825151473283768,0.7947369515895844,0.06113805528730154,0.9106885194778442,0.8915069818496704
final_20260721-102717_to_newloss_augmented_spots_train_e200_b10_lr0.0001_s1,?|Iron_deformed_logtif.h5|27|307|1314638,3,0.8516830603281657,0.7542231480280558,0.029242196430762608,0.9112204114596049,0.8986055612564087
final_20260721-102717_to_newloss_augmented_spots_train_e200_b10_lr0.0001_s1,?|Iron_deformed_logtif.h5|153|433|1857995,4,0.8641355335712433,0.7699680179357529,0.04143913369625807,0.9113482087850571,0.8933454573154449
final_20260721-102717_to_newloss_augmented_spots_train_e200_b10_lr0.0001_s1,?|Iron_deformed_logtif.h5|85|85|315186,5,0.8617319703102112,0.7720972180366517,0.03895321898162365,0.9113894104957581,0.8778795003890991
final_20260721-102717_to_newloss_augmented_spots_train_e200_b10_lr0.0001_s1,?|Iron_deformed_logtif.h5|128|128|445774,4,0.8703849762678146,0.7820964008569717,0.046108879148960114,0.9121380299329758,0.8841019451618195
final_20260721-102717_to_newloss_augmented_spots_train_e200_b10_lr0.0001_s1,?|Iron_deformed_logtif.h5|131|131|446796,4,0.8624506890773773,0.763997882604599,0.03806944563984871,0.9121906161308289,0.8977517902851104
final_20260721-102717_to_newloss_augmented_spots_train_e200_b10_lr0.0001_s1,?|Iron_deformed_logtif.h5|278|278|1238536,5,0.8777409315109252,0.7991640090942382,0.053205472975969316,0.9122677206993103,0.8819806575775146
final_20260721-102717_to_newloss_augmented_spots_train_e200_b10_lr0.0001_s1,?|Iron_deformed_logtif.h5|59|59|249552,4,0.8743864893913269,0.7887788414955139,0.04984249174594879,0.9122720062732697,0.8879960298538208
final_20260721-102717_to_newloss_augmented_spots_train_e200_b10_lr0.0001_s1,?|Ti7Al_logtif.h5|89|89|24821,3,0.8849515517552694,0.7993244330088297,0.059576556707421936,0.9126874605814616,0.8640215873718262
final_20260721-102717_to_newloss_augmented_spots_train_e200_b10_lr0.0001_s1,?|Iron_deformed_logtif.h5|114|394|1643007,3,0.863219420115153,0.769639253616333,0.03707279016574224,0.9130732814470927,0.8941259741783142
final_20260721-102717_to_newloss_augmented_spots_train_e200_b10_lr0.0001_s1,?|Iron_deformed_logtif.h5|250|529|2345856,3,0.8797979354858398,0.7926580508550009,0.05210391556223234,0.913847009340922,0.8812306165695191
final_20260721-102717_to_newloss_augmented_spots_train_e200_b10_lr0.0001_s1,?|Iron_deformed_logtif.h5|137|137|518561,5,0.8629749417304993,0.765246844291687,0.03513093739748001,0.9139220118522644,0.896409010887146
final_20260721-102717_to_newloss_augmented_spots_train_e200_b10_lr0.0001_s1,?|Iron_deformed_logtif.h5|278|558|2479788,3,0.8887997269630432,0.8083439668019613,0.06078768397370974,0.9140060146649679,0.8907321929931641
final_20260721-102717_to_newloss_augmented_spots_train_e200_b10_lr0.0001_s1,?|Iron_deformed_logtif.h5|57|337|1461804,3,0.85722682873408,0.7747642000516256,0.028919674456119537,0.9141535560290018,0.8920494556427002
final_20260721-102717_to_newloss_augmented_spots_train_e200_b10_lr0.0001_s1,?|Iron_deformed_logtif.h5|50|50|192409,3,0.8739615678787231,0.7819255590438843,0.0456408920387427,0.9141603509585062,0.8897274136543274
final_20260721-102717_to_newloss_augmented_spots_train_e200_b10_lr0.0001_s1,?|Iron_deformed_logtif.h5|129|129|446107,6,0.8830287158489227,0.8012803296248118,0.05453076337774595,0.9142489830652872,0.8909757137298584
final_20260721-102717_to_newloss_augmented_spots_train_e200_b10_lr0.0001_s1,?|Iron_deformed_logtif.h5|161|441|1867701,4,0.8606941252946854,0.7816663980484009,0.030860846396535635,0.9149166196584702,0.8711402535438537
final_20260721-102717_to_newloss_augmented_spots_train_e200_b10_lr0.0001_s1,?|Iron_deformed_logtif.h5|46|46|183492,5,0.8810420632362366,0.8042183160781861,0.05110397264361381,0.9149690508842468,0.8704843997955323
final_20260721-102717_to_newloss_augmented_spots_train_e200_b10_lr0.0001_s1,?|Iron_deformed_logtif.h5|246|526|2344537,5,0.8727243781089783,0.7882187247276307,0.04260502904653549,0.9150596618652344,0.8758356094360351
final_20260721-102717_to_newloss_augmented_spots_train_e200_b10_lr0.0001_s1,?|Iron_deformed_logtif.h5|257|537|2399113,3,0.8741488258043925,0.7905931274096171,0.04315739870071411,0.9154957135518392,0.8743660926818848
final_20260721-102717_to_newloss_augmented_spots_train_e200_b10_lr0.0001_s1,?|Iron_logtif.h5|3842|11538|1017745,3,0.8954627315203348,0.8198858698209127,0.06259034077326457,0.9164361755053202,0.8936921954154968
final_20260721-102717_to_newloss_augmented_spots_train_e200_b10_lr0.0001_s1,?|Ti7Al_logtif.h5|735|735|318417,3,0.8839648763338724,0.8037376403808594,0.050557177513837814,0.9167038400967916,0.8911830902099609
final_20260721-102717_to_newloss_augmented_spots_train_e200_b10_lr0.0001_s1,?|Ti7Al_logtif.h5|502|502|226160,3,0.8583617806434631,0.7625588575998942,0.02421673635641734,0.9170725345611572,0.9041655540466309
final_20260721-102717_to_newloss_augmented_spots_train_e200_b10_lr0.0001_s1,?|Ti7Al_logtif.h5|163|1144|441312,3,0.876410722732544,0.7891116142272949,0.04200918599963188,0.9172007838884989,0.8873667359352112
final_20260721-102717_to_newloss_augmented_spots_train_e200_b10_lr0.0001_s1,?|Iron_deformed_logtif.h5|250|250|1106997,4,0.8906463086605072,0.8082510977983475,0.05570277897641063,0.9174717515707016,0.8751774191856384
final_20260721-102717_to_newloss_augmented_spots_train_e200_b10_lr0.0001_s1,?|Iron_deformed_logtif.h5|111|111|397455,4,0.8802061080932617,0.794443741440773,0.04507934395223856,0.9175633639097214,0.8969680368900299
final_20260721-102717_to_newloss_augmented_spots_train_e200_b10_lr0.0001_s1,?|Ti7Al_logtif.h5|458|1440|597994,4,0.8634024113416672,0.7738284766674042,0.025882495334371924,0.9187599718570709,0.9047982692718506
final_20260721-102717_to_newloss_augmented_spots_train_e200_b10_lr0.0001_s1,?|Iron_deformed_logtif.h5|187|187|782942,3,0.8808038433392843,0.8070610960324606,0.04274288937449455,0.9190304676691691,0.8812547206878663
final_20260721-102717_to_newloss_augmented_spots_train_e200_b10_lr0.0001_s1,?|Iron_deformed_logtif.h5|23|23|70379,3,0.8973877231280009,0.8183887998263041,0.059220968435208,0.9190833767255148,0.8863145709037781
final_20260721-102717_to_newloss_augmented_spots_train_e200_b10_lr0.0001_s1,?|Al_big_grains_logtif.h5|3202|3202|103431,3,0.877337117989858,0.8025643428166708,0.03777398789922396,0.9197815457979838,0.9002260446548462
final_20260721-102717_to_newloss_augmented_spots_train_e200_b10_lr0.0001_s1,?|Al_deformed_LoG_logtif.h5|20|54|805566,20,0.8897515118122101,0.8065560311079025,0.049359339429065584,0.9201960891485215,0.8875403344631195
final_20260721-102717_to_newloss_augmented_spots_train_e200_b10_lr0.0001_s1,?|Iron_deformed_logtif.h5|80|360|1553237,3,0.8691450953483582,0.7822224100430807,0.02832586131989956,0.9204095999399821,0.8993380546569825
final_20260721-102717_to_newloss_augmented_spots_train_e200_b10_lr0.0001_s1,?|Iron_deformed_logtif.h5|270|550|2449837,5,0.8892056465148925,0.8087599158287049,0.045699679851531984,0.9217529654502868,0.9000142335891723
final_20260721-102717_to_newloss_augmented_spots_train_e200_b10_lr0.0001_s1,?|Al_deformed_LoG_logtif.h5|7|41|510550,15,0.8931518197059631,0.8105111360549927,0.04807143472135067,0.9225401918093363,0.8957130432128906
final_20260721-102717_to_newloss_augmented_spots_train_e200_b10_lr0.0001_s1,?|Iron_deformed_logtif.h5|42|322|1394565,3,0.8963159918785095,0.8227555553118387,0.05110482064386209,0.922605574131012,0.8850369691848755
final_20260721-102717_to_newloss_augmented_spots_train_e200_b10_lr0.0001_s1,?|Iron_deformed_logtif.h5|193|473|2027590,3,0.8805967569351196,0.810620109240214,0.03467907942831516,0.9229588111241659,0.870726490020752
final_20260721-102717_to_newloss_augmented_spots_train_e200_b10_lr0.0001_s1,?|Ti7Al_logtif.h5|711|711|309821,3,0.8896462122599283,0.8122864564259847,0.04352161940187216,0.923062284787496,0.8812973976135254
final_20260721-102717_to_newloss_augmented_spots_train_e200_b10_lr0.0001_s1,?|Ti7Al_logtif.h5|39|39|12402,3,0.8611902197202047,0.7739462653795878,0.012894508894532919,0.9241478641827902,0.9033350467681884
final_20260721-102717_to_newloss_augmented_spots_train_e200_b10_lr0.0001_s1,?|Iron_deformed_logtif.h5|241|521|2332675,5,0.8802083015441895,0.7928925514221191,0.031885890290141106,0.9241612076759338,0.8930121898651123
final_20260721-102717_to_newloss_augmented_spots_train_e200_b10_lr0.0001_s1,?|Iron_deformed_logtif.h5|188|468|2024649,4,0.9077389538288116,0.8339309543371201,0.05937149445526302,0.92418372631073,0.8830974042415619
final_20260721-102717_to_newloss_augmented_spots_train_e200_b10_lr0.0001_s1,?|Iron_deformed_logtif.h5|95|95|333463,3,0.899210512638092,0.8300402561823527,0.05074894924958547,0.9242307941118876,0.8888612985610962
final_20260721-102717_to_newloss_augmented_spots_train_e200_b10_lr0.0001_s1,?|Iron_deformed_logtif.h5|102|102|368709,6,0.8995947440465292,0.8210322062174479,0.05038408221056064,0.9246053198973337,0.899342954158783
final_20260721-102717_to_newloss_augmented_spots_train_e200_b10_lr0.0001_s1,?|Iron_deformed_logtif.h5|17|17|67353,5,0.8834556579589844,0.7944751143455505,0.03421298786997795,0.924621331691742,0.8988147020339966
final_20260721-102717_to_newloss_augmented_spots_train_e200_b10_lr0.0001_s1,?|Iron_deformed_logtif.h5|272|552|2450634,7,0.8813806431634086,0.8039851188659668,0.0310934805976493,0.9251435824802944,0.8706118822097778
final_20260721-102717_to_newloss_augmented_spots_train_e200_b10_lr0.0001_s1,?|Iron_deformed_logtif.h5|131|411|1687350,7,0.9068106668336051,0.835746739591871,0.05624326504766941,0.925283704485212,0.888158917427063
final_20260721-102717_to_newloss_augmented_spots_train_e200_b10_lr0.0001_s1,?|Iron_deformed_logtif.h5|65|65|262514,3,0.8971982399622599,0.8211766481399536,0.04259159602224827,0.9273033142089844,0.9132545232772827
final_20260721-102717_to_newloss_augmented_spots_train_e200_b10_lr0.0001_s1,?|Iron_deformed_logtif.h5|98|378|1584909,3,0.9010957280794779,0.8228724797566732,0.04647787660360336,0.9273089369138082,0.9185568809509277
final_20260721-102717_to_newloss_augmented_spots_train_e200_b10_lr0.0001_s1,?|Iron_deformed_logtif.h5|56|56|220626,3,0.8955353697141012,0.8228165109952291,0.04001958047350248,0.9277578989664713,0.886691689491272
final_20260721-102717_to_newloss_augmented_spots_train_e200_b10_lr0.0001_s1,?|Al_deformed_LoG_logtif.h5|6|40|510321,24,0.9024812678496043,0.8267331843574842,0.0469546967651695,0.9277632832527161,0.8848667740821838
final_20260721-102717_to_newloss_augmented_spots_train_e200_b10_lr0.0001_s1,?|Iron_deformed_logtif.h5|93|373|1573666,4,0.8880072087049484,0.8067416846752167,0.03193446318618953,0.9280363768339157,0.899973464012146
final_20260721-102717_to_newloss_augmented_spots_train_e200_b10_lr0.0001_s1,?|Iron_deformed_logtif.h5|58|58|242737,3,0.8883617917696635,0.805560032526652,0.032202351838350296,0.9280797044436137,0.9055986285209656
final_20260721-102717_to_newloss_augmented_spots_train_e200_b10_lr0.0001_s1,?|Iron_deformed_logtif.h5|275|555|2456737,5,0.901992666721344,0.8288818597793579,0.04471586737781763,0.9286383867263794,0.90345299243927
final_20260721-102717_to_newloss_augmented_spots_train_e200_b10_lr0.0001_s1,?|Iron_deformed_logtif.h5|124|404|1669194,3,0.9176925818125407,0.8482303619384766,0.06040053007503351,0.9286460081736246,0.9133823871612549
final_20260721-102717_to_newloss_augmented_spots_train_e200_b10_lr0.0001_s1,?|Al_deformed_LoG_logtif.h5|7|7|54476,19,0.8913447543194419,0.8174323659194144,0.03389338198068895,0.9287256880810386,0.90181565284729
final_20260721-102717_to_newloss_augmented_spots_train_e200_b10_lr0.0001_s1,?|Iron_deformed_logtif.h5|129|409|1686682,3,0.9022843241691589,0.8240383664766947,0.044818719228108726,0.9287327925364176,0.9147498130798339
final_20260721-102717_to_newloss_augmented_spots_train_e200_b10_lr0.0001_s1,?|Ti7Al_logtif.h5|907|907|360786,3,0.884498119354248,0.8053891261418661,0.026137619589765865,0.9291802247365316,0.9144197702407837
final_20260721-102717_to_newloss_augmented_spots_train_e200_b10_lr0.0001_s1,?|Al_deformed_LoG_logtif.h5|29|63|895675,13,0.9042763572472793,0.8285121229978708,0.04591437658438316,0.9291809980685894,0.8900386571884156
final_20260721-102717_to_newloss_augmented_spots_train_e200_b10_lr0.0001_s1,?|Iron_deformed_logtif.h5|103|383|1609828,5,0.899408495426178,0.821829903125763,0.0410198587924242,0.9291943073272705,0.8967494964599609
final_20260721-102717_to_newloss_augmented_spots_train_e200_b10_lr0.0001_s1,?|Al_deformed_LoG_logtif.h5|17|51|763114,23,0.9076848211495773,0.8352189530497012,0.04793216911670954,0.9298763301061548,0.8851844072341919
final_20260721-102717_to_newloss_augmented_spots_train_e200_b10_lr0.0001_s1,?|Al_deformed_LoG_logtif.h5|19|19|353769,17,0.9064825562869802,0.8321559955092037,0.046060559394605016,0.9302109900642844,0.9084678173065186
final_20260721-102717_to_newloss_augmented_spots_train_e200_b10_lr0.0001_s1,?|Iron_deformed_logtif.h5|248|530|2345952,3,0.8779465754826864,0.8006422917048136,0.01437242173900207,0.9317870934804281,0.9051570653915405
final_20260721-102717_to_newloss_augmented_spots_train_e200_b10_lr0.0001_s1,?|Al_deformed_LoG_logtif.h5|20|20|362924,19,0.9097454171431693,0.8390232136375025,0.04440613912026349,0.9326696427244889,0.8935427904129029
final_20260721-102717_to_newloss_augmented_spots_train_e200_b10_lr0.0001_s1,?|Iron_logtif.h5|1800|1800|157572,3,0.8924328486124674,0.8138644893964132,0.026482538009683292,0.932975153128306,0.9076810359954834
final_20260721-102717_to_newloss_augmented_spots_train_e200_b10_lr0.0001_s1,?|Ti7Al_logtif.h5|763|1744|716641,3,0.8846657276153564,0.8031888008117676,0.018317726751168568,0.9331740140914917,0.915544080734253
final_20260721-102717_to_newloss_augmented_spots_train_e200_b10_lr0.0001_s1,?|Al_deformed_LoG_logtif.h5|9|43|572797,19,0.9011786548714888,0.8276859208157188,0.034139815374816716,0.9335194230079651,0.8955178499221802
final_20260721-102717_to_newloss_augmented_spots_train_e200_b10_lr0.0001_s1,?|Al_deformed_LoG_logtif.h5|17|17|318986,16,0.9021552354097366,0.8271379247307777,0.03345944476313889,0.9343479052186012,0.9008337259292603
final_20260721-102717_to_newloss_augmented_spots_train_e200_b10_lr0.0001_s1,?|Iron_deformed_logtif.h5|100|100|360369,4,0.9104684889316559,0.8407152444124222,0.0410039434209466,0.9347323030233383,0.9284039974212647
final_20260721-102717_to_newloss_augmented_spots_train_e200_b10_lr0.0001_s1,?|Al_deformed_LoG_logtif.h5|18|52|779675,19,0.9024772424446909,0.8267063373013547,0.03213386090570375,0.935171691994918,0.9072921514511109
final_20260721-102717_to_newloss_augmented_spots_train_e200_b10_lr0.0001_s1,?|Al_deformed_LoG_logtif.h5|29|29|444632,28,0.9040962478944233,0.8374114824192864,0.03331018924447043,0.9353930268968854,0.8905312299728394
final_20260721-102717_to_newloss_augmented_spots_train_e200_b10_lr0.0001_s1,?|Iron_deformed_logtif.h5|98|98|344511,4,0.9128017872571945,0.8414415121078491,0.04165263217873871,0.9355745911598206,0.9127708196640014
final_20260721-102717_to_newloss_augmented_spots_train_e200_b10_lr0.0001_s1,?|Al_deformed_LoG_logtif.h5|14|48|626060,26,0.9111542999744415,0.8411189615726471,0.0389057112356218,0.9361242949962616,0.913608968257904
final_20260721-102717_to_newloss_augmented_spots_train_e200_b10_lr0.0001_s1,?|Al_deformed_LoG_logtif.h5|27|61|894788,23,0.9165076509765957,0.8498118804848712,0.04296543287194293,0.9367711129395858,0.8979165315628052
final_20260721-102717_to_newloss_augmented_spots_train_e200_b10_lr0.0001_s1,?|Iron_deformed_logtif.h5|243|243|1093956,4,0.914505198597908,0.8437784016132355,0.04073398164473474,0.9368856251239777,0.9217186212539673
final_20260721-102717_to_newloss_augmented_spots_train_e200_b10_lr0.0001_s1,?|Al_deformed_LoG_logtif.h5|8|42|510785,24,0.9113886108001074,0.8406792059540749,0.03726859084175279,0.9370600034793218,0.9085181295871735
final_20260721-102717_to_newloss_augmented_spots_train_e200_b10_lr0.0001_s1,?|Al_deformed_LoG_logtif.h5|0|0|14345,21,0.8884034071649823,0.8279898393721807,0.013460162339643353,0.9374716367040362,0.873729944229126
final_20260721-102717_to_newloss_augmented_spots_train_e200_b10_lr0.0001_s1,?|Al_deformed_LoG_logtif.h5|25|25|428596,12,0.9061581194400787,0.8339176625013351,0.030530717844764393,0.9378137042125066,0.9177715599536895
final_20260721-102717_to_newloss_augmented_spots_train_e200_b10_lr0.0001_s1,?|Al_deformed_LoG_logtif.h5|32|64|895895,23,0.9113720733186473,0.8431933807290118,0.035563885922665184,0.9379040987595267,0.8939374804496765
final_20260721-102717_to_newloss_augmented_spots_train_e200_b10_lr0.0001_s1,?|Al_deformed_LoG_logtif.h5|22|22|390231,24,0.9080313021938006,0.8385010957717896,0.03144900574504087,0.9382911448677381,0.9035696506500244
final_20260721-102717_to_newloss_augmented_spots_train_e200_b10_lr0.0001_s1,?|Iron_deformed_logtif.h5|242|242|1093635,4,0.9049915820360184,0.8295065760612488,0.0281256390735507,0.938432976603508,0.9226016283035279
final_20260721-102717_to_newloss_augmented_spots_train_e200_b10_lr0.0001_s1,?|Al_deformed_LoG_logtif.h5|25|59|878905,16,0.914935190230608,0.8470684997737408,0.03663760412018746,0.9391487948596478,0.8909777700901031
final_20260721-102717_to_newloss_augmented_spots_train_e200_b10_lr0.0001_s1,?|Al_deformed_LoG_logtif.h5|10|10|167252,17,0.9198381409925573,0.8584949689752915,0.04101457463248687,0.9394117769073037,0.893207061290741
final_20260721-102717_to_newloss_augmented_spots_train_e200_b10_lr0.0001_s1,?|Al_deformed_LoG_logtif.h5|33|67|896466,26,0.9132390595399417,0.8447285156983596,0.033933404761438184,0.9396528257773473,0.9162036776542664
final_20260721-102717_to_newloss_augmented_spots_train_e200_b10_lr0.0001_s1,?|Al_deformed_LoG_logtif.h5|32|32|445244,19,0.9160834770453604,0.8510594430722689,0.03653201977967432,0.9397757367083901,0.8997637271881104
final_20260721-102717_to_newloss_augmented_spots_train_e200_b10_lr0.0001_s1,?|Iron_deformed_logtif.h5|55|55|220305,3,0.8964595993359884,0.8182859023412069,0.01678777641306321,0.9398359457651774,0.9289779901504517
final_20260721-102717_to_newloss_augmented_spots_train_e200_b10_lr0.0001_s1,?|Al_deformed_LoG_logtif.h5|8|8|54671,22,0.918406757441434,0.8516037545420907,0.03782054587182673,0.9402931061657992,0.9050086438655853
final_20260721-102717_to_newloss_augmented_spots_train_e200_b10_lr0.0001_s1,?|Al_deformed_LoG_logtif.h5|27|27|443830,20,0.910003450512886,0.8413724660873413,0.02921037944033742,0.9403965324163437,0.9110422790050506
final_20260721-102717_to_newloss_augmented_spots_train_e200_b10_lr0.0001_s1,?|Al_deformed_LoG_logtif.h5|6|6|54274,27,0.9189037415716383,0.852162383220814,0.03803689413945432,0.9404334227244059,0.90986328125
final_20260721-102717_to_newloss_augmented_spots_train_e200_b10_lr0.0001_s1,?|Al_deformed_LoG_logtif.h5|26|26|441233,21,0.8978684771628607,0.832602702435993,0.01616517243729461,0.9408516514868963,0.91689133644104
final_20260721-102717_to_newloss_augmented_spots_train_e200_b10_lr0.0001_s1,?|Iron_deformed_logtif.h5|105|385|1622522,3,0.8930700421333313,0.8157775402069092,0.010197616182267666,0.941436231136322,0.9249771237373352
final_20260721-102717_to_newloss_augmented_spots_train_e200_b10_lr0.0001_s1,?|Al_deformed_LoG_logtif.h5|30|65|895940,22,0.9166427200490778,0.8494555001909082,0.03231271314011379,0.9421650062907826,0.9081718564033509
final_20260721-102717_to_newloss_augmented_spots_train_e200_b10_lr0.0001_s1,?|Al_deformed_LoG_logtif.h5|22|56|838484,30,0.9214082956314087,0.8562939405441284,0.03705662448580067,0.9421758373578389,0.9230287551879883
final_20260721-102717_to_newloss_augmented_spots_train_e200_b10_lr0.0001_s1,?|Iron_deformed_logtif.h5|34|34|111384,3,0.9011317690213522,0.8237552642822266,0.016737722791731358,0.9421970446904501,0.9327458620071412
final_20260721-102717_to_newloss_augmented_spots_train_e200_b10_lr0.0001_s1,?|Ti7Al_logtif.h5|846|1828|745292,3,0.9208226203918457,0.8587039113044739,0.03635075129568577,0.9422359466552734,0.9274112701416015
final_20260721-102717_to_newloss_augmented_spots_train_e200_b10_lr0.0001_s1,?|Al_deformed_LoG_logtif.h5|5|5|30687,25,0.9186658954620361,0.8523135995864868,0.030938510298728943,0.9438636994361878,0.9151723623275757
final_20260721-102717_to_newloss_augmented_spots_train_e200_b10_lr0.0001_s1,?|Al_deformed_LoG_logtif.h5|5|39|481387,20,0.9134113997220993,0.8501850575208664,0.02502212398685515,0.9441946387290955,0.9151897192001343
final_20260721-102717_to_newloss_augmented_spots_train_e200_b10_lr0.0001_s1,?|Al_deformed_LoG_logtif.h5|15|49|716420,28,0.917144021817616,0.8506413974932262,0.028101281046734324,0.9445213654211589,0.9211692810058594
final_20260721-102717_to_newloss_augmented_spots_train_e200_b10_lr0.0001_s1,?|Al_deformed_LoG_logtif.h5|4|38|471881,23,0.9214956967726998,0.8591102283933888,0.03108641533585994,0.9452046337335006,0.8910947561264038
final_20260721-102717_to_newloss_augmented_spots_train_e200_b10_lr0.0001_s1,?|Iron_deformed_logtif.h5|116|396|1643737,4,0.9233341366052628,0.860228955745697,0.03278605127707124,0.9452740550041199,0.926179838180542
final_20260721-102717_to_newloss_augmented_spots_train_e200_b10_lr0.0001_s1,?|Al_deformed_LoG_logtif.h5|18|18|337193,18,0.9199499057398902,0.8561775783697764,0.02873899068476425,0.945605456829071,0.8998905837535858
final_20260721-102717_to_newloss_augmented_spots_train_e200_b10_lr0.0001_s1,?|Iron_deformed_logtif.h5|61|341|1491473,3,0.9097708463668823,0.8351067304611206,0.01802777840445439,0.9458715518315634,0.9434909462928772
final_20260721-102717_to_newloss_augmented_spots_train_e200_b10_lr0.0001_s1,?|Al_deformed_LoG_logtif.h5|15|15|275101,28,0.9214404949120113,0.8573197296687535,0.02969623197402273,0.9458721386534827,0.9231781721115112
final_20260721-102717_to_newloss_augmented_spots_train_e200_b10_lr0.0001_s1,?|Al_deformed_LoG_logtif.h5|33|33|445437,25,0.9223016095161438,0.8613510155677795,0.02874758480116725,0.9467770147323609,0.9121570229530335
final_20260721-102717_to_newloss_augmented_spots_train_e200_b10_lr0.0001_s1,?|Iron_deformed_logtif.h5|73|73|294002,3,0.918903648853302,0.8582026561101278,0.02489000993470351,0.9470068216323853,0.9251460194587707
final_20260721-102717_to_newloss_augmented_spots_train_e200_b10_lr0.0001_s1,?|Al_deformed_LoG_logtif.h5|3|37|469193,18,0.9262478980753157,0.8663943840397729,0.03200506067110433,0.9471214181847043,0.9118794143199921
final_20260721-102717_to_newloss_augmented_spots_train_e200_b10_lr0.0001_s1,?|Al_deformed_LoG_logtif.h5|12|12|167848,21,0.9288324628557477,0.8702194889386495,0.033777479969319846,0.9475275051026117,0.9312038421630859
final_20260721-102717_to_newloss_augmented_spots_train_e200_b10_lr0.0001_s1,?|Ti7Al_logtif.h5|530|1512|630809,3,0.9293914834658304,0.8695166707038879,0.03372852380077044,0.9478314916292826,0.9419847011566163
final_20260721-102717_to_newloss_augmented_spots_train_e200_b10_lr0.0001_s1,?|Iron_deformed_logtif.h5|263|263|1188628,3,0.92142653465271,0.8573359449704488,0.02490177812675635,0.948262353738149,0.9413629174232483
final_20260721-102717_to_newloss_augmented_spots_train_e200_b10_lr0.0001_s1,?|Al_deformed_LoG_logtif.h5|14|14|188210,20,0.9235616803169251,0.8608183801174164,0.02700735703110695,0.9482771575450897,0.9192695498466492
final_20260721-102717_to_newloss_augmented_spots_train_e200_b10_lr0.0001_s1,?|Al_deformed_LoG_logtif.h5|30|30|444908,14,0.9304472378322056,0.8727512870516095,0.03381461523739355,0.9483163016183036,0.9256439685821534
final_20260721-102717_to_newloss_augmented_spots_train_e200_b10_lr0.0001_s1,?|IN718_twins_logtif.h5|1271|2649|226498,3,0.9095520973205566,0.8480262955029806,0.012095987796783447,0.948728064695994,0.9316521406173706
final_20260721-102717_to_newloss_augmented_spots_train_e200_b10_lr0.0001_s1,?|Al_deformed_LoG_logtif.h5|10|44|606472,28,0.9341262515102114,0.878505459853581,0.035342660532998185,0.9493917993136815,0.9199904441833496
final_20260721-102717_to_newloss_augmented_spots_train_e200_b10_lr0.0001_s1,?|Al_deformed_LoG_logtif.h5|26|60|891702,23,0.9188182042992633,0.8615647062011387,0.019717958371114473,0.9495501259098882,0.9170671224594116
final_20260721-102717_to_newloss_augmented_spots_train_e200_b10_lr0.0001_s1,?|Al_segvol.h5|4499|4499|24632,3,0.9238811135292053,0.8638563553492228,0.024459888848165672,0.9497106273969015,0.9256711840629578
final_20260721-102717_to_newloss_augmented_spots_train_e200_b10_lr0.0001_s1,?|Al_deformed_LoG_logtif.h5|4|4|23047,17,0.9333255045554217,0.8777176913093118,0.03386610078022761,0.9497297090642592,0.9252924680709839
final_20260721-102717_to_newloss_augmented_spots_train_e200_b10_lr0.0001_s1,?|Al_deformed_LoG_logtif.h5|9|9|125856,30,0.9246755480766297,0.8637530863285064,0.02478390991066893,0.9499458193778991,0.9255965650081635
final_20260721-102717_to_newloss_augmented_spots_train_e200_b10_lr0.0001_s1,?|Iron_deformed_logtif.h5|248|248|1106248,3,0.9215776125590006,0.8592120409011841,0.021436482667922974,0.9500705401102701,0.9330260753631592
final_20260721-102717_to_newloss_augmented_spots_train_e200_b10_lr0.0001_s1,?|Al_deformed_LoG_logtif.h5|24|24|428139,22,0.9290091124447909,0.8709516525268555,0.028714176775379616,0.9501474797725677,0.934849214553833
final_20260721-102717_to_newloss_augmented_spots_train_e200_b10_lr0.0001_s1,?|Iron_deformed_logtif.h5|101|101|361413,5,0.9326624631881714,0.876370108127594,0.032324924133718014,0.950168776512146,0.9401801466941834
final_20260721-102717_to_newloss_augmented_spots_train_e200_b10_lr0.0001_s1,?|Al_big_grains_logtif.h5|481|5423|169747,3,0.9440616567929586,0.8955673774083456,0.04371319462855657,0.9501742323239645,0.9333723425865174
final_20260721-102717_to_newloss_augmented_spots_train_e200_b10_lr0.0001_s1,?|Al_deformed_LoG_logtif.h5|19|53|795248,19,0.9273236393928528,0.8668368678343924,0.026101190523293457,0.9506112337112427,0.9282608985900879
final_20260721-102717_to_newloss_augmented_spots_train_e200_b10_lr0.0001_s1,?|Al_deformed_LoG_logtif.h5|3|3|20806,16,0.9246382936835289,0.8648556247353554,0.022271719382843003,0.9511832855641842,0.9191502034664154
final_20260721-102717_to_newloss_augmented_spots_train_e200_b10_lr0.0001_s1,?|Al_segvol.h5|2597|2597|14315,3,0.9186739921569824,0.8554995258649191,0.01604711078107357,0.9513134558995565,0.9438830614089966
final_20260721-102717_to_newloss_augmented_spots_train_e200_b10_lr0.0001_s1,?|IN718_twins_logtif.h5|885|885|73830,4,0.9184718728065491,0.8667224049568176,0.014141659485176206,0.9521651118993759,0.9184879958629608
final_20260721-102717_to_newloss_augmented_spots_train_e200_b10_lr0.0001_s1,?|Al_deformed_LoG_logtif.h5|11|45|606718,21,0.9359055047943479,0.8817675511042277,0.030729055205093964,0.9525882346289498,0.9346359968185425
final_20260721-102717_to_newloss_augmented_spots_train_e200_b10_lr0.0001_s1,?|IN718_twins_logtif.h5|1224|1224|103276,3,0.9237993160883585,0.8669236103693644,0.016834684337178867,0.9534822901089987,0.9397579431533813
final_20260721-102717_to_newloss_augmented_spots_train_e200_b10_lr0.0001_s1,?|Ti7Al_logtif.h5|356|1338|522142,3,0.9244242310523987,0.8639888564745585,0.017196237420042355,0.9536139766375223,0.9436419486999512
final_20260721-102717_to_newloss_augmented_spots_train_e200_b10_lr0.0001_s1,?|Al_deformed_LoG_logtif.h5|11|11|167555,19,0.928102035271494,0.8706834755445781,0.020860450734433374,0.9536208008465014,0.929521906375885
final_20260721-102717_to_newloss_augmented_spots_train_e200_b10_lr0.0001_s1,?|Al_deformed_LoG_logtif.h5|16|50|760193,17,0.9296299254193026,0.8718192156623391,0.022233907845528686,0.953698011005626,0.9306946992874146
final_20260721-102717_to_newloss_augmented_spots_train_e200_b10_lr0.0001_s1,?|Al_deformed_LoG_logtif.h5|16|16|316744,25,0.9308027672767639,0.8747320556640625,0.0222755616530776,0.9542636036872864,0.9338250398635864
final_20260721-102717_to_newloss_augmented_spots_train_e200_b10_lr0.0001_s1,?|Al_deformed_LoG_logtif.h5|24|58|878465,20,0.9367999702692031,0.8824018239974976,0.026593624148517847,0.9551031768321991,0.9307064056396485
final_20260721-102717_to_newloss_augmented_spots_train_e200_b10_lr0.0001_s1,?|IN718_twins_logtif.h5|825|2202|189095,3,0.9213297764460245,0.863811989625295,0.010672059220572313,0.9553288420041403,0.9452996850013733
final_20260721-102717_to_newloss_augmented_spots_train_e200_b10_lr0.0001_s1,?|Iron_deformed_logtif.h5|194|474|2027962,3,0.9404377142588297,0.888501246770223,0.028271826605002087,0.9560829401016235,0.9487662315368652
final_20260721-102717_to_newloss_augmented_spots_train_e200_b10_lr0.0001_s1,?|Al_deformed_LoG_logtif.h5|0|34|461737,22,0.9357059841806238,0.88538058237596,0.01895261028866199,0.9583766839720986,0.9371830582618713
final_20260721-102717_to_newloss_augmented_spots_train_e200_b10_lr0.0001_s1,?|Al_big_grains_logtif.h5|1823|6767|209024,3,0.9402579466501871,0.8883448243141174,0.02297036349773407,0.9586438139279684,0.9562246203422546
final_20260721-102717_to_newloss_augmented_spots_train_e200_b10_lr0.0001_s1,?|IN718_twins_logtif.h5|343|1722|148837,3,0.9571793874104818,0.9194193283716837,0.034553905948996544,0.961312731107076,0.9351397514343261
final_20260721-102717_to_newloss_augmented_spots_train_e200_b10_lr0.0001_s1,?|Al_deformed_LoG_logtif.h5|12|46|607012,28,0.9438340876783643,0.895296288388116,0.01999800080167396,0.9619180411100388,0.9482855796813965
final_20260721-102717_to_newloss_augmented_spots_train_e200_b10_lr0.0001_s1,?|IN718_twins_logtif.h5|1278|1278|108160,3,0.9508122007052103,0.9088172912597656,0.026454043264190357,0.9621790846188863,0.940764307975769
final_20260721-102717_to_newloss_augmented_spots_train_e200_b10_lr0.0001_s1,?|IN718_twins_logtif.h5|612|612|50032,3,0.9544095794359843,0.9148490826288859,0.028041798621416092,0.9631838997205099,0.9436239361763
final_20260721-102717_to_newloss_augmented_spots_train_e200_b10_lr0.0001_s1,?|IN718_twins_logtif.h5|909|2288|195464,3,0.9526014526685079,0.9101293087005615,0.022466961294412613,0.9650672475496928,0.9571896195411682
final_20260721-102717_to_newloss_augmented_spots_train_e200_b10_lr0.0001_s1,?|IN718_twins_logtif.h5|333|333|29388,3,0.9457090298334757,0.9025893608729044,0.014797409375508627,0.9654558102289835,0.9550216913223266
final_20260721-102717_to_newloss_augmented_spots_train_e200_b10_lr0.0001_s1,?|IN718_twins_logtif.h5|813|2190|188254,3,0.9435385266939799,0.8978070616722107,0.012438621371984482,0.9655499259630839,0.9544191122055053
final_20260721-102717_to_newloss_augmented_spots_train_e200_b10_lr0.0001_s1,?|IN718_twins_logtif.h5|483|1861|159477,3,0.9513675967852274,0.9111917018890381,0.018544774502515793,0.9664113720258077,0.9576414704322815
final_20260721-102717_to_newloss_augmented_spots_train_e200_b10_lr0.0001_s1,?|IN718_twins_logtif.h5|108|1486|128639,3,0.9683098395665487,0.93923552831014,0.03523167595267296,0.9665390650431315,0.9544048547744751
final_20260721-102717_to_newloss_augmented_spots_train_e200_b10_lr0.0001_s1,?|IN718_twins_logtif.h5|518|1895|162872,3,0.9572943846384684,0.92061714331309,0.022381129674613476,0.9674566189448038,0.9595504522323608
final_20260721-102717_to_newloss_augmented_spots_train_e200_b10_lr0.0001_s1,?|IN718_twins_logtif.h5|216|1595|136423,3,0.9671796560287476,0.9374573429425558,0.024465796848138172,0.9713569283485413,0.9631073951721192
final_20260721-102717_to_newloss_augmented_spots_train_e200_b10_lr0.0001_s1,?|IN718_twins_logtif.h5|425|1801|157178,3,0.9631473024686178,0.9320217768351237,0.014059319471319517,0.9745440085728964,0.9625704050064087
final_20260721-102717_to_newloss_augmented_spots_train_e200_b10_lr0.0001_s1,?|IN718_twins_logtif.h5|569|1947|167097,3,0.9708006580670675,0.9440265496571859,0.017837759107351303,0.9764814774195353,0.9705366373062134
final_20260721-102717_to_newloss_augmented_spots_train_e200_b10_lr0.0001_s1,?|IN718_twins_logtif.h5|692|692|58235,3,0.9697054823239645,0.942517896493276,0.015565818175673485,0.9770698149998983,0.9729504346847534
final_20260721-102717_to_newloss_augmented_spots_train_e200_b10_lr0.0001_s1,?|IN718_twins_logtif.h5|929|929|76478,3,0.9804257353146871,0.9618967771530151,0.026225816148022812,0.9770999749501547,0.9675639629364013
final_20260721-102717_to_newloss_augmented_spots_train_e200_b10_lr0.0001_s1,?|IN718_twins_logtif.h5|322|1698|147131,3,0.9698476990063986,0.9429786403973898,0.014037075762947401,0.9779053131739298,0.9716552019119262
final_20260721-102717_to_newloss_augmented_spots_train_e200_b10_lr0.0001_s1,?|IN718_twins_logtif.h5|703|2081|178440,3,0.9791465202967325,0.9592696030934652,0.0212909330924352,0.9789277911186218,0.9746398806571961
final_20260721-102717_to_newloss_augmented_spots_train_e200_b10_lr0.0001_s1,?|IN718_twins_logtif.h5|1082|2459|210603,3,0.9775840838750204,0.9565847714742025,0.017052993799249332,0.9802655577659607,0.9794233798980713
final_20260721-102717_to_newloss_augmented_spots_train_e200_b10_lr0.0001_s1,?|IN718_twins_logtif.h5|183|1559|134525,3,0.9777888059616089,0.9573658506075541,0.011822619785865148,0.9829830924669901,0.9780399441719055
final_20260721-102717_to_newloss_augmented_spots_train_e200_b10_lr0.0001_s1,?|IN718_twins_logtif.h5|1066|2443|209241,3,0.9849452575047811,0.970382809638977,0.012271283194422722,0.9863369663556417,0.9844208240509034
