model,donor_key,n,dice_mean,iou_mean,rmse_mean,soft_intensity_dice_mean,soft_intensity_dice_whole_mean,spot_recognition_mean,spot_recognition_p10
final_20260704-022731_augmented_spot_patches_with_masks_e200_b10_lr0.0001_s1,?|Iron_deformed_logtif.h5|98|98|344511,4,0.3973473459482193,0.32944993674755096,0.21404914557933807,0.8238706588745117,0.4138837233185768,0.5916491001844406,0.5728863418102265
final_20260704-022731_augmented_spot_patches_with_masks_e200_b10_lr0.0001_s1,?|Iron_deformed_logtif.h5|238|518|2313516,3,0.4589483042558034,0.36058011651039124,0.2343684285879135,0.7993857463200887,0.4636395573616028,0.6122899452845255,0.5741364002227783
final_20260704-022731_augmented_spot_patches_with_masks_e200_b10_lr0.0001_s1,?|Iron_deformed_logtif.h5|141|141|523753,3,0.43190818031628925,0.3763493100802104,0.18119109173615774,0.8656061689058939,0.4397210975488027,0.6253585418065389,0.5832541704177856
final_20260704-022731_augmented_spot_patches_with_masks_e200_b10_lr0.0001_s1,?|Iron_deformed_logtif.h5|56|336|1461382,5,0.41900345087051394,0.36034674644470216,0.1640896052122116,0.8759463787078857,0.4390455722808838,0.6274569153785705,0.5763803958892822
final_20260704-022731_augmented_spot_patches_with_masks_e200_b10_lr0.0001_s1,?|Iron_deformed_logtif.h5|27|307|1314638,3,0.452831228574117,0.3238924741744995,0.19702784717082977,0.7663762370745341,0.3567292094230652,0.6279016733169556,0.6199786543846131
final_20260704-022731_augmented_spot_patches_with_masks_e200_b10_lr0.0001_s1,?|Iron_deformed_logtif.h5|216|496|2201946,4,0.5043451637029648,0.43509332835674286,0.2360815331339836,0.796754777431488,0.4876866936683655,0.6341318190097809,0.5650871217250824
final_20260704-022731_augmented_spot_patches_with_masks_e200_b10_lr0.0001_s1,?|Iron_deformed_logtif.h5|96|376|1581320,3,0.49408642450968426,0.3966277440388997,0.22376332680384317,0.7944386998812357,0.3822476267814636,0.6351615389188131,0.5969485282897949
final_20260704-022731_augmented_spot_patches_with_masks_e200_b10_lr0.0001_s1,?|Iron_deformed_logtif.h5|87|87|316193,3,0.4964914719263713,0.40178098281224567,0.21894454956054688,0.6889874935150146,0.48672962188720703,0.6387734810511271,0.592883563041687
final_20260704-022731_augmented_spot_patches_with_masks_e200_b10_lr0.0001_s1,?|Iron_deformed_logtif.h5|23|23|70379,3,0.5064333776632944,0.39720215400060016,0.21763500074545541,0.81576140721639,0.5122060577074686,0.6443991859753927,0.5827394962310791
final_20260704-022731_augmented_spot_patches_with_masks_e200_b10_lr0.0001_s1,?|Iron_deformed_logtif.h5|273|553|2451312,7,0.4734773508140019,0.39016189319746836,0.18317176827362605,0.8358861122812543,0.5122779735497066,0.6451527902058193,0.6001839160919189
final_20260704-022731_augmented_spot_patches_with_masks_e200_b10_lr0.0001_s1,?|Iron_deformed_logtif.h5|98|378|1584909,3,0.4845984677473704,0.39443649848302204,0.19350849588712057,0.8154727617899576,0.5370309849580129,0.6455450057983398,0.6038422584533691
final_20260704-022731_augmented_spot_patches_with_masks_e200_b10_lr0.0001_s1,?|Iron_deformed_logtif.h5|55|334|1461026,3,0.49724919597307843,0.40698761741320294,0.20347446699937186,0.8495767911275228,0.5194434324900309,0.6468873620033264,0.6067487001419067
final_20260704-022731_augmented_spot_patches_with_masks_e200_b10_lr0.0001_s1,?|Al_deformed_LoG_logtif.h5|7|41|510550,15,0.49363435109456383,0.4155650496482849,0.19134242087602615,0.82327774365743,0.49094687700271605,0.6511459747950236,0.5928348302841187
final_20260704-022731_augmented_spot_patches_with_masks_e200_b10_lr0.0001_s1,?|Iron_deformed_logtif.h5|15|15|66683,3,0.4709300895531972,0.3977568447589874,0.16826886435349783,0.8587158918380737,0.4740999639034271,0.6513306299845377,0.6246398210525512
final_20260704-022731_augmented_spot_patches_with_masks_e200_b10_lr0.0001_s1,?|Iron_deformed_logtif.h5|228|228|1010103,3,0.4537401894728343,0.4167104959487915,0.1497466911872228,0.8305937449137369,0.4729999899864197,0.6519967714945475,0.6253532409667969
final_20260704-022731_augmented_spot_patches_with_masks_e200_b10_lr0.0001_s1,?|Al_deformed_LoG_logtif.h5|29|63|895675,13,0.5101753289882953,0.4296377163666945,0.20434669233285463,0.8209555790974543,0.5004381101865035,0.6529143177545987,0.6031455636024475
final_20260704-022731_augmented_spot_patches_with_masks_e200_b10_lr0.0001_s1,?|Iron_deformed_logtif.h5|215|215|920107,3,0.4905807375907898,0.4123971164226532,0.1843840330839157,0.8175097902615865,0.5139809648195902,0.6530983448028564,0.6325924158096313
final_20260704-022731_augmented_spot_patches_with_masks_e200_b10_lr0.0001_s1,?|Iron_deformed_logtif.h5|84|363|1554874,4,0.47130123525857925,0.42709750682115555,0.16220823675394058,0.8476444333791733,0.4853421673178673,0.6545464992523193,0.6360574424266815
final_20260704-022731_augmented_spot_patches_with_masks_e200_b10_lr0.0001_s1,?|Iron_deformed_logtif.h5|197|197|812567,6,0.48771844804286957,0.37969885269800824,0.17693460235993066,0.8062549928824106,0.4668008436759313,0.655391921599706,0.5979636311531067
final_20260704-022731_augmented_spot_patches_with_masks_e200_b10_lr0.0001_s1,?|Iron_deformed_logtif.h5|128|408|1686356,3,0.4976750413576762,0.43735092878341675,0.18586423993110657,0.7821118632952372,0.4795161684354146,0.6559054056803385,0.6313352942466736
final_20260704-022731_augmented_spot_patches_with_masks_e200_b10_lr0.0001_s1,?|Iron_deformed_logtif.h5|81|81|313835,4,0.49768784642219543,0.4167255163192749,0.18533384799957275,0.7606894671916962,0.4267495796084404,0.6561769992113113,0.6093270123004914
final_20260704-022731_augmented_spot_patches_with_masks_e200_b10_lr0.0001_s1,?|Iron_deformed_logtif.h5|61|341|1491473,3,0.5053351322809855,0.3777652382850647,0.19281787176926932,0.8459094564119974,0.494249294201533,0.6562586228052775,0.6352884769439697
final_20260704-022731_augmented_spot_patches_with_masks_e200_b10_lr0.0001_s1,?|Iron_deformed_logtif.h5|229|229|1011112,4,0.5039033889770508,0.42241959273815155,0.19080426916480064,0.7977159172296524,0.4093474969267845,0.6565495580434799,0.605503934621811
final_20260704-022731_augmented_spot_patches_with_masks_e200_b10_lr0.0001_s1,?|Iron_deformed_logtif.h5|44|44|162956,4,0.4433583840727806,0.4003143087029457,0.12738192826509476,0.8740347027778625,0.4706787094473839,0.6579882055521011,0.6038188219070435
final_20260704-022731_augmented_spot_patches_with_masks_e200_b10_lr0.0001_s1,?|Iron_deformed_logtif.h5|184|184|749244,3,0.4591117600599925,0.40334171056747437,0.14281727621952692,0.797552247842153,0.45547695954640705,0.6581472158432007,0.6052416086196899
final_20260704-022731_augmented_spot_patches_with_masks_e200_b10_lr0.0001_s1,?|Iron_deformed_logtif.h5|50|50|192409,3,0.481522132953008,0.39671334624290466,0.16454969346523285,0.8558480739593506,0.545997828245163,0.6584862271944681,0.6215571761131287
final_20260704-022731_augmented_spot_patches_with_masks_e200_b10_lr0.0001_s1,?|Iron_deformed_logtif.h5|20|20|68360,3,0.49026862780253094,0.4204363028208415,0.17303648591041565,0.8482872446378072,0.4657770097255707,0.6586160659790039,0.6402528882026672
final_20260704-022731_augmented_spot_patches_with_masks_e200_b10_lr0.0001_s1,?|Iron_deformed_logtif.h5|229|509|2250437,3,0.5436111489931742,0.3791828354199727,0.22575311859448752,0.7743206818898519,0.48072580496470135,0.6589290102322897,0.622256088256836
final_20260704-022731_augmented_spot_patches_with_masks_e200_b10_lr0.0001_s1,?|Iron_deformed_logtif.h5|252|532|2351102,3,0.4820857346057892,0.3742334445317586,0.1634785532951355,0.7914650440216064,0.38629547754923504,0.659303605556488,0.6248843193054199
final_20260704-022731_augmented_spot_patches_with_masks_e200_b10_lr0.0001_s1,?|Iron_deformed_logtif.h5|159|159|624558,4,0.5131818279623985,0.4301396980881691,0.1945364996790886,0.826099157333374,0.49892158061265945,0.6593226492404938,0.5966149806976319
final_20260704-022731_augmented_spot_patches_with_masks_e200_b10_lr0.0001_s1,?|Iron_deformed_logtif.h5|245|525|2343145,3,0.4852866331736247,0.39431963364283246,0.1655531401435534,0.859106163183848,0.5341182053089142,0.6598667502403259,0.6242350816726685
final_20260704-022731_augmented_spot_patches_with_masks_e200_b10_lr0.0001_s1,?|Iron_deformed_logtif.h5|95|95|333463,3,0.5067026019096375,0.37653884291648865,0.18647779524326324,0.7160388628641764,0.4343594014644623,0.6601123809814453,0.6585698246955871
final_20260704-022731_augmented_spot_patches_with_masks_e200_b10_lr0.0001_s1,?|Iron_deformed_logtif.h5|16|296|1305672,3,0.4881542424360911,0.388330598672231,0.1662354419628779,0.8466289043426514,0.505260040362676,0.6609594027201334,0.6456855654716491
final_20260704-022731_augmented_spot_patches_with_masks_e200_b10_lr0.0001_s1,?|Al_deformed_LoG_logtif.h5|20|54|805566,20,0.5017268002033234,0.4221250116825104,0.17952479124069215,0.8165422052145004,0.4906135067343712,0.6611010044813156,0.6088308870792389
final_20260704-022731_augmented_spot_patches_with_masks_e200_b10_lr0.0001_s1,?|Iron_deformed_logtif.h5|136|416|1735423,3,0.5029281973838806,0.40257957577705383,0.1787848323583603,0.7994909683863322,0.5193645457426707,0.662071684996287,0.6228489756584168
final_20260704-022731_augmented_spot_patches_with_masks_e200_b10_lr0.0001_s1,?|Iron_deformed_logtif.h5|188|468|2024649,4,0.4702773317694664,0.3987378627061844,0.1436666138470173,0.8579929918050766,0.4795950651168823,0.6633053570985794,0.6405932784080506
final_20260704-022731_augmented_spot_patches_with_masks_e200_b10_lr0.0001_s1,?|Ti7Al_logtif.h5|273|273|104028,4,0.4970395714044571,0.3757360577583313,0.17020514234900475,0.7934617549180984,0.44784919172525406,0.6634172201156616,0.6143624782562256
final_20260704-022731_augmented_spot_patches_with_masks_e200_b10_lr0.0001_s1,?|Iron_deformed_logtif.h5|273|273|1210178,4,0.483804889023304,0.41999275237321854,0.15362711995840073,0.8557654321193695,0.5156753435730934,0.665088877081871,0.6498047173023224
final_20260704-022731_augmented_spot_patches_with_masks_e200_b10_lr0.0001_s1,?|Al_deformed_LoG_logtif.h5|6|6|54274,27,0.5418202623173043,0.45252276791466606,0.21045627582956244,0.8299162564454255,0.5538634944845129,0.6656819891046595,0.5762150406837463
final_20260704-022731_augmented_spot_patches_with_masks_e200_b10_lr0.0001_s1,?|Iron_deformed_logtif.h5|120|400|1655560,4,0.49714475870132446,0.42015982419252396,0.16446112468838692,0.8331512808799744,0.5097413659095764,0.6663418263196945,0.6402393400669097
final_20260704-022731_augmented_spot_patches_with_masks_e200_b10_lr0.0001_s1,?|Iron_deformed_logtif.h5|22|22|70041,3,0.5334369639555613,0.42581703265508014,0.19828269382317862,0.8360403180122375,0.5559259355068207,0.6675771474838257,0.6455884456634522
final_20260704-022731_augmented_spot_patches_with_masks_e200_b10_lr0.0001_s1,?|Iron_deformed_logtif.h5|184|464|1988468,6,0.5042249411344528,0.4228544533252716,0.1645519807934761,0.8695533076922098,0.4990464250246684,0.6698364714781443,0.6304673254489899
final_20260704-022731_augmented_spot_patches_with_masks_e200_b10_lr0.0001_s1,?|Iron_deformed_logtif.h5|196|476|2048948,3,0.5268808404604594,0.4142524500687917,0.18550105889638266,0.7338499029477438,0.3954225381215413,0.670689860979716,0.6391893625259399
final_20260704-022731_augmented_spot_patches_with_masks_e200_b10_lr0.0001_s1,?|Iron_deformed_logtif.h5|129|129|446107,6,0.544466699163119,0.431714008251826,0.20216992497444153,0.7624928951263428,0.46775628129641217,0.671148399511973,0.6229960322380066
final_20260704-022731_augmented_spot_patches_with_masks_e200_b10_lr0.0001_s1,?|Iron_deformed_logtif.h5|235|235|1039802,3,0.4858984649181366,0.3846513132254283,0.1422117551167806,0.8440064589182535,0.5053397913773855,0.6718433698018392,0.6678683280944824
final_20260704-022731_augmented_spot_patches_with_masks_e200_b10_lr0.0001_s1,?|Iron_deformed_logtif.h5|164|164|645795,3,0.5067581832408905,0.4412497977415721,0.16138062377770743,0.8546053171157837,0.5015098849932352,0.6726887623469034,0.649749755859375
final_20260704-022731_augmented_spot_patches_with_masks_e200_b10_lr0.0001_s1,?|Al_deformed_LoG_logtif.h5|8|8|54671,22,0.5514731163328345,0.46106989546255633,0.20242294330488553,0.8202570541338488,0.5412189269607718,0.6745250875299628,0.589052140712738
final_20260704-022731_augmented_spot_patches_with_masks_e200_b10_lr0.0001_s1,?|Iron_deformed_logtif.h5|188|188|784896,5,0.4826981544494629,0.4219961047172546,0.13355200588703156,0.8936498165130615,0.5068309545516968,0.6745730757713317,0.6140783190727234
final_20260704-022731_augmented_spot_patches_with_masks_e200_b10_lr0.0001_s1,?|Iron_deformed_logtif.h5|272|272|1208818,6,0.5225747128327688,0.42562179764111835,0.17260797073443732,0.8342375755310059,0.5892416387796402,0.6749833822250366,0.6303236782550812
final_20260704-022731_augmented_spot_patches_with_masks_e200_b10_lr0.0001_s1,?|Iron_deformed_logtif.h5|1|281|1250417,3,0.5259532729784647,0.41792192061742145,0.17265296975771585,0.7977651158968607,0.48970789710680646,0.6766501863797506,0.6274958610534668
final_20260704-022731_augmented_spot_patches_with_masks_e200_b10_lr0.0001_s1,?|Iron_deformed_logtif.h5|129|409|1686682,3,0.5298591454823812,0.4055986901124318,0.1755998358130455,0.8568889101346334,0.5802137156327566,0.6771296461423238,0.6727116942405701
final_20260704-022731_augmented_spot_patches_with_masks_e200_b10_lr0.0001_s1,?|Iron_deformed_logtif.h5|265|545|2432134,4,0.5264375880360603,0.4157126620411873,0.1703791581094265,0.8243514597415924,0.4499717056751251,0.6780292242765427,0.6293067872524262
final_20260704-022731_augmented_spot_patches_with_masks_e200_b10_lr0.0001_s1,?|Al_deformed_LoG_logtif.h5|6|40|510321,24,0.5539662862817446,0.4636343792080879,0.1968478454897801,0.8398268322149912,0.5498876509567102,0.6785592262943586,0.6006106495857239
final_20260704-022731_augmented_spot_patches_with_masks_e200_b10_lr0.0001_s1,?|Al_deformed_LoG_logtif.h5|20|20|362924,19,0.5337665426103693,0.4405882876170309,0.1731617348758798,0.828340659016057,0.5448368034864727,0.680302403475109,0.5687554240226745
final_20260704-022731_augmented_spot_patches_with_masks_e200_b10_lr0.0001_s1,?|Iron_deformed_logtif.h5|210|490|2115695,3,0.5258773068586985,0.4254636565844218,0.1637469803293546,0.8394298553466797,0.47767863670984906,0.6810651818911234,0.6243363738059997
final_20260704-022731_augmented_spot_patches_with_masks_e200_b10_lr0.0001_s1,?|Iron_deformed_logtif.h5|88|368|1562446,4,0.5087325051426888,0.44780364632606506,0.14592778868973255,0.8357389867305756,0.5230095833539963,0.6814023703336716,0.6533493638038635
final_20260704-022731_augmented_spot_patches_with_masks_e200_b10_lr0.0001_s1,?|Al_deformed_LoG_logtif.h5|5|39|481387,20,0.5666640013456344,0.4642965465784073,0.20374655053019525,0.8268492162227631,0.5345139056444168,0.6814587205648422,0.6066205561161041
final_20260704-022731_augmented_spot_patches_with_masks_e200_b10_lr0.0001_s1,?|Iron_deformed_logtif.h5|15|295|1305345,3,0.5091188251972198,0.43658052881558734,0.1447787657380104,0.8374957243601481,0.4747520089149475,0.6821699937184652,0.6477670431137085
final_20260704-022731_augmented_spot_patches_with_masks_e200_b10_lr0.0001_s1,?|Iron_deformed_logtif.h5|178|458|1910882,4,0.550050400197506,0.45225614309310913,0.18476970493793488,0.8587767779827118,0.5692341849207878,0.6826403439044952,0.629390424489975
final_20260704-022731_augmented_spot_patches_with_masks_e200_b10_lr0.0001_s1,?|Iron_deformed_logtif.h5|168|448|1896773,3,0.5171718796094259,0.414430836836497,0.15084838618834814,0.8161944548288981,0.5155894756317139,0.683161735534668,0.6335287809371948
final_20260704-022731_augmented_spot_patches_with_masks_e200_b10_lr0.0001_s1,?|Al_deformed_LoG_logtif.h5|17|51|763114,23,0.5423548960167429,0.4538506295370019,0.17520989088908487,0.8434375705926315,0.5207901052806688,0.683572504831397,0.6020514488220214
final_20260704-022731_augmented_spot_patches_with_masks_e200_b10_lr0.0001_s1,?|Iron_deformed_logtif.h5|128|128|445774,4,0.5501857697963715,0.4515346512198448,0.18302574008703232,0.8183522522449493,0.589661180973053,0.6835800409317017,0.6476940035820007
final_20260704-022731_augmented_spot_patches_with_masks_e200_b10_lr0.0001_s1,?|Ti7Al_logtif.h5|711|711|309821,3,0.5430161356925964,0.37727025151252747,0.17485361297925314,0.7592453161875407,0.48542333642641705,0.6840812563896179,0.6554131031036377
final_20260704-022731_augmented_spot_patches_with_masks_e200_b10_lr0.0001_s1,?|Iron_deformed_logtif.h5|19|298|1306721,6,0.5167315453290939,0.43380673229694366,0.14810509358843169,0.8485424220561981,0.5352039734522501,0.6843132177988688,0.6375804543495178
final_20260704-022731_augmented_spot_patches_with_masks_e200_b10_lr0.0001_s1,?|Iron_deformed_logtif.h5|11|291|1277433,3,0.5623781184355418,0.44285966952641803,0.19283182422320047,0.8430505792299906,0.5792184372742971,0.6847731471061707,0.6285523176193237
final_20260704-022731_augmented_spot_patches_with_masks_e200_b10_lr0.0001_s1,?|Iron_deformed_logtif.h5|57|337|1461804,3,0.5772305031617483,0.4682798484961192,0.2071666419506073,0.8026001850763956,0.6361962159474691,0.6850319306055704,0.6270875692367553
final_20260704-022731_augmented_spot_patches_with_masks_e200_b10_lr0.0001_s1,?|Al_deformed_LoG_logtif.h5|30|65|895940,22,0.547981856898828,0.45664950798858295,0.17721081999215213,0.8404718908396634,0.5616750012744557,0.6853855116800829,0.5830106556415557
final_20260704-022731_augmented_spot_patches_with_masks_e200_b10_lr0.0001_s1,?|Iron_deformed_logtif.h5|143|143|525365,3,0.5650425752003988,0.44811875621477765,0.191862091422081,0.8135362466176351,0.5241355001926422,0.6865902543067932,0.6589246273040772
final_20260704-022731_augmented_spot_patches_with_masks_e200_b10_lr0.0001_s1,?|Iron_deformed_logtif.h5|121|121|413884,3,0.5019797682762146,0.42630324761072796,0.12839574863513312,0.8286397457122803,0.5003897349039713,0.686791996161143,0.667675769329071
final_20260704-022731_augmented_spot_patches_with_masks_e200_b10_lr0.0001_s1,?|Al_deformed_LoG_logtif.h5|19|53|795248,19,0.5600357855621138,0.4665219595557765,0.18613906087059723,0.8165260114167866,0.5191437005996704,0.6869483652867769,0.6208400726318359
final_20260704-022731_augmented_spot_patches_with_masks_e200_b10_lr0.0001_s1,?|Iron_deformed_logtif.h5|138|138|519077,4,0.5397901684045792,0.46676985174417496,0.1651233322918415,0.8563811182975769,0.5434656143188477,0.6873334348201752,0.6073465704917907
final_20260704-022731_augmented_spot_patches_with_masks_e200_b10_lr0.0001_s1,?|Al_deformed_LoG_logtif.h5|22|56|838484,30,0.5552316198746363,0.46039065917332966,0.17959887286027273,0.8504500607649486,0.5632485280434291,0.6878163715203603,0.5734525382518768
final_20260704-022731_augmented_spot_patches_with_masks_e200_b10_lr0.0001_s1,?|Iron_deformed_logtif.h5|137|137|518561,5,0.5408229410648346,0.4113957047462463,0.16509844362735748,0.7758006811141968,0.40807064175605773,0.6878622531890869,0.6427053093910218
final_20260704-022731_augmented_spot_patches_with_masks_e200_b10_lr0.0001_s1,?|Iron_deformed_logtif.h5|61|61|251104,6,0.5286825944979986,0.42972580591837567,0.15231352051099142,0.8265377084414164,0.5278028249740601,0.6881845394770304,0.649573564529419
final_20260704-022731_augmented_spot_patches_with_masks_e200_b10_lr0.0001_s1,?|Iron_deformed_logtif.h5|17|297|1306370,4,0.5582166314125061,0.4416620433330536,0.1792355626821518,0.844354510307312,0.5659246072173119,0.6894905269145966,0.6447644829750061
final_20260704-022731_augmented_spot_patches_with_masks_e200_b10_lr0.0001_s1,?|Iron_deformed_logtif.h5|259|539|2410871,4,0.5251453071832657,0.4379231333732605,0.14585253223776817,0.8232622891664505,0.5598754733800888,0.689646378159523,0.6411533057689667
final_20260704-022731_augmented_spot_patches_with_masks_e200_b10_lr0.0001_s1,?|Iron_deformed_logtif.h5|127|407|1676778,4,0.5734874084591866,0.4493141993880272,0.1928202137351036,0.8606478422880173,0.5071214139461517,0.6903335750102997,0.6298070788383484
final_20260704-022731_augmented_spot_patches_with_masks_e200_b10_lr0.0001_s1,?|Ti7Al_logtif.h5|674|1655|690234,3,0.49817795554796857,0.42057209213574726,0.11748185257116954,0.8314331571261088,0.4782588879267375,0.6903480291366577,0.6593401432037354
final_20260704-022731_augmented_spot_patches_with_masks_e200_b10_lr0.0001_s1,?|Iron_deformed_logtif.h5|139|420|1763892,4,0.5818699076771736,0.4553067609667778,0.19877412915229797,0.8046127110719681,0.5712996274232864,0.6915478855371475,0.6393125772476196
final_20260704-022731_augmented_spot_patches_with_masks_e200_b10_lr0.0001_s1,?|Al_deformed_LoG_logtif.h5|33|67|896466,26,0.5641385179299575,0.45797990491757024,0.18041892951497665,0.858012719796254,0.582187009545473,0.691859781742096,0.5869581699371338
final_20260704-022731_augmented_spot_patches_with_masks_e200_b10_lr0.0001_s1,?|Iron_deformed_logtif.h5|56|56|220626,3,0.5880037645498911,0.4971463779608409,0.20297932624816895,0.818422257900238,0.5908309022585551,0.6925122340520223,0.623493206501007
final_20260704-022731_augmented_spot_patches_with_masks_e200_b10_lr0.0001_s1,?|Al_deformed_LoG_logtif.h5|8|42|510785,24,0.5655174801747004,0.4780195839703083,0.18008963577449322,0.8409678836663564,0.5748895878593127,0.6927139237523079,0.5865304887294769
final_20260704-022731_augmented_spot_patches_with_masks_e200_b10_lr0.0001_s1,?|Iron_deformed_logtif.h5|255|535|2371626,5,0.5258899092674255,0.42043147087097166,0.14042958617210388,0.8272389650344849,0.4703066498041153,0.6927301526069641,0.6434654951095581
final_20260704-022731_augmented_spot_patches_with_masks_e200_b10_lr0.0001_s1,?|Iron_deformed_logtif.h5|30|310|1320109,5,0.5393302977085114,0.408484959602356,0.15385910570621492,0.7486688375473023,0.3630643725395203,0.6927356123924255,0.6560371518135071
final_20260704-022731_augmented_spot_patches_with_masks_e200_b10_lr0.0001_s1,?|Ti7Al_logtif.h5|110|110|32103,5,0.5177433431148529,0.42418656349182127,0.13139634430408478,0.7409233331680298,0.5080430030822753,0.6931735038757324,0.6136017799377441
final_20260704-022731_augmented_spot_patches_with_masks_e200_b10_lr0.0001_s1,?|Iron_deformed_logtif.h5|13|293|1302579,4,0.5301279202103615,0.40899477899074554,0.1435005497187376,0.8592259138822556,0.5474518314003944,0.6933136880397797,0.6747920334339141
final_20260704-022731_augmented_spot_patches_with_masks_e200_b10_lr0.0001_s1,?|Iron_deformed_logtif.h5|217|497|2202296,4,0.5128491520881653,0.4430815428495407,0.12620087526738644,0.816453367471695,0.49003884941339493,0.6933241635560989,0.6728320598602295
final_20260704-022731_augmented_spot_patches_with_masks_e200_b10_lr0.0001_s1,?|Iron_deformed_logtif.h5|21|21|68698,5,0.5598153591156005,0.472998183965683,0.17294351607561112,0.8331110715866089,0.5652974605560303,0.6934359192848205,0.6444364547729492
final_20260704-022731_augmented_spot_patches_with_masks_e200_b10_lr0.0001_s1,?|Iron_deformed_logtif.h5|275|555|2456737,5,0.5701578795909882,0.46340346336364746,0.1820427030324936,0.8668579816818237,0.6296355247497558,0.6940575838088989,0.6565041422843934
final_20260704-022731_augmented_spot_patches_with_masks_e200_b10_lr0.0001_s1,?|Iron_deformed_logtif.h5|250|529|2345856,3,0.5665671428044637,0.42660077412923175,0.17791367570559183,0.7780216137568156,0.4808992048104604,0.6943267385164896,0.6293928384780884
final_20260704-022731_augmented_spot_patches_with_masks_e200_b10_lr0.0001_s1,?|Iron_deformed_logtif.h5|121|401|1655920,4,0.5764331668615341,0.4723904952406883,0.18727702647447586,0.7817403674125671,0.5139110833406448,0.6945780515670776,0.5982266426086426
final_20260704-022731_augmented_spot_patches_with_masks_e200_b10_lr0.0001_s1,?|Iron_deformed_logtif.h5|210|210|876585,5,0.5633335649967194,0.44962872862815856,0.17292634546756744,0.8365399599075317,0.6350336849689484,0.6952036142349243,0.6180612802505493
final_20260704-022731_augmented_spot_patches_with_masks_e200_b10_lr0.0001_s1,?|Iron_deformed_logtif.h5|67|347|1504401,4,0.5812496170401573,0.45124537497758865,0.19047749415040016,0.8223132342100143,0.536992259323597,0.6953860819339752,0.6509115397930145
final_20260704-022731_augmented_spot_patches_with_masks_e200_b10_lr0.0001_s1,?|Iron_deformed_logtif.h5|257|537|2399113,3,0.5264060795307159,0.4192424813906352,0.1353763515750567,0.8364364306131998,0.5650849044322968,0.6955148776372274,0.6520187854766846
final_20260704-022731_augmented_spot_patches_with_masks_e200_b10_lr0.0001_s1,?|Al_deformed_LoG_logtif.h5|33|33|445437,25,0.5563481998443603,0.46777238726615905,0.16215281322598457,0.8458929038047791,0.5390831428766251,0.697097692489624,0.5747566103935242
final_20260704-022731_augmented_spot_patches_with_masks_e200_b10_lr0.0001_s1,?|Iron_deformed_logtif.h5|144|144|528465,3,0.5083210666974386,0.4415138562520345,0.11364978055159251,0.8221744497617086,0.524189273516337,0.6973356405893961,0.6701770067214966
final_20260704-022731_augmented_spot_patches_with_masks_e200_b10_lr0.0001_s1,?|Iron_deformed_logtif.h5|215|495|2158392,3,0.5649527013301849,0.43971718351046246,0.16981585323810577,0.828542431195577,0.5514452656110128,0.697568436463674,0.6170899391174316
final_20260704-022731_augmented_spot_patches_with_masks_e200_b10_lr0.0001_s1,?|Iron_deformed_logtif.h5|46|46|183492,5,0.5824320197105408,0.4674038112163544,0.18718839585781097,0.7841066360473633,0.5451335847377777,0.6976217865943909,0.636333453655243
final_20260704-022731_augmented_spot_patches_with_masks_e200_b10_lr0.0001_s1,?|Iron_deformed_logtif.h5|95|374|1574041,5,0.5708871841430664,0.47481030225753784,0.17461349070072174,0.8274930715560913,0.49414530396461487,0.698136830329895,0.6246058940887451
final_20260704-022731_augmented_spot_patches_with_masks_e200_b10_lr0.0001_s1,?|Iron_deformed_logtif.h5|58|58|242737,3,0.5406424005826315,0.46277766426404315,0.1438817729552587,0.8761017123858134,0.589280515909195,0.6983803113301595,0.6413390517234803
final_20260704-022731_augmented_spot_patches_with_masks_e200_b10_lr0.0001_s1,?|Iron_deformed_logtif.h5|123|123|415378,4,0.6099696755409241,0.4923628345131874,0.21176473796367645,0.7745254933834076,0.5635599046945572,0.6991024613380432,0.6618684113025666
final_20260704-022731_augmented_spot_patches_with_masks_e200_b10_lr0.0001_s1,?|Iron_deformed_logtif.h5|187|187|782942,3,0.5585380991299947,0.4476770261923472,0.16027752061684927,0.8474605679512024,0.5795897642771403,0.6991302768389384,0.6523644924163818
final_20260704-022731_augmented_spot_patches_with_masks_e200_b10_lr0.0001_s1,?|Iron_deformed_logtif.h5|5|5|17872,5,0.5352118909358978,0.4683296322822571,0.13658609241247177,0.8559183597564697,0.5850252568721771,0.6993129134178162,0.6725843548774719
final_20260704-022731_augmented_spot_patches_with_masks_e200_b10_lr0.0001_s1,?|Ti7Al_logtif.h5|485|485|220991,3,0.5052494406700134,0.4030132194360097,0.10537148763736089,0.6631692250569662,0.42596755425135296,0.699938972791036,0.633004093170166
final_20260704-022731_augmented_spot_patches_with_masks_e200_b10_lr0.0001_s1,?|Iron_deformed_logtif.h5|172|172|667669,5,0.5711974859237671,0.4509758293628693,0.17113180160522462,0.8366389393806457,0.6222787737846375,0.7000328421592712,0.6613455414772034
final_20260704-022731_augmented_spot_patches_with_masks_e200_b10_lr0.0001_s1,?|Iron_deformed_logtif.h5|167|447|1896154,3,0.5274453163146973,0.3743281265099843,0.12673268467187881,0.8012351393699646,0.4274090031782786,0.7003563245137533,0.6899987459182739
final_20260704-022731_augmented_spot_patches_with_masks_e200_b10_lr0.0001_s1,?|Iron_deformed_logtif.h5|153|433|1857995,4,0.5952124297618866,0.48444104194641113,0.19159377366304398,0.8342319577932358,0.5922094136476517,0.7018093168735504,0.6163203477859497
final_20260704-022731_augmented_spot_patches_with_masks_e200_b10_lr0.0001_s1,?|Al_deformed_LoG_logtif.h5|30|30|444908,14,0.584698634488242,0.497721010020801,0.1808518280408212,0.8475694145475116,0.5918734733547483,0.7019234086785998,0.5798896551132202
final_20260704-022731_augmented_spot_patches_with_masks_e200_b10_lr0.0001_s1,?|Iron_deformed_logtif.h5|275|275|1215260,3,0.5840842326482137,0.45489699641863507,0.18015196919441223,0.7878621220588684,0.5320948461691538,0.7019661664962769,0.660949420928955
final_20260704-022731_augmented_spot_patches_with_masks_e200_b10_lr0.0001_s1,?|Iron_deformed_logtif.h5|55|55|220305,3,0.5959433118502299,0.450029194355011,0.19128856559594473,0.8465129931767782,0.563861091931661,0.7023273905118307,0.6620644211769104
final_20260704-022731_augmented_spot_patches_with_masks_e200_b10_lr0.0001_s1,?|Iron_deformed_logtif.h5|0|0|1623,3,0.5493508378664652,0.45883212486902875,0.14396477490663528,0.8078258236249288,0.5530563195546468,0.7026930252710978,0.6583610415458679
final_20260704-022731_augmented_spot_patches_with_masks_e200_b10_lr0.0001_s1,?|Al_deformed_LoG_logtif.h5|27|61|894788,23,0.568965705840484,0.485056776067485,0.1634648876345676,0.8728811948195748,0.5808781437251879,0.7027504029481307,0.5981175065040588
final_20260704-022731_augmented_spot_patches_with_masks_e200_b10_lr0.0001_s1,?|Ti7Al_logtif.h5|331|331|117248,3,0.5446784496307373,0.39613500237464905,0.13870842258135477,0.7178486188252767,0.4829360644022624,0.7029850085576376,0.6699547290802002
final_20260704-022731_augmented_spot_patches_with_masks_e200_b10_lr0.0001_s1,?|Al_deformed_LoG_logtif.h5|14|14|188210,20,0.592639933526516,0.4879451930522919,0.18600546270608903,0.8477392554283142,0.5967001736164093,0.7033172369003295,0.6250710844993591
final_20260704-022731_augmented_spot_patches_with_masks_e200_b10_lr0.0001_s1,?|Al_deformed_LoG_logtif.h5|18|52|779675,19,0.5616558852948641,0.46729143042313426,0.15390634693597494,0.8730561105828536,0.5927712462450329,0.7038747731008028,0.6271664500236511
final_20260704-022731_augmented_spot_patches_with_masks_e200_b10_lr0.0001_s1,?|Iron_deformed_logtif.h5|103|383|1609828,5,0.626270341873169,0.5045504570007324,0.21830059587955475,0.8061024308204651,0.6179435729980469,0.7039848685264587,0.6545000433921814
final_20260704-022731_augmented_spot_patches_with_masks_e200_b10_lr0.0001_s1,?|Iron_deformed_logtif.h5|190|190|785959,3,0.5888487895329794,0.4633793234825134,0.1782898505528768,0.8347670237223307,0.6070764263470968,0.7052794893582662,0.6615034103393554
final_20260704-022731_augmented_spot_patches_with_masks_e200_b10_lr0.0001_s1,?|Iron_deformed_logtif.h5|274|274|1211311,3,0.5772893826166788,0.42479705810546875,0.16604478657245636,0.8110033869743347,0.503888467947642,0.7056223154067993,0.6645447731018066
final_20260704-022731_augmented_spot_patches_with_masks_e200_b10_lr0.0001_s1,?|Ti7Al_logtif.h5|615|615|277544,3,0.5035561621189117,0.42504632472991943,0.09153072039286296,0.7759365836779276,0.40638067324956256,0.7060127258300781,0.6751975297927857
final_20260704-022731_augmented_spot_patches_with_masks_e200_b10_lr0.0001_s1,?|Iron_deformed_logtif.h5|124|404|1669194,3,0.5890216628710429,0.48076318701108295,0.1768960158030192,0.8311212857564291,0.5823028981685638,0.7060628135999044,0.6836719751358032
final_20260704-022731_augmented_spot_patches_with_masks_e200_b10_lr0.0001_s1,?|Iron_deformed_logtif.h5|37|317|1382409,4,0.6135756969451904,0.48795662075281143,0.20036834105849266,0.8017982244491577,0.5570187494158745,0.7066037058830261,0.6785853624343872
final_20260704-022731_augmented_spot_patches_with_masks_e200_b10_lr0.0001_s1,?|Iron_deformed_logtif.h5|135|135|484462,3,0.5957357883453369,0.46641436219215393,0.18236216406027475,0.7739832798639933,0.6603150169054667,0.706686794757843,0.6089207410812378
final_20260704-022731_augmented_spot_patches_with_masks_e200_b10_lr0.0001_s1,?|Ti7Al_logtif.h5|474|1457|604880,3,0.5546984275182089,0.44511966904004413,0.1409927929441134,0.794527014096578,0.52656489610672,0.7068528135617574,0.6857625842094421
final_20260704-022731_augmented_spot_patches_with_masks_e200_b10_lr0.0001_s1,?|Iron_deformed_logtif.h5|86|367|1556377,5,0.5807517468929291,0.49117031693458557,0.16703549772500992,0.8267231345176697,0.5355606138706207,0.7068581104278564,0.6179430961608887
final_20260704-022731_augmented_spot_patches_with_masks_e200_b10_lr0.0001_s1,?|Iron_deformed_logtif.h5|194|474|2027962,3,0.5957519809405009,0.46503129601478577,0.18192691604296365,0.7879423300425211,0.5479345122973124,0.7069125374158224,0.6804367423057556
final_20260704-022731_augmented_spot_patches_with_masks_e200_b10_lr0.0001_s1,?|Iron_deformed_logtif.h5|272|552|2450634,7,0.6023140549659729,0.46739958439554485,0.18740323611668178,0.8366916605404445,0.6586312736783709,0.707455405167171,0.647033405303955
final_20260704-022731_augmented_spot_patches_with_masks_e200_b10_lr0.0001_s1,?|Iron_deformed_logtif.h5|169|449|1897167,4,0.5782505795359612,0.47079478204250336,0.16329647228121758,0.8132205009460449,0.5612606182694435,0.7074770629405975,0.6539743542671204
final_20260704-022731_augmented_spot_patches_with_masks_e200_b10_lr0.0001_s1,?|Al_deformed_LoG_logtif.h5|7|7|54476,19,0.608988051351748,0.501376682206204,0.192815952395138,0.8347575413553339,0.6161630553634543,0.7080860483018976,0.5985741376876831
final_20260704-022731_augmented_spot_patches_with_masks_e200_b10_lr0.0001_s1,?|Ti7Al_logtif.h5|763|1744|716641,3,0.5458397070566813,0.3969564239184062,0.12897434582312903,0.8359856208165487,0.6674320300420126,0.7084327141443888,0.6895609855651855
final_20260704-022731_augmented_spot_patches_with_masks_e200_b10_lr0.0001_s1,?|Iron_deformed_logtif.h5|34|34|111384,3,0.60891060034434,0.47261003653208417,0.19189581274986267,0.7899846235911051,0.42562644680341083,0.7085073987642924,0.6674232602119445
final_20260704-022731_augmented_spot_patches_with_masks_e200_b10_lr0.0001_s1,?|Iron_deformed_logtif.h5|189|189|785586,6,0.5850900411605835,0.4647105087836583,0.16793632755676904,0.8433288037776947,0.5770876357952753,0.7085768679777781,0.6581384539604187
final_20260704-022731_augmented_spot_patches_with_masks_e200_b10_lr0.0001_s1,?|Al_deformed_LoG_logtif.h5|19|19|353769,17,0.5668088162646574,0.4705789474879994,0.148210685042774,0.8680021973217235,0.5801157723454868,0.7092990559690139,0.6223512053489685
final_20260704-022731_augmented_spot_patches_with_masks_e200_b10_lr0.0001_s1,?|Ti7Al_logtif.h5|278|278|106292,4,0.5216780081391335,0.43516670167446136,0.10131601430475712,0.8199060708284378,0.4855514168739319,0.7101809829473495,0.6775449812412262
final_20260704-022731_augmented_spot_patches_with_masks_e200_b10_lr0.0001_s1,?|Iron_deformed_logtif.h5|13|13|63607,3,0.5589072207609812,0.4605564773082733,0.13830980410178503,0.8379241029421488,0.6340988377730051,0.7102987170219421,0.6620529651641845
final_20260704-022731_augmented_spot_patches_with_masks_e200_b10_lr0.0001_s1,?|Iron_deformed_logtif.h5|276|556|2461082,3,0.5964542229970297,0.4583643575509389,0.17552390694618225,0.8191760381062826,0.5635914206504822,0.7104651729265848,0.663538122177124
final_20260704-022731_augmented_spot_patches_with_masks_e200_b10_lr0.0001_s1,?|Iron_deformed_logtif.h5|27|27|75554,4,0.5726223886013031,0.4672081023454666,0.15052050165832043,0.8246191740036011,0.5676728710532188,0.7110509425401688,0.6584278345108032
final_20260704-022731_augmented_spot_patches_with_masks_e200_b10_lr0.0001_s1,?|Iron_deformed_logtif.h5|89|89|322664,5,0.5862607002258301,0.4840631067752838,0.16409754753112793,0.8298910975456237,0.613079434633255,0.711081576347351,0.6654798507690429
final_20260704-022731_augmented_spot_patches_with_masks_e200_b10_lr0.0001_s1,?|Iron_deformed_logtif.h5|18|299|1307069,4,0.574954204261303,0.45315708965063095,0.15167586505413055,0.844172865152359,0.5665499716997147,0.7116391658782959,0.6888409852981567
final_20260704-022731_augmented_spot_patches_with_masks_e200_b10_lr0.0001_s1,?|Al_deformed_LoG_logtif.h5|5|5|30687,25,0.5944435453414917,0.4900720083713532,0.17026533991098403,0.8612846803665161,0.6196676647663116,0.7120890998840332,0.6200119853019714
final_20260704-022731_augmented_spot_patches_with_masks_e200_b10_lr0.0001_s1,?|Iron_deformed_logtif.h5|279|279|1239202,4,0.5577414780855179,0.42988651245832443,0.13197603821754456,0.8224029839038849,0.5049144513905048,0.7128827124834061,0.6732082426548004
final_20260704-022731_augmented_spot_patches_with_masks_e200_b10_lr0.0001_s1,?|Iron_deformed_logtif.h5|60|340|1491296,3,0.60323033730189,0.4763640860716502,0.17709026237328848,0.8360642790794373,0.6960310339927673,0.7130700548489889,0.6768238186836243
final_20260704-022731_augmented_spot_patches_with_masks_e200_b10_lr0.0001_s1,?|Ti7Al_logtif.h5|846|1828|745292,3,0.594568133354187,0.452343354622523,0.1680829624334971,0.7592311898867289,0.5246357719103495,0.7132425904273987,0.6866906881332397
final_20260704-022731_augmented_spot_patches_with_masks_e200_b10_lr0.0001_s1,?|Iron_deformed_logtif.h5|114|394|1643007,3,0.595723291238149,0.47544510165850323,0.1686116506656011,0.8394031723340353,0.6009039084116617,0.7135558327039083,0.7082970976829529
final_20260704-022731_augmented_spot_patches_with_masks_e200_b10_lr0.0001_s1,?|Ti7Al_logtif.h5|306|1288|501063,4,0.5942630022764206,0.44286733865737915,0.1665020789951086,0.7424137145280838,0.4747861623764038,0.7138804644346237,0.6776722431182861
final_20260704-022731_augmented_spot_patches_with_masks_e200_b10_lr0.0001_s1,?|Al_segvol.h5|2597|2597|14315,3,0.6025055050849915,0.49884429574012756,0.173227588335673,0.8583407600720724,0.5689074794451395,0.7146389484405518,0.7018335342407227
final_20260704-022731_augmented_spot_patches_with_masks_e200_b10_lr0.0001_s1,?|Iron_deformed_logtif.h5|14|14|64651,3,0.5742401778697968,0.4763112962245941,0.144928606847922,0.8921251694361368,0.6410690446694692,0.7146557569503784,0.6933686256408691
final_20260704-022731_augmented_spot_patches_with_masks_e200_b10_lr0.0001_s1,?|Iron_deformed_logtif.h5|125|405|1675921,3,0.5903923312822977,0.4631057878335317,0.16000458598136902,0.8518798549969991,0.5740775863329569,0.7151938478151957,0.7026571035385132
final_20260704-022731_augmented_spot_patches_with_masks_e200_b10_lr0.0001_s1,?|Ti7Al_logtif.h5|134|1116|428768,3,0.5584626098473867,0.47843896349271137,0.12636849035819372,0.8247431914011637,0.565409372250239,0.7160470485687256,0.6917428255081177
final_20260704-022731_augmented_spot_patches_with_masks_e200_b10_lr0.0001_s1,?|Iron_deformed_logtif.h5|39|319|1383099,3,0.5549806555112203,0.4749293227990468,0.12284197906653087,0.891227662563324,0.5920164783795675,0.7160693407058716,0.6873261094093323
final_20260704-022731_augmented_spot_patches_with_masks_e200_b10_lr0.0001_s1,?|Iron_deformed_logtif.h5|53|333|1458032,4,0.5733444541692734,0.4531340152025223,0.14062422700226307,0.8502022176980972,0.5905112847685814,0.7163601219654083,0.6536404073238373
final_20260704-022731_augmented_spot_patches_with_masks_e200_b10_lr0.0001_s1,?|Al_deformed_LoG_logtif.h5|29|29|444632,28,0.6089546063116619,0.5045990347862244,0.1752660575189761,0.8444864068712506,0.6255169191530773,0.716844271336283,0.5998277068138123
final_20260704-022731_augmented_spot_patches_with_masks_e200_b10_lr0.0001_s1,?|Iron_deformed_logtif.h5|127|127|436075,9,0.609106699625651,0.49487964312235516,0.17520435402790704,0.867039680480957,0.6916710469457839,0.7169511715571085,0.6380028009414673
final_20260704-022731_augmented_spot_patches_with_masks_e200_b10_lr0.0001_s1,?|Al_deformed_LoG_logtif.h5|27|27|443830,20,0.6052597612142563,0.5150465682148934,0.17119437865912915,0.8431325763463974,0.6053762242197991,0.7170326769351959,0.6014003396034241
final_20260704-022731_augmented_spot_patches_with_masks_e200_b10_lr0.0001_s1,?|Iron_deformed_logtif.h5|163|443|1881181,3,0.5783207416534424,0.46925655007362366,0.14285387843847275,0.882530411084493,0.678300678730011,0.7177334427833557,0.6601961970329284
final_20260704-022731_augmented_spot_patches_with_masks_e200_b10_lr0.0001_s1,?|Iron_deformed_logtif.h5|230|510|2253954,4,0.53130853921175,0.4479003772139549,0.09451870620250702,0.7906699776649475,0.49563245475292206,0.7183949053287506,0.6923084199428559
final_20260704-022731_augmented_spot_patches_with_masks_e200_b10_lr0.0001_s1,?|Iron_deformed_logtif.h5|33|313|1349905,6,0.5754354000091553,0.49262858430544537,0.1379534030954043,0.8660841385523478,0.5567317406336466,0.7187409897645315,0.654463529586792
final_20260704-022731_augmented_spot_patches_with_masks_e200_b10_lr0.0001_s1,?|Iron_deformed_logtif.h5|17|17|67353,5,0.6227532923221588,0.48664733171463015,0.18434710800647736,0.8460024356842041,0.623863422870636,0.7192031025886536,0.6671484351158142
final_20260704-022731_augmented_spot_patches_with_masks_e200_b10_lr0.0001_s1,?|Iron_deformed_logtif.h5|136|136|495861,4,0.6047680228948593,0.45579615235328674,0.1663566790521145,0.8425173908472061,0.6301233544945717,0.7192056626081467,0.6855757415294648
final_20260704-022731_augmented_spot_patches_with_masks_e200_b10_lr0.0001_s1,?|Al_deformed_LoG_logtif.h5|18|18|337193,18,0.5864215807782279,0.49392616252104443,0.14798603538009855,0.8749053842491574,0.60107631319099,0.7192177673180898,0.6509407937526703
final_20260704-022731_augmented_spot_patches_with_masks_e200_b10_lr0.0001_s1,?|Ti7Al_logtif.h5|479|1460|605758,3,0.5580753187338511,0.4393969972928365,0.11955814560254414,0.8541070620218912,0.6745748817920685,0.7192586064338684,0.6720141291618347
final_20260704-022731_augmented_spot_patches_with_masks_e200_b10_lr0.0001_s1,?|Ti7Al_logtif.h5|800|1782|729836,3,0.5055319567521414,0.4343181252479553,0.0666245420773824,0.7812448740005493,0.5124808053175608,0.7194537123044332,0.7126416444778443
final_20260704-022731_augmented_spot_patches_with_masks_e200_b10_lr0.0001_s1,?|Iron_deformed_logtif.h5|65|65|262514,3,0.5736231009165446,0.47023774186770123,0.13464617232481638,0.8520075480143229,0.5692606369654337,0.7194884618123373,0.7015319705009461
final_20260704-022731_augmented_spot_patches_with_masks_e200_b10_lr0.0001_s1,?|Iron_deformed_logtif.h5|243|243|1093956,4,0.570066325366497,0.4474066197872162,0.13000460341572762,0.8318000435829163,0.5509258434176445,0.7200308442115784,0.6780730962753296
final_20260704-022731_augmented_spot_patches_with_masks_e200_b10_lr0.0001_s1,?|Iron_deformed_logtif.h5|85|85|315186,5,0.5424160242080689,0.4735134541988373,0.10171182304620743,0.876152491569519,0.5829703986644745,0.7203521013259888,0.6625057816505432
final_20260704-022731_augmented_spot_patches_with_masks_e200_b10_lr0.0001_s1,?|Ti7Al_logtif.h5|765|1748|716846,3,0.5582392911116282,0.42599403858184814,0.11680381000041962,0.7124772469202677,0.4291277925173442,0.7207177480061849,0.7009178400039673
final_20260704-022731_augmented_spot_patches_with_masks_e200_b10_lr0.0001_s1,?|Iron_deformed_logtif.h5|234|514|2272117,3,0.5913424591223398,0.4966858724753062,0.14955289661884308,0.8639381925264994,0.5387739340464274,0.7208947738011678,0.6974478960037231
final_20260704-022731_augmented_spot_patches_with_masks_e200_b10_lr0.0001_s1,?|Iron_deformed_logtif.h5|181|461|1951519,3,0.6136371692021688,0.5039127270380656,0.17118831475575766,0.850852350393931,0.6285086373488108,0.7212244470914205,0.6368836760520935
final_20260704-022731_augmented_spot_patches_with_masks_e200_b10_lr0.0001_s1,?|Ti7Al_logtif.h5|561|1541|646447,3,0.5524789690971375,0.43166852990786236,0.10977613925933838,0.7763475179672241,0.5003533264001211,0.7213514049847921,0.6844288110733032
final_20260704-022731_augmented_spot_patches_with_masks_e200_b10_lr0.0001_s1,?|Ti7Al_logtif.h5|951|951|378424,6,0.5886748731136322,0.4761632631222407,0.14586739738782248,0.710106740395228,0.5371550818284353,0.7214037279287974,0.6348542273044586
final_20260704-022731_augmented_spot_patches_with_masks_e200_b10_lr0.0001_s1,?|Al_deformed_LoG_logtif.h5|17|17|318986,16,0.6062334086745977,0.5030481293797493,0.16332728695124388,0.8303201757371426,0.5831291526556015,0.7214530594646931,0.6183596849441528
final_20260704-022731_augmented_spot_patches_with_masks_e200_b10_lr0.0001_s1,?|Iron_deformed_logtif.h5|77|357|1542926,6,0.5863696833451589,0.4860392411549886,0.14306225503484407,0.8368920087814331,0.5521367738644282,0.7216537098089854,0.6898399591445923
final_20260704-022731_augmented_spot_patches_with_masks_e200_b10_lr0.0001_s1,?|Ti7Al_logtif.h5|244|1226|477357,3,0.5658652583758036,0.4429807166258494,0.12120495488246281,0.7827089627583822,0.3535383840401967,0.7223301331202189,0.7107826828956604
final_20260704-022731_augmented_spot_patches_with_masks_e200_b10_lr0.0001_s1,?|Al_deformed_LoG_logtif.h5|22|22|390231,24,0.6236508699754874,0.5287785691519579,0.17850145138800144,0.8616560399532318,0.6293166403969129,0.7225747108459473,0.6221829414367676
final_20260704-022731_augmented_spot_patches_with_masks_e200_b10_lr0.0001_s1,?|Al_deformed_LoG_logtif.h5|25|25|428596,12,0.6006943608323733,0.5025239040454229,0.15494026926656565,0.8534101247787476,0.5435418138901392,0.7228770554065704,0.6166270196437835
final_20260704-022731_augmented_spot_patches_with_masks_e200_b10_lr0.0001_s1,?|Ti7Al_logtif.h5|725|1707|707156,3,0.5663143992424011,0.4538622995217641,0.12018970896800359,0.6715781688690186,0.5131286780039469,0.7230623563130697,0.710530161857605
final_20260704-022731_augmented_spot_patches_with_masks_e200_b10_lr0.0001_s1,?|Iron_deformed_logtif.h5|93|93|333088,3,0.6120701630910238,0.5087682207425436,0.16465431451797485,0.8369574944178263,0.6271383166313171,0.723707934220632,0.6419706106185913
final_20260704-022731_augmented_spot_patches_with_masks_e200_b10_lr0.0001_s1,?|Iron_deformed_logtif.h5|278|278|1238536,5,0.6006444215774536,0.46926072239875793,0.15165926218032838,0.8472723722457886,0.6351986706256867,0.7244925975799561,0.6488933563232422
final_20260704-022731_augmented_spot_patches_with_masks_e200_b10_lr0.0001_s1,?|Iron_deformed_logtif.h5|21|300|1307410,3,0.5791392227013906,0.4744698802630107,0.1293315440416336,0.800101617972056,0.5065719485282898,0.7249038418134054,0.6624937772750854
final_20260704-022731_augmented_spot_patches_with_masks_e200_b10_lr0.0001_s1,?|Ti7Al_logtif.h5|737|737|318628,3,0.6203847130139669,0.4906177719434102,0.17003828287124634,0.7198742230733236,0.5096352299054464,0.7251732349395752,0.6890381813049317
final_20260704-022731_augmented_spot_patches_with_masks_e200_b10_lr0.0001_s1,?|Iron_deformed_logtif.h5|176|176|671863,7,0.598646023443767,0.5054471833365304,0.14798286770071303,0.8699807950428554,0.6157440160002027,0.7253315789358956,0.6540867686271667
final_20260704-022731_augmented_spot_patches_with_masks_e200_b10_lr0.0001_s1,?|Iron_deformed_logtif.h5|22|302|1309528,4,0.6262043863534927,0.49770569801330566,0.17514774948358536,0.810747817158699,0.5995786339044571,0.7255283445119858,0.7103160321712494
final_20260704-022731_augmented_spot_patches_with_masks_e200_b10_lr0.0001_s1,?|Iron_deformed_logtif.h5|70|351|1516103,3,0.6139055093129476,0.49631936351458233,0.16193499167760214,0.829119066397349,0.6177130242188772,0.7259852687517802,0.658449649810791
final_20260704-022731_augmented_spot_patches_with_masks_e200_b10_lr0.0001_s1,?|Iron_deformed_logtif.h5|263|263|1188628,3,0.5978840589523315,0.4422438144683838,0.14536947508653006,0.8404053449630737,0.6343079010645548,0.726257304350535,0.7164776921272278
final_20260704-022731_augmented_spot_patches_with_masks_e200_b10_lr0.0001_s1,?|Iron_deformed_logtif.h5|183|463|1960285,3,0.5972938338915507,0.4810236891110738,0.1440720185637474,0.8498660723368326,0.578887422879537,0.7266109188397726,0.6959038019180298
final_20260704-022731_augmented_spot_patches_with_masks_e200_b10_lr0.0001_s1,?|Iron_deformed_logtif.h5|80|360|1553237,3,0.6296661496162415,0.492228905359904,0.17619353532791138,0.7842682401339213,0.5764741897583008,0.7267362872759501,0.616431713104248
final_20260704-022731_augmented_spot_patches_with_masks_e200_b10_lr0.0001_s1,?|Iron_deformed_logtif.h5|152|432|1846281,3,0.581560750802358,0.43260475993156433,0.1261578525106112,0.8479739626248678,0.5893847942352295,0.7277014454205831,0.7140112042427063
final_20260704-022731_augmented_spot_patches_with_masks_e200_b10_lr0.0001_s1,?|Ti7Al_logtif.h5|291|291|107749,5,0.5632031202316284,0.4207631826400757,0.10779634714126587,0.8199331521987915,0.526724350452423,0.7277034044265747,0.7136210918426513
final_20260704-022731_augmented_spot_patches_with_masks_e200_b10_lr0.0001_s1,?|Iron_deformed_logtif.h5|195|195|807221,3,0.6031846006711324,0.4508083959420522,0.14724057416121164,0.8284231026967367,0.6590127348899841,0.7279720306396484,0.6729131698608398
final_20260704-022731_augmented_spot_patches_with_masks_e200_b10_lr0.0001_s1,?|Ti7Al_logtif.h5|431|1413|574457,3,0.5658106406529745,0.455581267674764,0.1092144896586736,0.8593862255414327,0.6515909830729166,0.7282980680465698,0.6824358344078064
final_20260704-022731_augmented_spot_patches_with_masks_e200_b10_lr0.0001_s1,?|Ti7Al_logtif.h5|579|579|259870,3,0.5644659499327341,0.42299457391103107,0.10741204023361206,0.8884985248247782,0.5049552917480469,0.7285269300142924,0.6921251296997071
final_20260704-022731_augmented_spot_patches_with_masks_e200_b10_lr0.0001_s1,?|Ti7Al_logtif.h5|868|868|355427,3,0.5957061648368835,0.4709309736887614,0.13780692964792252,0.7935553987820944,0.6104153394699097,0.7289496262868246,0.6780729174613953
final_20260704-022731_augmented_spot_patches_with_masks_e200_b10_lr0.0001_s1,?|Iron_deformed_logtif.h5|224|224|1002176,3,0.6101641555627187,0.4718015491962433,0.15002964933713278,0.8486297925313314,0.6726357936859131,0.7300672729810079,0.6812395095825196
final_20260704-022731_augmented_spot_patches_with_masks_e200_b10_lr0.0001_s1,?|Iron_deformed_logtif.h5|235|515|2278776,3,0.6168737808863322,0.49667495489120483,0.15653489281733832,0.8758025566736857,0.7008917133013407,0.7301694552103678,0.6618313312530517
final_20260704-022731_augmented_spot_patches_with_masks_e200_b10_lr0.0001_s1,?|Ti7Al_logtif.h5|900|1881|752712,3,0.5657603740692139,0.4345358908176422,0.10510692745447159,0.8485309282938639,0.513741652170817,0.7303267319997152,0.7149844408035279
final_20260704-022731_augmented_spot_patches_with_masks_e200_b10_lr0.0001_s1,?|Al_deformed_LoG_logtif.h5|4|38|471881,23,0.6118136203807333,0.5067898255327473,0.14994207899207654,0.8341138518374899,0.5630198315433834,0.7309357731238656,0.6379772186279297
final_20260704-022731_augmented_spot_patches_with_masks_e200_b10_lr0.0001_s1,?|Iron_logtif.h5|1800|1800|157572,3,0.6206843256950378,0.4634062647819519,0.15874739984671274,0.7870509823163351,0.5654095411300659,0.7309684753417969,0.7127323150634766
final_20260704-022731_augmented_spot_patches_with_masks_e200_b10_lr0.0001_s1,?|Iron_deformed_logtif.h5|274|554|2452789,4,0.6117428690195084,0.46882396191358566,0.14789047092199326,0.8181678801774979,0.5014669075608253,0.7319262027740479,0.6882559716701507
final_20260704-022731_augmented_spot_patches_with_masks_e200_b10_lr0.0001_s1,?|Ti7Al_logtif.h5|67|67|19272,4,0.5798705816268921,0.4669898971915245,0.11566799879074097,0.8258539587259293,0.5736806839704514,0.7321013063192368,0.6840468406677246
final_20260704-022731_augmented_spot_patches_with_masks_e200_b10_lr0.0001_s1,?|Iron_deformed_logtif.h5|92|372|1572842,4,0.6392527148127556,0.4986609071493149,0.17403161339461803,0.8573523014783859,0.7299825996160507,0.7326105535030365,0.630492877960205
final_20260704-022731_augmented_spot_patches_with_masks_e200_b10_lr0.0001_s1,?|IN718_twins_logtif.h5|333|333|29388,3,0.6274017294247946,0.4836892982323964,0.16209337611993155,0.8427165349324545,0.6267645955085754,0.7326541741689047,0.7004775762557983
final_20260704-022731_augmented_spot_patches_with_masks_e200_b10_lr0.0001_s1,?|Al_deformed_LoG_logtif.h5|16|50|760193,17,0.6041178528000327,0.5112588353016797,0.13580923264517503,0.8392578994526583,0.579920677577748,0.7341543190619525,0.634399664402008
final_20260704-022731_augmented_spot_patches_with_masks_e200_b10_lr0.0001_s1,?|Iron_deformed_logtif.h5|123|403|1657222,3,0.5439761777718862,0.49410852789878845,0.07553796966870625,0.8431016405423483,0.5175664722919464,0.7342190742492676,0.7027141690254212
final_20260704-022731_augmented_spot_patches_with_masks_e200_b10_lr0.0001_s1,?|Ti7Al_logtif.h5|372|372|143345,3,0.5786082943280538,0.44290148218472797,0.10936919848124187,0.8245176871617635,0.5441254576047262,0.7346195578575134,0.667565929889679
final_20260704-022731_augmented_spot_patches_with_masks_e200_b10_lr0.0001_s1,?|Ti7Al_logtif.h5|587|1569|653866,3,0.5982858836650848,0.478825440009435,0.12771994868914285,0.8141090869903564,0.6652380029360453,0.7352829575538635,0.6650963068008423
final_20260704-022731_augmented_spot_patches_with_masks_e200_b10_lr0.0001_s1,?|Iron_deformed_logtif.h5|248|530|2345952,3,0.5884396731853485,0.47084807356198627,0.11752798408269882,0.8516702254613241,0.5028048455715179,0.735455850760142,0.6920294046401978
final_20260704-022731_augmented_spot_patches_with_masks_e200_b10_lr0.0001_s1,?|Iron_deformed_logtif.h5|241|241|1093313,4,0.5951181948184967,0.483591727912426,0.12355919554829597,0.8325579017400742,0.5371707677841187,0.7357795089483261,0.6777154445648194
final_20260704-022731_augmented_spot_patches_with_masks_e200_b10_lr0.0001_s1,?|Iron_deformed_logtif.h5|246|526|2344537,5,0.6537198543548584,0.5214680671691895,0.1810252159833908,0.8744039535522461,0.7519528031349182,0.7363473057746888,0.7059597611427307
final_20260704-022731_augmented_spot_patches_with_masks_e200_b10_lr0.0001_s1,?|Ti7Al_logtif.h5|740|1723|711979,3,0.5636696815490723,0.46783187985420227,0.08941750476757686,0.8224677244822184,0.5955400864283243,0.7371261119842529,0.6842448711395264
final_20260704-022731_augmented_spot_patches_with_masks_e200_b10_lr0.0001_s1,?|Iron_deformed_logtif.h5|149|149|573179,5,0.6491597533226013,0.5155751824378967,0.17295941412448884,0.7748991250991821,0.5339091360569,0.7381001710891724,0.7018039941787719
final_20260704-022731_augmented_spot_patches_with_masks_e200_b10_lr0.0001_s1,?|Iron_deformed_logtif.h5|91|91|323387,3,0.619386891523997,0.4797053337097168,0.14291817446549734,0.8869500557581583,0.7215185761451721,0.7382343411445618,0.6792164206504822
final_20260704-022731_augmented_spot_patches_with_masks_e200_b10_lr0.0001_s1,?|Iron_deformed_logtif.h5|81|362|1554017,4,0.6134828925132751,0.476132795214653,0.13620482571423054,0.8549221605062485,0.6153230369091034,0.7386390417814255,0.7200864374637603
final_20260704-022731_augmented_spot_patches_with_masks_e200_b10_lr0.0001_s1,?|Al_deformed_LoG_logtif.h5|14|48|626060,26,0.6239058535832626,0.5272538157609793,0.14608678465279248,0.8724788289803725,0.641994358255313,0.738909526513173,0.6340750157833099
final_20260704-022731_augmented_spot_patches_with_masks_e200_b10_lr0.0001_s1,?|Al_deformed_LoG_logtif.h5|10|10|167252,17,0.6150163604932672,0.535276661900913,0.13703368253567638,0.8510719187119428,0.5956263314275181,0.7389913446762982,0.670439600944519
final_20260704-022731_augmented_spot_patches_with_masks_e200_b10_lr0.0001_s1,?|Iron_deformed_logtif.h5|111|111|397455,4,0.63215371966362,0.4974912703037262,0.15366311371326447,0.8466663062572479,0.6507475599646568,0.7392453104257584,0.6626720547676086
final_20260704-022731_augmented_spot_patches_with_masks_e200_b10_lr0.0001_s1,?|Al_deformed_LoG_logtif.h5|25|59|878905,16,0.6420828346163034,0.5236004870384932,0.16202308144420385,0.8745877481997013,0.6591823790222406,0.7400298677384853,0.6343548893928528
final_20260704-022731_augmented_spot_patches_with_masks_e200_b10_lr0.0001_s1,?|Iron_deformed_logtif.h5|101|101|361413,5,0.6532903194427491,0.5304515480995178,0.1730073168873787,0.8601491332054139,0.6367838978767395,0.740141499042511,0.6598978519439698
final_20260704-022731_augmented_spot_patches_with_masks_e200_b10_lr0.0001_s1,?|Al_deformed_LoG_logtif.h5|15|15|275101,28,0.6628710808498519,0.5556520830307689,0.17908563039132527,0.8613958678075245,0.6249482131430081,0.7418927316154752,0.6404588103294373
final_20260704-022731_augmented_spot_patches_with_masks_e200_b10_lr0.0001_s1,?|Iron_deformed_logtif.h5|241|521|2332675,5,0.6408985376358032,0.5084828972816468,0.15633397102355956,0.8427564144134522,0.5890889644622803,0.7422822833061218,0.6873748421669006
final_20260704-022731_augmented_spot_patches_with_masks_e200_b10_lr0.0001_s1,?|Al_big_grains_logtif.h5|1987|6931|214006,3,0.5868313113848368,0.5138284663359324,0.1020183265209198,0.8387994766235352,0.5232973992824554,0.7424064874649048,0.726154088973999
final_20260704-022731_augmented_spot_patches_with_masks_e200_b10_lr0.0001_s1,?|Iron_deformed_logtif.h5|207|487|2110068,4,0.6470059156417847,0.536503903567791,0.1602109931409359,0.8415550291538239,0.6400935277342796,0.743397444486618,0.6775179445743561
final_20260704-022731_augmented_spot_patches_with_masks_e200_b10_lr0.0001_s1,?|Al_deformed_LoG_logtif.h5|16|16|316744,25,0.6217128467559815,0.5284121036529541,0.1332821500301361,0.8585512948036194,0.5996148777008057,0.7442153525352478,0.6609047889709473
final_20260704-022731_augmented_spot_patches_with_masks_e200_b10_lr0.0001_s1,?|Iron_deformed_logtif.h5|270|270|1208200,4,0.6419597268104553,0.5281778126955032,0.1532549001276493,0.8614548146724701,0.6336571797728539,0.7443524152040482,0.6885118782520294
final_20260704-022731_augmented_spot_patches_with_masks_e200_b10_lr0.0001_s1,?|Iron_deformed_logtif.h5|39|39|143519,5,0.6330289721488953,0.4907563507556915,0.14370104819536209,0.8488483548164367,0.6088309168815613,0.7446639776229859,0.7177930355072022
final_20260704-022731_augmented_spot_patches_with_masks_e200_b10_lr0.0001_s1,?|Ti7Al_logtif.h5|9|9|1561,4,0.6007046326994896,0.5046476423740387,0.11058616638183594,0.8176195472478867,0.6531118825078011,0.7450592368841171,0.623702484369278
final_20260704-022731_augmented_spot_patches_with_masks_e200_b10_lr0.0001_s1,?|Iron_deformed_logtif.h5|116|396|1643737,4,0.6566085517406464,0.542964406311512,0.16444910317659378,0.873406395316124,0.6798498257994652,0.7460797131061554,0.6908198773860932
final_20260704-022731_augmented_spot_patches_with_masks_e200_b10_lr0.0001_s1,?|Ti7Al_logtif.h5|753|1735|715115,3,0.6409252087275187,0.4886729915936788,0.14764398336410522,0.8091906706492106,0.585594097773234,0.7466406027475992,0.7207979321479797
final_20260704-022731_augmented_spot_patches_with_masks_e200_b10_lr0.0001_s1,?|Ti7Al_logtif.h5|592|1574|655769,3,0.5975682536760966,0.4754831592241923,0.10356493790944417,0.8248813350995382,0.509427140156428,0.7470016678174337,0.7198914051055908
final_20260704-022731_augmented_spot_patches_with_masks_e200_b10_lr0.0001_s1,?|Ti7Al_logtif.h5|689|689|304122,3,0.5738449593385061,0.4472950299580892,0.07962662478288014,0.8554158806800842,0.5762299795945486,0.7471091747283936,0.6901158690452576
final_20260704-022731_augmented_spot_patches_with_masks_e200_b10_lr0.0001_s1,?|Ti7Al_logtif.h5|785|1767|720185,3,0.6094408830006918,0.4771795868873596,0.11372257520755132,0.797139306863149,0.5621400276819865,0.7478591601053873,0.69276043176651
final_20260704-022731_augmented_spot_patches_with_masks_e200_b10_lr0.0001_s1,?|Iron_deformed_logtif.h5|249|527|2345175,4,0.6204563081264496,0.49501898139715195,0.12331215292215347,0.8895405232906342,0.60661531239748,0.7485720664262772,0.6952789008617402
final_20260704-022731_augmented_spot_patches_with_masks_e200_b10_lr0.0001_s1,?|Iron_deformed_logtif.h5|166|166|647236,5,0.6473853945732116,0.5034253537654877,0.14861053824424744,0.835449469089508,0.6673630475997925,0.7493874311447144,0.7040605425834656
final_20260704-022731_augmented_spot_patches_with_masks_e200_b10_lr0.0001_s1,?|Iron_deformed_logtif.h5|1|1|10546,5,0.612058413028717,0.5118260502815246,0.11245893687009811,0.8280972123146058,0.5464057624340057,0.7497997403144836,0.7175770044326782
final_20260704-022731_augmented_spot_patches_with_masks_e200_b10_lr0.0001_s1,?|Al_deformed_LoG_logtif.h5|0|0|14345,21,0.5885896029926482,0.5024914457684472,0.08762698549599875,0.8544550282614571,0.5592601313477471,0.7504813103448778,0.675500750541687
final_20260704-022731_augmented_spot_patches_with_masks_e200_b10_lr0.0001_s1,?|Al_deformed_LoG_logtif.h5|3|37|469193,18,0.6454637977812026,0.5324502421749963,0.14412452611658308,0.8550369607077705,0.6279765946997536,0.7506696350044675,0.6796879231929779
final_20260704-022731_augmented_spot_patches_with_masks_e200_b10_lr0.0001_s1,?|Iron_deformed_logtif.h5|191|471|2026221,3,0.6631365219751993,0.5234576463699341,0.16153927644093832,0.8350140849749247,0.6137317617734274,0.7507986028989156,0.7337484121322632
final_20260704-022731_augmented_spot_patches_with_masks_e200_b10_lr0.0001_s1,?|Ti7Al_logtif.h5|936|1918|774149,3,0.608698566754659,0.4980567892392476,0.10402600467205048,0.7795857191085815,0.5360125998655955,0.7523362835248312,0.7020179271697998
final_20260704-022731_augmented_spot_patches_with_masks_e200_b10_lr0.0001_s1,?|Iron_deformed_logtif.h5|2|2|12606,8,0.6557518728077412,0.5255128964781761,0.15090142842382193,0.8286617174744606,0.6350022666156292,0.7524252235889435,0.7033359289169312
final_20260704-022731_augmented_spot_patches_with_masks_e200_b10_lr0.0001_s1,?|Iron_deformed_logtif.h5|105|105|380792,4,0.6462207734584808,0.508849561214447,0.14037873595952988,0.8180470317602158,0.5675992369651794,0.7529210150241852,0.699588131904602
final_20260704-022731_augmented_spot_patches_with_masks_e200_b10_lr0.0001_s1,?|Iron_deformed_logtif.h5|167|167|658994,3,0.5969968239466349,0.4615532358487447,0.09101803849140803,0.850119968255361,0.49377260605494183,0.75298939148585,0.7116589307785034
final_20260704-022731_augmented_spot_patches_with_masks_e200_b10_lr0.0001_s1,?|Ti7Al_logtif.h5|735|735|318417,3,0.6393836736679077,0.47903090715408325,0.13316575437784195,0.8583229382832845,0.7414201299349467,0.7531089385350546,0.7133725762367249
final_20260704-022731_augmented_spot_patches_with_masks_e200_b10_lr0.0001_s1,?|Al_deformed_LoG_logtif.h5|15|49|716420,28,0.661979187812124,0.5418997768844876,0.15552102947341545,0.8690880388021469,0.658438364309924,0.7532290752444949,0.6646798372268676
final_20260704-022731_augmented_spot_patches_with_masks_e200_b10_lr0.0001_s1,?|Ti7Al_logtif.h5|560|560|255019,3,0.5864739616711935,0.46086923281351727,0.07993838811914127,0.776135524113973,0.6665540337562561,0.753267765045166,0.6556362867355346
final_20260704-022731_augmented_spot_patches_with_masks_e200_b10_lr0.0001_s1,?|Iron_deformed_logtif.h5|102|382|1609497,3,0.6789891719818115,0.5429430603981018,0.1723355899254481,0.8387027184168497,0.6424901485443115,0.7533268133799235,0.6939236879348755
final_20260704-022731_augmented_spot_patches_with_masks_e200_b10_lr0.0001_s1,?|Ti7Al_logtif.h5|1|983|386483,3,0.5979823271433512,0.4830489655335744,0.09061464543143909,0.7526182532310486,0.5610408782958984,0.753683845202128,0.7341774463653564
final_20260704-022731_augmented_spot_patches_with_masks_e200_b10_lr0.0001_s1,?|Iron_deformed_logtif.h5|108|108|396384,3,0.6804472804069519,0.5755936702092489,0.17267627517382303,0.8025083343187968,0.625908891359965,0.7538855075836182,0.7074300527572632
final_20260704-022731_augmented_spot_patches_with_masks_e200_b10_lr0.0001_s1,?|Al_deformed_LoG_logtif.h5|11|11|167555,19,0.6366201874456907,0.5267998889872902,0.12631445338851527,0.8676600644462987,0.639631494095451,0.755152868597131,0.6563587427139282
final_20260704-022731_augmented_spot_patches_with_masks_e200_b10_lr0.0001_s1,?|Al_deformed_LoG_logtif.h5|32|64|895895,23,0.6718380982461183,0.5645783750907235,0.16052354208153227,0.8716754058133,0.6751075205595597,0.7556572815646296,0.6353115677833557
final_20260704-022731_augmented_spot_patches_with_masks_e200_b10_lr0.0001_s1,?|Iron_deformed_logtif.h5|232|232|1020810,3,0.67185378074646,0.5515210231145223,0.1602204144001007,0.8695717652638754,0.681899627049764,0.7558166782061259,0.7056309103965759
final_20260704-022731_augmented_spot_patches_with_masks_e200_b10_lr0.0001_s1,?|Al_deformed_LoG_logtif.h5|3|3|20806,16,0.6413883343338966,0.5234021432697773,0.12866391614079475,0.8583777360618114,0.6273483093827963,0.7563621997833252,0.6900653839111328
final_20260704-022731_augmented_spot_patches_with_masks_e200_b10_lr0.0001_s1,?|Iron_deformed_logtif.h5|62|342|1492694,5,0.6908636927604676,0.5388384878635406,0.1780245691537857,0.8106416583061218,0.6654677748680115,0.756419575214386,0.7476432681083679
final_20260704-022731_augmented_spot_patches_with_masks_e200_b10_lr0.0001_s1,?|Iron_deformed_logtif.h5|187|467|2022761,4,0.6695969551801682,0.5215651765465736,0.15546628087759018,0.857908621430397,0.7805172353982925,0.7570653259754181,0.7240761935710907
final_20260704-022731_augmented_spot_patches_with_masks_e200_b10_lr0.0001_s1,?|Iron_deformed_logtif.h5|152|152|607331,6,0.6340335508187612,0.5130809893210729,0.11988808959722519,0.853247195482254,0.6529723107814789,0.7570727169513702,0.6868205666542053
final_20260704-022731_augmented_spot_patches_with_masks_e200_b10_lr0.0001_s1,?|Ti7Al_logtif.h5|278|1260|494692,3,0.6185499827067057,0.48502567410469055,0.10423787931601207,0.8463807503382365,0.6208600501219431,0.7571560541788737,0.7068555474281311
final_20260704-022731_augmented_spot_patches_with_masks_e200_b10_lr0.0001_s1,?|Iron_deformed_logtif.h5|131|131|446796,4,0.6646704077720642,0.5237102210521698,0.14939730614423752,0.7795038819313049,0.4888632334768772,0.7576365619897842,0.7107463777065277
final_20260704-022731_augmented_spot_patches_with_masks_e200_b10_lr0.0001_s1,?|Iron_deformed_logtif.h5|102|102|368709,6,0.666175107161204,0.5178134789069494,0.1506716931859652,0.8518711924552917,0.704659640789032,0.7577517231305441,0.7091177403926849
final_20260704-022731_augmented_spot_patches_with_masks_e200_b10_lr0.0001_s1,?|Ti7Al_logtif.h5|330|1312|505227,3,0.6559268633524576,0.5170136094093323,0.13935484488805136,0.7710018952687582,0.5947555204232534,0.7582859992980957,0.7100147843360901
final_20260704-022731_augmented_spot_patches_with_masks_e200_b10_lr0.0001_s1,?|Iron_deformed_logtif.h5|59|59|249552,4,0.657824769616127,0.5199605897068977,0.14069252833724022,0.8362594097852707,0.6451551616191864,0.7585661262273788,0.7086995124816895
final_20260704-022731_augmented_spot_patches_with_masks_e200_b10_lr0.0001_s1,?|Iron_deformed_logtif.h5|162|442|1877566,3,0.6142414808273315,0.48834482828776044,0.09518908833463986,0.8683358033498129,0.5820926825205485,0.7595261732737223,0.7459928393363953
final_20260704-022731_augmented_spot_patches_with_masks_e200_b10_lr0.0001_s1,?|IN718_twins_logtif.h5|692|692|58235,3,0.7296273708343506,0.5983093678951263,0.21037040650844574,0.8638714154561361,0.6024594108263651,0.7596284945805868,0.7040948033332824
final_20260704-022731_augmented_spot_patches_with_masks_e200_b10_lr0.0001_s1,?|Al_deformed_LoG_logtif.h5|9|9|125856,30,0.6851107776165009,0.5631912728150685,0.16408770357569058,0.8648674507935842,0.6711214244365692,0.7605115314324696,0.642457926273346
final_20260704-022731_augmented_spot_patches_with_masks_e200_b10_lr0.0001_s1,?|Ti7Al_logtif.h5|605|1587|664057,3,0.6469197670618693,0.5002114176750183,0.12493600447972615,0.868097980817159,0.5979259808858236,0.7609918713569641,0.749588918685913
final_20260704-022731_augmented_spot_patches_with_masks_e200_b10_lr0.0001_s1,?|Al_deformed_LoG_logtif.h5|9|43|572797,19,0.6540254511331257,0.5434945147288474,0.13050501597555061,0.8767578507724562,0.6536654375101391,0.7617602128731576,0.6791806221008301
final_20260704-022731_augmented_spot_patches_with_masks_e200_b10_lr0.0001_s1,?|Iron_deformed_logtif.h5|144|424|1768990,4,0.6389561370015144,0.5566556006669998,0.11508292611688375,0.8778892159461975,0.6380512416362762,0.761936604976654,0.6978323698043823
final_20260704-022731_augmented_spot_patches_with_masks_e200_b10_lr0.0001_s1,?|Iron_deformed_logtif.h5|41|321|1394494,4,0.6735300123691559,0.5457197725772858,0.1491469219326973,0.875180572271347,0.8054867386817932,0.7621915340423584,0.7344364523887634
final_20260704-022731_augmented_spot_patches_with_masks_e200_b10_lr0.0001_s1,?|Ti7Al_logtif.h5|593|593|265156,3,0.6617759267489115,0.5169848799705505,0.13334713876247406,0.7857385675112406,0.5802248318990072,0.7642143964767456,0.7239827990531922
final_20260704-022731_augmented_spot_patches_with_masks_e200_b10_lr0.0001_s1,?|Iron_deformed_logtif.h5|173|173|668050,4,0.6825098544359207,0.5440578535199165,0.1529253926128149,0.8795547783374786,0.7598883807659149,0.7647922486066818,0.7111962080001831
final_20260704-022731_augmented_spot_patches_with_masks_e200_b10_lr0.0001_s1,?|Iron_deformed_logtif.h5|248|248|1106248,3,0.6510829329490662,0.5034297207991282,0.1209337388475736,0.8494346141815186,0.7106015880902609,0.765074610710144,0.724282157421112
final_20260704-022731_augmented_spot_patches_with_masks_e200_b10_lr0.0001_s1,?|Iron_deformed_logtif.h5|193|473|2027590,3,0.6705935100714365,0.5754175782203674,0.1401347815990448,0.8775079647699991,0.6908061603705088,0.7652293642361959,0.6889668226242065
final_20260704-022731_augmented_spot_patches_with_masks_e200_b10_lr0.0001_s1,?|Iron_deformed_logtif.h5|42|322|1394565,3,0.6795059442520142,0.5681557854016622,0.14868220686912537,0.8841633200645447,0.7410005927085876,0.7654118537902832,0.7363991022109986
final_20260704-022731_augmented_spot_patches_with_masks_e200_b10_lr0.0001_s1,?|Iron_deformed_logtif.h5|9|289|1260309,3,0.6751871307690939,0.5514325300852457,0.1433219090104103,0.8484806021054586,0.6335139175256094,0.7659325997034708,0.6899739265441894
final_20260704-022731_augmented_spot_patches_with_masks_e200_b10_lr0.0001_s1,?|Al_deformed_LoG_logtif.h5|0|34|461737,22,0.6651665297421542,0.5556288348002867,0.13311380994590846,0.8478912115097046,0.6116404072804884,0.7660263560035012,0.6901960611343384
final_20260704-022731_augmented_spot_patches_with_masks_e200_b10_lr0.0001_s1,?|Iron_deformed_logtif.h5|191|191|786702,8,0.6959069222211838,0.5663244538009167,0.16379250772297382,0.8604822382330894,0.7334895208477974,0.7660571932792664,0.694389283657074
final_20260704-022731_augmented_spot_patches_with_masks_e200_b10_lr0.0001_s1,?|Al_deformed_LoG_logtif.h5|26|60|891702,23,0.6478129132934238,0.5577802295270173,0.11484405625125636,0.8424974913182466,0.6045955192783604,0.7664844212324723,0.6642605900764466
final_20260704-022731_augmented_spot_patches_with_masks_e200_b10_lr0.0001_s1,?|Ti7Al_logtif.h5|867|1849|749230,3,0.6562361021836599,0.5522424578666687,0.1225048080086708,0.8227103153864542,0.7017513314882914,0.7668656706809998,0.639667546749115
final_20260704-022731_augmented_spot_patches_with_masks_e200_b10_lr0.0001_s1,?|Iron_deformed_logtif.h5|270|550|2449837,5,0.6767107367515564,0.58572958111763,0.13900824934244155,0.8585835814476013,0.7035504758358002,0.7688512325286865,0.6483176946640015
final_20260704-022731_augmented_spot_patches_with_masks_e200_b10_lr0.0001_s1,?|Iron_deformed_logtif.h5|117|397|1649342,3,0.663354734579722,0.5459805826346079,0.12514475484689078,0.8541111350059509,0.5192054112752279,0.7691049973169962,0.7143273115158081
final_20260704-022731_augmented_spot_patches_with_masks_e200_b10_lr0.0001_s1,?|IN718_twins_logtif.h5|1278|1278|108160,3,0.7177366813023885,0.5900382598241171,0.17768791317939758,0.9100495179494222,0.7614137331644694,0.7700243790944418,0.6754786968231201
final_20260704-022731_augmented_spot_patches_with_masks_e200_b10_lr0.0001_s1,?|Iron_deformed_logtif.h5|250|250|1106997,4,0.6618213057518005,0.5050604492425919,0.12169395200908184,0.8451842218637466,0.6487835645675659,0.7700636833906174,0.7159700036048889
final_20260704-022731_augmented_spot_patches_with_masks_e200_b10_lr0.0001_s1,?|Ti7Al_logtif.h5|907|907|360786,3,0.6177921493848165,0.4671859045823415,0.07696329181392987,0.7882740696271261,0.667049249013265,0.7704144318898519,0.708052110671997
final_20260704-022731_augmented_spot_patches_with_masks_e200_b10_lr0.0001_s1,?|Iron_deformed_logtif.h5|100|100|360369,4,0.70085608959198,0.562925785779953,0.15881013125181198,0.8540536165237427,0.7404094785451889,0.7710229754447937,0.7313834011554718
final_20260704-022731_augmented_spot_patches_with_masks_e200_b10_lr0.0001_s1,?|Al_big_grains_logtif.h5|3202|3202|103431,3,0.6794153451919556,0.589950442314148,0.13696774343649545,0.7507789731025696,0.6284935971101125,0.7712238232294718,0.688820195198059
final_20260704-022731_augmented_spot_patches_with_masks_e200_b10_lr0.0001_s1,?|Ti7Al_logtif.h5|163|1144|441312,3,0.6708593765894572,0.5292057196299235,0.12810063858826956,0.8550755580266317,0.636540412902832,0.7713793714841207,0.7507031917572021
final_20260704-022731_augmented_spot_patches_with_masks_e200_b10_lr0.0001_s1,?|Al_deformed_LoG_logtif.h5|24|24|428139,22,0.7174163054336201,0.5888146324591204,0.1738973202353174,0.8636009855703874,0.7190258679064837,0.7717595019123771,0.6915721833705902
final_20260704-022731_augmented_spot_patches_with_masks_e200_b10_lr0.0001_s1,?|Al_deformed_LoG_logtif.h5|24|58|878465,20,0.7109577119350433,0.5853688910603523,0.16723064221441747,0.8876488626003265,0.7248710945248604,0.7718635320663452,0.6662201404571533
final_20260704-022731_augmented_spot_patches_with_masks_e200_b10_lr0.0001_s1,?|Ti7Al_logtif.h5|661|1643|680280,3,0.6435468196868896,0.503995676835378,0.09817429631948471,0.8261338273684183,0.6806777318318685,0.7726862827936808,0.737852668762207
final_20260704-022731_augmented_spot_patches_with_masks_e200_b10_lr0.0001_s1,?|Iron_deformed_logtif.h5|93|373|1573666,4,0.6656973958015442,0.5273642688989639,0.1166526535525918,0.8689700365066528,0.6718116104602814,0.7745223492383957,0.7508037745952606
final_20260704-022731_augmented_spot_patches_with_masks_e200_b10_lr0.0001_s1,?|Ti7Al_logtif.h5|356|1338|522142,3,0.6995373368263245,0.5556844174861908,0.14956088364124298,0.7348572810490926,0.5584657291571299,0.7749882141749064,0.7198453783988953
final_20260704-022731_augmented_spot_patches_with_masks_e200_b10_lr0.0001_s1,?|Iron_deformed_logtif.h5|198|478|2057750,4,0.730704054236412,0.6035465523600578,0.1805618517100811,0.829964816570282,0.7110657244920731,0.7750711292028427,0.7232779145240784
final_20260704-022731_augmented_spot_patches_with_masks_e200_b10_lr0.0001_s1,?|Ti7Al_logtif.h5|120|1102|427246,3,0.6856554945309957,0.5576956073443095,0.1339259371161461,0.8543108304341634,0.7035918831825256,0.7758647600809733,0.7709272027015686
final_20260704-022731_augmented_spot_patches_with_masks_e200_b10_lr0.0001_s1,?|Ti7Al_logtif.h5|903|1882|752818,3,0.6263137658437093,0.4937182863553365,0.07232097163796425,0.8834302624066671,0.6364908417065939,0.776996393998464,0.7103721141815186
final_20260704-022731_augmented_spot_patches_with_masks_e200_b10_lr0.0001_s1,?|Ti7Al_logtif.h5|81|1063|411051,5,0.6792394518852234,0.5520474553108216,0.12440502941608429,0.8451929092407227,0.6397149741649628,0.7774171948432922,0.7161452651023865
final_20260704-022731_augmented_spot_patches_with_masks_e200_b10_lr0.0001_s1,?|Al_deformed_LoG_logtif.h5|12|12|167848,21,0.6758480951899574,0.563261064745131,0.12039560150532495,0.8789050295239403,0.6908288370995295,0.7777262585503715,0.715643048286438
final_20260704-022731_augmented_spot_patches_with_masks_e200_b10_lr0.0001_s1,?|Iron_deformed_logtif.h5|189|469|2025484,3,0.6843010981877645,0.5655061701933543,0.12467142194509506,0.8624568978945414,0.6290619969367981,0.7798148194948832,0.7386383533477783
final_20260704-022731_augmented_spot_patches_with_masks_e200_b10_lr0.0001_s1,?|Iron_deformed_logtif.h5|67|67|264081,3,0.7136430740356445,0.5908636748790741,0.1524131322900454,0.872455378373464,0.718784749507904,0.780614972114563,0.7158818244934082
final_20260704-022731_augmented_spot_patches_with_masks_e200_b10_lr0.0001_s1,?|Iron_deformed_logtif.h5|242|242|1093635,4,0.6839366257190704,0.5591444224119186,0.12237494066357613,0.8617733269929886,0.6478319764137268,0.7807808369398117,0.7229226648807525
final_20260704-022731_augmented_spot_patches_with_masks_e200_b10_lr0.0001_s1,?|Ti7Al_logtif.h5|39|39|12402,3,0.6614230275154114,0.5133847196896871,0.09972640996177991,0.722529927889506,0.39291034638881683,0.7808483044306437,0.7184878468513489
final_20260704-022731_augmented_spot_patches_with_masks_e200_b10_lr0.0001_s1,?|Ti7Al_logtif.h5|317|317|115086,3,0.6824204723040262,0.5657432973384857,0.1139506349960963,0.814364473025004,0.5947147409121195,0.784234901269277,0.7254092216491699
final_20260704-022731_augmented_spot_patches_with_masks_e200_b10_lr0.0001_s1,?|Al_deformed_LoG_logtif.h5|4|4|23047,17,0.7192990516915041,0.6045826568323023,0.1491895580992979,0.879778851481045,0.7015144386712242,0.7850547397837919,0.7028741598129272
final_20260704-022731_augmented_spot_patches_with_masks_e200_b10_lr0.0001_s1,?|Al_deformed_LoG_logtif.h5|32|32|445244,19,0.731845642391004,0.607871623415696,0.16130278494797254,0.8674020108423734,0.7022783207265955,0.7852714218591389,0.6980812072753906
final_20260704-022731_augmented_spot_patches_with_masks_e200_b10_lr0.0001_s1,?|Ti7Al_logtif.h5|125|125|38081,3,0.6539186437924703,0.5216894249121348,0.08279653638601303,0.88687797387441,0.7536297837893168,0.7855610847473145,0.7490331411361695
final_20260704-022731_augmented_spot_patches_with_masks_e200_b10_lr0.0001_s1,?|Al_big_grains_logtif.h5|481|5423|169747,3,0.6995966633160909,0.572571744521459,0.12730979919433594,0.8339687983194987,0.6884793241818746,0.786143441994985,0.735024893283844
final_20260704-022731_augmented_spot_patches_with_masks_e200_b10_lr0.0001_s1,?|Al_big_grains_logtif.h5|4294|9239|295394,3,0.716025193532308,0.591773142417272,0.14190549651781717,0.8420527378718058,0.6805930336316427,0.7870598435401917,0.7315403342247009
final_20260704-022731_augmented_spot_patches_with_masks_e200_b10_lr0.0001_s1,?|Ti7Al_logtif.h5|458|1440|597994,4,0.6782552152872086,0.5423266142606735,0.10009075049310923,0.8060288578271866,0.5851370766758919,0.7890821993350983,0.7454409718513488
final_20260704-022731_augmented_spot_patches_with_masks_e200_b10_lr0.0001_s1,?|Al_deformed_LoG_logtif.h5|12|46|607012,28,0.7308451320443835,0.6266933009028435,0.15244250425270625,0.8709038027695247,0.7238125215683665,0.7892013085739953,0.6519873678684235
final_20260704-022731_augmented_spot_patches_with_masks_e200_b10_lr0.0001_s1,?|Al_deformed_LoG_logtif.h5|10|44|606472,28,0.7272236389773232,0.6041874853628022,0.14828591713947908,0.8819833653313773,0.717699259519577,0.7894688610519681,0.7236294865608215
final_20260704-022731_augmented_spot_patches_with_masks_e200_b10_lr0.0001_s1,?|Ti7Al_logtif.h5|746|1728|712611,4,0.6691686883568764,0.5519401803612709,0.08640713710337877,0.8813266605138779,0.7542922869324684,0.7913807779550552,0.6921921849250794
final_20260704-022731_augmented_spot_patches_with_masks_e200_b10_lr0.0001_s1,?|Iron_deformed_logtif.h5|105|385|1622522,3,0.675288458665212,0.556102434794108,0.09031352897485097,0.8676501909891764,0.6457127134005228,0.7924874822298685,0.7109617710113525
final_20260704-022731_augmented_spot_patches_with_masks_e200_b10_lr0.0001_s1,?|Ti7Al_logtif.h5|89|89|24821,3,0.7075720429420471,0.5839099586009979,0.11967575550079346,0.7821351289749146,0.6093556384245554,0.7939481337865194,0.7225688695907593
final_20260704-022731_augmented_spot_patches_with_masks_e200_b10_lr0.0001_s1,?|Iron_deformed_logtif.h5|278|558|2479788,3,0.7544299364089966,0.6284275054931641,0.16531079510847727,0.8420444925626119,0.7590159376462301,0.7945595582326254,0.7321399927139283
final_20260704-022731_augmented_spot_patches_with_masks_e200_b10_lr0.0001_s1,?|Ti7Al_logtif.h5|192|192|64402,3,0.7235041260719299,0.5969728926817576,0.1339207043250402,0.7680841684341431,0.7155414720376333,0.7947916984558105,0.7381832003593445
final_20260704-022731_augmented_spot_patches_with_masks_e200_b10_lr0.0001_s1,?|IN718_twins_logtif.h5|825|2202|189095,3,0.7385083238283793,0.6391838788986206,0.14813820521036783,0.873735785484314,0.7679625153541565,0.7951850692431132,0.6555401802062988
final_20260704-022731_augmented_spot_patches_with_masks_e200_b10_lr0.0001_s1,?|Iron_deformed_logtif.h5|192|472|2026576,3,0.7288347085316976,0.6047852834065756,0.1342102363705635,0.8585262497266134,0.7321928342183431,0.7973122398058573,0.7237716674804687
final_20260704-022731_augmented_spot_patches_with_masks_e200_b10_lr0.0001_s1,?|Iron_deformed_logtif.h5|174|174|668440,4,0.721805140376091,0.5886854529380798,0.125722736120224,0.875797912478447,0.7290861755609512,0.7980411946773529,0.7459319472312927
final_20260704-022731_augmented_spot_patches_with_masks_e200_b10_lr0.0001_s1,?|Ti7Al_logtif.h5|153|153|50619,3,0.6971625487009684,0.5992374420166016,0.0996555636326472,0.8213614225387573,0.6925505995750427,0.7987534999847412,0.7398881793022156
final_20260704-022731_augmented_spot_patches_with_masks_e200_b10_lr0.0001_s1,?|IN718_twins_logtif.h5|885|885|73830,4,0.731839045882225,0.6476501226425171,0.13393033295869827,0.9034309089183807,0.6832225397229195,0.7989543676376343,0.6537143349647522
final_20260704-022731_augmented_spot_patches_with_masks_e200_b10_lr0.0001_s1,?|Al_deformed_LoG_logtif.h5|11|45|606718,21,0.750357136839912,0.6329275767008463,0.14881164935373126,0.8713122095380511,0.7250011165936788,0.8007727407273793,0.737476646900177
final_20260704-022731_augmented_spot_patches_with_masks_e200_b10_lr0.0001_s1,?|Iron_deformed_logtif.h5|73|73|294002,3,0.7123018105824789,0.5819943646589915,0.11033191531896591,0.903729259967804,0.780896008014679,0.8009849588076273,0.7433626532554627
final_20260704-022731_augmented_spot_patches_with_masks_e200_b10_lr0.0001_s1,?|Ti7Al_logtif.h5|726|726|314065,4,0.7050322592258453,0.5593525171279907,0.10129375662654638,0.8788433521986008,0.7471361011266708,0.8018692433834076,0.7346537292003632
final_20260704-022731_augmented_spot_patches_with_masks_e200_b10_lr0.0001_s1,?|Ti7Al_logtif.h5|530|1512|630809,3,0.7537325620651245,0.6185635526974996,0.1446033368508021,0.8342543443044027,0.7436925371487936,0.8045645952224731,0.7675710916519165
final_20260704-022731_augmented_spot_patches_with_masks_e200_b10_lr0.0001_s1,?|IN718_twins_logtif.h5|1224|1224|103276,3,0.7526619732379913,0.6655364831288656,0.1363277261455854,0.8844649990399679,0.7121515174706777,0.8081671198209127,0.6732716679573059
final_20260704-022731_augmented_spot_patches_with_masks_e200_b10_lr0.0001_s1,?|Iron_logtif.h5|3842|11538|1017745,3,0.7325992385546366,0.6567158897717794,0.11411560326814651,0.9370912114779154,0.7859680950641632,0.8092418114344279,0.6917136907577515
final_20260704-022731_augmented_spot_patches_with_masks_e200_b10_lr0.0001_s1,?|Iron_deformed_logtif.h5|131|411|1687350,7,0.7967369045530047,0.691050614629473,0.1657197145479066,0.8448496801512582,0.754203166280474,0.8155085955347333,0.7047446489334106
final_20260704-022731_augmented_spot_patches_with_masks_e200_b10_lr0.0001_s1,?|Ti7Al_logtif.h5|502|502|226160,3,0.743336538473765,0.6139318446318308,0.11167814210057259,0.8407549063364664,0.7773047884305319,0.8158291975657145,0.7461869359016419
final_20260704-022731_augmented_spot_patches_with_masks_e200_b10_lr0.0001_s1,?|IN718_twins_logtif.h5|703|2081|178440,3,0.7967070539792379,0.6814214984575907,0.16404598702987036,0.9020000894864401,0.7564918200174967,0.8163305123647054,0.7479613423347473
final_20260704-022731_augmented_spot_patches_with_masks_e200_b10_lr0.0001_s1,?|Ti7Al_logtif.h5|230|1213|471619,3,0.7477242549260458,0.6125224431355795,0.1118211696545283,0.8662308851877848,0.7283925215403239,0.817951520284017,0.7923819541931152
final_20260704-022731_augmented_spot_patches_with_masks_e200_b10_lr0.0001_s1,?|Al_deformed_LoG_logtif.h5|26|26|441233,21,0.7271604140599569,0.6259659273283822,0.08829937928489276,0.8746504471415565,0.680522124682154,0.8194305215563092,0.7077642679214478
final_20260704-022731_augmented_spot_patches_with_masks_e200_b10_lr0.0001_s1,?|IN718_twins_logtif.h5|1271|2649|226498,3,0.7646933396657308,0.6646788020928701,0.12045007695754369,0.941047747929891,0.810720682144165,0.8221216599146525,0.7187321186065674
final_20260704-022731_augmented_spot_patches_with_masks_e200_b10_lr0.0001_s1,?|IN718_twins_logtif.h5|322|1698|147131,3,0.8033397197723389,0.6990996797879537,0.1576389620701472,0.913274089495341,0.7567329208056132,0.8228503863016764,0.7018527984619141
final_20260704-022731_augmented_spot_patches_with_masks_e200_b10_lr0.0001_s1,?|Iron_deformed_logtif.h5|161|441|1867701,4,0.7483865320682526,0.6644599810242653,0.10239120945334435,0.9057450741529465,0.7816101163625717,0.822997659444809,0.7449602603912353
final_20260704-022731_augmented_spot_patches_with_masks_e200_b10_lr0.0001_s1,?|IN718_twins_logtif.h5|108|1486|128639,3,0.8091793855031332,0.7248698770999908,0.1628796805938085,0.9018591443697611,0.7789422273635864,0.8231498599052429,0.6975308537483216
final_20260704-022731_augmented_spot_patches_with_masks_e200_b10_lr0.0001_s1,?|IN718_twins_logtif.h5|569|1947|167097,3,0.7816931207974752,0.6532224416732788,0.1349693387746811,0.9172593355178833,0.8069185813268026,0.823361893494924,0.7880553364753723
final_20260704-022731_augmented_spot_patches_with_masks_e200_b10_lr0.0001_s1,?|Ti7Al_logtif.h5|878|878|356416,3,0.7736197908719381,0.6404328544934591,0.11459850644071896,0.7916597723960876,0.7215685447057089,0.8295106291770935,0.803161108493805
final_20260704-022731_augmented_spot_patches_with_masks_e200_b10_lr0.0001_s1,?|Al_big_grains_logtif.h5|1823|6767|209024,3,0.7535993059476217,0.6430505911509196,0.08268511792023976,0.9302699168523153,0.7879707217216492,0.8354570865631104,0.7783581972122192
final_20260704-022731_augmented_spot_patches_with_masks_e200_b10_lr0.0001_s1,?|IN718_twins_logtif.h5|612|612|50032,3,0.8163551688194275,0.7107428312301636,0.1170661672949791,0.9241263667742411,0.8045305411020914,0.8496444821357727,0.7872873067855835
final_20260704-022731_augmented_spot_patches_with_masks_e200_b10_lr0.0001_s1,?|IN718_twins_logtif.h5|909|2288|195464,3,0.8027128378550211,0.6813651323318481,0.1011776551604271,0.9544616341590881,0.8737539450327555,0.8507675925890604,0.7998213648796082
final_20260704-022731_augmented_spot_patches_with_masks_e200_b10_lr0.0001_s1,?|Ti7Al_logtif.h5|738|1720|711689,3,0.770208458105723,0.6556828618049622,0.06728839625914891,0.8771996100743612,0.8037701845169067,0.8514600396156311,0.8017837285995484
final_20260704-022731_augmented_spot_patches_with_masks_e200_b10_lr0.0001_s1,?|IN718_twins_logtif.h5|929|929|76478,3,0.8427898287773132,0.7362963755925497,0.1398086448510488,0.9323527812957764,0.8487360676129659,0.8514905969301859,0.7893929719924927
final_20260704-022731_augmented_spot_patches_with_masks_e200_b10_lr0.0001_s1,?|IN718_twins_logtif.h5|216|1595|136423,3,0.8331500887870789,0.7558897932370504,0.12358267046511173,0.9347928365071615,0.7967912157376608,0.8547836939493815,0.7196292281150818
final_20260704-022731_augmented_spot_patches_with_masks_e200_b10_lr0.0001_s1,?|IN718_twins_logtif.h5|518|1895|162872,3,0.8439851800600687,0.7551255027453104,0.11883293340603511,0.9237116376558939,0.8286149899164835,0.8625761071840922,0.7866515994071961
final_20260704-022731_augmented_spot_patches_with_masks_e200_b10_lr0.0001_s1,?|Ti7Al_logtif.h5|380|1363|531358,3,0.8268844286600748,0.718964139620463,0.09918156762917836,0.8732662796974182,0.8284786740938822,0.8638514280319214,0.8120245456695556
final_20260704-022731_augmented_spot_patches_with_masks_e200_b10_lr0.0001_s1,?|IN718_twins_logtif.h5|1066|2443|209241,3,0.871062437693278,0.7764562964439392,0.11792292694250743,0.9594313104947408,0.8910636703173319,0.8765697677930196,0.8517898917198181
final_20260704-022731_augmented_spot_patches_with_masks_e200_b10_lr0.0001_s1,?|IN718_twins_logtif.h5|343|1722|148837,3,0.8621184428532919,0.7681012153625488,0.10384244720141093,0.96340012550354,0.8956607580184937,0.8791380127271017,0.8293205738067627
final_20260704-022731_augmented_spot_patches_with_masks_e200_b10_lr0.0001_s1,?|IN718_twins_logtif.h5|1082|2459|210603,3,0.8841698169708252,0.7963021794954935,0.11960218101739883,0.906081755956014,0.8729087114334106,0.8822838266690572,0.8222885727882385
final_20260704-022731_augmented_spot_patches_with_masks_e200_b10_lr0.0001_s1,?|IN718_twins_logtif.h5|813|2190|188254,3,0.872006376584371,0.7999737660090128,0.08244836702942848,0.968774139881134,0.8611161907513937,0.8947790066401163,0.8014724850654602
final_20260704-022731_augmented_spot_patches_with_masks_e200_b10_lr0.0001_s1,?|IN718_twins_logtif.h5|483|1861|159477,3,0.8953445752461752,0.8278533021608988,0.07931396799782912,0.9721166094144186,0.9072676698366801,0.9080152908960978,0.8608904242515564
final_20260704-022731_augmented_spot_patches_with_masks_e200_b10_lr0.0001_s1,?|Al_segvol.h5|4499|4499|24632,3,0.9116188883781433,0.8428043723106384,0.07718871037165324,0.9679336945215861,0.949638565381368,0.9172150691350301,0.8823439359664917
final_20260704-022731_augmented_spot_patches_with_masks_e200_b10_lr0.0001_s1,?|IN718_twins_logtif.h5|183|1559|134525,3,0.9227081139882406,0.8622121016184489,0.08054988210399945,0.9709563652674357,0.9482344190279642,0.9210791190465292,0.8970407724380494
final_20260704-022731_augmented_spot_patches_with_masks_e200_b10_lr0.0001_s1,?|IN718_twins_logtif.h5|425|1801|157178,3,0.9229776660601298,0.8616982698440552,0.07489752893646558,0.9810216228167216,0.9368029634157816,0.9240400592486063,0.8947194576263428
final_20260709-141342_augmented_spots_train_pin_e200_b10_lr0.0001_s1,?|Iron_deformed_logtif.h5|55|55|220305,3,0.5913165012995402,0.440865953763326,0.19795687993367514,0.8414599895477295,0.6265594959259033,0.6966797908147176,0.6832167387008667
final_20260709-141342_augmented_spots_train_pin_e200_b10_lr0.0001_s1,?|Iron_deformed_logtif.h5|22|22|70041,3,0.6251476605733236,0.4903336465358734,0.20140504837036133,0.8364495237668356,0.5984100103378296,0.7118713061014811,0.6565655708312989
final_20260709-141342_augmented_spots_train_pin_e200_b10_lr0.0001_s1,?|Iron_deformed_logtif.h5|61|341|1491473,3,0.6384538014729818,0.4775562087694804,0.19695583482583365,0.829026440779368,0.6265362699826559,0.7207489609718323,0.703095817565918
final_20260709-141342_augmented_spots_train_pin_e200_b10_lr0.0001_s1,?|Ti7Al_logtif.h5|740|1723|711979,3,0.5400600830713908,0.4578789373238881,0.08832244699199994,0.7551992138226827,0.5078408817450205,0.725868821144104,0.6667192697525024
final_20260709-141342_augmented_spots_train_pin_e200_b10_lr0.0001_s1,?|Iron_deformed_logtif.h5|238|518|2313516,3,0.6828841169675192,0.5398804942766825,0.22952372332413992,0.8295769492785136,0.6702389121055603,0.7266801794370016,0.7027124881744384
final_20260709-141342_augmented_spots_train_pin_e200_b10_lr0.0001_s1,?|Iron_deformed_logtif.h5|135|135|484462,3,0.6517573197682699,0.5031282305717468,0.19085496167341867,0.7956337134043375,0.5821419556935629,0.7304511666297913,0.6931733369827271
final_20260709-141342_augmented_spots_train_pin_e200_b10_lr0.0001_s1,?|Iron_deformed_logtif.h5|96|376|1581320,3,0.6483887533346812,0.5529430707295736,0.1779727985461553,0.7898063262303671,0.6429370443026224,0.7352079749107361,0.6695226550102233
final_20260709-141342_augmented_spots_train_pin_e200_b10_lr0.0001_s1,?|Iron_deformed_logtif.h5|95|95|333463,3,0.6673369805018107,0.507787843545278,0.1878597488005956,0.7732411821683248,0.5128893256187439,0.7397386034329733,0.7083399057388305
final_20260709-141342_augmented_spots_train_pin_e200_b10_lr0.0001_s1,?|Iron_deformed_logtif.h5|120|400|1655560,4,0.6619543433189392,0.5494385734200478,0.17975138872861862,0.8206681907176971,0.6656441390514374,0.74110147356987,0.7065479040145874
final_20260709-141342_augmented_spots_train_pin_e200_b10_lr0.0001_s1,?|Iron_deformed_logtif.h5|98|98|344511,4,0.709150955080986,0.55384561419487,0.22264095023274422,0.8206869661808014,0.5672882944345474,0.743255004286766,0.7136813819408416
final_20260709-141342_augmented_spots_train_pin_e200_b10_lr0.0001_s1,?|Iron_deformed_logtif.h5|272|552|2450634,7,0.6918021355356488,0.5555899313517979,0.19918142684868403,0.8234761783054897,0.6610452447618756,0.7463103617940631,0.6741415500640869
final_20260709-141342_augmented_spots_train_pin_e200_b10_lr0.0001_s1,?|Iron_deformed_logtif.h5|5|5|17872,5,0.6600833177566529,0.5372334122657776,0.1644662693142891,0.8580675959587097,0.616964066028595,0.7478085279464721,0.7042430400848388
final_20260709-141342_augmented_spots_train_pin_e200_b10_lr0.0001_s1,?|Iron_deformed_logtif.h5|248|530|2345952,3,0.6455877820650736,0.52004607518514,0.14817778766155243,0.8306488990783691,0.605629046758016,0.7487050096193949,0.7175671339035035
final_20260709-141342_augmented_spots_train_pin_e200_b10_lr0.0001_s1,?|Iron_deformed_logtif.h5|116|396|1643737,4,0.6784797608852386,0.536526694893837,0.17731929570436478,0.848582923412323,0.6989980712532997,0.750580221414566,0.6886390447616577
final_20260709-141342_augmented_spots_train_pin_e200_b10_lr0.0001_s1,?|Iron_deformed_logtif.h5|56|56|220626,3,0.6953870256741842,0.5583690603574117,0.19118965168793997,0.8507007956504822,0.7209417422612509,0.7520986994107565,0.6934108734130859
final_20260709-141342_augmented_spots_train_pin_e200_b10_lr0.0001_s1,?|Iron_deformed_logtif.h5|121|401|1655920,4,0.68315289914608,0.5744418799877167,0.1778744701296091,0.7277150005102158,0.6394573673605919,0.7526392191648483,0.7122932195663452
final_20260709-141342_augmented_spots_train_pin_e200_b10_lr0.0001_s1,?|Iron_deformed_logtif.h5|127|407|1676778,4,0.7055121660232544,0.583100438117981,0.19300538301467896,0.8566226810216904,0.6291140988469124,0.7562533766031265,0.7084502518177033
final_20260709-141342_augmented_spots_train_pin_e200_b10_lr0.0001_s1,?|Iron_deformed_logtif.h5|252|532|2351102,3,0.6811778545379639,0.5371168851852417,0.16535774370034537,0.8096189697583517,0.6528578797976176,0.7579100529352824,0.7288848161697388
final_20260709-141342_augmented_spots_train_pin_e200_b10_lr0.0001_s1,?|Iron_deformed_logtif.h5|153|433|1857995,4,0.7361049205064774,0.6190050169825554,0.21700187027454376,0.8114597350358963,0.6420350074768066,0.759551540017128,0.6895606040954589
final_20260709-141342_augmented_spots_train_pin_e200_b10_lr0.0001_s1,?|Al_deformed_LoG_logtif.h5|5|39|481387,20,0.7299284934997559,0.5944106772541999,0.2100331474095583,0.8486719787120819,0.6620732635259629,0.7599476784467697,0.6946092784404755
final_20260709-141342_augmented_spots_train_pin_e200_b10_lr0.0001_s1,?|Iron_deformed_logtif.h5|23|23|70379,3,0.7164291143417358,0.5688762664794922,0.19477538267771402,0.8518300453821818,0.6810534199078878,0.760826845963796,0.715109896659851
final_20260709-141342_augmented_spots_train_pin_e200_b10_lr0.0001_s1,?|Iron_deformed_logtif.h5|17|17|67353,5,0.7134970664978028,0.5635062277317047,0.1841448187828064,0.8472665309906006,0.6487525165081024,0.7646761178970337,0.7107098579406739
final_20260709-141342_augmented_spots_train_pin_e200_b10_lr0.0001_s1,?|Iron_deformed_logtif.h5|248|248|1106248,3,0.6769910057385763,0.5383947094281515,0.14605624228715897,0.7968231042226156,0.6650375525156657,0.7654673854509989,0.697357439994812
final_20260709-141342_augmented_spots_train_pin_e200_b10_lr0.0001_s1,?|Al_deformed_LoG_logtif.h5|24|58|878465,20,0.7270212441682815,0.591583602130413,0.1952652245759964,0.8641478300094605,0.6929694801568985,0.7658780097961426,0.7022828698158264
final_20260709-141342_augmented_spots_train_pin_e200_b10_lr0.0001_s1,?|Ti7Al_logtif.h5|735|735|318417,3,0.6798252860705057,0.5864641666412354,0.14758924146493277,0.7223996520042419,0.6469842195510864,0.7661180297533671,0.6635965824127197
final_20260709-141342_augmented_spots_train_pin_e200_b10_lr0.0001_s1,?|Iron_deformed_logtif.h5|276|556|2461082,3,0.6870877742767334,0.5683053135871887,0.15149004757404327,0.8611905177434286,0.6450552741686503,0.7677988608678182,0.7435299396514893
final_20260709-141342_augmented_spots_train_pin_e200_b10_lr0.0001_s1,?|Iron_deformed_logtif.h5|102|382|1609497,3,0.689539889494578,0.541063666343689,0.14875799914201102,0.8753612041473389,0.7403356234232584,0.7703909675280253,0.7214898586273193
final_20260709-141342_augmented_spots_train_pin_e200_b10_lr0.0001_s1,?|Iron_deformed_logtif.h5|60|340|1491296,3,0.7252296805381775,0.5839674671490988,0.18216865261395773,0.8338007728258768,0.7390773892402649,0.7715305288632711,0.7484360098838806
final_20260709-141342_augmented_spots_train_pin_e200_b10_lr0.0001_s1,?|Iron_deformed_logtif.h5|92|372|1572842,4,0.7207861989736557,0.5716718584299088,0.177507683634758,0.8558023124933243,0.7265245318412781,0.7716392576694489,0.7525521814823151
final_20260709-141342_augmented_spots_train_pin_e200_b10_lr0.0001_s1,?|Iron_deformed_logtif.h5|184|464|1988468,6,0.7185947895050049,0.611194243033727,0.17513931294282278,0.8618458112080892,0.6615447551012039,0.771727720896403,0.6735186278820038
final_20260709-141342_augmented_spots_train_pin_e200_b10_lr0.0001_s1,?|Iron_deformed_logtif.h5|55|334|1461026,3,0.7455904483795166,0.6004276672999064,0.2018099824587504,0.862098236878713,0.7427620887756348,0.7718902428944906,0.7408181428909302
final_20260709-141342_augmented_spots_train_pin_e200_b10_lr0.0001_s1,?|Iron_deformed_logtif.h5|194|474|2027962,3,0.7076043287913004,0.5658735632896423,0.1611484487851461,0.8439474304517111,0.7216412623723348,0.7732279499371847,0.7388076305389404
final_20260709-141342_augmented_spots_train_pin_e200_b10_lr0.0001_s1,?|Iron_deformed_logtif.h5|181|461|1951519,3,0.7512447436650594,0.6154552896817526,0.20456844568252563,0.8206823269526163,0.7382724285125732,0.7733381390571594,0.7203784823417664
final_20260709-141342_augmented_spots_train_pin_e200_b10_lr0.0001_s1,?|Iron_deformed_logtif.h5|84|363|1554874,4,0.7491493672132492,0.6243736296892166,0.20111849531531334,0.8183065950870514,0.6981898546218872,0.7740154266357422,0.7617910027503967
final_20260709-141342_augmented_spots_train_pin_e200_b10_lr0.0001_s1,?|Iron_deformed_logtif.h5|127|127|436075,9,0.7271920839945475,0.6110403537750244,0.176916456884808,0.8550153507126702,0.7020151085323758,0.7751378152105544,0.6828797340393067
final_20260709-141342_augmented_spots_train_pin_e200_b10_lr0.0001_s1,?|Ti7Al_logtif.h5|273|273|104028,4,0.6969180256128311,0.5631456449627876,0.1461647991091013,0.849051833152771,0.6418415009975433,0.7753766179084778,0.7073795318603515
final_20260709-141342_augmented_spots_train_pin_e200_b10_lr0.0001_s1,?|Al_deformed_LoG_logtif.h5|7|7|54476,19,0.7378433691827875,0.6053786026804071,0.18675362554035688,0.8466728611996299,0.7159390167186135,0.775544872409419,0.6859548091888428
final_20260709-141342_augmented_spots_train_pin_e200_b10_lr0.0001_s1,?|Iron_deformed_logtif.h5|114|394|1643007,3,0.7120276689529419,0.5676628251870474,0.15870492160320282,0.8661617437998453,0.7085150480270386,0.7766613960266113,0.7239777088165283
final_20260709-141342_augmented_spots_train_pin_e200_b10_lr0.0001_s1,?|Iron_deformed_logtif.h5|259|539|2410871,4,0.713603287935257,0.6091565862298012,0.15942921116948128,0.8144620060920715,0.7012856155633926,0.7770870327949524,0.7337030589580535
final_20260709-141342_augmented_spots_train_pin_e200_b10_lr0.0001_s1,?|Iron_deformed_logtif.h5|273|553|2451312,7,0.7605426141193935,0.6341871959822518,0.20540852631841386,0.8142740300723484,0.7154759253774371,0.7775670460292271,0.7179428577423096
final_20260709-141342_augmented_spots_train_pin_e200_b10_lr0.0001_s1,?|Iron_deformed_logtif.h5|58|58|242737,3,0.7234877745310465,0.605324000120163,0.16821284095446268,0.8480321764945984,0.7032595177491506,0.7776374419530233,0.679114580154419
final_20260709-141342_augmented_spots_train_pin_e200_b10_lr0.0001_s1,?|Iron_deformed_logtif.h5|167|447|1896154,3,0.6525336901346842,0.5916346311569214,0.09689019247889519,0.8066093524297079,0.6313053866227468,0.7778217792510986,0.6837821960449219
final_20260709-141342_augmented_spots_train_pin_e200_b10_lr0.0001_s1,?|Iron_deformed_logtif.h5|195|195|807221,3,0.7402534286181132,0.6037185192108154,0.18249463041623434,0.7800167004267374,0.6390530864397684,0.7788794040679932,0.730294156074524
final_20260709-141342_augmented_spots_train_pin_e200_b10_lr0.0001_s1,?|Iron_deformed_logtif.h5|190|190|785959,3,0.7325153946876526,0.584350049495697,0.1744439701239268,0.842652420202891,0.7175725897153219,0.7790356874465942,0.7764923334121704
final_20260709-141342_augmented_spots_train_pin_e200_b10_lr0.0001_s1,?|Iron_deformed_logtif.h5|216|496|2201946,4,0.7716437131166458,0.6433865427970886,0.2132311835885048,0.8344739675521851,0.7509133368730545,0.7792062759399414,0.7244820296764374
final_20260709-141342_augmented_spots_train_pin_e200_b10_lr0.0001_s1,?|Al_deformed_LoG_logtif.h5|11|11|167555,19,0.7174706396303678,0.5905560333477823,0.15807554125785828,0.8497351690342552,0.6090649280108904,0.7796975499705264,0.6930347681045532
final_20260709-141342_augmented_spots_train_pin_e200_b10_lr0.0001_s1,?|Iron_deformed_logtif.h5|174|174|668440,4,0.7046913653612137,0.5589825883507729,0.14216007478535175,0.8537261784076691,0.6410959661006927,0.7812656462192535,0.718579226732254
final_20260709-141342_augmented_spots_train_pin_e200_b10_lr0.0001_s1,?|Iron_deformed_logtif.h5|62|342|1492694,5,0.752886164188385,0.6135279297828674,0.19020914137363434,0.8034696578979492,0.6601122975349426,0.7813385248184204,0.7545639038085937
final_20260709-141342_augmented_spots_train_pin_e200_b10_lr0.0001_s1,?|Al_deformed_LoG_logtif.h5|8|8|54671,22,0.7586694224314257,0.6321446421471509,0.19547156583179126,0.837170351635326,0.7253872020678087,0.7815989255905151,0.6910033762454987
final_20260709-141342_augmented_spots_train_pin_e200_b10_lr0.0001_s1,?|Iron_deformed_logtif.h5|197|197|812567,6,0.7164569993813833,0.6065893868605295,0.15298920621474585,0.8562661409378052,0.7268128097057343,0.7817338903745016,0.7219660580158234
final_20260709-141342_augmented_spots_train_pin_e200_b10_lr0.0001_s1,?|Al_deformed_LoG_logtif.h5|14|14|188210,20,0.749633738398552,0.619466857612133,0.18599809668958187,0.8588764518499374,0.6887945502996444,0.7818178236484528,0.6882033824920655
final_20260709-141342_augmented_spots_train_pin_e200_b10_lr0.0001_s1,?|Al_deformed_LoG_logtif.h5|3|3|20806,16,0.7120015919208527,0.5783815253525972,0.1477594254538417,0.8416408784687519,0.5744317378848791,0.782121080905199,0.7031065225601196
final_20260709-141342_augmented_spots_train_pin_e200_b10_lr0.0001_s1,?|Iron_deformed_logtif.h5|275|555|2456737,5,0.7623569965362549,0.6270031452178955,0.19801959693431853,0.8516266465187072,0.7588762879371643,0.782168734073639,0.73565514087677
final_20260709-141342_augmented_spots_train_pin_e200_b10_lr0.0001_s1,?|Iron_deformed_logtif.h5|274|274|1211311,3,0.6987028121948242,0.5456587870915731,0.13291855404774347,0.8615816831588745,0.739757239818573,0.7828921476999918,0.7766571283340454
final_20260709-141342_augmented_spots_train_pin_e200_b10_lr0.0001_s1,?|Iron_logtif.h5|1800|1800|157572,3,0.7266521255175272,0.5802033742268881,0.1601335604985555,0.8128872116406759,0.7316157619158427,0.7832592924435934,0.77601637840271
final_20260709-141342_augmented_spots_train_pin_e200_b10_lr0.0001_s1,?|Iron_deformed_logtif.h5|27|27|75554,4,0.7121599763631821,0.581954300403595,0.14483731053769588,0.840836688876152,0.6217073649168015,0.7836613357067108,0.7049040913581848
final_20260709-141342_augmented_spots_train_pin_e200_b10_lr0.0001_s1,?|Iron_deformed_logtif.h5|217|497|2202296,4,0.7333369255065918,0.6067774742841721,0.16500380635261536,0.7940827906131744,0.6098399013280869,0.7841665744781494,0.7562623500823975
final_20260709-141342_augmented_spots_train_pin_e200_b10_lr0.0001_s1,?|Al_deformed_LoG_logtif.h5|24|24|428139,22,0.7504135072231293,0.618694467978044,0.17991302568804135,0.8629203167828646,0.7373179197311401,0.7852502383969047,0.7004109919071198
final_20260709-141342_augmented_spots_train_pin_e200_b10_lr0.0001_s1,?|Ti7Al_logtif.h5|746|1728|712611,4,0.6627307236194611,0.5399477258324623,0.09184576012194157,0.8455288410186768,0.6655452400445938,0.7854424864053726,0.7323537170886993
final_20260709-141342_augmented_spots_train_pin_e200_b10_lr0.0001_s1,?|Al_deformed_LoG_logtif.h5|33|67|896466,26,0.7631008739654834,0.6321193885344726,0.19170963105100852,0.8585658692396604,0.7084485739469528,0.7856956216005179,0.7124249339103699
final_20260709-141342_augmented_spots_train_pin_e200_b10_lr0.0001_s1,?|Iron_deformed_logtif.h5|178|458|1910882,4,0.7450432479381561,0.6335748583078384,0.17357677780091763,0.8704009652137756,0.7222882360219955,0.785733237862587,0.6680101215839386
final_20260709-141342_augmented_spots_train_pin_e200_b10_lr0.0001_s1,?|Al_deformed_LoG_logtif.h5|25|59|878905,16,0.7463322058320045,0.6234200745820999,0.17461370304226875,0.8724688813090324,0.742336742579937,0.7858592607080936,0.6813470125198364
final_20260709-141342_augmented_spots_train_pin_e200_b10_lr0.0001_s1,?|Al_deformed_LoG_logtif.h5|12|46|607012,28,0.7462162226438522,0.6178065165877342,0.17241853635225976,0.8656322572912488,0.6949124240449497,0.7868988450084414,0.7216719210147857
final_20260709-141342_augmented_spots_train_pin_e200_b10_lr0.0001_s1,?|Al_deformed_LoG_logtif.h5|33|33|445437,25,0.7261921048164368,0.6029657018184662,0.1516595786809921,0.8800374865531921,0.7101477313041688,0.7872662615776062,0.6922492861747742
final_20260709-141342_augmented_spots_train_pin_e200_b10_lr0.0001_s1,?|Al_deformed_LoG_logtif.h5|27|61|894788,23,0.7578869902569315,0.6363626498243083,0.18177410247533218,0.8720950639766195,0.6793336732232053,0.7880564357923425,0.7193506121635437
final_20260709-141342_augmented_spots_train_pin_e200_b10_lr0.0001_s1,?|Iron_deformed_logtif.h5|172|172|667669,5,0.7660112619400025,0.6380543351173401,0.18987272977828978,0.8201076269149781,0.7107607603073121,0.7880692839622497,0.7360397458076477
final_20260709-141342_augmented_spots_train_pin_e200_b10_lr0.0001_s1,?|Al_deformed_LoG_logtif.h5|11|45|606718,21,0.7400886217753092,0.6118056972821554,0.16382832718747004,0.8734022208622524,0.6653474995068142,0.788130141439892,0.7024705410003662
final_20260709-141342_augmented_spots_train_pin_e200_b10_lr0.0001_s1,?|Iron_deformed_logtif.h5|22|302|1309528,4,0.7457612603902817,0.6116760224103928,0.1684190295636654,0.8484027832746506,0.7428300082683563,0.7886710911989212,0.7400795519351959
final_20260709-141342_augmented_spots_train_pin_e200_b10_lr0.0001_s1,?|Iron_deformed_logtif.h5|246|526|2344537,5,0.7702069520950318,0.6392870306968689,0.1921614110469818,0.8601495742797851,0.7699506163597107,0.7890227675437927,0.7555787682533264
final_20260709-141342_augmented_spots_train_pin_e200_b10_lr0.0001_s1,?|Ti7Al_logtif.h5|615|615|277544,3,0.6389982203642527,0.5764837662378947,0.0608661820491155,0.7923831144968668,0.526286318898201,0.7890660166740417,0.6671691775321961
final_20260709-141342_augmented_spots_train_pin_e200_b10_lr0.0001_s1,?|Iron_deformed_logtif.h5|136|136|495861,4,0.7254765927791595,0.5907417982816696,0.14724468439817429,0.8799234628677368,0.7576528638601303,0.7891159504652023,0.7193574965000152
final_20260709-141342_augmented_spots_train_pin_e200_b10_lr0.0001_s1,?|Al_deformed_LoG_logtif.h5|30|65|895940,22,0.7562845525416461,0.6329041258855299,0.1773935082283887,0.8683663362806494,0.7121985893357884,0.7894455248659308,0.6821534991264343
final_20260709-141342_augmented_spots_train_pin_e200_b10_lr0.0001_s1,?|Iron_deformed_logtif.h5|13|293|1302579,4,0.745035246014595,0.6121514737606049,0.1636517196893692,0.8585758656263351,0.7635554075241089,0.7906917482614517,0.7118307411670685
final_20260709-141342_augmented_spots_train_pin_e200_b10_lr0.0001_s1,?|Iron_deformed_logtif.h5|189|469|2025484,3,0.7022276322046915,0.5806810657183329,0.12078554679950078,0.8627689480781555,0.7295600970586141,0.7907210389773051,0.7395870208740234
final_20260709-141342_augmented_spots_train_pin_e200_b10_lr0.0001_s1,?|Iron_deformed_logtif.h5|77|357|1542926,6,0.688298707207044,0.5970802108446757,0.1051182287434737,0.8452289998531342,0.6891109297672907,0.7915902435779572,0.7129808664321899
final_20260709-141342_augmented_spots_train_pin_e200_b10_lr0.0001_s1,?|Iron_deformed_logtif.h5|93|373|1573666,4,0.7134919315576553,0.5882884562015533,0.12995105050504208,0.8666595965623856,0.6030869483947754,0.791770413517952,0.695220285654068
final_20260709-141342_augmented_spots_train_pin_e200_b10_lr0.0001_s1,?|Iron_deformed_logtif.h5|241|241|1093313,4,0.7040189951658249,0.5832851827144623,0.11921963095664978,0.8650412708520889,0.7392561733722687,0.7923996895551682,0.7293509423732758
final_20260709-141342_augmented_spots_train_pin_e200_b10_lr0.0001_s1,?|Iron_deformed_logtif.h5|187|467|2022761,4,0.7361970096826553,0.6119929850101471,0.1511085145175457,0.8721192628145218,0.7404603660106659,0.7925442606210709,0.71453817486763
final_20260709-141342_augmented_spots_train_pin_e200_b10_lr0.0001_s1,?|Iron_deformed_logtif.h5|159|159|624558,4,0.7847891300916672,0.650808572769165,0.19967030361294746,0.839822843670845,0.7530065327882767,0.792559415102005,0.759528535604477
final_20260709-141342_augmented_spots_train_pin_e200_b10_lr0.0001_s1,?|Iron_deformed_logtif.h5|183|463|1960285,3,0.7257027626037598,0.5920293827851614,0.1399538218975067,0.8560923536618551,0.7941050926844279,0.7928744753201803,0.7276095509529114
final_20260709-141342_augmented_spots_train_pin_e200_b10_lr0.0001_s1,?|Iron_deformed_logtif.h5|163|443|1881181,3,0.7335482041041056,0.6093696157137553,0.1461728165547053,0.8869438171386719,0.7816377480824789,0.7936877210934957,0.718887448310852
final_20260709-141342_augmented_spots_train_pin_e200_b10_lr0.0001_s1,?|Ti7Al_logtif.h5|674|1655|690234,3,0.6747596661249796,0.5664298435052236,0.08709903806447983,0.8699596126874288,0.6563742359479269,0.7938303351402283,0.7351119756698609
final_20260709-141342_augmented_spots_train_pin_e200_b10_lr0.0001_s1,?|Ti7Al_logtif.h5|244|1226|477357,3,0.6646392345428467,0.5926774342854818,0.07696205284446478,0.8006394505500793,0.6335515677928925,0.7938385804494222,0.6852914094924927
final_20260709-141342_augmented_spots_train_pin_e200_b10_lr0.0001_s1,?|Al_deformed_LoG_logtif.h5|6|6|54274,27,0.7833954956796434,0.6651434534125857,0.19507031584227527,0.8516349792480469,0.7512653127864555,0.79416259571358,0.7182679653167725
final_20260709-141342_augmented_spots_train_pin_e200_b10_lr0.0001_s1,?|Al_deformed_LoG_logtif.h5|32|64|895895,23,0.7591105518133744,0.6231957259385482,0.17010356032330057,0.8737329451934152,0.7582805597263834,0.7945034944492838,0.728590476512909
final_20260709-141342_augmented_spots_train_pin_e200_b10_lr0.0001_s1,?|Iron_deformed_logtif.h5|192|472|2026576,3,0.7255330880482992,0.5859761238098145,0.13594570755958557,0.8778426249821981,0.7524560491243998,0.7947936852773031,0.7917051315307617
final_20260709-141342_augmented_spots_train_pin_e200_b10_lr0.0001_s1,?|Iron_deformed_logtif.h5|189|189|785586,6,0.7228993475437164,0.6119620054960251,0.13261298586924872,0.8895407716433207,0.7567747831344604,0.7951431771119436,0.6983897387981415
final_20260709-141342_augmented_spots_train_pin_e200_b10_lr0.0001_s1,?|Iron_deformed_logtif.h5|141|141|523753,3,0.7779694596926371,0.6484681566556295,0.18687090277671814,0.8576586842536926,0.7595680753389994,0.7955492734909058,0.7340384960174561
final_20260709-141342_augmented_spots_train_pin_e200_b10_lr0.0001_s1,?|Iron_deformed_logtif.h5|138|138|519077,4,0.7474851608276367,0.6301462352275848,0.15625550039112568,0.8414150476455688,0.7513392418622971,0.7956148236989975,0.7620895743370056
final_20260709-141342_augmented_spots_train_pin_e200_b10_lr0.0001_s1,?|Iron_deformed_logtif.h5|245|525|2343145,3,0.7600738803545634,0.622671902179718,0.16818461815516153,0.8766252001126608,0.8107200066248575,0.7959446310997009,0.7607914686203003
final_20260709-141342_augmented_spots_train_pin_e200_b10_lr0.0001_s1,?|Iron_deformed_logtif.h5|37|317|1382409,4,0.7668426334857941,0.6391116380691528,0.1738833747804165,0.8455450385808945,0.7327318340539932,0.7964796423912048,0.7254872918128967
final_20260709-141342_augmented_spots_train_pin_e200_b10_lr0.0001_s1,?|Al_deformed_LoG_logtif.h5|3|37|469193,18,0.7555726617574692,0.6378551291094886,0.15956217919786772,0.8584787713156806,0.6970855957931943,0.7980052365197076,0.6887318134307862
final_20260709-141342_augmented_spots_train_pin_e200_b10_lr0.0001_s1,?|Iron_deformed_logtif.h5|103|383|1609828,5,0.7925703763961792,0.6684115350246429,0.19633297324180604,0.8461924076080323,0.7722810268402099,0.7981186985969544,0.7470764279365539
final_20260709-141342_augmented_spots_train_pin_e200_b10_lr0.0001_s1,?|Iron_deformed_logtif.h5|42|322|1394565,3,0.764130969842275,0.6349869072437286,0.16727263232072195,0.8693403800328573,0.7512346704800924,0.7984291513760885,0.7477334618568421
final_20260709-141342_augmented_spots_train_pin_e200_b10_lr0.0001_s1,?|Al_deformed_LoG_logtif.h5|16|16|316744,25,0.7644917869567871,0.6363990890979767,0.16744042694568634,0.8533593559265137,0.6655079591274261,0.7985256791114808,0.7212004423141479
final_20260709-141342_augmented_spots_train_pin_e200_b10_lr0.0001_s1,?|Iron_deformed_logtif.h5|143|143|525365,3,0.7754843632380167,0.6508650978406271,0.17839113374551138,0.8644312818845113,0.7680492003758749,0.7985466122627258,0.7265506029129029
final_20260709-141342_augmented_spots_train_pin_e200_b10_lr0.0001_s1,?|Iron_deformed_logtif.h5|168|448|1896773,3,0.7320935527483622,0.6455411314964294,0.13348094125588736,0.8255329529444376,0.7383581499258677,0.799306333065033,0.7076307773590088
final_20260709-141342_augmented_spots_train_pin_e200_b10_lr0.0001_s1,?|Iron_deformed_logtif.h5|274|554|2452789,4,0.732863187789917,0.5939856320619583,0.13397778011858463,0.8484550416469574,0.6524931341409683,0.799442708492279,0.7394128561019897
final_20260709-141342_augmented_spots_train_pin_e200_b10_lr0.0001_s1,?|Al_deformed_LoG_logtif.h5|22|56|838484,30,0.7710237771272659,0.6516095717748006,0.17190294737617176,0.8733902831872304,0.7257427424192429,0.799560417731603,0.6992550969123841
final_20260709-141342_augmented_spots_train_pin_e200_b10_lr0.0001_s1,?|Al_deformed_LoG_logtif.h5|10|44|606472,28,0.7651458978652954,0.644741133919784,0.1654883043042251,0.8724282554217747,0.7463386995451791,0.7998287911925998,0.6930683135986329
final_20260709-141342_augmented_spots_train_pin_e200_b10_lr0.0001_s1,?|Iron_deformed_logtif.h5|278|278|1238536,5,0.7417198061943054,0.6231425285339356,0.14078713804483414,0.8811671376228333,0.7827632665634155,0.8004663228988648,0.7245038270950317
final_20260709-141342_augmented_spots_train_pin_e200_b10_lr0.0001_s1,?|Iron_deformed_logtif.h5|129|409|1686682,3,0.7845398386319479,0.652066171169281,0.18359602491060892,0.8490957021713257,0.7677701512972513,0.8004719217618307,0.7508025527000427
final_20260709-141342_augmented_spots_train_pin_e200_b10_lr0.0001_s1,?|Al_deformed_LoG_logtif.h5|27|27|443830,20,0.7626803755760193,0.645259964466095,0.1610843189060688,0.8829858660697937,0.7540913075208664,0.8007980287075043,0.6889788985252381
final_20260709-141342_augmented_spots_train_pin_e200_b10_lr0.0001_s1,?|Al_deformed_LoG_logtif.h5|29|29|444632,28,0.775409391948155,0.6551821466003146,0.17240489912884577,0.8716952162129539,0.7263783887028694,0.8015022426843643,0.728429514169693
final_20260709-141342_augmented_spots_train_pin_e200_b10_lr0.0001_s1,?|Al_deformed_LoG_logtif.h5|5|5|30687,25,0.7738554048538208,0.6438800656795501,0.17082467168569565,0.8791355872154236,0.7660715913772583,0.801515371799469,0.7441890358924865
final_20260709-141342_augmented_spots_train_pin_e200_b10_lr0.0001_s1,?|Al_deformed_LoG_logtif.h5|32|32|445244,19,0.7661579125805905,0.639056312410455,0.1620104305054012,0.8777283398728621,0.7442003065033963,0.8020737484881753,0.6815305471420288
final_20260709-141342_augmented_spots_train_pin_e200_b10_lr0.0001_s1,?|Iron_deformed_logtif.h5|191|191|786702,8,0.7577754184603691,0.6386246010661125,0.15358460415154696,0.8892917707562447,0.7934673130512238,0.8020954206585884,0.7016972601413727
final_20260709-141342_augmented_spots_train_pin_e200_b10_lr0.0001_s1,?|Iron_deformed_logtif.h5|249|527|2345175,4,0.7395173907279968,0.6124560981988907,0.13505751639604568,0.8722389340400696,0.7143894657492638,0.8022299557924271,0.736725676059723
final_20260709-141342_augmented_spots_train_pin_e200_b10_lr0.0001_s1,?|Iron_deformed_logtif.h5|235|515|2278776,3,0.7562242348988851,0.6342044671376547,0.15001844863096872,0.8678345084190369,0.7497587700684866,0.8031028906504313,0.7311511278152466
final_20260709-141342_augmented_spots_train_pin_e200_b10_lr0.0001_s1,?|Al_deformed_LoG_logtif.h5|18|52|779675,19,0.7868763710323133,0.672348722031242,0.18056754807108327,0.8597618310075057,0.7374428667520222,0.8031544183429918,0.6815305471420288
final_20260709-141342_augmented_spots_train_pin_e200_b10_lr0.0001_s1,?|Al_deformed_LoG_logtif.h5|4|38|471881,23,0.7568484311518462,0.6244004744550457,0.14868772062270538,0.8667039067848868,0.7137102303297623,0.8040803385817487,0.7255766153335571
final_20260709-141342_augmented_spots_train_pin_e200_b10_lr0.0001_s1,?|Iron_deformed_logtif.h5|11|291|1277433,3,0.7655629714330038,0.6547878781954447,0.1564262236158053,0.8814376990000407,0.796544094880422,0.804568370183309,0.7354351878166199
final_20260709-141342_augmented_spots_train_pin_e200_b10_lr0.0001_s1,?|Iron_deformed_logtif.h5|98|378|1584909,3,0.8186286687850952,0.6994701425234476,0.20878217617670694,0.8380832672119141,0.7583154837290446,0.8049232363700867,0.7780755758285522
final_20260709-141342_augmented_spots_train_pin_e200_b10_lr0.0001_s1,?|Ti7Al_logtif.h5|800|1782|729836,3,0.6781964401404063,0.5907997290293375,0.06822620580593745,0.7700145641962687,0.5870915502309799,0.8049851258595785,0.6760168313980103
final_20260709-141342_augmented_spots_train_pin_e200_b10_lr0.0001_s1,?|Iron_deformed_logtif.h5|53|333|1458032,4,0.7904061824083328,0.6628209799528122,0.1794242523610592,0.8077758848667145,0.7152404934167862,0.8054909855127335,0.7494884014129639
final_20260709-141342_augmented_spots_train_pin_e200_b10_lr0.0001_s1,?|Iron_deformed_logtif.h5|123|123|415378,4,0.7646980434656143,0.6769915968179703,0.15292364358901978,0.8493583351373672,0.7320189327001572,0.8058871924877167,0.7231876611709595
final_20260709-141342_augmented_spots_train_pin_e200_b10_lr0.0001_s1,?|Iron_deformed_logtif.h5|91|91|323387,3,0.7680258750915527,0.6593107283115387,0.15622451156377792,0.8640250364939371,0.6919189294179281,0.8059006532033285,0.7154695987701416
final_20260709-141342_augmented_spots_train_pin_e200_b10_lr0.0001_s1,?|Iron_deformed_logtif.h5|70|351|1516103,3,0.7276802559693655,0.6467075745264689,0.11570357779661815,0.8637552857398987,0.7433971265951792,0.8059883713722229,0.7078643798828125
final_20260709-141342_augmented_spots_train_pin_e200_b10_lr0.0001_s1,?|Al_deformed_LoG_logtif.h5|18|18|337193,18,0.7734192775355445,0.6551221791240904,0.16127742433713543,0.8837476207150353,0.7217134253846275,0.806070927116606,0.7003570675849915
final_20260709-141342_augmented_spots_train_pin_e200_b10_lr0.0001_s1,?|Al_deformed_LoG_logtif.h5|12|12|167848,21,0.7589468587012518,0.637906334229878,0.14636637483324325,0.8651220826875596,0.6892785004207066,0.8062902348382133,0.6878697872161865
final_20260709-141342_augmented_spots_train_pin_e200_b10_lr0.0001_s1,?|Iron_deformed_logtif.h5|1|281|1250417,3,0.7403604984283447,0.6189123392105103,0.1277030830581983,0.8830512762069702,0.752247174580892,0.8063287138938904,0.7475898623466491
final_20260709-141342_augmented_spots_train_pin_e200_b10_lr0.0001_s1,?|Iron_deformed_logtif.h5|131|411|1687350,7,0.7723748173032489,0.6419844797679356,0.15826662949153356,0.8578477842467171,0.7454774720328194,0.8070540853909084,0.7587652087211609
final_20260709-141342_augmented_spots_train_pin_e200_b10_lr0.0001_s1,?|Al_deformed_LoG_logtif.h5|10|10|167252,17,0.7659419739947599,0.6468726326437557,0.15158125889651916,0.8834543438518748,0.7149758040904999,0.807180362589219,0.7200000047683716
final_20260709-141342_augmented_spots_train_pin_e200_b10_lr0.0001_s1,?|Iron_deformed_logtif.h5|21|21|68698,5,0.775148344039917,0.6623327136039734,0.1600591465830803,0.8693280339241027,0.7317211031913757,0.8075445890426636,0.7173351764678955
final_20260709-141342_augmented_spots_train_pin_e200_b10_lr0.0001_s1,?|Iron_deformed_logtif.h5|87|87|316193,3,0.7746090491612753,0.6601550579071045,0.1591996947924296,0.8506193359692892,0.7488590081532797,0.8077046871185303,0.7384267687797547
final_20260709-141342_augmented_spots_train_pin_e200_b10_lr0.0001_s1,?|Iron_deformed_logtif.h5|16|296|1305672,3,0.7701531251271566,0.6333508491516113,0.15466133256753287,0.8781721194585165,0.7615010142326355,0.807745893796285,0.7427820205688477
final_20260709-141342_augmented_spots_train_pin_e200_b10_lr0.0001_s1,?|Iron_deformed_logtif.h5|136|416|1735423,3,0.7787535786628723,0.6443464756011963,0.16229625542958578,0.8816278378168741,0.7604605555534363,0.8082286516825358,0.7934957027435303
final_20260709-141342_augmented_spots_train_pin_e200_b10_lr0.0001_s1,?|Iron_deformed_logtif.h5|46|46|183492,5,0.8138171195983886,0.698273241519928,0.19724177420139313,0.7868739485740661,0.7220813155174255,0.8082876443862915,0.7678239583969116
final_20260709-141342_augmented_spots_train_pin_e200_b10_lr0.0001_s1,?|Al_deformed_LoG_logtif.h5|25|25|428596,12,0.7676293949286143,0.6471497491002083,0.1494770939461887,0.8783091356356939,0.7200202792882919,0.8090761552254359,0.7023439109325409
final_20260709-141342_augmented_spots_train_pin_e200_b10_lr0.0001_s1,?|Iron_deformed_logtif.h5|164|164|645795,3,0.7447856068611145,0.6303612689177195,0.12625958025455475,0.9155157009760538,0.8399223486582438,0.809263010819753,0.7191073179244996
final_20260709-141342_augmented_spots_train_pin_e200_b10_lr0.0001_s1,?|Iron_logtif.h5|3842|11538|1017745,3,0.7611633539199829,0.6442946394284567,0.14181971549987793,0.8887166976928711,0.7860688169797262,0.8096717993418375,0.7458100914955139
final_20260709-141342_augmented_spots_train_pin_e200_b10_lr0.0001_s1,?|Iron_deformed_logtif.h5|39|39|143519,5,0.7698185920715332,0.6533322155475616,0.1494842331856489,0.8706703186035156,0.7712228417396545,0.8101671814918519,0.6927559494972229
final_20260709-141342_augmented_spots_train_pin_e200_b10_lr0.0001_s1,?|Al_deformed_LoG_logtif.h5|30|30|444908,14,0.7949253490992955,0.6785322938646589,0.17439224012196064,0.8777979058878762,0.7691628166607448,0.8102665586130959,0.7510228276252746
final_20260709-141342_augmented_spots_train_pin_e200_b10_lr0.0001_s1,?|Iron_deformed_logtif.h5|81|362|1554017,4,0.7785632610321045,0.6585499942302704,0.15778911858797073,0.8466735631227493,0.6728043407201767,0.810387060046196,0.7225378811359405
final_20260709-141342_augmented_spots_train_pin_e200_b10_lr0.0001_s1,?|Iron_deformed_logtif.h5|81|81|313835,4,0.7950530648231506,0.6821136623620987,0.17376122996211052,0.8434012532234192,0.728097066283226,0.8106458932161331,0.7583983421325684
final_20260709-141342_augmented_spots_train_pin_e200_b10_lr0.0001_s1,?|Iron_deformed_logtif.h5|152|152|607331,6,0.7389846940835317,0.6275648027658463,0.11562144880493481,0.8800270060698191,0.7022558848063151,0.8116816182931265,0.7136590778827667
final_20260709-141342_augmented_spots_train_pin_e200_b10_lr0.0001_s1,?|Iron_deformed_logtif.h5|2|2|12606,8,0.7659946978092194,0.6362408772110939,0.14238246530294418,0.8608274310827255,0.7147256210446358,0.8118061199784279,0.7296999812126159
final_20260709-141342_augmented_spots_train_pin_e200_b10_lr0.0001_s1,?|Iron_deformed_logtif.h5|272|272|1208818,6,0.8182770411173502,0.7090107699235281,0.19427545368671417,0.8190037906169891,0.7499785323937734,0.8120007912317911,0.7417011857032776
final_20260709-141342_augmented_spots_train_pin_e200_b10_lr0.0001_s1,?|Al_deformed_LoG_logtif.h5|29|63|895675,13,0.7985206108826858,0.6782097312120291,0.174415634228633,0.8788688595478351,0.7878573674422044,0.8120524883270264,0.7529033184051513
final_20260709-141342_augmented_spots_train_pin_e200_b10_lr0.0001_s1,?|Iron_deformed_logtif.h5|275|275|1215260,3,0.7808601260185242,0.6557686726252238,0.15619284907976785,0.8417934576670328,0.7720110217730204,0.8123336235682169,0.7758811831474304
final_20260709-141342_augmented_spots_train_pin_e200_b10_lr0.0001_s1,?|Al_deformed_LoG_logtif.h5|22|22|390231,24,0.8039391115307808,0.6903381111721197,0.17811527599891028,0.8778396596511205,0.7651907950639725,0.8129119177659353,0.7096454501152039
final_20260709-141342_augmented_spots_train_pin_e200_b10_lr0.0001_s1,?|Al_deformed_LoG_logtif.h5|9|9|125856,30,0.7897244056065877,0.668161490559578,0.1628492807348569,0.8749202390511831,0.7604069709777832,0.8134375651677449,0.7428865373134613
final_20260709-141342_augmented_spots_train_pin_e200_b10_lr0.0001_s1,?|Iron_deformed_logtif.h5|121|121|413884,3,0.7887102166811625,0.6687247355779012,0.1606444592277209,0.8265111843744913,0.7379385828971863,0.8140328923861185,0.7656832456588745
final_20260709-141342_augmented_spots_train_pin_e200_b10_lr0.0001_s1,?|Iron_deformed_logtif.h5|250|529|2345856,3,0.7667124271392822,0.626624604066213,0.13742739210526148,0.8683225711186727,0.7102929651737213,0.8146425088246664,0.7650805234909057
final_20260709-141342_augmented_spots_train_pin_e200_b10_lr0.0001_s1,?|Al_deformed_LoG_logtif.h5|7|41|510550,15,0.811392601331075,0.6955908457438151,0.18192115873098375,0.8597636938095092,0.788676138718923,0.814735722541809,0.7401234984397889
final_20260709-141342_augmented_spots_train_pin_e200_b10_lr0.0001_s1,?|Iron_deformed_logtif.h5|56|336|1461382,5,0.8233800411224366,0.7093894958496094,0.19078763127326964,0.860847818851471,0.8000322341918945,0.8162962079048157,0.7708730697631836
final_20260709-141342_augmented_spots_train_pin_e200_b10_lr0.0001_s1,?|Iron_deformed_logtif.h5|131|131|446796,4,0.729387953877449,0.5879945158958435,0.09653099626302719,0.8898023962974548,0.7314324975013733,0.8164284825325012,0.7933722019195557
final_20260709-141342_augmented_spots_train_pin_e200_b10_lr0.0001_s1,?|Iron_deformed_logtif.h5|229|229|1011112,4,0.7984585911035538,0.6902314722537994,0.16511913016438484,0.8504416048526764,0.7669214755296707,0.8166697323322296,0.7655105888843536
final_20260709-141342_augmented_spots_train_pin_e200_b10_lr0.0001_s1,?|Al_deformed_LoG_logtif.h5|15|15|275101,28,0.7987732865980693,0.6797129543764251,0.16518112777599267,0.8888509018080575,0.7758069347058024,0.8167960814067295,0.726449328660965
final_20260709-141342_augmented_spots_train_pin_e200_b10_lr0.0001_s1,?|Al_deformed_LoG_logtif.h5|8|42|510785,24,0.8115070834755898,0.7050513836244742,0.17746168778588375,0.8572558884819349,0.7545457643767198,0.8170226986209551,0.6873766422271729
final_20260709-141342_augmented_spots_train_pin_e200_b10_lr0.0001_s1,?|Al_deformed_LoG_logtif.h5|6|40|510321,24,0.8084527850151062,0.6958863449593385,0.17389483097940683,0.874945230782032,0.7917724053064982,0.8172789787252744,0.7294908165931702
final_20260709-141342_augmented_spots_train_pin_e200_b10_lr0.0001_s1,?|Al_deformed_LoG_logtif.h5|4|4|23047,17,0.7935934627757353,0.6804787095855264,0.15855067924541585,0.8732518974472495,0.7737227257560281,0.817521400311414,0.7135310649871827
final_20260709-141342_augmented_spots_train_pin_e200_b10_lr0.0001_s1,?|Iron_deformed_logtif.h5|73|73|294002,3,0.775314470132192,0.6517107685407003,0.13973073661327362,0.8558362325032552,0.7132655183474222,0.8177918394406637,0.7559018969535828
final_20260709-141342_augmented_spots_train_pin_e200_b10_lr0.0001_s1,?|Iron_deformed_logtif.h5|14|14|64651,3,0.8001821835835775,0.675565759340922,0.16266563534736633,0.8744350075721741,0.8133464654286703,0.8187582691510519,0.7652613759040833
final_20260709-141342_augmented_spots_train_pin_e200_b10_lr0.0001_s1,?|Al_deformed_LoG_logtif.h5|20|20|362924,19,0.7960456327388161,0.6782447209483699,0.15834496562418185,0.8779722577647159,0.7617382862065968,0.8188503290477552,0.7333202719688415
final_20260709-141342_augmented_spots_train_pin_e200_b10_lr0.0001_s1,?|Iron_deformed_logtif.h5|166|166|647236,5,0.765953254699707,0.6310633540153503,0.12782866209745408,0.8886247038841247,0.8023541688919067,0.8190623044967651,0.7609453558921814
final_20260709-141342_augmented_spots_train_pin_e200_b10_lr0.0001_s1,?|Iron_deformed_logtif.h5|224|224|1002176,3,0.790268619855245,0.6604138612747192,0.15207134187221527,0.8597798148790995,0.8067341248194376,0.8190986116727194,0.7973785161972046
final_20260709-141342_augmented_spots_train_pin_e200_b10_lr0.0001_s1,?|Iron_deformed_logtif.h5|187|187|782942,3,0.7726491490999857,0.6441194216410319,0.13428554932276407,0.9031694928805033,0.841880222161611,0.8191817998886108,0.7820099234580994
final_20260709-141342_augmented_spots_train_pin_e200_b10_lr0.0001_s1,?|Iron_deformed_logtif.h5|27|307|1314638,3,0.7588111559549967,0.6445328791936239,0.1181770885984103,0.8999385635058085,0.8226688305536906,0.8203170299530029,0.738033390045166
final_20260709-141342_augmented_spots_train_pin_e200_b10_lr0.0001_s1,?|Iron_deformed_logtif.h5|273|273|1210178,4,0.8093279451131821,0.6865783333778381,0.16857793182134628,0.8612991720438004,0.7514670938253403,0.8203750103712082,0.8058852076530456
final_20260709-141342_augmented_spots_train_pin_e200_b10_lr0.0001_s1,?|Iron_deformed_logtif.h5|39|319|1383099,3,0.7760626276334127,0.6472033063570658,0.1350679248571396,0.8859082460403442,0.8340685963630676,0.8204973538716634,0.7801489353179931
final_20260709-141342_augmented_spots_train_pin_e200_b10_lr0.0001_s1,?|Iron_deformed_logtif.h5|19|298|1306721,6,0.7991996010144552,0.6777929862340292,0.15813381224870682,0.8498899241288503,0.7804766098658243,0.8205328981081644,0.7574645280838013
final_20260709-141342_augmented_spots_train_pin_e200_b10_lr0.0001_s1,?|Iron_deformed_logtif.h5|88|368|1562446,4,0.7988927364349365,0.6907035559415817,0.15752465277910233,0.8649166524410248,0.7699948996305466,0.820684015750885,0.7912779569625854
final_20260709-141342_augmented_spots_train_pin_e200_b10_lr0.0001_s1,?|Iron_deformed_logtif.h5|255|535|2371626,5,0.7892912149429321,0.6766017973423004,0.1478323221206665,0.8496341943740845,0.7298415422439575,0.8207294464111328,0.7622549057006835
final_20260709-141342_augmented_spots_train_pin_e200_b10_lr0.0001_s1,?|Iron_deformed_logtif.h5|86|367|1556377,5,0.804648244380951,0.6858488202095032,0.16188043355941772,0.8596693754196167,0.7849334120750427,0.8213839054107666,0.7745866060256958
final_20260709-141342_augmented_spots_train_pin_e200_b10_lr0.0001_s1,?|Iron_deformed_logtif.h5|243|243|1093956,4,0.7712763845920563,0.6392270028591156,0.12800860032439232,0.8774273842573166,0.7112352922558784,0.8216338753700256,0.7520710468292237
final_20260709-141342_augmented_spots_train_pin_e200_b10_lr0.0001_s1,?|Iron_deformed_logtif.h5|169|449|1897167,4,0.795448049902916,0.6696897000074387,0.15167314931750298,0.855238288640976,0.7457824945449829,0.8218874484300613,0.7791177928447723
final_20260709-141342_augmented_spots_train_pin_e200_b10_lr0.0001_s1,?|Iron_deformed_logtif.h5|265|545|2432134,4,0.7624542266130447,0.6597784906625748,0.11772878840565681,0.8920147120952606,0.7759024053812027,0.8223627060651779,0.7451533675193787
final_20260709-141342_augmented_spots_train_pin_e200_b10_lr0.0001_s1,?|Al_deformed_LoG_logtif.h5|15|49|716420,28,0.8118319341114589,0.7009869473321098,0.16687836391585215,0.8706496443067279,0.7516646789652961,0.822476789355278,0.7472143530845642
final_20260709-141342_augmented_spots_train_pin_e200_b10_lr0.0001_s1,?|Iron_deformed_logtif.h5|173|173|668050,4,0.7978463768959045,0.6750406920909882,0.15246564894914627,0.8796048015356064,0.8263474404811859,0.8226903527975082,0.7941558182239532
final_20260709-141342_augmented_spots_train_pin_e200_b10_lr0.0001_s1,?|Iron_deformed_logtif.h5|102|102|368709,6,0.7860090434551239,0.6595950424671173,0.14052101348837218,0.868099977572759,0.7844486435254415,0.8227440218130747,0.7730568647384644
final_20260709-141342_augmented_spots_train_pin_e200_b10_lr0.0001_s1,?|Iron_deformed_logtif.h5|0|0|1623,3,0.8162784775098165,0.7033199071884155,0.16944647828737894,0.7795126040776571,0.6917054057121277,0.823415994644165,0.7971380949020386
final_20260709-141342_augmented_spots_train_pin_e200_b10_lr0.0001_s1,?|Ti7Al_logtif.h5|753|1735|715115,3,0.7633710702260336,0.644209086894989,0.11651935428380966,0.8745607336362203,0.7703493237495422,0.8234258691469828,0.7652405738830567
final_20260709-141342_augmented_spots_train_pin_e200_b10_lr0.0001_s1,?|Iron_deformed_logtif.h5|85|85|315186,5,0.792261290550232,0.7003006637096405,0.14407510459423065,0.8271801352500916,0.7084449648857116,0.8240930914878846,0.7245856285095215
final_20260709-141342_augmented_spots_train_pin_e200_b10_lr0.0001_s1,?|Al_deformed_LoG_logtif.h5|16|50|760193,17,0.8097107375369352,0.7054851370699265,0.1607240666361416,0.8453366581131431,0.6949126247097465,0.8244933310677024,0.7270870208740234
final_20260709-141342_augmented_spots_train_pin_e200_b10_lr0.0001_s1,?|Iron_deformed_logtif.h5|257|537|2399113,3,0.7993912100791931,0.6977744102478027,0.15018119911352792,0.834201713403066,0.7608615557352701,0.8246050079663595,0.7499136209487915
final_20260709-141342_augmented_spots_train_pin_e200_b10_lr0.0001_s1,?|Al_deformed_LoG_logtif.h5|14|48|626060,26,0.8112641962674948,0.6972775986561408,0.16169510753108904,0.8615650213681735,0.7476271872337048,0.8247845447980441,0.765154629945755
final_20260709-141342_augmented_spots_train_pin_e200_b10_lr0.0001_s1,?|Al_deformed_LoG_logtif.h5|20|54|805566,20,0.8218266993761063,0.711659449338913,0.17202265784144402,0.8584502786397934,0.7493207797408103,0.824902018904686,0.7566091597080231
final_20260709-141342_augmented_spots_train_pin_e200_b10_lr0.0001_s1,?|Iron_deformed_logtif.h5|17|297|1306370,4,0.8132311552762985,0.6944239288568497,0.1634052824229002,0.8745987415313721,0.773081436753273,0.8249129205942154,0.7910521268844605
final_20260709-141342_augmented_spots_train_pin_e200_b10_lr0.0001_s1,?|Iron_deformed_logtif.h5|215|215|920107,3,0.7942854563395182,0.6688586473464966,0.1440589427947998,0.8883669376373291,0.8284311493237814,0.8251132766405741,0.7570243239402771
final_20260709-141342_augmented_spots_train_pin_e200_b10_lr0.0001_s1,?|Iron_deformed_logtif.h5|108|108|396384,3,0.7671479185422262,0.6641923685868582,0.11384367942810059,0.8982991178830465,0.81887815395991,0.8266521294911703,0.726387333869934
final_20260709-141342_augmented_spots_train_pin_e200_b10_lr0.0001_s1,?|Iron_deformed_logtif.h5|250|250|1106997,4,0.7954341620206833,0.6655596047639847,0.1412244662642479,0.8237246870994568,0.752263993024826,0.827104851603508,0.8095145225524902
final_20260709-141342_augmented_spots_train_pin_e200_b10_lr0.0001_s1,?|Iron_deformed_logtif.h5|232|232|1020810,3,0.7838089863459269,0.67193736632665,0.12897583345572153,0.9068334102630615,0.8101990222930908,0.8274165590604147,0.7939037919044495
final_20260709-141342_augmented_spots_train_pin_e200_b10_lr0.0001_s1,?|Iron_deformed_logtif.h5|67|67|264081,3,0.780312180519104,0.6739225387573242,0.12523393829663595,0.9046123027801514,0.8101910948753357,0.8275391062100729,0.7214162349700928
final_20260709-141342_augmented_spots_train_pin_e200_b10_lr0.0001_s1,?|Al_deformed_LoG_logtif.h5|9|43|572797,19,0.8088236168811196,0.6954149007797241,0.15202069821718492,0.858914431772734,0.7575503713206241,0.8284014620279011,0.7333092331886292
final_20260709-141342_augmented_spots_train_pin_e200_b10_lr0.0001_s1,?|Iron_deformed_logtif.h5|111|111|397455,4,0.760898619890213,0.6541355922818184,0.10384208895266056,0.9059893190860748,0.7925424948334694,0.8285282552242279,0.7034453392028809
final_20260709-141342_augmented_spots_train_pin_e200_b10_lr0.0001_s1,?|Iron_deformed_logtif.h5|105|385|1622522,3,0.7341955502827963,0.6375965277353922,0.07627054800589879,0.895996073881785,0.6294372280438741,0.828962504863739,0.7643339276313782
final_20260709-141342_augmented_spots_train_pin_e200_b10_lr0.0001_s1,?|Iron_deformed_logtif.h5|61|61|251104,6,0.7965264221032461,0.6916959335406622,0.13796627335250378,0.8489084839820862,0.7341068287690481,0.8292800684769949,0.7149403393268585
final_20260709-141342_augmented_spots_train_pin_e200_b10_lr0.0001_s1,?|Iron_deformed_logtif.h5|210|210|876585,5,0.8284513354301453,0.7202026605606079,0.16954731643199922,0.8536660194396972,0.7681146621704101,0.8294520139694214,0.7515395164489747
final_20260709-141342_augmented_spots_train_pin_e200_b10_lr0.0001_s1,?|Iron_deformed_logtif.h5|125|405|1675921,3,0.8296096126238505,0.7150659759839376,0.16966906189918518,0.8555252552032471,0.7370057106018066,0.8299702803293864,0.8209889888763428
final_20260709-141342_augmented_spots_train_pin_e200_b10_lr0.0001_s1,?|Iron_deformed_logtif.h5|33|313|1349905,6,0.8203879098097483,0.7101982086896896,0.1589645246664683,0.8584486941496531,0.7623327275117239,0.8307117025057474,0.7557437419891357
final_20260709-141342_augmented_spots_train_pin_e200_b10_lr0.0001_s1,?|Iron_deformed_logtif.h5|15|295|1305345,3,0.8000118335088094,0.6734224756558737,0.13678103437026343,0.8849013050397238,0.8383636077245077,0.8316153883934021,0.8050729990005493
final_20260709-141342_augmented_spots_train_pin_e200_b10_lr0.0001_s1,?|Iron_deformed_logtif.h5|129|129|446107,6,0.8046497702598572,0.6860951781272888,0.13937048179407915,0.8855276306470236,0.7644426375627518,0.8326396346092224,0.7618883848190308
final_20260709-141342_augmented_spots_train_pin_e200_b10_lr0.0001_s1,?|Al_deformed_LoG_logtif.h5|19|53|795248,19,0.8313567105092501,0.7276157219158975,0.16410561160821663,0.8831845019993029,0.7844827896670291,0.833625548764279,0.7433581590652466
final_20260709-141342_augmented_spots_train_pin_e200_b10_lr0.0001_s1,?|Iron_deformed_logtif.h5|21|300|1307410,3,0.7696499427159628,0.6397088766098022,0.10144215449690819,0.8896400531133016,0.7974929213523865,0.8341039220492045,0.7897964477539062
final_20260709-141342_augmented_spots_train_pin_e200_b10_lr0.0001_s1,?|Iron_deformed_logtif.h5|80|360|1553237,3,0.7962008118629456,0.6939043601353964,0.12787682066361108,0.8661930163701376,0.7338128685951233,0.8341619968414307,0.7523212909698487
final_20260709-141342_augmented_spots_train_pin_e200_b10_lr0.0001_s1,?|Iron_deformed_logtif.h5|1|1|10546,5,0.7790637850761414,0.6653418779373169,0.11040505170822143,0.846045732498169,0.7321942090988159,0.8343293786048889,0.7733058929443359
final_20260709-141342_augmented_spots_train_pin_e200_b10_lr0.0001_s1,?|Ti7Al_logtif.h5|479|1460|605758,3,0.7714738845825195,0.663838674624761,0.10201667497555415,0.896204948425293,0.8024274110794067,0.8347286184628805,0.753719425201416
final_20260709-141342_augmented_spots_train_pin_e200_b10_lr0.0001_s1,?|Ti7Al_logtif.h5|278|278|106292,4,0.742857463657856,0.661470964550972,0.07224587816745043,0.8689360916614532,0.6845142990350723,0.835305780172348,0.7043412089347839
final_20260709-141342_augmented_spots_train_pin_e200_b10_lr0.0001_s1,?|Iron_deformed_logtif.h5|241|521|2332675,5,0.7964714169502258,0.6877001881599426,0.1258215621113777,0.8977923393249512,0.8183283805847168,0.8353249192237854,0.7629380702972413
final_20260709-141342_augmented_spots_train_pin_e200_b10_lr0.0001_s1,?|Iron_deformed_logtif.h5|30|310|1320109,5,0.7403144478797913,0.6479806542396546,0.06765993759036064,0.8438493609428406,0.7237271308898926,0.8363272428512574,0.8132057666778565
final_20260709-141342_augmented_spots_train_pin_e200_b10_lr0.0001_s1,?|Iron_deformed_logtif.h5|18|299|1307069,4,0.7944153398275375,0.6688040941953659,0.12020691577345133,0.9031184911727905,0.8558578491210938,0.8371042162179947,0.7789498388767242
final_20260709-141342_augmented_spots_train_pin_e200_b10_lr0.0001_s1,?|Iron_deformed_logtif.h5|188|188|784896,5,0.8004441857337952,0.696696674823761,0.12619390487670898,0.8817165613174438,0.8008581280708313,0.8371251583099365,0.7895036220550538
final_20260709-141342_augmented_spots_train_pin_e200_b10_lr0.0001_s1,?|Iron_deformed_logtif.h5|93|93|333088,3,0.8193607926368713,0.7060089508692423,0.14448546866575876,0.8735243876775106,0.8530557950337728,0.837437649567922,0.7812450408935547
final_20260709-141342_augmented_spots_train_pin_e200_b10_lr0.0001_s1,?|Iron_deformed_logtif.h5|13|13|63607,3,0.8177274465560913,0.7013080517450968,0.14283632238705954,0.8705486456553141,0.8103261788686117,0.8374455769856771,0.8303924679756165
final_20260709-141342_augmented_spots_train_pin_e200_b10_lr0.0001_s1,?|Al_deformed_LoG_logtif.h5|17|51|763114,23,0.8337577555490576,0.7237380561621293,0.1568263231412224,0.8884233210397803,0.8265903825345247,0.838465708753337,0.7628141403198242
final_20260709-141342_augmented_spots_train_pin_e200_b10_lr0.0001_s1,?|Iron_deformed_logtif.h5|34|34|111384,3,0.8396196166674296,0.7293685873349508,0.16257996360460916,0.8445950150489807,0.7071336507797241,0.838519831498464,0.8334378838539124
final_20260709-141342_augmented_spots_train_pin_e200_b10_lr0.0001_s1,?|Ti7Al_logtif.h5|502|502|226160,3,0.7664521733919779,0.6409520904223124,0.0889849712451299,0.8945732315381368,0.8472971320152283,0.8387336134910583,0.7750513195991516
final_20260709-141342_augmented_spots_train_pin_e200_b10_lr0.0001_s1,?|Al_deformed_LoG_logtif.h5|19|19|353769,17,0.8283630504327661,0.719262067009421,0.15049291402101517,0.8900873555856592,0.8275867349961225,0.8389350666719324,0.7732069492340088
final_20260709-141342_augmented_spots_train_pin_e200_b10_lr0.0001_s1,?|Iron_deformed_logtif.h5|235|235|1039802,3,0.8080509305000305,0.6952605446179708,0.13010274122158685,0.8742923339207967,0.8168193300565084,0.8389740784962972,0.7673193931579589
final_20260709-141342_augmented_spots_train_pin_e200_b10_lr0.0001_s1,?|Ti7Al_logtif.h5|560|560|255019,3,0.730655570824941,0.6254156033198038,0.05130230511228243,0.8297326564788818,0.7123002608617147,0.8396766185760498,0.7783437490463256
final_20260709-141342_augmented_spots_train_pin_e200_b10_lr0.0001_s1,?|Iron_deformed_logtif.h5|67|347|1504401,4,0.8458422124385834,0.7437908500432968,0.16499220207333565,0.8749909549951553,0.8087483793497086,0.8404249995946884,0.7967927515506744
final_20260709-141342_augmented_spots_train_pin_e200_b10_lr0.0001_s1,?|Al_deformed_LoG_logtif.h5|17|17|318986,16,0.8369049243628979,0.7342199608683586,0.15442468994297087,0.8757072538137436,0.8137107565999031,0.841240119189024,0.7357828319072723
final_20260709-141342_augmented_spots_train_pin_e200_b10_lr0.0001_s1,?|Iron_deformed_logtif.h5|196|476|2048948,3,0.8053640325864156,0.6987825632095337,0.12251307566960652,0.8016373117764791,0.7327957252661387,0.8414254784584045,0.7728998780250549
final_20260709-141342_augmented_spots_train_pin_e200_b10_lr0.0001_s1,?|IN718_twins_logtif.h5|1224|1224|103276,3,0.7848412990570068,0.69609135389328,0.10181829333305359,0.9404587944348654,0.7535901467005411,0.8415114879608154,0.730626916885376
final_20260709-141342_augmented_spots_train_pin_e200_b10_lr0.0001_s1,?|Iron_deformed_logtif.h5|65|65|262514,3,0.7978985905647278,0.6800908247629801,0.1139555275440216,0.9245492219924927,0.8827168146769205,0.8419715364774069,0.8251188158988952
final_20260709-141342_augmented_spots_train_pin_e200_b10_lr0.0001_s1,?|Iron_deformed_logtif.h5|124|404|1669194,3,0.8539669315020243,0.7516243855158488,0.1676769256591797,0.8656011819839478,0.7952989935874939,0.8431449929873148,0.8319925189018249
final_20260709-141342_augmented_spots_train_pin_e200_b10_lr0.0001_s1,?|Iron_deformed_logtif.h5|152|432|1846281,3,0.8108719189961752,0.6900574962298075,0.12390509496132533,0.8654126127560934,0.7436603307723999,0.8434834480285645,0.7903519392013549
final_20260709-141342_augmented_spots_train_pin_e200_b10_lr0.0001_s1,?|Iron_deformed_logtif.h5|270|270|1208200,4,0.8230084627866745,0.7160186618566513,0.13488598819822073,0.8856320381164551,0.7870853841304779,0.8440612256526947,0.7666679441928863
final_20260709-141342_augmented_spots_train_pin_e200_b10_lr0.0001_s1,?|Ti7Al_logtif.h5|951|951|378424,6,0.7921180725097656,0.6993389676014582,0.10162683452169101,0.83539217710495,0.7547944883505503,0.8452456394831339,0.7613312304019928
final_20260709-141342_augmented_spots_train_pin_e200_b10_lr0.0001_s1,?|Iron_deformed_logtif.h5|242|242|1093635,4,0.8202885687351227,0.7095211520791054,0.12707474827766418,0.8886956572532654,0.8177039623260498,0.8466069102287292,0.7778109073638916
final_20260709-141342_augmented_spots_train_pin_e200_b10_lr0.0001_s1,?|Iron_deformed_logtif.h5|162|442|1877566,3,0.780451774597168,0.6729649404684702,0.08674996470411618,0.8964392344156901,0.7286065220832825,0.8468508919080099,0.7414430379867554
final_20260709-141342_augmented_spots_train_pin_e200_b10_lr0.0001_s1,?|Iron_deformed_logtif.h5|270|550|2449837,5,0.8412754654884338,0.7347016930580139,0.1457923725247383,0.8800017595291137,0.7899494528770447,0.8477415561676025,0.7852198958396912
final_20260709-141342_augmented_spots_train_pin_e200_b10_lr0.0001_s1,?|Iron_deformed_logtif.h5|229|509|2250437,3,0.8507336179415385,0.7517014741897583,0.15524283548196158,0.9031006892522176,0.8533898790677389,0.8477453788121542,0.8061543464660644
final_20260709-141342_augmented_spots_train_pin_e200_b10_lr0.0001_s1,?|Iron_deformed_logtif.h5|191|471|2026221,3,0.8339675863583883,0.719274898370107,0.13679835945367813,0.8767297863960266,0.8409533103307089,0.8485846122105917,0.8414965391159057
final_20260709-141342_augmented_spots_train_pin_e200_b10_lr0.0001_s1,?|Ti7Al_logtif.h5|689|689|304122,3,0.7904318074385325,0.7448753118515015,0.09145251413186391,0.8353466788927714,0.6728208263715109,0.8494896491368612,0.7066411733627319
final_20260709-141342_augmented_spots_train_pin_e200_b10_lr0.0001_s1,?|Iron_deformed_logtif.h5|234|514|2272117,3,0.8232252796490988,0.7124201059341431,0.12417898327112198,0.9218175212542216,0.8649405638376871,0.849523146947225,0.8235361218452454
final_20260709-141342_augmented_spots_train_pin_e200_b10_lr0.0001_s1,?|Ti7Al_logtif.h5|878|878|356416,3,0.7624954779942831,0.66062859694163,0.06118623415629069,0.8959786097208658,0.8254094322522482,0.8506546219189962,0.7880829215049744
final_20260709-141342_augmented_spots_train_pin_e200_b10_lr0.0001_s1,?|Iron_deformed_logtif.h5|198|478|2057750,4,0.8362523168325424,0.7318105697631836,0.1345625128597021,0.9064666777849197,0.8652196228504181,0.8508449196815491,0.8168235898017884
final_20260709-141342_augmented_spots_train_pin_e200_b10_lr0.0001_s1,?|Iron_deformed_logtif.h5|210|490|2115695,3,0.8441622455914816,0.7346862355868021,0.1423585812250773,0.8847308953603109,0.8242179155349731,0.8509018222490946,0.8335925936698914
final_20260709-141342_augmented_spots_train_pin_e200_b10_lr0.0001_s1,?|Iron_deformed_logtif.h5|137|137|518561,5,0.7872003078460693,0.6860688030719757,0.08411211296916007,0.9249667167663574,0.8470496535301208,0.8515440940856933,0.7491782069206238
final_20260709-141342_augmented_spots_train_pin_e200_b10_lr0.0001_s1,?|Iron_deformed_logtif.h5|215|495|2158392,3,0.8500910003980001,0.749580462773641,0.14478097359339395,0.8825585246086121,0.7647316952546438,0.8526549935340881,0.7998764514923096
final_20260709-141342_augmented_spots_train_pin_e200_b10_lr0.0001_s1,?|Ti7Al_logtif.h5|356|1338|522142,3,0.786848247051239,0.7354975640773773,0.0792211244503657,0.8244333068529764,0.7811886866887411,0.8538135488828024,0.7021059036254883
final_20260709-141342_augmented_spots_train_pin_e200_b10_lr0.0001_s1,?|Iron_deformed_logtif.h5|176|176|671863,7,0.8224030222211566,0.7266550660133362,0.11420338813747678,0.924981849534171,0.8431010033403125,0.8540998441832406,0.7600567817687989
final_20260709-141342_augmented_spots_train_pin_e200_b10_lr0.0001_s1,?|IN718_twins_logtif.h5|483|1861|159477,3,0.8106882373491923,0.6979107658068339,0.10098922004302342,0.9541811347007751,0.8410425980885824,0.8548495173454285,0.8063874959945678
final_20260709-141342_augmented_spots_train_pin_e200_b10_lr0.0001_s1,?|Iron_deformed_logtif.h5|89|89|322664,5,0.8196414470672607,0.724443793296814,0.10838211178779603,0.9218172192573547,0.8747422099113464,0.8556296944618225,0.775585412979126
final_20260709-141342_augmented_spots_train_pin_e200_b10_lr0.0001_s1,?|IN718_twins_logtif.h5|569|1947|167097,3,0.8203678925832113,0.7033738891283671,0.10854279746611913,0.9552862842877706,0.8647017876307169,0.8559125661849976,0.8291051387786865
final_20260709-141342_augmented_spots_train_pin_e200_b10_lr0.0001_s1,?|Ti7Al_logtif.h5|726|726|314065,4,0.7828991413116455,0.6793795228004456,0.06823399849236012,0.9182507693767548,0.8305388987064362,0.8573325425386429,0.7671886265277863
final_20260709-141342_augmented_spots_train_pin_e200_b10_lr0.0001_s1,?|Iron_deformed_logtif.h5|149|149|573179,5,0.848553454875946,0.7523645758628845,0.1320472165942192,0.8527087211608887,0.7901585698127747,0.8582531094551087,0.8164459466934204
final_20260709-141342_augmented_spots_train_pin_e200_b10_lr0.0001_s1,?|Ti7Al_logtif.h5|474|1457|604880,3,0.8104807535807291,0.697229266166687,0.09282414242625237,0.8823690414428711,0.8287252187728882,0.8588283061981201,0.8248609900474548
final_20260709-141342_augmented_spots_train_pin_e200_b10_lr0.0001_s1,?|Iron_deformed_logtif.h5|95|374|1574041,5,0.8428526878356933,0.7299998521804809,0.12449717223644256,0.9195680975914001,0.8895747065544128,0.8591777563095093,0.8075160980224609
final_20260709-141342_augmented_spots_train_pin_e200_b10_lr0.0001_s1,?|Iron_deformed_logtif.h5|15|15|66683,3,0.8427614172299703,0.7308027744293213,0.12378999094168346,0.918297012646993,0.8934734265009562,0.8594857056935629,0.8370417594909668
final_20260709-141342_augmented_spots_train_pin_e200_b10_lr0.0001_s1,?|Iron_deformed_logtif.h5|263|263|1188628,3,0.8798990646998087,0.7870646119117737,0.16066152850786844,0.8391408522923788,0.8039905031522115,0.8596187631289164,0.8474944114685059
final_20260709-141342_augmented_spots_train_pin_e200_b10_lr0.0001_s1,?|Iron_deformed_logtif.h5|128|408|1686356,3,0.8486491243044535,0.7427389025688171,0.1289889613787333,0.9208304484685262,0.8649027148882548,0.8598300814628601,0.841343343257904
final_20260709-141342_augmented_spots_train_pin_e200_b10_lr0.0001_s1,?|Ti7Al_logtif.h5|765|1748|716846,3,0.7754194736480713,0.7264108757177988,0.054284789909919105,0.7825064261754354,0.7505714098612467,0.8605673511823019,0.7318190097808838
final_20260709-141342_augmented_spots_train_pin_e200_b10_lr0.0001_s1,?|Al_segvol.h5|2597|2597|14315,3,0.8458917935689291,0.754661758740743,0.12309161325295766,0.9272765318552653,0.8445126215616862,0.8614000876744589,0.7795290470123291
final_20260709-141342_augmented_spots_train_pin_e200_b10_lr0.0001_s1,?|Iron_deformed_logtif.h5|188|468|2024649,4,0.8612935990095139,0.7642153054475784,0.13727811351418495,0.8885090947151184,0.8295907229185104,0.862007737159729,0.8116137862205506
final_20260709-141342_augmented_spots_train_pin_e200_b10_lr0.0001_s1,?|Iron_deformed_logtif.h5|139|420|1763892,4,0.8692195564508438,0.7761668711900711,0.14301841240376234,0.8942337334156036,0.8522455245256424,0.8631005585193634,0.8119253814220428
final_20260709-141342_augmented_spots_train_pin_e200_b10_lr0.0001_s1,?|Al_deformed_LoG_logtif.h5|26|26|441233,21,0.8023125146116529,0.7180845340092977,0.07200696753958861,0.9205178050767808,0.7754947968891689,0.8651527677263532,0.6977187395095825
final_20260709-141342_augmented_spots_train_pin_e200_b10_lr0.0001_s1,?|Iron_deformed_logtif.h5|230|510|2253954,4,0.8076377213001251,0.7083986401557922,0.07509824726730585,0.8316821306943893,0.7417417466640472,0.8662697225809097,0.8181305408477784
final_20260709-141342_augmented_spots_train_pin_e200_b10_lr0.0001_s1,?|Ti7Al_logtif.h5|725|1707|707156,3,0.7827043930689493,0.7347408831119537,0.05014972388744354,0.8410332600275675,0.7750882109006246,0.8662773370742798,0.7731379508972168
final_20260709-141342_augmented_spots_train_pin_e200_b10_lr0.0001_s1,?|Ti7Al_logtif.h5|579|579|259870,3,0.7795647978782654,0.7199482520421346,0.04598226770758629,0.9000479777654012,0.7928468187650045,0.866791288057963,0.7687052011489868
final_20260709-141342_augmented_spots_train_pin_e200_b10_lr0.0001_s1,?|Ti7Al_logtif.h5|192|192|64402,3,0.7895486752192179,0.7549634277820587,0.05415465061863264,0.8532441655794779,0.7667604486147562,0.8676970402399699,0.7655982255935669
final_20260709-141342_augmented_spots_train_pin_e200_b10_lr0.0001_s1,?|Ti7Al_logtif.h5|593|593|265156,3,0.8018619219462076,0.7241252064704895,0.06164015457034111,0.8681516448656718,0.8020967046419779,0.8701108892758688,0.8058873891830445
final_20260709-141342_augmented_spots_train_pin_e200_b10_lr0.0001_s1,?|Iron_deformed_logtif.h5|44|44|162956,4,0.8650472909212112,0.7688892483711243,0.12398230005055666,0.9139141142368317,0.8794736415147781,0.8705324977636337,0.8085734963417053
final_20260709-141342_augmented_spots_train_pin_e200_b10_lr0.0001_s1,?|Al_deformed_LoG_logtif.h5|0|34|461737,22,0.8418640196323395,0.7729390466755087,0.09849523769860918,0.922021892937747,0.8056284311142835,0.8716843913901936,0.7281070411205292
final_20260709-141342_augmented_spots_train_pin_e200_b10_lr0.0001_s1,?|Iron_deformed_logtif.h5|50|50|192409,3,0.8690446019172668,0.7775274912516276,0.12358872095743816,0.9155213236808777,0.8776238361994425,0.8727279504140218,0.8266409516334534
final_20260709-141342_augmented_spots_train_pin_e200_b10_lr0.0001_s1,?|Al_deformed_LoG_logtif.h5|26|60|891702,23,0.8313174791958021,0.7557235204655192,0.08473641619734142,0.9314327084499857,0.8365383122278296,0.8732905336048292,0.727701735496521
final_20260709-141342_augmented_spots_train_pin_e200_b10_lr0.0001_s1,?|Iron_deformed_logtif.h5|105|105|380792,4,0.8176445066928864,0.7087726593017578,0.07099942676723003,0.9180866032838821,0.8698200732469559,0.8733225464820862,0.8240017056465149
final_20260709-141342_augmented_spots_train_pin_e200_b10_lr0.0001_s1,?|Ti7Al_logtif.h5|380|1363|531358,3,0.848171611626943,0.7446070114771525,0.10104282448689143,0.9007250070571899,0.8134316007296244,0.8735644022623698,0.8396476030349731
final_20260709-141342_augmented_spots_train_pin_e200_b10_lr0.0001_s1,?|Iron_deformed_logtif.h5|117|397|1649342,3,0.8447809219360352,0.7502245505650839,0.09686959286530812,0.9193077286084493,0.8688197731971741,0.8739556670188904,0.7824251174926757
final_20260709-141342_augmented_spots_train_pin_e200_b10_lr0.0001_s1,?|Ti7Al_logtif.h5|592|1574|655769,3,0.7965666651725769,0.6854296724001566,0.04831640732785066,0.9273881514867147,0.87470010916392,0.8741251428922018,0.8299755811691284
final_20260709-141342_augmented_spots_train_pin_e200_b10_lr0.0001_s1,?|Al_big_grains_logtif.h5|3202|3202|103431,3,0.8193791309992472,0.7210269172986349,0.07099394251902898,0.8814096848169962,0.8106207450230917,0.8741925756136576,0.846889317035675
final_20260709-141342_augmented_spots_train_pin_e200_b10_lr0.0001_s1,?|Iron_deformed_logtif.h5|207|487|2110068,4,0.8574202358722687,0.7662810981273651,0.10871968232095242,0.9097867906093597,0.8331183046102524,0.8743502795696259,0.8305685162544251
final_20260709-141342_augmented_spots_train_pin_e200_b10_lr0.0001_s1,?|Ti7Al_logtif.h5|763|1744|716641,3,0.8161524335543314,0.7237294316291809,0.06684748269617558,0.9693476756413778,0.9328562021255493,0.8746524850527445,0.822822117805481
final_20260709-141342_augmented_spots_train_pin_e200_b10_lr0.0001_s1,?|Ti7Al_logtif.h5|738|1720|711689,3,0.8029869794845581,0.7301441331704458,0.04799960801998774,0.8690122763315836,0.7840154965718588,0.877493699391683,0.7839902639389038
final_20260709-141342_augmented_spots_train_pin_e200_b10_lr0.0001_s1,?|Ti7Al_logtif.h5|903|1882|752818,3,0.8007732431093851,0.6846798857053121,0.04158828407526016,0.9335101048151652,0.8630776802698771,0.8795924782752991,0.8499642133712768
final_20260709-141342_augmented_spots_train_pin_e200_b10_lr0.0001_s1,?|Ti7Al_logtif.h5|605|1587|664057,3,0.8299309412638346,0.735255241394043,0.06882826238870621,0.9315813382466634,0.89617520570755,0.8805513381958008,0.8045028686523438
final_20260709-141342_augmented_spots_train_pin_e200_b10_lr0.0001_s1,?|Iron_deformed_logtif.h5|57|337|1461804,3,0.9197642008463541,0.8545414209365845,0.15825801839431128,0.8939217726389567,0.8656994899113973,0.8807530999183655,0.8534679174423218
final_20260709-141342_augmented_spots_train_pin_e200_b10_lr0.0001_s1,?|Iron_deformed_logtif.h5|279|279|1239202,4,0.869131326675415,0.7803223431110382,0.10675426525995135,0.8822207301855087,0.8513526767492294,0.8811885416507721,0.8566222071647644
final_20260709-141342_augmented_spots_train_pin_e200_b10_lr0.0001_s1,?|Al_big_grains_logtif.h5|1987|6931|214006,3,0.8088820576667786,0.786923219760259,0.042285021394491196,0.8572339614232382,0.821877121925354,0.8832984964052836,0.766602611541748
final_20260709-141342_augmented_spots_train_pin_e200_b10_lr0.0001_s1,?|Iron_deformed_logtif.h5|128|128|445774,4,0.886956200003624,0.8049639016389847,0.11997142620384693,0.9313733279705048,0.8942433297634125,0.8834923952817917,0.8572665810585022
final_20260709-141342_augmented_spots_train_pin_e200_b10_lr0.0001_s1,?|Ti7Al_logtif.h5|530|1512|630809,3,0.8468049367268881,0.7818619509538015,0.07927019149065018,0.9166210293769836,0.8653592069943746,0.8837673862775167,0.7683759808540345
final_20260709-141342_augmented_spots_train_pin_e200_b10_lr0.0001_s1,?|IN718_twins_logtif.h5|518|1895|162872,3,0.8696726361910502,0.7843480308850607,0.09907619655132294,0.9476836721102396,0.8960439761479696,0.8852982123692831,0.8266359090805053
final_20260709-141342_augmented_spots_train_pin_e200_b10_lr0.0001_s1,?|Iron_deformed_logtif.h5|59|59|249552,4,0.8649866580963135,0.7746058255434036,0.0931488424539566,0.9314181059598923,0.9117082357406616,0.8859189301729202,0.8348274827003479
final_20260709-141342_augmented_spots_train_pin_e200_b10_lr0.0001_s1,?|Iron_deformed_logtif.h5|20|20|68360,3,0.8731729586919149,0.7889776428540548,0.09885331367452939,0.9375225504239401,0.9213710029919943,0.8871597846349081,0.8290058135986328
final_20260709-141342_augmented_spots_train_pin_e200_b10_lr0.0001_s1,?|Ti7Al_logtif.h5|868|868|355427,3,0.8598905603090922,0.7656197746594747,0.08308323348561923,0.9127846757570902,0.871406098206838,0.8884036540985107,0.8684954524040223
final_20260709-141342_augmented_spots_train_pin_e200_b10_lr0.0001_s1,?|Al_big_grains_logtif.h5|481|5423|169747,3,0.8832215666770935,0.8061720530192057,0.10079500575860341,0.9175535639127096,0.8730646967887878,0.8912132779757181,0.8356113791465759
final_20260709-141342_augmented_spots_train_pin_e200_b10_lr0.0001_s1,?|Iron_deformed_logtif.h5|41|321|1394494,4,0.9140350073575974,0.8525788187980652,0.1265803948044777,0.9013943523168564,0.8735220581293106,0.8937273025512695,0.8569005846977233
final_20260709-141342_augmented_spots_train_pin_e200_b10_lr0.0001_s1,?|Al_big_grains_logtif.h5|4294|9239|295394,3,0.8508579532305399,0.7995423873265585,0.06294877765079339,0.9576093554496765,0.82437664270401,0.8939545949300131,0.7785248041152955
final_20260709-141342_augmented_spots_train_pin_e200_b10_lr0.0001_s1,?|Ti7Al_logtif.h5|230|1213|471619,3,0.8849279681841532,0.7989407777786255,0.09572438274820645,0.9039017558097839,0.8902652859687805,0.8946017821629842,0.8514005303382873
final_20260709-141342_augmented_spots_train_pin_e200_b10_lr0.0001_s1,?|Ti7Al_logtif.h5|330|1312|505227,3,0.8444477121035258,0.7436402042706808,0.05509264332552751,0.9554236928621928,0.9346688191095988,0.8946775595347086,0.8839585065841675
final_20260709-141342_augmented_spots_train_pin_e200_b10_lr0.0001_s1,?|IN718_twins_logtif.h5|813|2190|188254,3,0.877477745215098,0.8042997121810913,0.08665528148412704,0.9565862814585367,0.8974341948827108,0.8954112331072489,0.8480004787445068
final_20260709-141342_augmented_spots_train_pin_e200_b10_lr0.0001_s1,?|Ti7Al_logtif.h5|661|1643|680280,3,0.8683605392773946,0.7814947764078776,0.07643907020489375,0.8918881018956503,0.8456893165906271,0.8959607481956482,0.8432068347930908
final_20260709-141342_augmented_spots_train_pin_e200_b10_lr0.0001_s1,?|Al_segvol.h5|4499|4499|24632,3,0.8945857485135397,0.8122844894727071,0.10208992411692937,0.9438319206237793,0.9144798715909322,0.8962479035059611,0.864454472064972
final_20260709-141342_augmented_spots_train_pin_e200_b10_lr0.0001_s1,?|Ti7Al_logtif.h5|907|907|360786,3,0.8758105635643005,0.7983283599217733,0.08326307746271293,0.8551125327746073,0.8468262155850729,0.8962737321853638,0.8484304904937744
final_20260709-141342_augmented_spots_train_pin_e200_b10_lr0.0001_s1,?|Ti7Al_logtif.h5|291|291|107749,5,0.8564290523529052,0.7628207087516785,0.06366249769926072,0.9039896845817565,0.8598257422447204,0.8963832855224609,0.8569527387619018
final_20260709-141342_augmented_spots_train_pin_e200_b10_lr0.0001_s1,?|Ti7Al_logtif.h5|125|125|38081,3,0.858008603254954,0.7799966931343079,0.06368030607700348,0.8953639467557272,0.8639303843180338,0.8971641461054484,0.8237624883651733
final_20260709-141342_augmented_spots_train_pin_e200_b10_lr0.0001_s1,?|Ti7Al_logtif.h5|278|1260|494692,3,0.8611175417900085,0.76725701491038,0.0628858432173729,0.9289745092391968,0.8824382225672404,0.8991158604621887,0.8535597801208497
final_20260709-141342_augmented_spots_train_pin_e200_b10_lr0.0001_s1,?|Iron_deformed_logtif.h5|184|184|749244,3,0.896642824014028,0.8246655662854513,0.09633814791838329,0.9066766301790873,0.8647103508313497,0.900152325630188,0.8119185924530029
final_20260709-141342_augmented_spots_train_pin_e200_b10_lr0.0001_s1,?|Ti7Al_logtif.h5|67|67|19272,4,0.8547734618186951,0.7723885327577591,0.0523154241964221,0.9495650082826614,0.9102636128664017,0.9012290090322495,0.8341586112976074
final_20260709-141342_augmented_spots_train_pin_e200_b10_lr0.0001_s1,?|Ti7Al_logtif.h5|163|1144|441312,3,0.8634562492370605,0.7770160039265951,0.06053334102034569,0.8935754696528116,0.8042391339937845,0.9014614423116049,0.8666471600532532
final_20260709-141342_augmented_spots_train_pin_e200_b10_lr0.0001_s1,?|Iron_deformed_logtif.h5|9|289|1260309,3,0.9060214161872864,0.8335502942403158,0.0997116689880689,0.9096617301305135,0.8698373834292094,0.9031548500061035,0.8864730834960938
final_20260709-141342_augmented_spots_train_pin_e200_b10_lr0.0001_s1,?|Iron_deformed_logtif.h5|167|167|658994,3,0.8505929708480835,0.7615922888120016,0.04074542224407196,0.9489564498265585,0.9029125571250916,0.9049237767855326,0.8848838090896607
final_20260709-141342_augmented_spots_train_pin_e200_b10_lr0.0001_s1,?|Ti7Al_logtif.h5|737|737|318628,3,0.9158828457196554,0.8461437424023946,0.10473219305276871,0.9000014265378317,0.8785391648610433,0.9055753350257874,0.8863187074661255
final_20260709-141342_augmented_spots_train_pin_e200_b10_lr0.0001_s1,?|IN718_twins_logtif.h5|108|1486|128639,3,0.8928177952766418,0.8328424493471781,0.08130353937546413,0.9634167154630026,0.8966291745503744,0.9057571093241373,0.8407905101776123
final_20260709-141342_augmented_spots_train_pin_e200_b10_lr0.0001_s1,?|Ti7Al_logtif.h5|9|9|1561,4,0.8718707263469696,0.7949887812137604,0.05902875307947397,0.9095297455787659,0.8148740828037262,0.9064209908246994,0.8526018857955933
final_20260709-141342_augmented_spots_train_pin_e200_b10_lr0.0001_s1,?|Iron_deformed_logtif.h5|278|558|2479788,3,0.9109335343043009,0.8424820899963379,0.09755485504865646,0.9385785460472107,0.9272717833518982,0.9066893458366394,0.8866533517837525
final_20260709-141342_augmented_spots_train_pin_e200_b10_lr0.0001_s1,?|Ti7Al_logtif.h5|81|1063|411051,5,0.8866371035575866,0.8132089495658874,0.07312969639897346,0.9235258340835572,0.8760031342506409,0.9067537069320679,0.8376418828964234
final_20260709-141342_augmented_spots_train_pin_e200_b10_lr0.0001_s1,?|Ti7Al_logtif.h5|561|1541|646447,3,0.8485602736473083,0.7532757719357809,0.03469806661208471,0.9657579660415649,0.962479809919993,0.9069311221440634,0.8660369634628295
final_20260709-141342_augmented_spots_train_pin_e200_b10_lr0.0001_s1,?|IN718_twins_logtif.h5|333|333|29388,3,0.8790612816810608,0.8031948208808899,0.0645842266579469,0.9660904208819071,0.8951203028361002,0.9072385231653849,0.8401858925819397
final_20260709-141342_augmented_spots_train_pin_e200_b10_lr0.0001_s1,?|Iron_deformed_logtif.h5|228|228|1010103,3,0.9259922504425049,0.8677377104759216,0.11102123682697614,0.9245497584342957,0.9152785539627075,0.9074855049451193,0.855928897857666
final_20260709-141342_augmented_spots_train_pin_e200_b10_lr0.0001_s1,?|Ti7Al_logtif.h5|431|1413|574457,3,0.8777772188186646,0.811073899269104,0.0600348636507988,0.8856088320414225,0.839802881081899,0.9088711539904276,0.8507132291793823
final_20260709-141342_augmented_spots_train_pin_e200_b10_lr0.0001_s1,?|Al_deformed_LoG_logtif.h5|0|0|14345,21,0.8793271155584426,0.8130139509836832,0.05882295336396921,0.9417567309879121,0.8849935815447852,0.9102520772389003,0.8328403234481812
final_20260709-141342_augmented_spots_train_pin_e200_b10_lr0.0001_s1,?|IN718_twins_logtif.h5|1066|2443|209241,3,0.8969022234280905,0.8276185592015585,0.07526044547557831,0.9582923253377279,0.9112959702809652,0.9108208815256754,0.8445081233978271
final_20260709-141342_augmented_spots_train_pin_e200_b10_lr0.0001_s1,?|IN718_twins_logtif.h5|1082|2459|210603,3,0.9487237930297852,0.904298742612203,0.12535891433556876,0.9185941616694132,0.8965473373730978,0.9116824467976888,0.8797608852386475
final_20260709-141342_augmented_spots_train_pin_e200_b10_lr0.0001_s1,?|Iron_deformed_logtif.h5|101|101|361413,5,0.9102315664291382,0.851493239402771,0.0848123736679554,0.95146404504776,0.9273423194885254,0.9127095818519593,0.8454653859138489
final_20260709-141342_augmented_spots_train_pin_e200_b10_lr0.0001_s1,?|Ti7Al_logtif.h5|485|485|220991,3,0.8507269422213236,0.7683212757110596,0.022390451282262802,0.8681180079778036,0.7495172421137491,0.9141682585080465,0.8625346779823303
final_20260709-141342_augmented_spots_train_pin_e200_b10_lr0.0001_s1,?|Ti7Al_logtif.h5|317|317|115086,3,0.8965195417404175,0.8197744886080424,0.06598534931739171,0.9110371669133505,0.8920287291208903,0.9152670900026957,0.8791304349899292
final_20260709-141342_augmented_spots_train_pin_e200_b10_lr0.0001_s1,?|Ti7Al_logtif.h5|306|1288|501063,4,0.8854921162128448,0.81326924264431,0.045893832109868526,0.9447628855705261,0.8822243362665176,0.9197991341352463,0.8922962963581085
final_20260709-141342_augmented_spots_train_pin_e200_b10_lr0.0001_s1,?|Iron_deformed_logtif.h5|161|441|1867701,4,0.9165943413972855,0.8519037365913391,0.07472812384366989,0.9551361352205276,0.9488808512687683,0.9209330976009369,0.9052246749401093
final_20260709-141342_augmented_spots_train_pin_e200_b10_lr0.0001_s1,?|IN718_twins_logtif.h5|929|929|76478,3,0.9349700609842936,0.8819105625152588,0.09091624617576599,0.9732313950856527,0.9443251291910807,0.9220269123713175,0.8820077300071716
final_20260709-141342_augmented_spots_train_pin_e200_b10_lr0.0001_s1,?|Ti7Al_logtif.h5|936|1918|774149,3,0.9165249665578207,0.8551124533017477,0.0675107774635156,0.8640913565953573,0.8350298404693604,0.9245071013768514,0.8826815962791443
final_20260709-141342_augmented_spots_train_pin_e200_b10_lr0.0001_s1,?|IN718_twins_logtif.h5|183|1559|134525,3,0.9129847685496012,0.8632152477900187,0.06346565981705983,0.9728792508443197,0.9571654200553894,0.9247595270474752,0.856442141532898
final_20260709-141342_augmented_spots_train_pin_e200_b10_lr0.0001_s1,?|Iron_deformed_logtif.h5|100|100|360369,4,0.9215540587902069,0.862754687666893,0.07194973342120647,0.9654834419488907,0.959314689040184,0.9248021394014359,0.8829509854316712
final_20260709-141342_augmented_spots_train_pin_e200_b10_lr0.0001_s1,?|Ti7Al_logtif.h5|372|372|143345,3,0.9078513979911804,0.839070200920105,0.05620874340335528,0.9439657131830851,0.8764186104138693,0.9258213440577189,0.9002798557281494
final_20260709-141342_augmented_spots_train_pin_e200_b10_lr0.0001_s1,?|Iron_deformed_logtif.h5|144|424|1768990,4,0.9268035292625427,0.8739515244960785,0.07041265815496445,0.9576012939214706,0.9461404383182526,0.9281954616308212,0.9025596737861633
final_20260709-141342_augmented_spots_train_pin_e200_b10_lr0.0001_s1,?|Ti7Al_logtif.h5|785|1767|720185,3,0.9112486044565836,0.8418920238812765,0.05475557657579581,0.9262630343437195,0.900414764881134,0.9282465179761251,0.9149590015411377
final_20260709-141342_augmented_spots_train_pin_e200_b10_lr0.0001_s1,?|Iron_deformed_logtif.h5|193|473|2027590,3,0.93952476978302,0.8885508974393209,0.0816699539621671,0.9615124861399332,0.957080622514089,0.9289273818333944,0.9120651960372925
final_20260709-141342_augmented_spots_train_pin_e200_b10_lr0.0001_s1,?|Ti7Al_logtif.h5|711|711|309821,3,0.9283270041147867,0.8718287944793701,0.06789512559771538,0.9508173863093058,0.944054365158081,0.9302159547805786,0.9015587329864502
final_20260709-141342_augmented_spots_train_pin_e200_b10_lr0.0001_s1,?|IN718_twins_logtif.h5|703|2081|178440,3,0.948988159497579,0.9068853259086609,0.08820976316928864,0.9600880742073059,0.9402617613474528,0.9303892056147257,0.8877426981925964
final_20260709-141342_augmented_spots_train_pin_e200_b10_lr0.0001_s1,?|IN718_twins_logtif.h5|1271|2649|226498,3,0.9475831588109335,0.9115930795669556,0.08359108368555705,0.9687715371449789,0.9339681267738342,0.9319960276285807,0.890641188621521
final_20260709-141342_augmented_spots_train_pin_e200_b10_lr0.0001_s1,?|IN718_twins_logtif.h5|1278|1278|108160,3,0.9392270048459371,0.8917844692866007,0.07078410436709721,0.9735577901204427,0.9412386814753214,0.9342214465141296,0.9044930696487427
final_20260709-141342_augmented_spots_train_pin_e200_b10_lr0.0001_s1,?|IN718_twins_logtif.h5|885|885|73830,4,0.9433591812849045,0.8998192846775055,0.07346851378679276,0.9644576013088226,0.9108684659004211,0.9349453300237656,0.8740743160247803
final_20260709-141342_augmented_spots_train_pin_e200_b10_lr0.0001_s1,?|Ti7Al_logtif.h5|900|1881|752712,3,0.9084296425183614,0.8454806009928385,0.038349165891607605,0.9518684148788452,0.9090522130330404,0.9350402355194092,0.8961539983749389
final_20260709-141342_augmented_spots_train_pin_e200_b10_lr0.0001_s1,?|Ti7Al_logtif.h5|120|1102|427246,3,0.9410269856452942,0.8925300240516663,0.06941674153010051,0.9450961152712504,0.9413212537765503,0.9358051419258118,0.9092543721199036
final_20260709-141342_augmented_spots_train_pin_e200_b10_lr0.0001_s1,?|Ti7Al_logtif.h5|587|1569|653866,3,0.9327219525973002,0.8830092748006185,0.06038741891582807,0.9289130369822184,0.9091504812240601,0.9361672798792521,0.903248381614685
final_20260709-141342_augmented_spots_train_pin_e200_b10_lr0.0001_s1,?|IN718_twins_logtif.h5|612|612|50032,3,0.953528881072998,0.9129639863967896,0.08096263060967128,0.9623436331748962,0.9458558758099874,0.9362831314404806,0.9187157988548279
final_20260709-141342_augmented_spots_train_pin_e200_b10_lr0.0001_s1,?|Ti7Al_logtif.h5|153|153|50619,3,0.9252551396687826,0.8646245797475179,0.051090079049269356,0.9529192447662354,0.9363064368565878,0.9370825091997782,0.9230439782142639
final_20260709-141342_augmented_spots_train_pin_e200_b10_lr0.0001_s1,?|Al_big_grains_logtif.h5|1823|6767|209024,3,0.9250064293543497,0.871344804763794,0.05071605431536833,0.9674568772315979,0.9579139749209086,0.9371451735496521,0.8777139902114868
final_20260709-141342_augmented_spots_train_pin_e200_b10_lr0.0001_s1,?|Ti7Al_logtif.h5|134|1116|428768,3,0.9148865739504496,0.8583370248476664,0.03998233936727047,0.9630730152130127,0.9151994585990906,0.9374521176020304,0.9035043597221375
final_20260709-141342_augmented_spots_train_pin_e200_b10_lr0.0001_s1,?|Ti7Al_logtif.h5|331|331|117248,3,0.9119776884714762,0.8510468006134033,0.035977803170681,0.9656374653180441,0.9583019614219666,0.937999943892161,0.9158711194992065
final_20260709-141342_augmented_spots_train_pin_e200_b10_lr0.0001_s1,?|IN718_twins_logtif.h5|909|2288|195464,3,0.9413721561431885,0.8938308954238892,0.06509919092059135,0.9828166564305624,0.9621007839838663,0.9381364981333414,0.9124911546707153
final_20260709-141342_augmented_spots_train_pin_e200_b10_lr0.0001_s1,?|Iron_deformed_logtif.h5|123|403|1657222,3,0.920530358950297,0.8594233194986979,0.035506753250956535,0.9499205946922302,0.918482760588328,0.942511796951294,0.9299642086029053
final_20260709-141342_augmented_spots_train_pin_e200_b10_lr0.0001_s1,?|Ti7Al_logtif.h5|110|110|32103,5,0.9226189017295837,0.8762172102928162,0.03573271445930004,0.9600181341171264,0.8947048544883728,0.9434430837631226,0.9036600470542908
final_20260709-141342_augmented_spots_train_pin_e200_b10_lr0.0001_s1,?|Iron_deformed_logtif.h5|144|144|528465,3,0.9334300557772318,0.8809480468432108,0.04358208862443765,0.9725683331489563,0.9597047766049703,0.944923977057139,0.9278442621231079
final_20260709-141342_augmented_spots_train_pin_e200_b10_lr0.0001_s1,?|IN718_twins_logtif.h5|692|692|58235,3,0.9561739762624105,0.9180500308672587,0.065972534318765,0.9733263254165649,0.9558354814847311,0.945100724697113,0.922525942325592
final_20260709-141342_augmented_spots_train_pin_e200_b10_lr0.0001_s1,?|Ti7Al_logtif.h5|1|983|386483,3,0.930995523929596,0.8808708190917969,0.03737391469379266,0.915561298529307,0.9039841294288635,0.946810801823934,0.9299500584602356
final_20260709-141342_augmented_spots_train_pin_e200_b10_lr0.0001_s1,?|Ti7Al_logtif.h5|89|89|24821,3,0.9414170781771342,0.89442245165507,0.045631568878889084,0.9619313875834147,0.9487229585647583,0.9478927453358968,0.9318798065185547
final_20260709-141342_augmented_spots_train_pin_e200_b10_lr0.0001_s1,?|Ti7Al_logtif.h5|39|39|12402,3,0.9201565980911255,0.8595921993255615,0.02276777724424998,0.9482404987017313,0.9062630931536356,0.9486944278081259,0.9253220796585083
final_20260709-141342_augmented_spots_train_pin_e200_b10_lr0.0001_s1,?|IN718_twins_logtif.h5|322|1698|147131,3,0.9507009387016296,0.9158697923024496,0.05250402664144834,0.9788111845652262,0.940335234006246,0.9490984280904134,0.9067967414855957
final_20260709-141342_augmented_spots_train_pin_e200_b10_lr0.0001_s1,?|IN718_twins_logtif.h5|343|1722|148837,3,0.9774219195048014,0.9562093416849772,0.07748253270983696,0.9773904085159302,0.9673437277475992,0.9499696890513102,0.947818374633789
final_20260709-141342_augmented_spots_train_pin_e200_b10_lr0.0001_s1,?|Ti7Al_logtif.h5|846|1828|745292,3,0.9673225084940592,0.9373230536778768,0.061803197488188744,0.9668543537457784,0.9590812722841898,0.9527596433957418,0.9403366446495056
final_20260709-141342_augmented_spots_train_pin_e200_b10_lr0.0001_s1,?|Ti7Al_logtif.h5|458|1440|597994,4,0.9454781711101532,0.8988101333379745,0.03876899369060993,0.965549036860466,0.957204133272171,0.953354611992836,0.9351396322250366
final_20260709-141342_augmented_spots_train_pin_e200_b10_lr0.0001_s1,?|IN718_twins_logtif.h5|825|2202|189095,3,0.977131982644399,0.957473874092102,0.06680404891570409,0.9892276525497437,0.9681684176127116,0.9551639358202616,0.9310292601585388
final_20260709-141342_augmented_spots_train_pin_e200_b10_lr0.0001_s1,?|IN718_twins_logtif.h5|425|1801|157178,3,0.9919024507204691,0.9840805927912394,0.0645548366010189,0.9800834854443868,0.9778353770573934,0.9636738300323486,0.9511366128921509
final_20260709-141342_augmented_spots_train_pin_e200_b10_lr0.0001_s1,?|Ti7Al_logtif.h5|867|1849|749230,3,0.9653435150782267,0.9345142443974813,0.037924000372489296,0.9793332815170288,0.9780526558558146,0.9637097716331482,0.9609316110610961
final_20260709-141342_augmented_spots_train_pin_e200_b10_lr0.0001_s1,?|IN718_twins_logtif.h5|216|1595|136423,3,0.9775907198588053,0.9576582511266073,0.04655099908510844,0.9881452322006226,0.9803346196810404,0.9655198653539022,0.9534864664077759
final_20260720-153845_augmented_spots_train_e200_b10_lr0.0001_s1,?|Ti7Al_logtif.h5|330|1312|505227,3,0.7021272083123525,0.6104881266752878,0.08474351900319259,0.8032658497492472,0.7936734060446421,0.8086918195088705,0.6659056901931762
final_20260720-153845_augmented_spots_train_e200_b10_lr0.0001_s1,?|Iron_deformed_logtif.h5|168|448|1896773,3,0.7252609431743622,0.6486517488956451,0.09530691802501678,0.8032286465167999,0.8017323911190033,0.8149770299593607,0.7107010602951049
final_20260720-153845_augmented_spots_train_e200_b10_lr0.0001_s1,?|Ti7Al_logtif.h5|868|868|355427,3,0.7748241821924845,0.687233567237854,0.11676032468676567,0.8146235744158427,0.7950997352600098,0.8290319244066874,0.6957181096076965
final_20260720-153845_augmented_spots_train_e200_b10_lr0.0001_s1,?|Ti7Al_logtif.h5|800|1782|729836,3,0.7104994555314382,0.6268518467744192,0.04003576499720415,0.7706122299035391,0.7447432279586792,0.8352318604787191,0.7353438854217529
final_20260720-153845_augmented_spots_train_e200_b10_lr0.0001_s1,?|Iron_deformed_logtif.h5|96|376|1581320,3,0.8229345877965292,0.7310817440350851,0.14310533429185548,0.8845523198445638,0.8369781970977783,0.8399146199226379,0.7236021757125854
final_20260720-153845_augmented_spots_train_e200_b10_lr0.0001_s1,?|Iron_deformed_logtif.h5|1|281|1250417,3,0.7753589550654093,0.6759601533412933,0.0865330770611763,0.9079532027244568,0.8096671998500824,0.8444129427274069,0.7458324432373047
final_20260720-153845_augmented_spots_train_e200_b10_lr0.0001_s1,?|Ti7Al_logtif.h5|765|1748|716846,3,0.755788137515386,0.6966852943102518,0.06627202220261097,0.7693012257417043,0.7669446567694346,0.8447580536206564,0.6895437240600586
final_20260720-153845_augmented_spots_train_e200_b10_lr0.0001_s1,?|Ti7Al_logtif.h5|474|1457|604880,3,0.8058601021766663,0.6949529051780701,0.11551202088594437,0.7688172658284506,0.7603302498658498,0.8451740344365438,0.7530808210372925
final_20260720-153845_augmented_spots_train_e200_b10_lr0.0001_s1,?|Ti7Al_logtif.h5|951|951|378424,6,0.7958159347375234,0.715757225950559,0.09000424233575662,0.8364431907733282,0.8217211365699768,0.8529058496157328,0.7062773108482361
final_20260720-153845_augmented_spots_train_e200_b10_lr0.0001_s1,?|Iron_deformed_logtif.h5|167|447|1896154,3,0.7729252874851227,0.7208092312018076,0.05351243478556474,0.8264653583367666,0.8260798553625742,0.859706441561381,0.7234747886657715
final_20260720-153845_augmented_spots_train_e200_b10_lr0.0001_s1,?|Ti7Al_logtif.h5|110|110|32103,5,0.8069711804389954,0.7079114079475403,0.0762246835976839,0.8957931518554687,0.7659916043281555,0.8653732657432556,0.7863499879837036
final_20260720-153845_augmented_spots_train_e200_b10_lr0.0001_s1,?|Ti7Al_logtif.h5|561|1541|646447,3,0.8157935738563538,0.7195545434951782,0.07287897666295369,0.8212489485740662,0.8128414452075958,0.8714572985967001,0.7705490350723266
final_20260720-153845_augmented_spots_train_e200_b10_lr0.0001_s1,?|Iron_deformed_logtif.h5|84|363|1554874,4,0.8388075828552246,0.737711563706398,0.09518341161310673,0.9531844854354858,0.9208389818668365,0.871812105178833,0.8020210266113281
final_20260720-153845_augmented_spots_train_e200_b10_lr0.0001_s1,?|IN718_twins_logtif.h5|1224|1224|103276,3,0.8550609548886617,0.8000119129816691,0.10963020411630471,0.8846599260965983,0.8186205526192983,0.8727153539657593,0.7283952713012696
final_20260720-153845_augmented_spots_train_e200_b10_lr0.0001_s1,?|Iron_deformed_logtif.h5|14|14|64651,3,0.8520618478457133,0.7537720402081808,0.10566317041714986,0.9432929356892904,0.930021862188975,0.8731993238131205,0.8190944194793701
final_20260720-153845_augmented_spots_train_e200_b10_lr0.0001_s1,?|Iron_deformed_logtif.h5|189|469|2025484,3,0.8420851627985636,0.7385955055554708,0.0933416560292244,0.9342014590899149,0.8999367554982504,0.8743717471758524,0.8450506806373597
final_20260720-153845_augmented_spots_train_e200_b10_lr0.0001_s1,?|Ti7Al_logtif.h5|67|67|19272,4,0.8361126780509949,0.7703312039375305,0.07845889683812857,0.867912694811821,0.8512680530548096,0.8788269013166428,0.7318064391613006
final_20260720-153845_augmented_spots_train_e200_b10_lr0.0001_s1,?|Iron_deformed_logtif.h5|62|342|1492694,5,0.847148084640503,0.7380217671394348,0.08287340775132179,0.9543763399124146,0.9521482944488525,0.8821373462677002,0.8461709856987
final_20260720-153845_augmented_spots_train_e200_b10_lr0.0001_s1,?|IN718_twins_logtif.h5|1278|1278|108160,3,0.8596567114194235,0.7835935155550638,0.09460116550326347,0.9656269351641337,0.8701721032460531,0.882527768611908,0.7783141493797302
final_20260720-153845_augmented_spots_train_e200_b10_lr0.0001_s1,?|Iron_deformed_logtif.h5|60|340|1491296,3,0.8585431575775146,0.7603703339894613,0.0902269979317983,0.9251037438710531,0.9218019843101501,0.8841580549875895,0.8374554634094238
final_20260720-153845_augmented_spots_train_e200_b10_lr0.0001_s1,?|Iron_deformed_logtif.h5|23|23|70379,3,0.8611022233963013,0.7630206346511841,0.09178930893540382,0.9489633242289225,0.9487599730491638,0.8846564491589864,0.8176171779632568
final_20260720-153845_augmented_spots_train_e200_b10_lr0.0001_s1,?|Iron_deformed_logtif.h5|191|471|2026221,3,0.8553014397621155,0.7541973988215128,0.0812242937584718,0.9434832135836283,0.9384511311848959,0.8870385487874349,0.8280942916870118
final_20260720-153845_augmented_spots_train_e200_b10_lr0.0001_s1,?|Ti7Al_logtif.h5|331|331|117248,3,0.8436070283253988,0.7826664646466573,0.06916860491037369,0.8079797625541687,0.8071809808413187,0.887219230333964,0.7920960426330567
final_20260720-153845_augmented_spots_train_e200_b10_lr0.0001_s1,?|Iron_deformed_logtif.h5|245|525|2343145,3,0.8861675262451172,0.7971836527188619,0.11156585315863292,0.9462612469991049,0.9437431693077087,0.8873008290926615,0.8500943183898926
final_20260720-153845_augmented_spots_train_e200_b10_lr0.0001_s1,?|Iron_deformed_logtif.h5|273|553|2451312,7,0.8655303461211068,0.775202214717865,0.08641700499824115,0.9299510206495013,0.9199199761663165,0.8895566804068429,0.817473042011261
final_20260720-153845_augmented_spots_train_e200_b10_lr0.0001_s1,?|Ti7Al_logtif.h5|278|1260|494692,3,0.8467560807863871,0.7474400599797567,0.06699628445009391,0.9144726196924845,0.8630323807398478,0.8898798823356628,0.8162618041038513
final_20260720-153845_augmented_spots_train_e200_b10_lr0.0001_s1,?|Ti7Al_logtif.h5|740|1723|711979,3,0.8216871420542399,0.7525165677070618,0.03930085897445679,0.8374765515327454,0.8371612826983134,0.8911931316057841,0.8167988657951355
final_20260720-153845_augmented_spots_train_e200_b10_lr0.0001_s1,?|Iron_deformed_logtif.h5|20|20|68360,3,0.8862665295600891,0.800338884194692,0.09741098433732986,0.9351460138956705,0.9337277412414551,0.894427756468455,0.8520376563072205
final_20260720-153845_augmented_spots_train_e200_b10_lr0.0001_s1,?|Iron_deformed_logtif.h5|141|141|523753,3,0.8684511184692383,0.7709771196047465,0.07793361445267995,0.9686768651008606,0.9676924149195353,0.8952587246894836,0.8582683086395264
final_20260720-153845_augmented_spots_train_e200_b10_lr0.0001_s1,?|Iron_deformed_logtif.h5|274|274|1211311,3,0.8734313646952311,0.7819916009902954,0.07875008384386699,0.9366327126820883,0.9314018487930298,0.8973406354586283,0.8332077503204346
final_20260720-153845_augmented_spots_train_e200_b10_lr0.0001_s1,?|Ti7Al_logtif.h5|737|737|318628,3,0.9014100432395935,0.8245659470558167,0.10664484898249309,0.8383880058924357,0.8101837436358134,0.8973825772603353,0.8503807067871094
final_20260720-153845_augmented_spots_train_e200_b10_lr0.0001_s1,?|Iron_deformed_logtif.h5|121|401|1655920,4,0.8826708644628525,0.7941742390394211,0.08629333041608334,0.9510562866926193,0.946698397397995,0.8981887698173523,0.843799102306366
final_20260720-153845_augmented_spots_train_e200_b10_lr0.0001_s1,?|Al_big_grains_logtif.h5|1987|6931|214006,3,0.8334186474482218,0.7916845480600992,0.03692126212020715,0.98841925462087,0.8313968181610107,0.8982486923535665,0.799140453338623
final_20260720-153845_augmented_spots_train_e200_b10_lr0.0001_s1,?|Iron_deformed_logtif.h5|19|298|1306721,6,0.8836337924003601,0.7955397963523865,0.08701643502960603,0.9433049857616425,0.9399641354878744,0.8983086744944254,0.8480617105960846
final_20260720-153845_augmented_spots_train_e200_b10_lr0.0001_s1,?|Iron_deformed_logtif.h5|88|368|1562446,4,0.8891604393720627,0.8032362461090088,0.09151805657893419,0.9513361304998398,0.9490793645381927,0.8988211899995804,0.8503085374832153
final_20260720-153845_augmented_spots_train_e200_b10_lr0.0001_s1,?|Iron_deformed_logtif.h5|139|420|1763892,4,0.8927722722291946,0.8148572742938995,0.09344064444303513,0.9441159218549728,0.943570464849472,0.8996658325195312,0.8229883432388305
final_20260720-153845_augmented_spots_train_e200_b10_lr0.0001_s1,?|Ti7Al_logtif.h5|125|125|38081,3,0.8505516449610392,0.7616908152898153,0.05030385311692953,0.9439984957377116,0.9358450373013815,0.9001238942146301,0.8232326745986939
final_20260720-153845_augmented_spots_train_e200_b10_lr0.0001_s1,?|Ti7Al_logtif.h5|192|192|64402,3,0.8525124788284302,0.7682117223739624,0.0493411465237538,0.9057732423146566,0.8971234560012817,0.9015856782595316,0.8587839007377625
final_20260720-153845_augmented_spots_train_e200_b10_lr0.0001_s1,?|Ti7Al_logtif.h5|593|593|265156,3,0.8584050933519999,0.7611230214436849,0.05149737993876139,0.9140076637268066,0.8873162666956583,0.9034538269042969,0.8767084360122681
final_20260720-153845_augmented_spots_train_e200_b10_lr0.0001_s1,?|Iron_deformed_logtif.h5|273|273|1210178,4,0.886465534567833,0.8011792302131653,0.07865831814706326,0.9434961676597595,0.9434651583433151,0.9039036333560944,0.8711355447769165
final_20260720-153845_augmented_spots_train_e200_b10_lr0.0001_s1,?|Iron_deformed_logtif.h5|183|463|1960285,3,0.8745450973510742,0.7812618017196655,0.06653345562517643,0.9611881971359253,0.959745188554128,0.9040058056513468,0.8786705732345581
final_20260720-153845_augmented_spots_train_e200_b10_lr0.0001_s1,?|Iron_deformed_logtif.h5|169|449|1897167,4,0.8795134723186493,0.7886078357696533,0.07142124976962805,0.9494231343269348,0.9482711404561996,0.9040460884571075,0.880177116394043
final_20260720-153845_augmented_spots_train_e200_b10_lr0.0001_s1,?|Iron_deformed_logtif.h5|270|270|1208200,4,0.8833968192338943,0.8026801198720932,0.07477376610040665,0.9502779543399811,0.9258275926113129,0.9043115228414536,0.841778576374054
final_20260720-153845_augmented_spots_train_e200_b10_lr0.0001_s1,?|Iron_deformed_logtif.h5|77|357|1542926,6,0.8693250020345052,0.8010024279356003,0.060595644948383175,0.9492272734642029,0.901062622666359,0.904364675283432,0.8096234500408173
final_20260720-153845_augmented_spots_train_e200_b10_lr0.0001_s1,?|Iron_deformed_logtif.h5|173|173|668050,4,0.8968278467655182,0.8197818845510483,0.08774449583142996,0.9323388338088989,0.9307085126638412,0.9045416861772537,0.8525047302246094
final_20260720-153845_augmented_spots_train_e200_b10_lr0.0001_s1,?|Iron_deformed_logtif.h5|137|137|518561,5,0.8558333873748779,0.7533778429031373,0.04621541500091553,0.9781576871871949,0.9681962966918946,0.9048089742660522,0.859051775932312
final_20260720-153845_augmented_spots_train_e200_b10_lr0.0001_s1,?|Iron_deformed_logtif.h5|1|1|10546,5,0.8585277557373047,0.760886287689209,0.045348425209522245,0.9626794815063476,0.9386163473129272,0.9065896511077881,0.8657399892807007
final_20260720-153845_augmented_spots_train_e200_b10_lr0.0001_s1,?|Iron_deformed_logtif.h5|15|295|1305345,3,0.8833919167518616,0.7951808373133341,0.06867904712756474,0.9697416226069132,0.9683078527450562,0.9073564608891805,0.8762123584747314
final_20260720-153845_augmented_spots_train_e200_b10_lr0.0001_s1,?|Iron_deformed_logtif.h5|39|319|1383099,3,0.8838405013084412,0.7954235474268595,0.0658160721262296,0.9611899654070536,0.9580264886220297,0.9090122183163961,0.8891087532043457
final_20260720-153845_augmented_spots_train_e200_b10_lr0.0001_s1,?|Iron_deformed_logtif.h5|215|215|920107,3,0.8985693057378134,0.817687471707662,0.07989311218261719,0.9416107734044393,0.9412404100100199,0.909338116645813,0.8916737079620362
final_20260720-153845_augmented_spots_train_e200_b10_lr0.0001_s1,?|Iron_deformed_logtif.h5|55|334|1461026,3,0.9043430884679159,0.8255093892415365,0.08227091282606125,0.9787675142288208,0.9779053529103597,0.9110360542933146,0.8988038301467896
final_20260720-153845_augmented_spots_train_e200_b10_lr0.0001_s1,?|Iron_deformed_logtif.h5|217|497|2202296,4,0.8815976977348328,0.7934513241052628,0.05923159886151552,0.9452759623527527,0.9322331696748734,0.9111830592155457,0.8980063259601593
final_20260720-153845_augmented_spots_train_e200_b10_lr0.0001_s1,?|Iron_deformed_logtif.h5|189|189|785586,6,0.8798524538675944,0.7925305962562561,0.05685685575008392,0.9665465851624807,0.9638536870479584,0.9114977816740671,0.8605789244174957
final_20260720-153845_augmented_spots_train_e200_b10_lr0.0001_s1,?|Iron_deformed_logtif.h5|250|250|1106997,4,0.8823622465133667,0.7980915606021881,0.05831944849342108,0.9661694467067719,0.966007336974144,0.9120213985443115,0.8818166851997375
final_20260720-153845_augmented_spots_train_e200_b10_lr0.0001_s1,?|Ti7Al_logtif.h5|903|1882|752818,3,0.8603957096735636,0.783836563428243,0.036153508350253105,0.9416457215944926,0.9385778506596884,0.9121210972468058,0.8327733755111695
final_20260720-153845_augmented_spots_train_e200_b10_lr0.0001_s1,?|Iron_deformed_logtif.h5|229|229|1011112,4,0.8931926339864731,0.8118822425603867,0.06893698358908296,0.9625260233879089,0.9618558585643768,0.9121278077363968,0.8900915503501892
final_20260720-153845_augmented_spots_train_e200_b10_lr0.0001_s1,?|Iron_deformed_logtif.h5|56|336|1461382,5,0.9043062806129456,0.825923752784729,0.07906015142798424,0.961189866065979,0.9608927011489868,0.9126230716705322,0.8841458797454834
final_20260720-153845_augmented_spots_train_e200_b10_lr0.0001_s1,?|Iron_deformed_logtif.h5|232|232|1020810,3,0.8969191114107767,0.8184159795443217,0.06961463515957196,0.9760226209958395,0.9757102330525717,0.9136522809664408,0.8741146445274353
final_20260720-153845_augmented_spots_train_e200_b10_lr0.0001_s1,?|Iron_deformed_logtif.h5|15|15|66683,3,0.9099174936612447,0.836126466592153,0.08122635011871655,0.9673869013786316,0.9673245350519816,0.9143455624580383,0.8962705969810486
final_20260720-153845_augmented_spots_train_e200_b10_lr0.0001_s1,?|Iron_deformed_logtif.h5|172|172|667669,5,0.9000485181808472,0.8217633485794067,0.07101353257894516,0.9714101195335388,0.9617644786834717,0.9145174860954285,0.8872054219245911
final_20260720-153845_augmented_spots_train_e200_b10_lr0.0001_s1,?|Iron_deformed_logtif.h5|188|468|2024649,4,0.9128203392028809,0.8413577526807785,0.08375526685267687,0.944159746170044,0.9441525638103485,0.9145325273275375,0.8738857388496399
final_20260720-153845_augmented_spots_train_e200_b10_lr0.0001_s1,?|Iron_deformed_logtif.h5|135|135|484462,3,0.9103219509124756,0.8371512691179911,0.08041045938928922,0.937644879023234,0.9359643260637919,0.914955735206604,0.8679655194282532
final_20260720-153845_augmented_spots_train_e200_b10_lr0.0001_s1,?|Iron_deformed_logtif.h5|22|22|70041,3,0.9078582922617594,0.8318267265955607,0.07718848437070847,0.9771242141723633,0.9759180148442587,0.9153348803520203,0.8984050512313843
final_20260720-153845_augmented_spots_train_e200_b10_lr0.0001_s1,?|Iron_deformed_logtif.h5|210|210|876585,5,0.8943739891052246,0.8114552140235901,0.06360836885869503,0.9745817184448242,0.9651197552680969,0.9153828024864197,0.8828669428825379
final_20260720-153845_augmented_spots_train_e200_b10_lr0.0001_s1,?|Iron_deformed_logtif.h5|27|27|75554,4,0.8909542709589005,0.8048465102910995,0.05862519238144159,0.9671622961759567,0.9661688655614853,0.9161645323038101,0.896529346704483
final_20260720-153845_augmented_spots_train_e200_b10_lr0.0001_s1,?|Iron_deformed_logtif.h5|81|81|313835,4,0.8922160863876343,0.8134903758764267,0.05946560204029083,0.956114798784256,0.9558813124895096,0.9163752496242523,0.8896509885787964
final_20260720-153845_augmented_spots_train_e200_b10_lr0.0001_s1,?|Iron_deformed_logtif.h5|136|136|495861,4,0.8932211697101593,0.8083718419075012,0.06041646655648947,0.9773012697696686,0.9766764640808105,0.9164023399353027,0.9016265511512757
final_20260720-153845_augmented_spots_train_e200_b10_lr0.0001_s1,?|Iron_deformed_logtif.h5|128|408|1686356,3,0.9169691602389017,0.8500265876452128,0.08343862493832906,0.9551373322804769,0.9528823693593343,0.916765292485555,0.8876868724822998
final_20260720-153845_augmented_spots_train_e200_b10_lr0.0001_s1,?|Iron_deformed_logtif.h5|153|433|1857995,4,0.8968200385570526,0.8134870082139969,0.06282001920044422,0.9802200496196747,0.9678793251514435,0.917000025510788,0.8966002106666565
final_20260720-153845_augmented_spots_train_e200_b10_lr0.0001_s1,?|Iron_deformed_logtif.h5|164|164|645795,3,0.9099072416623434,0.8365834951400757,0.07574866836269696,0.9685984452565511,0.9685815572738647,0.9170792698860168,0.9027587175369263
final_20260720-153845_augmented_spots_train_e200_b10_lr0.0001_s1,?|Ti7Al_logtif.h5|867|1849|749230,3,0.8907133340835571,0.8150504032770792,0.055357737466692924,0.9662156899770101,0.928394079208374,0.9176777799924215,0.8618699669837951
final_20260720-153845_augmented_spots_train_e200_b10_lr0.0001_s1,?|Iron_deformed_logtif.h5|87|87|316193,3,0.9153148730595907,0.8458167314529419,0.07918477058410645,0.9386952122052511,0.9370251496632894,0.9180650313695272,0.869135570526123
final_20260720-153845_augmented_spots_train_e200_b10_lr0.0001_s1,?|Iron_deformed_logtif.h5|149|149|573179,5,0.8859994411468506,0.8000875115394592,0.049013964086771014,0.9784349918365478,0.9774337649345398,0.9184927344322205,0.8679850697517395
final_20260720-153845_augmented_spots_train_e200_b10_lr0.0001_s1,?|Iron_deformed_logtif.h5|98|378|1584909,3,0.8975111246109009,0.8156904180844625,0.059394754469394684,0.9851515094439188,0.9851161042849222,0.9190582036972046,0.9071067929267883
final_20260720-153845_augmented_spots_train_e200_b10_lr0.0001_s1,?|Iron_deformed_logtif.h5|0|0|1623,3,0.8988083799680074,0.8189714948336283,0.05967464422186216,0.9527304172515869,0.9521618882815043,0.919566829999288,0.910478663444519
final_20260720-153845_augmented_spots_train_e200_b10_lr0.0001_s1,?|Iron_deformed_logtif.h5|187|187|782942,3,0.9042331775029501,0.8277580340703329,0.06495656693975131,0.9688261349995931,0.9665313760439554,0.9196383357048035,0.8882685661315918
final_20260720-153845_augmented_spots_train_e200_b10_lr0.0001_s1,?|Iron_deformed_logtif.h5|33|313|1349905,6,0.9097994863986969,0.8379684388637543,0.07042535518606503,0.9584363500277201,0.956843634446462,0.9196870625019073,0.8735567629337311
final_20260720-153845_augmented_spots_train_e200_b10_lr0.0001_s1,?|Ti7Al_logtif.h5|291|291|107749,5,0.8890143632888794,0.8083945155143738,0.04888918325304985,0.9161940455436707,0.9106369018554688,0.9200625896453858,0.8727284669876099
final_20260720-153845_augmented_spots_train_e200_b10_lr0.0001_s1,?|Iron_deformed_logtif.h5|184|464|1988468,6,0.9071101347605387,0.831371933221817,0.06695610843598843,0.9692650039990743,0.9690153698126475,0.9200770258903503,0.8930160403251648
final_20260720-153845_augmented_spots_train_e200_b10_lr0.0001_s1,?|Iron_deformed_logtif.h5|246|526|2344537,5,0.9055887818336487,0.8279961228370667,0.06474637612700462,0.9785160541534423,0.9783652782440185,0.9204212307929993,0.8947007179260253
final_20260720-153845_augmented_spots_train_e200_b10_lr0.0001_s1,?|Iron_deformed_logtif.h5|188|188|784896,5,0.9058243632316589,0.8297787308692932,0.06475788392126561,0.9717711329460144,0.9710204124450683,0.9205332398414612,0.9023154258728028
final_20260720-153845_augmented_spots_train_e200_b10_lr0.0001_s1,?|Iron_deformed_logtif.h5|163|443|1881181,3,0.904271403948466,0.8261173168818156,0.06303354290624459,0.9756034016609192,0.9752403497695923,0.9206189314524332,0.9018419742584228
final_20260720-153845_augmented_spots_train_e200_b10_lr0.0001_s1,?|Ti7Al_logtif.h5|746|1728|712611,4,0.9059436023235321,0.8347809016704559,0.06342853978276253,0.9355256855487823,0.9330404102802277,0.9212575405836105,0.8647797524929046
final_20260720-153845_augmented_spots_train_e200_b10_lr0.0001_s1,?|Iron_deformed_logtif.h5|143|143|525365,3,0.9110771218935648,0.8398096958796183,0.06833389153083165,0.9609467585881551,0.9605521957079569,0.921371599038442,0.893257987499237
final_20260720-153845_augmented_spots_train_e200_b10_lr0.0001_s1,?|Iron_deformed_logtif.h5|235|235|1039802,3,0.8879942695299784,0.8032588164011637,0.043920853485663734,0.9746625026067098,0.9724069635073344,0.9220367272694906,0.8976546645164489
final_20260720-153845_augmented_spots_train_e200_b10_lr0.0001_s1,?|Ti7Al_logtif.h5|674|1655|690234,3,0.8760040402412415,0.7954018314679464,0.031879847248395286,0.9635794361432394,0.9619567592938741,0.9220621188481649,0.8997767925262451
final_20260720-153845_augmented_spots_train_e200_b10_lr0.0001_s1,?|Iron_deformed_logtif.h5|13|13|63607,3,0.9153593182563782,0.8463340004285177,0.07071248690287273,0.9721881945927938,0.9719074765841166,0.9223234256108602,0.9040269136428833
final_20260720-153845_augmented_spots_train_e200_b10_lr0.0001_s1,?|Iron_deformed_logtif.h5|120|400|1655560,4,0.9039927423000336,0.8266050964593887,0.05905768554657698,0.9644594043493271,0.9637823104858398,0.9224675297737122,0.9028066277503968
final_20260720-153845_augmented_spots_train_e200_b10_lr0.0001_s1,?|Iron_deformed_logtif.h5|275|555|2456737,5,0.9097134828567505,0.8365804553031921,0.06435911431908607,0.9774689912796021,0.9770532727241517,0.9226771712303161,0.8884290814399719
final_20260720-153845_augmented_spots_train_e200_b10_lr0.0001_s1,?|Al_deformed_LoG_logtif.h5|7|41|510550,15,0.9096137762069703,0.8356276472409566,0.06367708581189314,0.9769538720448812,0.9766724109649658,0.92296834786733,0.8956046104431152
final_20260720-153845_augmented_spots_train_e200_b10_lr0.0001_s1,?|Iron_deformed_logtif.h5|93|93|333088,3,0.8992736339569092,0.8242212136586508,0.05315320317943891,0.9840578238169352,0.983833392461141,0.9230602184931437,0.9014538764953614
final_20260720-153845_augmented_spots_train_e200_b10_lr0.0001_s1,?|Iron_deformed_logtif.h5|13|293|1302579,4,0.907232329249382,0.83158940076828,0.060986039228737354,0.9670074135065079,0.9664910584688187,0.9231231659650803,0.8988387525081635
final_20260720-153845_augmented_spots_train_e200_b10_lr0.0001_s1,?|Iron_deformed_logtif.h5|17|297|1306370,4,0.9096544831991196,0.834964394569397,0.0633275187574327,0.9649316072463989,0.964895710349083,0.9231634587049484,0.8915853083133698
final_20260720-153845_augmented_spots_train_e200_b10_lr0.0001_s1,?|Iron_deformed_logtif.h5|61|61|251104,6,0.8885306616624197,0.8075258831183115,0.04170398941884438,0.959691454966863,0.9439875384171804,0.9234133362770081,0.8731860518455505
final_20260720-153845_augmented_spots_train_e200_b10_lr0.0001_s1,?|Iron_deformed_logtif.h5|131|131|446796,4,0.8981228470802307,0.8282800167798996,0.05043700244277716,0.9640878587961197,0.9515493214130402,0.9238429367542267,0.8598977565765381
final_20260720-153845_augmented_spots_train_e200_b10_lr0.0001_s1,?|Iron_deformed_logtif.h5|278|558|2479788,3,0.9142149686813354,0.8442249695460001,0.06629392318427563,0.9633908073107401,0.9625597794850668,0.9239605267842611,0.9030386447906494
final_20260720-153845_augmented_spots_train_e200_b10_lr0.0001_s1,?|Iron_deformed_logtif.h5|16|296|1305672,3,0.9096217552820841,0.8343512614568075,0.06137024611234665,0.9774052302042643,0.9767147103945414,0.9241257508595785,0.9111839294433594
final_20260720-153845_augmented_spots_train_e200_b10_lr0.0001_s1,?|Iron_deformed_logtif.h5|42|322|1394565,3,0.9147836565971375,0.8437542120615641,0.06624702674647172,0.9697866042455038,0.9695618748664856,0.9242683251698812,0.8860737442970276
final_20260720-153845_augmented_spots_train_e200_b10_lr0.0001_s1,?|Iron_deformed_logtif.h5|22|302|1309528,4,0.8984517157077789,0.8200585842132568,0.0497184582054615,0.9815397709608078,0.980606883764267,0.9243666231632233,0.8966707289218903
final_20260720-153845_augmented_spots_train_e200_b10_lr0.0001_s1,?|Iron_deformed_logtif.h5|70|351|1516103,3,0.9050544500350952,0.8266812761624655,0.05525203545888265,0.9748678207397461,0.9733794927597046,0.9249011874198914,0.9227942943572998
final_20260720-153845_augmented_spots_train_e200_b10_lr0.0001_s1,?|Iron_deformed_logtif.h5|124|404|1669194,3,0.9163527886072794,0.8491018215815226,0.06624763707319896,0.9603285789489746,0.9599885741869608,0.9250525832176208,0.8928008794784545
final_20260720-153845_augmented_spots_train_e200_b10_lr0.0001_s1,?|Iron_deformed_logtif.h5|103|383|1609828,5,0.9097991466522217,0.8353905797004699,0.05966278724372387,0.9853971481323243,0.9839983105659484,0.9250681757926941,0.8980119705200196
final_20260720-153845_augmented_spots_train_e200_b10_lr0.0001_s1,?|Iron_deformed_logtif.h5|44|44|162956,4,0.9162230491638184,0.8466704487800598,0.06563796056434512,0.9734931439161301,0.9734660536050797,0.9252925366163254,0.9031029939651489
final_20260720-153845_augmented_spots_train_e200_b10_lr0.0001_s1,?|Iron_deformed_logtif.h5|102|102|368709,6,0.901330977678299,0.8263270755608877,0.04986294979850451,0.9666568835576376,0.96622966726621,0.9257340133190155,0.8810796141624451
final_20260720-153845_augmented_spots_train_e200_b10_lr0.0001_s1,?|Iron_deformed_logtif.h5|98|98|344511,4,0.9033139050006866,0.8248052895069122,0.05120678432285786,0.9916568398475647,0.9914722740650177,0.9260535687208176,0.9133541762828827
final_20260720-153845_augmented_spots_train_e200_b10_lr0.0001_s1,?|Iron_deformed_logtif.h5|95|374|1574041,5,0.9198572397232055,0.8532520651817321,0.06755891367793083,0.953044855594635,0.9526280641555787,0.9261491417884826,0.8992180824279785
final_20260720-153845_augmented_spots_train_e200_b10_lr0.0001_s1,?|Al_deformed_LoG_logtif.h5|6|6|54274,27,0.9095728286990413,0.8350505784705833,0.057211331781689766,0.985921733909183,0.9858367641766866,0.9261807490278173,0.906375777721405
final_20260720-153845_augmented_spots_train_e200_b10_lr0.0001_s1,?|Al_deformed_LoG_logtif.h5|29|63|895675,13,0.9148641503774203,0.8442221192213205,0.06210898063503779,0.9794880472696744,0.9792807652400091,0.9263775853010324,0.8965863227844239
final_20260720-153845_augmented_spots_train_e200_b10_lr0.0001_s1,?|Iron_deformed_logtif.h5|18|299|1307069,4,0.9111866503953934,0.8383451849222183,0.05649123340845108,0.9785422533750534,0.9778694361448288,0.9273477345705032,0.9068995714187622
final_20260720-153845_augmented_spots_train_e200_b10_lr0.0001_s1,?|Iron_deformed_logtif.h5|136|416|1735423,3,0.9077841440836588,0.8330391844113668,0.05282528201738993,0.9874687790870667,0.9861911535263062,0.9274794260660807,0.9090315222740173
final_20260720-153845_augmented_spots_train_e200_b10_lr0.0001_s1,?|Al_deformed_LoG_logtif.h5|6|40|510321,24,0.9145714044570923,0.8437859565019608,0.058797502579788365,0.9839436039328575,0.9837797035773596,0.9278869529565176,0.8946269631385804
final_20260720-153845_augmented_spots_train_e200_b10_lr0.0001_s1,?|Ti7Al_logtif.h5|380|1363|531358,3,0.9046851793924967,0.8323084910710653,0.04887827175358931,0.961056649684906,0.9548140565554301,0.9279034535090128,0.8909800291061402
final_20260720-153845_augmented_spots_train_e200_b10_lr0.0001_s1,?|Iron_deformed_logtif.h5|166|166|647236,5,0.9034205436706543,0.8277795791625977,0.047572020441293716,0.9836485505104064,0.9829696178436279,0.9279242634773255,0.9051850080490113
final_20260720-153845_augmented_spots_train_e200_b10_lr0.0001_s1,?|Iron_deformed_logtif.h5|21|21|68698,5,0.9020500183105469,0.8231437563896179,0.04614293463528156,0.9889616370201111,0.9887338757514954,0.9279535293579102,0.9176119565963745
final_20260720-153845_augmented_spots_train_e200_b10_lr0.0001_s1,?|Al_deformed_LoG_logtif.h5|7|7|54476,19,0.9070201014217577,0.8330261142630326,0.05107627387501692,0.9850245118141174,0.9814689065280714,0.9279719089206896,0.9056229948997497
final_20260720-153845_augmented_spots_train_e200_b10_lr0.0001_s1,?|Iron_deformed_logtif.h5|192|472|2026576,3,0.9052489598592123,0.8331625064214071,0.049091500540574394,0.9741602937380472,0.9741698503494263,0.9280786911646525,0.9030913472175598
final_20260720-153845_augmented_spots_train_e200_b10_lr0.0001_s1,?|Iron_deformed_logtif.h5|181|461|1951519,3,0.918382445971171,0.8493885199228922,0.061682810386021934,0.9879381855328878,0.9870290756225586,0.9283498525619507,0.9161818981170654
final_20260720-153845_augmented_spots_train_e200_b10_lr0.0001_s1,?|Iron_deformed_logtif.h5|272|272|1208818,6,0.9063297212123871,0.829308956861496,0.048992869133750595,0.9831960499286652,0.9830356438954672,0.9286684393882751,0.916113018989563
final_20260720-153845_augmented_spots_train_e200_b10_lr0.0001_s1,?|Iron_deformed_logtif.h5|108|108|396384,3,0.9148604869842529,0.846712609132131,0.05696813638011614,0.9683696826299032,0.967551072438558,0.9289461771647135,0.9080976843833923
final_20260720-153845_augmented_spots_train_e200_b10_lr0.0001_s1,?|Iron_deformed_logtif.h5|210|490|2115695,3,0.9210689465204874,0.8541021744410197,0.06185184046626091,0.976579507191976,0.9760924577713013,0.9296085635821024,0.91998770236969
final_20260720-153845_augmented_spots_train_e200_b10_lr0.0001_s1,?|Ti7Al_logtif.h5|725|1707|707156,3,0.8882287740707397,0.816931406656901,0.02888977900147438,0.9624756177266439,0.9577290813128153,0.9296694993972778,0.9040836691856384
final_20260720-153845_augmented_spots_train_e200_b10_lr0.0001_s1,?|Iron_deformed_logtif.h5|67|347|1504401,4,0.9181460440158844,0.8508307486772537,0.05847588740289211,0.9839145541191101,0.9827955216169357,0.9298350811004639,0.9091223001480102
final_20260720-153845_augmented_spots_train_e200_b10_lr0.0001_s1,?|Iron_deformed_logtif.h5|191|191|786702,8,0.9208817407488823,0.8539243787527084,0.06077245157212019,0.976939894258976,0.9767407551407814,0.9300546497106552,0.9154151856899262
final_20260720-153845_augmented_spots_train_e200_b10_lr0.0001_s1,?|Iron_deformed_logtif.h5|224|224|1002176,3,0.9267258842786154,0.8639010787010193,0.06660272181034088,0.9731951753298441,0.9726803302764893,0.9300615787506104,0.9195078253746033
final_20260720-153845_augmented_spots_train_e200_b10_lr0.0001_s1,?|Ti7Al_logtif.h5|9|9|1561,4,0.9033503830432892,0.848774179816246,0.043148580472916365,0.9164256006479263,0.8937004953622818,0.9301008880138397,0.8710082173347473
final_20260720-153845_augmented_spots_train_e200_b10_lr0.0001_s1,?|Al_deformed_LoG_logtif.h5|17|51|763114,23,0.9223167222479115,0.8570858654768571,0.06148301704746226,0.9793777699055879,0.9788703529731088,0.9304168483485347,0.9014533877372741
final_20260720-153845_augmented_spots_train_e200_b10_lr0.0001_s1,?|Ti7Al_logtif.h5|605|1587|664057,3,0.9046531120936075,0.8414182265599569,0.04327519051730633,0.9775351087252299,0.9766309460004171,0.9306889573733012,0.8933536767959595
final_20260720-153845_augmented_spots_train_e200_b10_lr0.0001_s1,?|Iron_deformed_logtif.h5|195|195|807221,3,0.9112993478775024,0.8405822118123373,0.04962866008281708,0.9863397081693014,0.9856253266334534,0.9308353265126547,0.8994969964027405
final_20260720-153845_augmented_spots_train_e200_b10_lr0.0001_s1,?|Iron_deformed_logtif.h5|279|279|1239202,4,0.9034772515296936,0.8260738253593445,0.04174104239791632,0.9794177114963531,0.9788865894079208,0.9308681041002274,0.9052204072475434
final_20260720-153845_augmented_spots_train_e200_b10_lr0.0001_s1,?|Iron_deformed_logtif.h5|207|487|2110068,4,0.9098116904497147,0.8363252282142639,0.04778630007058382,0.9869417548179626,0.9863742291927338,0.9310126751661301,0.9136547148227692
final_20260720-153845_augmented_spots_train_e200_b10_lr0.0001_s1,?|Iron_deformed_logtif.h5|259|539|2410871,4,0.9153170585632324,0.8453622460365295,0.052744146436452866,0.9777385294437408,0.9768300354480743,0.9312864542007446,0.9132569074630738
final_20260720-153845_augmented_spots_train_e200_b10_lr0.0001_s1,?|Ti7Al_logtif.h5|878|878|356416,3,0.9158908526102701,0.8488485813140869,0.05209776510794958,0.9523138006528219,0.9502132137616476,0.9318965474764506,0.9005050420761108
final_20260720-153845_augmented_spots_train_e200_b10_lr0.0001_s1,?|Al_deformed_LoG_logtif.h5|27|61|894788,23,0.9207232542659926,0.8537999313810597,0.05685899576739124,0.9823432564735413,0.9821654946907706,0.9319321279940398,0.903232216835022
final_20260720-153845_augmented_spots_train_e200_b10_lr0.0001_s1,?|Al_deformed_LoG_logtif.h5|20|54|805566,20,0.9210936278104782,0.8545558333396912,0.05715487776324153,0.9782295763492584,0.9779269933700562,0.931969377398491,0.9153948247432708
final_20260720-153845_augmented_spots_train_e200_b10_lr0.0001_s1,?|Iron_deformed_logtif.h5|17|17|67353,5,0.9145939469337463,0.843049681186676,0.050552329421043395,0.9860061883926392,0.9856931924819946,0.9320208311080933,0.9067697405815125
final_20260720-153845_augmented_spots_train_e200_b10_lr0.0001_s1,?|Al_deformed_LoG_logtif.h5|8|8|54671,22,0.9163779806007039,0.8463228480382399,0.052052980034866116,0.9838324405930259,0.983670402656902,0.9321625070138411,0.9119409918785095
final_20260720-153845_augmented_spots_train_e200_b10_lr0.0001_s1,?|Ti7Al_logtif.h5|753|1735|715115,3,0.9343750278155009,0.8779165943463644,0.06997306148211162,0.9592774510383606,0.9585985143979391,0.9322009483973185,0.9122412443161011
final_20260720-153845_augmented_spots_train_e200_b10_lr0.0001_s1,?|Iron_deformed_logtif.h5|249|527|2345175,4,0.9078045338392258,0.8325689285993576,0.043090932071208954,0.9819096624851227,0.9812142252922058,0.9323568046092987,0.9132281184196472
final_20260720-153845_augmented_spots_train_e200_b10_lr0.0001_s1,?|Al_big_grains_logtif.h5|3202|3202|103431,3,0.8999375303586324,0.8313631812731425,0.03506009094417095,0.9536514679590861,0.9485506018002828,0.9324387311935425,0.9201312065124512
final_20260720-153845_augmented_spots_train_e200_b10_lr0.0001_s1,?|Iron_deformed_logtif.h5|37|317|1382409,4,0.9206413179636002,0.8546355962753296,0.055235293693840504,0.9869063198566437,0.9867937415838242,0.9327030330896378,0.9129742324352265
final_20260720-153845_augmented_spots_train_e200_b10_lr0.0001_s1,?|Iron_deformed_logtif.h5|159|159|624558,4,0.9202608168125153,0.8536162674427032,0.05472324322909117,0.9890060573816299,0.9888975918292999,0.9327687919139862,0.9135501980781555
final_20260720-153845_augmented_spots_train_e200_b10_lr0.0001_s1,?|Iron_deformed_logtif.h5|230|510|2253954,4,0.8938327729701996,0.8133648484945297,0.027833885978907347,0.9535687267780304,0.952472522854805,0.9329994469881058,0.9196026742458343
final_20260720-153845_augmented_spots_train_e200_b10_lr0.0001_s1,?|Iron_deformed_logtif.h5|92|372|1572842,4,0.9220205247402191,0.8568221628665924,0.05587481381371617,0.9868887811899185,0.9863600432872772,0.9330728650093079,0.9170446395874023
final_20260720-153845_augmented_spots_train_e200_b10_lr0.0001_s1,?|Iron_deformed_logtif.h5|235|515|2278776,3,0.9311622977256775,0.8722469607988993,0.06409115344285965,0.97843998670578,0.9784023563067118,0.9335355758666992,0.9268376588821411
final_20260720-153845_augmented_spots_train_e200_b10_lr0.0001_s1,?|Iron_deformed_logtif.h5|255|535|2371626,5,0.9158424019813538,0.845449435710907,0.048226815089583396,0.9796552062034607,0.9796321868896485,0.9338077902793884,0.9106428861618042
final_20260720-153845_augmented_spots_train_e200_b10_lr0.0001_s1,?|Iron_deformed_logtif.h5|241|521|2332675,5,0.9118090987205505,0.8416642785072327,0.04410633407533169,0.973481023311615,0.9732335925102233,0.9338513731956481,0.9145770072937012
final_20260720-153845_augmented_spots_train_e200_b10_lr0.0001_s1,?|Iron_deformed_logtif.h5|152|432|1846281,3,0.9235445261001587,0.8586641947428385,0.055820235361655555,0.9697782794634501,0.9687816301981608,0.9338621497154236,0.9259318351745606
final_20260720-153845_augmented_spots_train_e200_b10_lr0.0001_s1,?|Iron_deformed_logtif.h5|86|367|1556377,5,0.9202803850173951,0.854451322555542,0.05218055620789528,0.9774176001548767,0.9768897652626037,0.9340498924255372,0.9120041966438294
final_20260720-153845_augmented_spots_train_e200_b10_lr0.0001_s1,?|Iron_deformed_logtif.h5|56|56|220626,3,0.9282219608624777,0.8680107196172079,0.05839529074728489,0.9796858628590902,0.979655385017395,0.9349133570988973,0.902444577217102
final_20260720-153845_augmented_spots_train_e200_b10_lr0.0001_s1,?|Al_deformed_LoG_logtif.h5|18|52|779675,19,0.9226835213209453,0.8567649847582767,0.05283943338221625,0.9804198616429379,0.9803415442767897,0.9349220489200792,0.9217556357383728
final_20260720-153845_augmented_spots_train_e200_b10_lr0.0001_s1,?|Al_deformed_LoG_logtif.h5|20|20|362924,19,0.9239109660449781,0.8596230870799014,0.054042114729159756,0.9818159686891657,0.981593762573443,0.9349344247265866,0.9058732032775879
final_20260720-153845_augmented_spots_train_e200_b10_lr0.0001_s1,?|Iron_deformed_logtif.h5|5|5|17872,5,0.9114731073379516,0.8382329344749451,0.04158727116882801,0.9924329042434692,0.9923569321632385,0.9349429368972778,0.9149567604064941
final_20260720-153845_augmented_spots_train_e200_b10_lr0.0001_s1,?|Iron_deformed_logtif.h5|93|373|1573666,4,0.9085812866687775,0.838759034872055,0.038169249426573515,0.9778344035148621,0.9765522480010986,0.9352060109376907,0.9083431839942933
final_20260720-153845_augmented_spots_train_e200_b10_lr0.0001_s1,?|Iron_deformed_logtif.h5|102|382|1609497,3,0.9183590809504191,0.8498313625653585,0.047698755438129105,0.9867507417996725,0.9862963557243347,0.9353301525115967,0.915282154083252
final_20260720-153845_augmented_spots_train_e200_b10_lr0.0001_s1,?|Iron_deformed_logtif.h5|46|46|183492,5,0.9194495677947998,0.8549790143966675,0.04878445006906986,0.9684001803398132,0.9666491150856018,0.9353325605392456,0.910878574848175
final_20260720-153845_augmented_spots_train_e200_b10_lr0.0001_s1,?|Iron_deformed_logtif.h5|131|411|1687350,7,0.9292115654264178,0.8699394294193813,0.058372551043118746,0.9799456936972482,0.9767438513892037,0.9354195083890643,0.9041561961174012
final_20260720-153845_augmented_spots_train_e200_b10_lr0.0001_s1,?|Iron_deformed_logtif.h5|234|514|2272117,3,0.9220339059829712,0.8562089602152506,0.050613182286421456,0.9803540706634521,0.979284663995107,0.9357103705406189,0.9195771455764771
final_20260720-153845_augmented_spots_train_e200_b10_lr0.0001_s1,?|Ti7Al_logtif.h5|689|689|304122,3,0.9240588545799255,0.8642959594726562,0.052488052596648536,0.9346849123636881,0.8820517063140869,0.9357854127883911,0.8949619412422181
final_20260720-153845_augmented_spots_train_e200_b10_lr0.0001_s1,?|Iron_deformed_logtif.h5|2|2|12606,8,0.912900023162365,0.8415237590670586,0.04052660195156932,0.9821061715483665,0.9819979444146156,0.9361867308616638,0.9134495377540588
final_20260720-153845_augmented_spots_train_e200_b10_lr0.0001_s1,?|Iron_deformed_logtif.h5|27|307|1314638,3,0.9084218939145406,0.8335753480593363,0.03591704244414965,0.9895918369293213,0.9894266724586487,0.9362524151802063,0.9295082807540893
final_20260720-153845_augmented_spots_train_e200_b10_lr0.0001_s1,?|Iron_deformed_logtif.h5|278|278|1238536,5,0.9160155534744263,0.8457447171211243,0.04337432160973549,0.9857049107551574,0.9855042815208435,0.9363206267356873,0.920091736316681
final_20260720-153845_augmented_spots_train_e200_b10_lr0.0001_s1,?|Iron_deformed_logtif.h5|238|518|2313516,3,0.9136084914207458,0.8422460556030273,0.04008512943983078,0.9956789612770081,0.9956662853558859,0.9367616971333822,0.9144475936889649
final_20260720-153845_augmented_spots_train_e200_b10_lr0.0001_s1,?|Iron_deformed_logtif.h5|176|176|671863,7,0.9222344500677926,0.8565685834203448,0.04868697441582169,0.987220823764801,0.9868957485471453,0.9367737429482597,0.9211942195892334
final_20260720-153845_augmented_spots_train_e200_b10_lr0.0001_s1,?|Al_deformed_LoG_logtif.h5|22|56|838484,30,0.9229781806468964,0.8577029506365458,0.0494081934603552,0.9892320275306702,0.9891273220380147,0.9367850025494894,0.9129463732242584
final_20260720-153845_augmented_spots_train_e200_b10_lr0.0001_s1,?|Iron_deformed_logtif.h5|144|424|1768990,4,0.9390313625335693,0.8869160115718842,0.06470654346048832,0.9657700955867767,0.9656641930341721,0.9371623992919922,0.9218075394630432
final_20260720-153845_augmented_spots_train_e200_b10_lr0.0001_s1,?|Al_deformed_LoG_logtif.h5|30|30|444908,14,0.9265934654644558,0.863712510892323,0.05210993851401976,0.9882979478154864,0.9882261497633797,0.937241758619036,0.9177390992641449
final_20260720-153845_augmented_spots_train_e200_b10_lr0.0001_s1,?|Al_deformed_LoG_logtif.h5|18|18|337193,18,0.9231196244557699,0.857832176817788,0.048298202041122645,0.9838183754020267,0.983716196484036,0.9374107221762339,0.9177055776119232
final_20260720-153845_augmented_spots_train_e200_b10_lr0.0001_s1,?|Iron_deformed_logtif.h5|243|243|1093956,4,0.920902669429779,0.8566465079784393,0.04589851852506399,0.9691877663135529,0.9688645452260971,0.937502071261406,0.9054782450199127
final_20260720-153845_augmented_spots_train_e200_b10_lr0.0001_s1,?|Iron_deformed_logtif.h5|152|152|607331,6,0.913261741399765,0.8457642793655396,0.038144566118717194,0.97956782579422,0.9790857136249542,0.9375586012999216,0.9029690027236938
final_20260720-153845_augmented_spots_train_e200_b10_lr0.0001_s1,?|Al_deformed_LoG_logtif.h5|8|42|510785,24,0.92070605357488,0.8538176640868187,0.0454191150298963,0.9865231116612753,0.9863292599717776,0.9376434683799744,0.9172597110271454
final_20260720-153845_augmented_spots_train_e200_b10_lr0.0001_s1,?|Iron_deformed_logtif.h5|121|121|413884,3,0.9214073220888773,0.8552008469899496,0.04534396156668663,0.9705079793930054,0.9701770146687826,0.9380316734313965,0.9199200510978699
final_20260720-153845_augmented_spots_train_e200_b10_lr0.0001_s1,?|Iron_deformed_logtif.h5|198|478|2057750,4,0.9290998578071594,0.867853119969368,0.052886126562952995,0.9840918481349945,0.9839447736740112,0.9381068348884583,0.933080130815506
final_20260720-153845_augmented_spots_train_e200_b10_lr0.0001_s1,?|Iron_deformed_logtif.h5|59|59|249552,4,0.9258430004119873,0.8629073202610016,0.04955177754163742,0.9833405911922455,0.9832779914140701,0.9381455928087234,0.9226536452770233
final_20260720-153845_augmented_spots_train_e200_b10_lr0.0001_s1,?|Iron_deformed_logtif.h5|216|496|2201946,4,0.9301151484251022,0.8696946650743484,0.05360184516757727,0.9887703359127045,0.9886074811220169,0.93825663626194,0.9252468168735504
final_20260720-153845_augmented_spots_train_e200_b10_lr0.0001_s1,?|Iron_deformed_logtif.h5|111|111|397455,4,0.9218145906925201,0.8565858751535416,0.0451916023157537,0.9818140119314194,0.9815721064805984,0.9383115023374557,0.9226492345333099
final_20260720-153845_augmented_spots_train_e200_b10_lr0.0001_s1,?|Iron_deformed_logtif.h5|58|58|242737,3,0.921231766541799,0.8549845019976298,0.04432139235238234,0.9832085371017456,0.9831884304682413,0.9384551843007406,0.927068042755127
final_20260720-153845_augmented_spots_train_e200_b10_lr0.0001_s1,?|Iron_deformed_logtif.h5|81|362|1554017,4,0.9166465103626251,0.8489842265844345,0.03967518266290426,0.987389549612999,0.9872259646654129,0.9384856522083282,0.9287120819091796
final_20260720-153845_augmented_spots_train_e200_b10_lr0.0001_s1,?|Al_deformed_LoG_logtif.h5|29|29|444632,28,0.9246938143457685,0.8604727855750492,0.04734049404838255,0.988404706120491,0.9883759724242347,0.9386766638074603,0.9215411186218262
final_20260720-153845_augmented_spots_train_e200_b10_lr0.0001_s1,?|Iron_deformed_logtif.h5|73|73|294002,3,0.9126163323720297,0.8424643079439799,0.03481787567337354,0.9813622037569681,0.9812828699747721,0.9388992389043173,0.9261253118515015
final_20260720-153845_augmented_spots_train_e200_b10_lr0.0001_s1,?|Al_deformed_LoG_logtif.h5|30|65|895940,22,0.9233430949124423,0.858120322227478,0.04548013794489882,0.9879157922484658,0.9878809750080109,0.9389314759861339,0.9111185073852539
final_20260720-153845_augmented_spots_train_e200_b10_lr0.0001_s1,?|Iron_deformed_logtif.h5|127|407|1676778,4,0.9206439703702927,0.8533958345651627,0.042720258235931396,0.9932923316955566,0.9931427538394928,0.9389618486166,0.927896898984909
final_20260720-153845_augmented_spots_train_e200_b10_lr0.0001_s1,?|Iron_deformed_logtif.h5|127|127|436075,9,0.9240893986490037,0.8599623243014017,0.04596248548477888,0.9896000756157769,0.989451441499922,0.9390634430779351,0.921470832824707
final_20260720-153845_augmented_spots_train_e200_b10_lr0.0001_s1,?|Iron_deformed_logtif.h5|178|458|1910882,4,0.9201910942792892,0.8531171381473541,0.041579070035368204,0.9931502342224121,0.9931498318910599,0.9393060207366943,0.9285079777240753
final_20260720-153845_augmented_spots_train_e200_b10_lr0.0001_s1,?|Iron_deformed_logtif.h5|21|300|1307410,3,0.9272709290186564,0.8648469646771749,0.04856176984806856,0.9762971003850301,0.9753111799558004,0.9393545587857565,0.925930655002594
final_20260720-153845_augmented_spots_train_e200_b10_lr0.0001_s1,?|Ti7Al_logtif.h5|306|1288|501063,4,0.9135259091854095,0.8570948392152786,0.03467321116477251,0.9815064966678619,0.9813507497310638,0.9394263476133347,0.8928450047969818
final_20260720-153845_augmented_spots_train_e200_b10_lr0.0001_s1,?|Iron_deformed_logtif.h5|228|228|1010103,3,0.922866702079773,0.8577345410982767,0.04377908259630203,0.9892855485280355,0.9889765779177347,0.9395438432693481,0.9221830010414124
final_20260720-153845_augmented_spots_train_e200_b10_lr0.0001_s1,?|Al_deformed_LoG_logtif.h5|17|17|318986,16,0.9248447380959988,0.8615959770977497,0.04565966303925961,0.9848835356533527,0.9840852357447147,0.9395925477147102,0.916470468044281
final_20260720-153845_augmented_spots_train_e200_b10_lr0.0001_s1,?|Al_deformed_LoG_logtif.h5|5|39|481387,20,0.9179899543523788,0.8490784376859665,0.03873248780146241,0.9933816850185394,0.993302583694458,0.9396287471055984,0.9271358132362366
final_20260720-153845_augmented_spots_train_e200_b10_lr0.0001_s1,?|Al_deformed_LoG_logtif.h5|5|5|30687,25,0.9271926307678222,0.8645512509346008,0.047880640104413036,0.9897254467010498,0.9896470379829406,0.9396559834480286,0.9221084237098693
final_20260720-153845_augmented_spots_train_e200_b10_lr0.0001_s1,?|Iron_deformed_logtif.h5|85|85|315186,5,0.9238257646560669,0.8597304582595825,0.043971937522292136,0.9707531452178955,0.9700523018836975,0.9399269104003907,0.9188375830650329
final_20260720-153845_augmented_spots_train_e200_b10_lr0.0001_s1,?|Ti7Al_logtif.h5|711|711|309821,3,0.9211979309717814,0.8619627356529236,0.04128290557612976,0.9777038097381592,0.9775820771853129,0.9399575392405192,0.9011615753173828
final_20260720-153845_augmented_spots_train_e200_b10_lr0.0001_s1,?|Iron_deformed_logtif.h5|197|197|812567,6,0.9203627308209738,0.8536020914713541,0.04031473429252704,0.9861997862656912,0.9860788484414419,0.9400239984194437,0.925761342048645
final_20260720-153845_augmented_spots_train_e200_b10_lr0.0001_s1,?|Iron_deformed_logtif.h5|125|405|1675921,3,0.9198575218518575,0.8527924219767252,0.03978423463801543,0.9903624852498373,0.9893957177797953,0.9400366544723511,0.9237509131431579
final_20260720-153845_augmented_spots_train_e200_b10_lr0.0001_s1,?|Iron_deformed_logtif.h5|265|545|2432134,4,0.9117979407310486,0.841288685798645,0.031625350937247276,0.9884127825498581,0.9882623702287674,0.940086305141449,0.9230212688446044
final_20260720-153845_augmented_spots_train_e200_b10_lr0.0001_s1,?|Al_deformed_LoG_logtif.h5|19|19|353769,17,0.9286017768523273,0.8672629419495078,0.04828444189008545,0.9848990159876206,0.9847772436983445,0.9401586651802063,0.9216934323310852
final_20260720-153845_augmented_spots_train_e200_b10_lr0.0001_s1,?|Ti7Al_logtif.h5|230|1213|471619,3,0.9269097646077474,0.865261455376943,0.046574702486395836,0.9750170906384786,0.9743068416913351,0.9401675264040629,0.9237121701240539
final_20260720-153845_augmented_spots_train_e200_b10_lr0.0001_s1,?|Ti7Al_logtif.h5|587|1569|653866,3,0.9311030507087708,0.8777983983357748,0.050113157679637275,0.9609149098396301,0.9603202740351359,0.9404949347178141,0.9165064334869385
final_20260720-153845_augmented_spots_train_e200_b10_lr0.0001_s1,?|Iron_deformed_logtif.h5|116|396|1643737,4,0.9324796795845032,0.8745665848255157,0.051429759711027145,0.9847971498966217,0.9847616255283356,0.9405249506235123,0.9287214696407318
final_20260720-153845_augmented_spots_train_e200_b10_lr0.0001_s1,?|Iron_deformed_logtif.h5|248|248|1106248,3,0.9149810274442037,0.8477838834126791,0.03392799571156502,0.9747303326924642,0.9739949901898702,0.9405265053113302,0.92877676486969
final_20260720-153845_augmented_spots_train_e200_b10_lr0.0001_s1,?|Iron_deformed_logtif.h5|129|409|1686682,3,0.9183457692464193,0.8502843379974365,0.0372332346936067,0.9922392765680949,0.9918479720751444,0.9405563076337179,0.9298789262771606
final_20260720-153845_augmented_spots_train_e200_b10_lr0.0001_s1,?|Al_deformed_LoG_logtif.h5|14|48|626060,26,0.9282506429232084,0.8667605473445013,0.046840583762297265,0.9821802240151626,0.9819056964837588,0.9407050288640536,0.9264092147350311
final_20260720-153845_augmented_spots_train_e200_b10_lr0.0001_s1,?|Iron_deformed_logtif.h5|50|50|192409,3,0.9388314088185629,0.8850936889648438,0.057315751910209656,0.9849028984705607,0.9848724603652954,0.9407578508059183,0.9349616885185241
final_20260720-153845_augmented_spots_train_e200_b10_lr0.0001_s1,?|Ti7Al_logtif.h5|907|907|360786,3,0.927179237206777,0.868276317914327,0.045410824939608574,0.9337680141131083,0.9306673407554626,0.9408841927846273,0.9121353626251221
final_20260720-153845_augmented_spots_train_e200_b10_lr0.0001_s1,?|Iron_deformed_logtif.h5|138|138|519077,4,0.9226277619600296,0.8582776486873627,0.0405741473659873,0.990572139620781,0.9905300289392471,0.9410268068313599,0.9153593719005585
final_20260720-153845_augmented_spots_train_e200_b10_lr0.0001_s1,?|Iron_deformed_logtif.h5|39|39|143519,5,0.92972172498703,0.8697432160377503,0.047303558140993116,0.9847841024398803,0.9835420608520508,0.9412090897560119,0.9238369464874268
final_20260720-153845_augmented_spots_train_e200_b10_lr0.0001_s1,?|Iron_deformed_logtif.h5|270|550|2449837,5,0.9327637195587158,0.8747928500175476,0.0499170683324337,0.9735043048858643,0.9734061479568481,0.9414233207702637,0.9264775395393372
final_20260720-153845_augmented_spots_train_e200_b10_lr0.0001_s1,?|Al_deformed_LoG_logtif.h5|22|22|390231,24,0.9263754958907763,0.8634016464153925,0.0435257685991625,0.9914958700537682,0.9913314978281657,0.9414248615503311,0.9288054525852203
final_20260720-153845_augmented_spots_train_e200_b10_lr0.0001_s1,?|Iron_deformed_logtif.h5|53|333|1458032,4,0.9336366504430771,0.8757532835006714,0.05042670946568251,0.9805419594049454,0.9800470769405365,0.94160495698452,0.9333634853363038
final_20260720-153845_augmented_spots_train_e200_b10_lr0.0001_s1,?|Iron_deformed_logtif.h5|263|263|1188628,3,0.9184580445289612,0.8511828382809957,0.035225904236237206,0.9890123407046,0.9887837370236715,0.9416160782178243,0.9319403290748596
final_20260720-153845_augmented_spots_train_e200_b10_lr0.0001_s1,?|Iron_deformed_logtif.h5|128|128|445774,4,0.9388438910245895,0.8850488662719727,0.0553500410169363,0.9869599640369415,0.9861109703779221,0.9417469352483749,0.9296336710453034
final_20260720-153845_augmented_spots_train_e200_b10_lr0.0001_s1,?|Al_deformed_LoG_logtif.h5|27|27|443830,20,0.9255103975534439,0.8622739017009735,0.04184799734503031,0.9919293761253357,0.9918912053108215,0.9418311953544617,0.9202870965003968
final_20260720-153845_augmented_spots_train_e200_b10_lr0.0001_s1,?|Iron_deformed_logtif.h5|41|321|1394494,4,0.9364258348941803,0.8813229501247406,0.05269102472811937,0.9874108284711838,0.9872464537620544,0.9418674260377884,0.9284800350666046
final_20260720-153845_augmented_spots_train_e200_b10_lr0.0001_s1,?|Iron_deformed_logtif.h5|174|174|668440,4,0.9264088869094849,0.8635631203651428,0.04241841193288565,0.9766642153263092,0.9764276891946793,0.941995233297348,0.9253130674362182
final_20260720-153845_augmented_spots_train_e200_b10_lr0.0001_s1,?|Iron_deformed_logtif.h5|196|476|2048948,3,0.9163274765014648,0.8510091503461202,0.032048908372720085,0.9564711848894755,0.9566840728123983,0.9421393076578776,0.9232121467590332
final_20260720-153845_augmented_spots_train_e200_b10_lr0.0001_s1,?|Al_deformed_LoG_logtif.h5|25|59|878905,16,0.9290222488343716,0.8678816817700863,0.044628620031289756,0.9901799336075783,0.9900097548961639,0.9421968162059784,0.9330785274505615
final_20260720-153845_augmented_spots_train_e200_b10_lr0.0001_s1,?|Al_deformed_LoG_logtif.h5|24|24|428139,22,0.9236726787957278,0.8612665154717185,0.03876333103769205,0.9916382567449049,0.9885587150400336,0.9424546686085787,0.9343413233757019
final_20260720-153845_augmented_spots_train_e200_b10_lr0.0001_s1,?|Iron_deformed_logtif.h5|252|532|2351102,3,0.9241540630658468,0.8598995208740234,0.03924475020418564,0.9833517869313558,0.9832640687624613,0.9424546758333842,0.9292834758758545
final_20260720-153845_augmented_spots_train_e200_b10_lr0.0001_s1,?|Iron_deformed_logtif.h5|161|441|1867701,4,0.9293348044157028,0.8700224161148071,0.04389878083020449,0.9797910153865814,0.9796562641859055,0.9427180141210556,0.9349463999271392
final_20260720-153845_augmented_spots_train_e200_b10_lr0.0001_s1,?|Iron_deformed_logtif.h5|215|495|2158392,3,0.9258572856585184,0.8625325560569763,0.040126233051220574,0.9916871388753256,0.9916195869445801,0.9428655107816061,0.9330548524856568
final_20260720-153845_augmented_spots_train_e200_b10_lr0.0001_s1,?|Al_deformed_LoG_logtif.h5|33|67|896466,26,0.9264288177857032,0.8632760139612051,0.040442050219728395,0.9933132208310641,0.9932452852909381,0.9429933772637293,0.9305362403392792
final_20260720-153845_augmented_spots_train_e200_b10_lr0.0001_s1,?|Ti7Al_logtif.h5|1|983|386483,3,0.9078001777331034,0.845390776793162,0.021781176949540775,0.9522507588068644,0.9516411622365316,0.9430095156033834,0.9166866064071655
final_20260720-153845_augmented_spots_train_e200_b10_lr0.0001_s1,?|Iron_deformed_logtif.h5|162|442|1877566,3,0.9028738737106323,0.8296711444854736,0.016805274412035942,0.9907264510790507,0.9905784328778585,0.9430343310038248,0.9234196662902832
final_20260720-153845_augmented_spots_train_e200_b10_lr0.0001_s1,?|Iron_deformed_logtif.h5|34|34|111384,3,0.9175692001978556,0.8488112092018127,0.03136685242255529,0.9944925506909689,0.9943694869677225,0.943101167678833,0.9380922555923462
final_20260720-153845_augmented_spots_train_e200_b10_lr0.0001_s1,?|Iron_deformed_logtif.h5|129|129|446107,6,0.9408314526081085,0.8887656629085541,0.05417559668421745,0.9794575472672781,0.9793577889601389,0.943327933549881,0.9241702854633331
final_20260720-153845_augmented_spots_train_e200_b10_lr0.0001_s1,?|Ti7Al_logtif.h5|134|1116|428768,3,0.9134725530942281,0.848816990852356,0.02668301823238532,0.9939579963684082,0.9423783421516418,0.9433947801589966,0.9110329866409301
final_20260720-153845_augmented_spots_train_e200_b10_lr0.0001_s1,?|Iron_deformed_logtif.h5|250|529|2345856,3,0.936368445555369,0.8804721832275391,0.04956487442056338,0.9814521670341492,0.9812155961990356,0.9434017737706503,0.9371896982192993
final_20260720-153845_augmented_spots_train_e200_b10_lr0.0001_s1,?|Iron_logtif.h5|3842|11538|1017745,3,0.9386236866315206,0.8848506410916647,0.051772830386956535,0.9887027740478516,0.9883270859718323,0.9434254368146261,0.9252912163734436
final_20260720-153845_augmented_spots_train_e200_b10_lr0.0001_s1,?|Ti7Al_logtif.h5|317|317|115086,3,0.9313000043233236,0.8734189867973328,0.04394407942891121,0.9588286081949869,0.9580201506614685,0.9436779419581095,0.9350879192352295
final_20260720-153845_augmented_spots_train_e200_b10_lr0.0001_s1,?|Al_deformed_LoG_logtif.h5|9|43|572797,19,0.9326205567309731,0.8745566481038144,0.045192363671958447,0.9782495686882421,0.9779649157273141,0.9437140979264912,0.9195574998855591
final_20260720-153845_augmented_spots_train_e200_b10_lr0.0001_s1,?|Al_deformed_LoG_logtif.h5|14|14|188210,20,0.926527151465416,0.8636867105960846,0.03894300092943013,0.9920931935310364,0.9919285595417022,0.9437920808792114,0.9233798205852508
final_20260720-153845_augmented_spots_train_e200_b10_lr0.0001_s1,?|Ti7Al_logtif.h5|738|1720|711689,3,0.9262829224268595,0.8654557863871256,0.038296572864055634,0.9258913993835449,0.9236547748247782,0.9439931909243265,0.9328958630561829
final_20260720-153845_augmented_spots_train_e200_b10_lr0.0001_s1,?|Ti7Al_logtif.h5|735|735|318417,3,0.9277085661888123,0.8690446019172668,0.03948434814810753,0.9903915524482727,0.9903266231218973,0.9441121021906534,0.9288208961486817
final_20260720-153845_augmented_spots_train_e200_b10_lr0.0001_s1,?|Iron_deformed_logtif.h5|65|65|262514,3,0.9385093450546265,0.8847423394521078,0.05022339398662249,0.9821378588676453,0.9817137320836385,0.9441429575284322,0.9255571365356445
final_20260720-153845_augmented_spots_train_e200_b10_lr0.0001_s1,?|Al_deformed_LoG_logtif.h5|15|15|275101,28,0.934212218437876,0.877016761473247,0.04568113340064883,0.990876744900431,0.9908080611910138,0.9442655529294696,0.9335130631923676
final_20260720-153845_augmented_spots_train_e200_b10_lr0.0001_s1,?|Al_deformed_LoG_logtif.h5|15|49|716420,28,0.9293546591486249,0.8683790521962302,0.040413531341723034,0.9894557701689857,0.9892917424440384,0.9444705567189625,0.9275861978530884
final_20260720-153845_augmented_spots_train_e200_b10_lr0.0001_s1,?|Iron_deformed_logtif.h5|272|552|2450634,7,0.9236388547079903,0.8589449099131993,0.034278665004032,0.993941877569471,0.9939023086002895,0.9446800947189331,0.9330119848251343
final_20260720-153845_augmented_spots_train_e200_b10_lr0.0001_s1,?|Al_deformed_LoG_logtif.h5|4|4|23047,17,0.9323804974555969,0.8740280901684481,0.04233080849928014,0.9889507679378285,0.9886759274146136,0.945024847984314,0.9279114484786988
final_20260720-153845_augmented_spots_train_e200_b10_lr0.0001_s1,?|Iron_deformed_logtif.h5|184|184|749244,3,0.9225844343503317,0.8579129775365194,0.03229022119194269,0.9914445877075195,0.9915133515993754,0.9451471169789633,0.9224175333976745
final_20260720-153845_augmented_spots_train_e200_b10_lr0.0001_s1,?|Iron_deformed_logtif.h5|274|554|2452789,4,0.9203732460737228,0.8539172112941742,0.029750118032097816,0.9924626499414444,0.9919712543487549,0.9453115612268448,0.9315525949001312
final_20260720-153845_augmented_spots_train_e200_b10_lr0.0001_s1,?|Iron_deformed_logtif.h5|275|275|1215260,3,0.9248256683349609,0.860641598701477,0.03384323914845785,0.9908665219942728,0.9908331235249838,0.9454912145932516,0.9412224769592286
final_20260720-153845_augmented_spots_train_e200_b10_lr0.0001_s1,?|Iron_deformed_logtif.h5|187|467|2022761,4,0.9323247820138931,0.8743371814489365,0.04117053095251322,0.9909521192312241,0.9908030033111572,0.9455771297216415,0.9338638365268708
final_20260720-153845_augmented_spots_train_e200_b10_lr0.0001_s1,?|Iron_deformed_logtif.h5|11|291|1277433,3,0.9285812775293986,0.8668950001398722,0.03729721407095591,0.9944894115130106,0.9944674571355184,0.9456420342127482,0.9418391704559326
final_20260720-153845_augmented_spots_train_e200_b10_lr0.0001_s1,?|Al_deformed_LoG_logtif.h5|32|64|895895,23,0.9364201037780099,0.8806880453358525,0.04477805458009243,0.9889913564142974,0.9889188486596813,0.9458210338716921,0.9347076654434204
final_20260720-153845_augmented_spots_train_e200_b10_lr0.0001_s1,?|Iron_deformed_logtif.h5|241|241|1093313,4,0.9262673556804657,0.8638268411159515,0.034524444956332445,0.9893257468938828,0.9892261624336243,0.9458714425563812,0.9337451159954071
final_20260720-153845_augmented_spots_train_e200_b10_lr0.0001_s1,?|Iron_deformed_logtif.h5|123|123|415378,4,0.9295638203620911,0.870279997587204,0.03705102717503905,0.9867042601108551,0.9863461405038834,0.9462563842535019,0.9264877021312714
final_20260720-153845_augmented_spots_train_e200_b10_lr0.0001_s1,?|Iron_deformed_logtif.h5|194|474|2027962,3,0.925298810005188,0.8612771431605021,0.03275988126794497,0.9943188428878784,0.9942572514216105,0.9462694327036539,0.9408577919006348
final_20260720-153845_augmented_spots_train_e200_b10_lr0.0001_s1,?|Al_deformed_LoG_logtif.h5|32|32|445244,19,0.9374732845707944,0.88277226372769,0.044444635902580465,0.9859572931339866,0.9859251599562796,0.946514324138039,0.9342624425888062
final_20260720-153845_augmented_spots_train_e200_b10_lr0.0001_s1,?|Ti7Al_logtif.h5|479|1460|605758,3,0.9442359805107117,0.8949838876724243,0.05103399107853571,0.9725451668103536,0.9722447395324707,0.9466009934743246,0.9347881555557251
final_20260720-153845_augmented_spots_train_e200_b10_lr0.0001_s1,?|Ti7Al_logtif.h5|431|1413|574457,3,0.9411831696828207,0.8935851256052653,0.04782079036037127,0.9280328949292501,0.9270668029785156,0.9466811815897623,0.9173632621765136
final_20260720-153845_augmented_spots_train_e200_b10_lr0.0001_s1,?|Iron_deformed_logtif.h5|190|190|785959,3,0.9315303166707357,0.8733206987380981,0.03785074378053347,0.9938905636469523,0.9935668110847473,0.9468397895495096,0.9387793779373169
final_20260720-153845_augmented_spots_train_e200_b10_lr0.0001_s1,?|Ti7Al_logtif.h5|592|1574|655769,3,0.9181057810783386,0.8518892327944437,0.023956247915824253,0.9773276646931967,0.977169136206309,0.9470747709274292,0.937275767326355
final_20260720-153845_augmented_spots_train_e200_b10_lr0.0001_s1,?|Ti7Al_logtif.h5|726|726|314065,4,0.9374495595693588,0.8829936236143112,0.04319677874445915,0.9819996803998947,0.981789842247963,0.9471264034509659,0.9287930190563202
final_20260720-153845_augmented_spots_train_e200_b10_lr0.0001_s1,?|Al_deformed_LoG_logtif.h5|10|10|167252,17,0.9443536576102761,0.8950977851362789,0.04994978218832437,0.9827720242388108,0.9827031563310062,0.9472019356839797,0.9257765054702759
final_20260720-153845_augmented_spots_train_e200_b10_lr0.0001_s1,?|Al_deformed_LoG_logtif.h5|9|9|125856,30,0.9351181407769521,0.8785777588685354,0.040074839784453316,0.9911431729793548,0.9911059737205505,0.9475216527779897,0.9317384958267212
final_20260720-153845_augmented_spots_train_e200_b10_lr0.0001_s1,?|Ti7Al_logtif.h5|502|502|226160,3,0.9345529079437256,0.8787742853164673,0.03898624703288078,0.9751695791880289,0.9750144282976786,0.9477833310763041,0.9450300812721253
final_20260720-153845_augmented_spots_train_e200_b10_lr0.0001_s1,?|Al_deformed_LoG_logtif.h5|19|53|795248,19,0.9337263326895865,0.8763517549163417,0.03814922327077702,0.9925170164359244,0.9924152179768211,0.947788561645307,0.93246910572052
final_20260720-153845_augmented_spots_train_e200_b10_lr0.0001_s1,?|Al_deformed_LoG_logtif.h5|33|33|445437,25,0.9341926527023315,0.8770594906806946,0.037856213301420215,0.9919435214996338,0.9918310046195984,0.9481682205200195,0.929599666595459
final_20260720-153845_augmented_spots_train_e200_b10_lr0.0001_s1,?|Iron_deformed_logtif.h5|55|55|220305,3,0.9216904838879904,0.8552196224530538,0.025043348781764507,0.9980891744295756,0.9980462392171224,0.9483235875765482,0.9396400213241577
final_20260720-153845_augmented_spots_train_e200_b10_lr0.0001_s1,?|Iron_deformed_logtif.h5|276|556|2461082,3,0.9238422314325968,0.859737753868103,0.026935857410232227,0.9949316183725992,0.9949034849802653,0.9484531879425049,0.9387801647186279
final_20260720-153845_augmented_spots_train_e200_b10_lr0.0001_s1,?|Al_deformed_LoG_logtif.h5|10|44|606472,28,0.9444925167730877,0.8950955420732498,0.04755055086155023,0.9839368228401456,0.9837964602879116,0.9484709735427584,0.9338353514671326
final_20260720-153845_augmented_spots_train_e200_b10_lr0.0001_s1,?|Iron_deformed_logtif.h5|67|67|264081,3,0.9450276494026184,0.8961177865664164,0.04794451470176379,0.9918545087178549,0.9917272925376892,0.9485415617624918,0.9368237376213073
final_20260720-153845_augmented_spots_train_e200_b10_lr0.0001_s1,?|Al_deformed_LoG_logtif.h5|24|58|878465,20,0.9361820191144943,0.8804579257965088,0.03898238418623805,0.9939308524131775,0.9938559472560883,0.9485998123884201,0.9432815551757813
final_20260720-153845_augmented_spots_train_e200_b10_lr0.0001_s1,?|Iron_deformed_logtif.h5|57|337|1461804,3,0.9356341163317362,0.8795980016390482,0.037871186931928,0.9900968074798584,0.9900424679120382,0.9488814473152161,0.9400716781616211
final_20260720-153845_augmented_spots_train_e200_b10_lr0.0001_s1,?|Iron_deformed_logtif.h5|80|360|1553237,3,0.9336591561635336,0.8769285877545675,0.0357510590304931,0.9914158781369528,0.9905678033828735,0.9489540457725525,0.9264218211174011
final_20260720-153845_augmented_spots_train_e200_b10_lr0.0001_s1,?|Iron_deformed_logtif.h5|229|509|2250437,3,0.9265198111534119,0.8639079531033834,0.02851524328192075,0.9969649116198221,0.9969309568405151,0.9490022857983907,0.9440742492675781
final_20260720-153845_augmented_spots_train_e200_b10_lr0.0001_s1,?|Iron_deformed_logtif.h5|61|341|1491473,3,0.9242486159006754,0.8593510190645853,0.025068823248147964,0.9981072147687277,0.9980812867482504,0.9495899081230164,0.9470033884048462
final_20260720-153845_augmented_spots_train_e200_b10_lr0.0001_s1,?|Iron_deformed_logtif.h5|89|89|322664,5,0.9392616271972656,0.8858979701995849,0.0397920235991478,0.9919533610343934,0.9913301229476928,0.9497348070144653,0.9376680850982666
final_20260720-153845_augmented_spots_train_e200_b10_lr0.0001_s1,?|Iron_deformed_logtif.h5|242|242|1093635,4,0.9330537021160126,0.8753582388162613,0.03337695216760039,0.988654613494873,0.9886029362678528,0.9498383849859238,0.9408405840396881
final_20260720-153845_augmented_spots_train_e200_b10_lr0.0001_s1,?|Ti7Al_logtif.h5|81|1063|411051,5,0.9417434215545655,0.8940593361854553,0.04186226651072502,0.9763293385505676,0.9762301325798035,0.9499405860900879,0.937421464920044
final_20260720-153845_augmented_spots_train_e200_b10_lr0.0001_s1,?|Iron_deformed_logtif.h5|9|289|1260309,3,0.932747999827067,0.8777836561203003,0.03266506021221479,0.9895420074462891,0.9890825152397156,0.9500414729118347,0.9346511483192443
final_20260720-153845_augmented_spots_train_e200_b10_lr0.0001_s1,?|Ti7Al_logtif.h5|661|1643|680280,3,0.9374311566352844,0.8845673203468323,0.03632935509085655,0.9652906060218811,0.9634031057357788,0.950550893942515,0.9350115776062011
final_20260720-153845_augmented_spots_train_e200_b10_lr0.0001_s1,?|Iron_logtif.h5|1800|1800|157572,3,0.9382454554239908,0.8843944470087687,0.0364079624414444,0.9811070164044698,0.9810995856920878,0.9509187539418539,0.9471283197402954
final_20260720-153845_augmented_spots_train_e200_b10_lr0.0001_s1,?|Ti7Al_logtif.h5|936|1918|774149,3,0.9362767537434896,0.8833745320638021,0.03399617907901605,0.9537596106529236,0.9501862724622091,0.9511402646700541,0.9390032529830933
final_20260720-153845_augmented_spots_train_e200_b10_lr0.0001_s1,?|Iron_deformed_logtif.h5|114|394|1643007,3,0.9378958940505981,0.8832736214001974,0.03518449825545152,0.9932250380516052,0.9932020505269369,0.9513556559880575,0.9490819692611694
final_20260720-153845_augmented_spots_train_e200_b10_lr0.0001_s1,?|Iron_deformed_logtif.h5|101|101|361413,5,0.9373593807220459,0.8827362895011902,0.03439950458705425,0.9952332615852356,0.9951196074485779,0.9514799594879151,0.9463278532028199
final_20260720-153845_augmented_spots_train_e200_b10_lr0.0001_s1,?|Iron_deformed_logtif.h5|257|537|2399113,3,0.9440977374712626,0.8946916063626608,0.04058921088774999,0.9833526015281677,0.9832951426506042,0.9517542322476705,0.938473916053772
final_20260720-153845_augmented_spots_train_e200_b10_lr0.0001_s1,?|Ti7Al_logtif.h5|372|372|143345,3,0.9305522839228312,0.8716726104418436,0.026929634002347786,0.9845378597577413,0.9838780959447225,0.9518113136291504,0.9361704826354981
final_20260720-153845_augmented_spots_train_e200_b10_lr0.0001_s1,?|Al_deformed_LoG_logtif.h5|25|25|428596,12,0.9375068247318268,0.8828129221995672,0.033709110071261726,0.9932666023572286,0.993145540356636,0.9518988529841105,0.9349774420261383
final_20260720-153845_augmented_spots_train_e200_b10_lr0.0001_s1,?|Ti7Al_logtif.h5|120|1102|427246,3,0.9401268164316813,0.8879602352778116,0.035458179811636605,0.9882232944170634,0.9881718158721924,0.9523343046506246,0.9414552927017212
final_20260720-153845_augmented_spots_train_e200_b10_lr0.0001_s1,?|Iron_deformed_logtif.h5|100|100|360369,4,0.9499664902687073,0.9051932394504547,0.045247850473970175,0.9899934828281403,0.9899469316005707,0.9523593336343765,0.9438546180725098
final_20260720-153845_augmented_spots_train_e200_b10_lr0.0001_s1,?|Ti7Al_logtif.h5|163|1144|441312,3,0.9509249329566956,0.9104312062263489,0.04457432093719641,0.9749940633773804,0.9749698638916016,0.9531753261884054,0.9259613513946533
final_20260720-153845_augmented_spots_train_e200_b10_lr0.0001_s1,?|Iron_deformed_logtif.h5|248|530|2345952,3,0.9280199607213339,0.8667313853899637,0.021216124296188354,0.9961896538734436,0.9961677591005961,0.9534019231796265,0.9461495161056519
final_20260720-153845_augmented_spots_train_e200_b10_lr0.0001_s1,?|Ti7Al_logtif.h5|560|560|255019,3,0.9328516324361166,0.8756901224454244,0.02577912372847398,0.974759558836619,0.9744601647059122,0.9535362521807352,0.9378265142440796
final_20260720-153845_augmented_spots_train_e200_b10_lr0.0001_s1,?|Iron_deformed_logtif.h5|30|310|1320109,5,0.9321629524230957,0.8758318901062012,0.023584559001028536,0.9794727206230164,0.9794203877449036,0.9542891979217529,0.9427997827529907
final_20260720-153845_augmented_spots_train_e200_b10_lr0.0001_s1,?|Al_deformed_LoG_logtif.h5|4|38|471881,23,0.9427290506984877,0.8921837832616724,0.03409800986232965,0.988033273945684,0.9877812266349792,0.954315519851187,0.9380405187606812
final_20260720-153845_augmented_spots_train_e200_b10_lr0.0001_s1,?|Iron_deformed_logtif.h5|105|105|380792,4,0.945234090089798,0.8974221497774124,0.03639645595103502,0.9731496125459671,0.9718752503395081,0.9544188380241394,0.9432329773902893
final_20260720-153845_augmented_spots_train_e200_b10_lr0.0001_s1,?|Iron_deformed_logtif.h5|95|95|333463,3,0.9455582698186239,0.8971672654151917,0.03596840860942999,0.9863165020942688,0.9863001902898153,0.9547949234644572,0.9472057104110718
final_20260720-153845_augmented_spots_train_e200_b10_lr0.0001_s1,?|Ti7Al_logtif.h5|615|615|277544,3,0.9229509234428406,0.8723429044087728,0.013005932637800774,0.9474653005599976,0.9470235506693522,0.954972505569458,0.9226188898086548
final_20260720-153845_augmented_spots_train_e200_b10_lr0.0001_s1,?|Ti7Al_logtif.h5|273|273|104028,4,0.9374772757291794,0.8830808401107788,0.027393393218517303,0.9823735356330872,0.9809659719467163,0.9550419449806213,0.9510529279708863
final_20260720-153845_augmented_spots_train_e200_b10_lr0.0001_s1,?|Al_deformed_LoG_logtif.h5|12|46|607012,28,0.9427359593766076,0.8920917298112597,0.032195346729297726,0.9949433888707843,0.994920402765274,0.955270305275917,0.9464074730873108
final_20260720-153845_augmented_spots_train_e200_b10_lr0.0001_s1,?|Al_deformed_LoG_logtif.h5|11|45|606718,21,0.9459634565171742,0.897960384686788,0.0344346094699133,0.9911902433349973,0.9909390920684451,0.955764407203311,0.9486570358276367
final_20260720-153845_augmented_spots_train_e200_b10_lr0.0001_s1,?|Al_deformed_LoG_logtif.h5|12|12|167848,21,0.9502697161265782,0.9055771061352321,0.03874081887659572,0.9819290268988836,0.9818732483046395,0.9557644469397408,0.9449073076248169
final_20260720-153845_augmented_spots_train_e200_b10_lr0.0001_s1,?|Iron_deformed_logtif.h5|123|403|1657222,3,0.9359181722005209,0.880789041519165,0.023469969630241394,0.9866299629211426,0.9866522749265035,0.9562241037686666,0.9491713404655456
final_20260720-153845_augmented_spots_train_e200_b10_lr0.0001_s1,?|Ti7Al_logtif.h5|153|153|50619,3,0.9441807468732198,0.8964649438858032,0.03142526187002659,0.9765975673993429,0.9762474497159322,0.9563777645428976,0.9390381813049317
final_20260720-153845_augmented_spots_train_e200_b10_lr0.0001_s1,?|Al_deformed_LoG_logtif.h5|16|50|760193,17,0.9390380663030288,0.885670872295604,0.024704536532654482,0.9947048916536219,0.9946453115519356,0.9571667629129746,0.9392053842544555
final_20260720-153845_augmented_spots_train_e200_b10_lr0.0001_s1,?|Al_deformed_LoG_logtif.h5|3|37|469193,18,0.9457088344626956,0.8973188830746545,0.030817440193560388,0.9916392034954495,0.991555803351932,0.9574456910292307,0.9441602349281311
final_20260720-153845_augmented_spots_train_e200_b10_lr0.0001_s1,?|Al_deformed_LoG_logtif.h5|16|16|316744,25,0.9418592333793641,0.8906430554389954,0.026199886575341225,0.9929319381713867,0.992924017906189,0.9578296756744384,0.9438793301582337
final_20260720-153845_augmented_spots_train_e200_b10_lr0.0001_s1,?|Iron_deformed_logtif.h5|144|144|528465,3,0.9382309714953104,0.8856897552808126,0.02229153582205375,0.992399255434672,0.9924181699752808,0.9579697052637736,0.9537548303604126
final_20260720-153845_augmented_spots_train_e200_b10_lr0.0001_s1,?|Al_segvol.h5|2597|2597|14315,3,0.9468681812286377,0.8994030555089315,0.030770066504677136,0.9917657574017843,0.9917217890421549,0.9580490787823995,0.9528380870819092
final_20260720-153845_augmented_spots_train_e200_b10_lr0.0001_s1,?|Al_deformed_LoG_logtif.h5|3|3|20806,16,0.9444860741496086,0.8951472975313663,0.027764569909777492,0.9906252883374691,0.990569606423378,0.9583607539534569,0.9527199864387512
final_20260720-153845_augmented_spots_train_e200_b10_lr0.0001_s1,?|Ti7Al_logtif.h5|530|1512|630809,3,0.9505834778149923,0.9060953060785929,0.03371111241479715,0.992843230565389,0.9927560488382975,0.9584361910820007,0.9504766821861267
final_20260720-153845_augmented_spots_train_e200_b10_lr0.0001_s1,?|Ti7Al_logtif.h5|785|1767|720185,3,0.9378219246864319,0.8853196303049723,0.02071963995695114,0.9822051922480265,0.9818758567174276,0.9585511485735575,0.9577144384384155
final_20260720-153845_augmented_spots_train_e200_b10_lr0.0001_s1,?|Iron_deformed_logtif.h5|193|473|2027590,3,0.9435355265935262,0.8942865331967672,0.02479223224023978,0.9962205688158671,0.9959357579549154,0.9593716661135355,0.9478588104248047
final_20260720-153845_augmented_spots_train_e200_b10_lr0.0001_s1,?|Al_deformed_LoG_logtif.h5|11|11|167555,19,0.9443766600207278,0.8950002664013913,0.025481487771398144,0.9940330699870461,0.9939542224532679,0.9594475783799824,0.948801589012146
final_20260720-153845_augmented_spots_train_e200_b10_lr0.0001_s1,?|Ti7Al_logtif.h5|278|278|106292,4,0.9423375725746155,0.8932065665721893,0.02333634113892913,0.9805316478013992,0.9803717732429504,0.9595006257295609,0.9473939657211303
final_20260720-153845_augmented_spots_train_e200_b10_lr0.0001_s1,?|Iron_deformed_logtif.h5|91|91|323387,3,0.9457689523696899,0.8975028991699219,0.026232993851105373,0.9937543471654257,0.9935671289761862,0.9597679773966471,0.9570759296417236
final_20260720-153845_augmented_spots_train_e200_b10_lr0.0001_s1,?|Ti7Al_logtif.h5|846|1828|745292,3,0.961366593837738,0.9259487390518188,0.04182510698835055,0.9889278809229533,0.9884963035583496,0.9597707589467367,0.9536407470703125
final_20260720-153845_augmented_spots_train_e200_b10_lr0.0001_s1,?|Ti7Al_logtif.h5|763|1744|716641,3,0.9384740193684896,0.8845323125521342,0.018254563212394714,0.9982735315958658,0.9982386032740275,0.9601097106933594,0.9556708097457886
final_20260720-153845_augmented_spots_train_e200_b10_lr0.0001_s1,?|Ti7Al_logtif.h5|900|1881|752712,3,0.9524385531743368,0.9102286895116171,0.03028554314126571,0.9695399006207784,0.9672116239865621,0.9610764980316162,0.9448077917098999
final_20260720-153845_augmented_spots_train_e200_b10_lr0.0001_s1,?|Iron_deformed_logtif.h5|167|167|658994,3,0.9384355147679647,0.884495735168457,0.016277969504396122,0.9949828386306763,0.9948253830273946,0.9610787630081177,0.9603570938110352
final_20260720-153845_augmented_spots_train_e200_b10_lr0.0001_s1,?|Ti7Al_logtif.h5|89|89|24821,3,0.9551530877749125,0.9156354665756226,0.032990354423721634,0.9806289275487264,0.9805008769035339,0.961081345876058,0.9508850455284119
final_20260720-153845_augmented_spots_train_e200_b10_lr0.0001_s1,?|Iron_deformed_logtif.h5|117|397|1649342,3,0.9405093789100647,0.8878847360610962,0.017015157267451286,0.9964764515558878,0.9964579939842224,0.9617471297581991,0.9603324651718139
final_20260720-153845_augmented_spots_train_e200_b10_lr0.0001_s1,?|Al_big_grains_logtif.h5|481|5423|169747,3,0.9706787665685018,0.9431145389874777,0.04642757742355267,0.97712242603302,0.9770466089248657,0.9621256192525228,0.9401022911071777
final_20260720-153845_augmented_spots_train_e200_b10_lr0.0001_s1,?|Ti7Al_logtif.h5|485|485|220991,3,0.9416449864705404,0.8917778730392456,0.01635604662199815,0.9650552670160929,0.9637671709060669,0.9626444578170776,0.9590345621109009
final_20260720-153845_augmented_spots_train_e200_b10_lr0.0001_s1,?|Ti7Al_logtif.h5|579|579|259870,3,0.9446590344111124,0.8962353269259135,0.017579208438595135,0.9919730623563131,0.9917411406834921,0.9635398983955383,0.9580698609352112
final_20260720-153845_augmented_spots_train_e200_b10_lr0.0001_s1,?|IN718_twins_logtif.h5|483|1861|159477,3,0.9654435714085897,0.9334323406219482,0.038016557693481445,0.9958088596661886,0.991833488146464,0.963713526725769,0.9553133964538574
final_20260720-153845_augmented_spots_train_e200_b10_lr0.0001_s1,?|Ti7Al_logtif.h5|244|1226|477357,3,0.9458308418591818,0.8996813098589579,0.017305332080771525,0.988943854967753,0.9879597226778666,0.9642627835273743,0.9471556305885315
final_20260720-153845_augmented_spots_train_e200_b10_lr0.0001_s1,?|Iron_deformed_logtif.h5|105|385|1622522,3,0.9414093097050985,0.8904660940170288,0.012475180750091871,0.9965173602104187,0.9963831702868143,0.9644670685132345,0.9588156461715698
final_20260720-153845_augmented_spots_train_e200_b10_lr0.0001_s1,?|Al_deformed_LoG_logtif.h5|0|34|461737,22,0.9542640393430536,0.9134900028055365,0.024813084947791966,0.9945711222561923,0.9941440549763766,0.9647254700010474,0.9583637595176697
final_20260720-153845_augmented_spots_train_e200_b10_lr0.0001_s1,?|Ti7Al_logtif.h5|458|1440|597994,4,0.9594012498855591,0.9228155016899109,0.029131966643035412,0.9855111390352249,0.985436424612999,0.9651346504688263,0.955726820230484
final_20260720-153845_augmented_spots_train_e200_b10_lr0.0001_s1,?|Al_deformed_LoG_logtif.h5|26|26|441233,21,0.9507519602775574,0.9066987690471467,0.019587877516945202,0.9921288887659708,0.9920298740977332,0.9655820273217701,0.9587865471839905
final_20260720-153845_augmented_spots_train_e200_b10_lr0.0001_s1,?|Al_deformed_LoG_logtif.h5|26|60|891702,23,0.9555389829303907,0.9153503646021304,0.02246693303079709,0.9941071038660796,0.9941297277160313,0.9665360295254252,0.9605013370513916
final_20260720-153845_augmented_spots_train_e200_b10_lr0.0001_s1,?|IN718_twins_logtif.h5|343|1722|148837,3,0.9703081846237183,0.9428063631057739,0.03671914959947268,0.990962028503418,0.989073634147644,0.966794510682424,0.9465420722961426
final_20260720-153845_augmented_spots_train_e200_b10_lr0.0001_s1,?|Al_deformed_LoG_logtif.h5|0|0|14345,21,0.947958387079693,0.901849056993212,0.014323519498464606,0.9963438794726417,0.9963239715212867,0.9668174329258147,0.9600710272789001
final_20260720-153845_augmented_spots_train_e200_b10_lr0.0001_s1,?|IN718_twins_logtif.h5|692|692|58235,3,0.973887304464976,0.9503265023231506,0.04010279787083467,0.9939215580622355,0.9525657296180725,0.9668922622998556,0.9435139775276185
final_20260720-153845_augmented_spots_train_e200_b10_lr0.0001_s1,?|Ti7Al_logtif.h5|39|39|12402,3,0.9493483304977417,0.9043282667795817,0.013972574224074682,0.9738079508145651,0.9725489616394043,0.9676878650983175,0.9640913128852844
final_20260720-153845_augmented_spots_train_e200_b10_lr0.0001_s1,?|Al_big_grains_logtif.h5|1823|6767|209024,3,0.9593425989151001,0.9232456684112549,0.02240752677122752,0.9943486650784811,0.9940959016482035,0.9684675137201945,0.9588907718658447
final_20260720-153845_augmented_spots_train_e200_b10_lr0.0001_s1,?|Al_segvol.h5|4499|4499|24632,3,0.9720168709754944,0.9455804824829102,0.029877672903239727,0.9937727650006613,0.9937249620755514,0.9710696140925089,0.9619416475296021
final_20260720-153845_augmented_spots_train_e200_b10_lr0.0001_s1,?|Ti7Al_logtif.h5|356|1338|522142,3,0.9620422522226969,0.9274005691210429,0.019119446476300556,0.9944126605987549,0.9944074948628744,0.9714613954226176,0.9648442029953003
final_20260720-153845_augmented_spots_train_e200_b10_lr0.0001_s1,?|IN718_twins_logtif.h5|108|1486|128639,3,0.987551728884379,0.9754686752955118,0.0432235070814689,0.9927711089452108,0.9925486445426941,0.9721641341845194,0.9669157147407532
final_20260720-153845_augmented_spots_train_e200_b10_lr0.0001_s1,?|Al_big_grains_logtif.h5|4294|9239|295394,3,0.9667991399765015,0.9381842215855917,0.022330281014243763,0.9940763314565023,0.9940205613772074,0.9722344080607096,0.9585209131240845
final_20260720-153845_augmented_spots_train_e200_b10_lr0.0001_s1,?|IN718_twins_logtif.h5|518|1895|162872,3,0.9818883339564005,0.9644541343053182,0.03202429972589016,0.9952474037806193,0.9938874840736389,0.9749320149421692,0.9704807519912719
final_20260720-153845_augmented_spots_train_e200_b10_lr0.0001_s1,?|IN718_twins_logtif.h5|909|2288|195464,3,0.9793473680814108,0.9595909714698792,0.029082433010141056,0.99669216076533,0.9965919852256775,0.9751325050989786,0.9725249528884887
final_20260720-153845_augmented_spots_train_e200_b10_lr0.0001_s1,?|IN718_twins_logtif.h5|929|929|76478,3,0.9884913365046183,0.9772547086079916,0.03249668578306834,0.9935994744300842,0.9931790431340536,0.9779973228772482,0.9699782609939576
final_20260720-153845_augmented_spots_train_e200_b10_lr0.0001_s1,?|IN718_twins_logtif.h5|703|2081|178440,3,0.987785279750824,0.9758672515551249,0.03156594311197599,0.9952058990796407,0.9949647585550944,0.9781096577644348,0.9751447439193726
final_20260720-153845_augmented_spots_train_e200_b10_lr0.0001_s1,?|IN718_twins_logtif.h5|885|885|73830,4,0.978766530752182,0.9585794359445572,0.02196282520890236,0.9970562309026718,0.9970291405916214,0.978401854634285,0.9751975536346436
final_20260720-153845_augmented_spots_train_e200_b10_lr0.0001_s1,?|IN718_twins_logtif.h5|333|333|29388,3,0.9818204442660013,0.9643512964248657,0.024538923054933548,0.9970379869143168,0.9968807697296143,0.9786407351493835,0.9722792744636536
final_20260720-153845_augmented_spots_train_e200_b10_lr0.0001_s1,?|IN718_twins_logtif.h5|1082|2459|210603,3,0.9862228234608968,0.9728698333104452,0.028570276374618214,0.9946900606155396,0.9939618309338888,0.9788263042767843,0.9769834280014038
final_20260720-153845_augmented_spots_train_e200_b10_lr0.0001_s1,?|IN718_twins_logtif.h5|1271|2649|226498,3,0.9754550655682882,0.9522488315900167,0.017380000402530033,0.999248206615448,0.9992462595303854,0.9790375630060831,0.9766321539878845
final_20260720-153845_augmented_spots_train_e200_b10_lr0.0001_s1,?|IN718_twins_logtif.h5|612|612|50032,3,0.9823653896649679,0.9654047687848409,0.023754803463816643,0.997240424156189,0.997137169043223,0.9793053070704142,0.9762351155281067
final_20260720-153845_augmented_spots_train_e200_b10_lr0.0001_s1,?|IN718_twins_logtif.h5|425|1801|157178,3,0.9825827479362488,0.9658539692560831,0.023711859559019405,0.9980606635411581,0.9980462392171224,0.9794354240099589,0.9767698287963867
final_20260720-153845_augmented_spots_train_e200_b10_lr0.0001_s1,?|IN718_twins_logtif.h5|322|1698|147131,3,0.9825639526049296,0.9658287763595581,0.02360505113999049,0.9982298413912455,0.9981112877527872,0.9794794321060181,0.976335072517395
final_20260720-153845_augmented_spots_train_e200_b10_lr0.0001_s1,?|IN718_twins_logtif.h5|813|2190|188254,3,0.9782999753952026,0.9575838843981425,0.019314973304669063,0.9987054069836935,0.9987050890922546,0.9794925053914388,0.9764162778854371
final_20260720-153845_augmented_spots_train_e200_b10_lr0.0001_s1,?|IN718_twins_logtif.h5|216|1595|136423,3,0.9861060579617819,0.9726182421048483,0.023683772732814152,0.9973903894424438,0.9971129298210144,0.9812111258506775,0.9803007483482361
final_20260720-153845_augmented_spots_train_e200_b10_lr0.0001_s1,?|IN718_twins_logtif.h5|569|1947|167097,3,0.9880516330401102,0.9764487346013387,0.024489518875877064,0.9978517293930054,0.9978424708048502,0.9817810654640198,0.9801012396812439
final_20260720-153845_augmented_spots_train_e200_b10_lr0.0001_s1,?|IN718_twins_logtif.h5|825|2202|189095,3,0.9840333660443624,0.9686975876490275,0.01778510957956314,0.9993061820665995,0.9992743730545044,0.9831241369247437,0.9812123298645019
final_20260720-153845_augmented_spots_train_e200_b10_lr0.0001_s1,?|IN718_twins_logtif.h5|1066|2443|209241,3,0.9907118082046509,0.9815992514292399,0.021440591663122177,0.9984039266904196,0.9983915090560913,0.984635591506958,0.982321834564209
final_20260720-153845_augmented_spots_train_e200_b10_lr0.0001_s1,?|IN718_twins_logtif.h5|183|1559|134525,3,0.9877719283103943,0.9758502840995789,0.0177083487311999,0.9988259871800741,0.9988192915916443,0.985031803448995,0.9829017877578735
final_20260721-204034_augmented_spots_train_e200_b100_lr0.0001_s1,?|Ti7Al_logtif.h5|593|593|265156,3,0.7323132157325745,0.6586738526821136,0.060823794454336166,0.8037477433681488,0.8000864883263906,0.8357446988423666,0.6875011086463928
final_20260721-204034_augmented_spots_train_e200_b100_lr0.0001_s1,?|Ti7Al_logtif.h5|765|1748|716846,3,0.7581948637962341,0.7000743647416433,0.0666508258630832,0.7754097481568655,0.7660735150178274,0.8457720478375753,0.6971046090126037
final_20260721-204034_augmented_spots_train_e200_b100_lr0.0001_s1,?|Ti7Al_logtif.h5|474|1457|604880,3,0.8080764810244242,0.6918710271517435,0.0905697892109553,0.8851759433746338,0.864366352558136,0.8587533632914225,0.8021044254302978
final_20260721-204034_augmented_spots_train_e200_b100_lr0.0001_s1,?|Ti7Al_logtif.h5|951|951|378424,6,0.7984291464090347,0.7125265598297119,0.07897675099472205,0.8521565248568853,0.8420553406079611,0.8597261806329092,0.7211416661739349
final_20260721-204034_augmented_spots_train_e200_b100_lr0.0001_s1,?|Ti7Al_logtif.h5|740|1723|711979,3,0.7840735713640848,0.6898552179336548,0.06412658467888832,0.8058925668398539,0.8045567274093628,0.8599735101064047,0.8090411901474
final_20260721-204034_augmented_spots_train_e200_b100_lr0.0001_s1,?|Iron_deformed_logtif.h5|278|558|2479788,3,0.8295355637868246,0.7620846033096313,0.0880684182047844,0.8552181323369344,0.8536865711212158,0.8707335591316223,0.7644541501998902
final_20260721-204034_augmented_spots_train_e200_b100_lr0.0001_s1,?|Iron_deformed_logtif.h5|141|141|523753,3,0.8369641701380411,0.7312037150065104,0.09052630141377449,0.9152935147285461,0.9056938886642456,0.8732189138730367,0.7924562931060791
final_20260721-204034_augmented_spots_train_e200_b100_lr0.0001_s1,?|Ti7Al_logtif.h5|330|1312|505227,3,0.8268480698267618,0.7262146671613058,0.07675574781994025,0.8345906535784403,0.8171723882357279,0.875046173731486,0.7936150670051575
final_20260721-204034_augmented_spots_train_e200_b100_lr0.0001_s1,?|Iron_deformed_logtif.h5|20|20|68360,3,0.8551766872406006,0.7616352836290995,0.09914345480501652,0.9047238230705261,0.8949809074401855,0.8780165910720825,0.7886903047561645
final_20260721-204034_augmented_spots_train_e200_b100_lr0.0001_s1,?|Ti7Al_logtif.h5|331|331|117248,3,0.8190988699595133,0.759706437587738,0.06165974494069815,0.815725843111674,0.8154380718866984,0.8787195682525635,0.771488344669342
final_20260721-204034_augmented_spots_train_e200_b100_lr0.0001_s1,?|Iron_deformed_logtif.h5|108|108|396384,3,0.8341747919718424,0.771665891011556,0.07572851454218228,0.860602339108785,0.859434982140859,0.8792231480280558,0.7678629636764527
final_20260721-204034_augmented_spots_train_e200_b100_lr0.0001_s1,?|Ti7Al_logtif.h5|125|125|38081,3,0.8125393788019816,0.7180163860321045,0.05124521007140478,0.9337561925252279,0.9175672928492228,0.8806470632553101,0.780267858505249
final_20260721-204034_augmented_spots_train_e200_b100_lr0.0001_s1,?|Iron_deformed_logtif.h5|168|448|1896773,3,0.8552768031756083,0.7638919750849406,0.08118862907091777,0.9437530636787415,0.9263284603754679,0.887044092019399,0.8664070248603821
final_20260721-204034_augmented_spots_train_e200_b100_lr0.0001_s1,?|Iron_deformed_logtif.h5|245|525|2343145,3,0.8841952284177145,0.79507444302241,0.10899802794059117,0.950988252957662,0.9486581484476725,0.8875985940297445,0.8612677931785584
final_20260721-204034_augmented_spots_train_e200_b100_lr0.0001_s1,?|Ti7Al_logtif.h5|134|1116|428768,3,0.8299321929613749,0.7463385462760925,0.054560941799233355,0.8778566320737203,0.8394558429718018,0.8876856565475464,0.7786113262176514
final_20260721-204034_augmented_spots_train_e200_b100_lr0.0001_s1,?|Iron_deformed_logtif.h5|191|471|2026221,3,0.8618109623591105,0.766131579875946,0.08592754105726878,0.9332951505978903,0.9283764958381653,0.8879417181015015,0.8205782294273376
final_20260721-204034_augmented_spots_train_e200_b100_lr0.0001_s1,?|Ti7Al_logtif.h5|878|878|356416,3,0.8523977597554525,0.7540135582288107,0.07563811105986436,0.9011987050374349,0.8594056367874146,0.8883798122406006,0.8106449365615844
final_20260721-204034_augmented_spots_train_e200_b100_lr0.0001_s1,?|Ti7Al_logtif.h5|479|1460|605758,3,0.8694565097490946,0.7878145376841227,0.09245028470953305,0.8996287981669108,0.8859857320785522,0.8885031143824259,0.7973639011383057
final_20260721-204034_augmented_spots_train_e200_b100_lr0.0001_s1,?|Iron_deformed_logtif.h5|60|340|1491296,3,0.8596381743748983,0.7643944621086121,0.07980616576969624,0.9401452938715616,0.9373782873153687,0.8899160027503967,0.8446719884872437
final_20260721-204034_augmented_spots_train_e200_b100_lr0.0001_s1,?|Ti7Al_logtif.h5|900|1881|752712,3,0.8374436299006144,0.7761632402737936,0.05107629578560591,0.8577555219332377,0.8469110727310181,0.893183688322703,0.7790367484092713
final_20260721-204034_augmented_spots_train_e200_b100_lr0.0001_s1,?|Iron_deformed_logtif.h5|273|553|2451312,7,0.8571924311774117,0.7591697829110282,0.07018776051700115,0.9680663432393756,0.95479268687112,0.8935023375919887,0.8268930196762085
final_20260721-204034_augmented_spots_train_e200_b100_lr0.0001_s1,?|Iron_deformed_logtif.h5|183|463|1960285,3,0.8411465485890707,0.7339818874994913,0.053331697980562844,0.9770665168762207,0.9761011203130087,0.8939074079195658,0.8786350965499878
final_20260721-204034_augmented_spots_train_e200_b100_lr0.0001_s1,?|Iron_deformed_logtif.h5|189|469|2025484,3,0.8706828355789185,0.7819087107976278,0.0798093651731809,0.9393788973490397,0.9388307531674703,0.8954367240269979,0.8785559415817261
final_20260721-204034_augmented_spots_train_e200_b100_lr0.0001_s1,?|Iron_deformed_logtif.h5|1|281|1250417,3,0.8644571900367737,0.7821008165677389,0.07148631537954013,0.9352675875027975,0.8680317600568136,0.896485447883606,0.8545668363571167
final_20260721-204034_augmented_spots_train_e200_b100_lr0.0001_s1,?|Iron_deformed_logtif.h5|62|342|1492694,5,0.8655691385269165,0.7654289245605469,0.07094768732786179,0.9730904698371887,0.9709315776824952,0.897310733795166,0.8685909509658813
final_20260721-204034_augmented_spots_train_e200_b100_lr0.0001_s1,?|Iron_deformed_logtif.h5|135|135|484462,3,0.8923787077267965,0.8115371068318685,0.09769547233978908,0.9034643967946371,0.9009093840916952,0.8973416288693746,0.8340638518333435
final_20260721-204034_augmented_spots_train_e200_b100_lr0.0001_s1,?|Ti7Al_logtif.h5|800|1782|729836,3,0.8263874252637228,0.7304330269495646,0.030975733262797196,0.8544166286786398,0.849027673403422,0.8977058529853821,0.8616445541381836
final_20260721-204034_augmented_spots_train_e200_b100_lr0.0001_s1,?|Ti7Al_logtif.h5|230|1213|471619,3,0.8850526611010233,0.8056713541348776,0.08634056709706783,0.9154975811640421,0.9070288141568502,0.8993560473124186,0.819805896282196
final_20260721-204034_augmented_spots_train_e200_b100_lr0.0001_s1,?|Ti7Al_logtif.h5|868|868|355427,3,0.8762385845184326,0.7953030864397684,0.07635047907630603,0.8970428506533304,0.8921623627344767,0.8999440670013428,0.8449759364128113
final_20260721-204034_augmented_spots_train_e200_b100_lr0.0001_s1,?|Ti7Al_logtif.h5|561|1541|646447,3,0.8776120146115621,0.7909493843714396,0.07653962324062984,0.8826415340105692,0.8775216937065125,0.9005361795425415,0.8341550946235656
final_20260721-204034_augmented_spots_train_e200_b100_lr0.0001_s1,?|Iron_deformed_logtif.h5|14|14|64651,3,0.904833992322286,0.8278336922327677,0.10150117427110672,0.9517004688580831,0.9488046566645304,0.9016664226849874,0.895030677318573
final_20260721-204034_augmented_spots_train_e200_b100_lr0.0001_s1,?|Iron_deformed_logtif.h5|19|298|1306721,6,0.8877443174521128,0.8020971814791361,0.08170057491709788,0.9503343602021536,0.9477685987949371,0.9030218720436096,0.8577156066894531
final_20260721-204034_augmented_spots_train_e200_b100_lr0.0001_s1,?|Iron_deformed_logtif.h5|124|404|1669194,3,0.8954845666885376,0.8214137752850851,0.08711191049466531,0.9123044411341349,0.912039558092753,0.9041863083839417,0.8481627464294433
final_20260721-204034_augmented_spots_train_e200_b100_lr0.0001_s1,?|Iron_deformed_logtif.h5|87|87|316193,3,0.9059985876083374,0.8343636393547058,0.09354774157206218,0.9051485459009806,0.9026085535685221,0.9062254428863525,0.837495493888855
final_20260721-204034_augmented_spots_train_e200_b100_lr0.0001_s1,?|Iron_deformed_logtif.h5|136|416|1735423,3,0.8852297266324362,0.7978511055310568,0.07219324881831805,0.9745271404584249,0.9699641466140747,0.9065182606379191,0.872879934310913
final_20260721-204034_augmented_spots_train_e200_b100_lr0.0001_s1,?|Ti7Al_logtif.h5|192|192|64402,3,0.8715696732203165,0.7923218806584676,0.05790325999259949,0.8710475564002991,0.8473775784174601,0.9068332314491272,0.860582709312439
final_20260721-204034_augmented_spots_train_e200_b100_lr0.0001_s1,?|Ti7Al_logtif.h5|278|1260|494692,3,0.8708786169687907,0.7925835847854614,0.05494299748291572,0.8908990820248922,0.8901107708613077,0.9079677859942118,0.8456801414489746
final_20260721-204034_augmented_spots_train_e200_b100_lr0.0001_s1,?|Iron_deformed_logtif.h5|163|443|1881181,3,0.8995703061421713,0.8188581864039103,0.08248218521475792,0.9567394852638245,0.9555160204569498,0.9085440238316854,0.8846853971481323
final_20260721-204034_augmented_spots_train_e200_b100_lr0.0001_s1,?|Iron_deformed_logtif.h5|172|172|667669,5,0.8922069668769836,0.8096319913864136,0.07473546341061592,0.9655614972114563,0.9475172400474549,0.9087357640266418,0.8684954881668091
final_20260721-204034_augmented_spots_train_e200_b100_lr0.0001_s1,?|Iron_deformed_logtif.h5|143|143|525365,3,0.8963738481203715,0.8225602507591248,0.07625512965023518,0.9180209636688232,0.9177432854970297,0.9100593527158102,0.8536606311798096
final_20260721-204034_augmented_spots_train_e200_b100_lr0.0001_s1,?|Iron_deformed_logtif.h5|169|449|1897167,4,0.8803504109382629,0.7884300947189331,0.05992103274911642,0.9732982367277145,0.9721271693706512,0.9102147072553635,0.8918083906173706
final_20260721-204034_augmented_spots_train_e200_b100_lr0.0001_s1,?|Iron_deformed_logtif.h5|173|173|668050,4,0.908058300614357,0.8374931067228317,0.0855338703840971,0.9433014541864395,0.9412591904401779,0.911262184381485,0.8618652701377869
final_20260721-204034_augmented_spots_train_e200_b100_lr0.0001_s1,?|Iron_deformed_logtif.h5|16|296|1305672,3,0.9033488432566324,0.825751781463623,0.08080392827590306,0.9685387015342712,0.9672470092773438,0.9112724661827087,0.8941897869110107
final_20260721-204034_augmented_spots_train_e200_b100_lr0.0001_s1,?|Iron_deformed_logtif.h5|39|319|1383099,3,0.8919894695281982,0.8085226813952128,0.06933591514825821,0.9581561883290609,0.947361429532369,0.9113267858823141,0.8854704976081849
final_20260721-204034_augmented_spots_train_e200_b100_lr0.0001_s1,?|Iron_deformed_logtif.h5|250|250|1106997,4,0.879517987370491,0.7952983677387238,0.0566516718827188,0.967509001493454,0.9662639796733856,0.9114331603050232,0.8753931939601898
final_20260721-204034_augmented_spots_train_e200_b100_lr0.0001_s1,?|Iron_deformed_logtif.h5|189|189|785586,6,0.8832252621650696,0.7993023097515106,0.05975258257240057,0.9619127909342448,0.9592888255914053,0.9117363393306732,0.8549445569515228
final_20260721-204034_augmented_spots_train_e200_b100_lr0.0001_s1,?|Iron_deformed_logtif.h5|96|376|1581320,3,0.8713660637537638,0.7838768362998962,0.04631363103787104,0.988286038239797,0.9852532943089803,0.9125262300173441,0.8841024518013001
final_20260721-204034_augmented_spots_train_e200_b100_lr0.0001_s1,?|Iron_deformed_logtif.h5|22|22|70041,3,0.9123357733090719,0.8396413326263428,0.08697385589281718,0.9762377540270487,0.9753744602203369,0.912680963675181,0.8943938374519348
final_20260721-204034_augmented_spots_train_e200_b100_lr0.0001_s1,?|Iron_deformed_logtif.h5|215|215|920107,3,0.8945127924283346,0.8109727104504904,0.06849941859642665,0.9778623580932617,0.9768599073092142,0.9130067030588785,0.9097798466682434
final_20260721-204034_augmented_spots_train_e200_b100_lr0.0001_s1,?|Iron_deformed_logtif.h5|84|363|1554874,4,0.9036770910024643,0.8249721080064774,0.0769396461546421,0.9564349353313446,0.9549580216407776,0.9133687317371368,0.9031338214874267
final_20260721-204034_augmented_spots_train_e200_b100_lr0.0001_s1,?|Ti7Al_logtif.h5|380|1363|531358,3,0.8903080622355143,0.8091555635134379,0.061403422305981316,0.9531643589337667,0.9455269773801168,0.914452314376831,0.8761694550514221
final_20260721-204034_augmented_spots_train_e200_b100_lr0.0001_s1,?|Iron_deformed_logtif.h5|23|23|70379,3,0.8946277101834615,0.8113440076510111,0.06550110007325809,0.9770402908325195,0.9768621722857157,0.9145632982254028,0.8800801157951355
final_20260721-204034_augmented_spots_train_e200_b100_lr0.0001_s1,?|Iron_deformed_logtif.h5|167|447|1896154,3,0.8568082849184672,0.7632097403208414,0.02744511825342973,0.9913641214370728,0.9589435656865438,0.9146815538406372,0.8771938800811767
final_20260721-204034_augmented_spots_train_e200_b100_lr0.0001_s1,?|Iron_deformed_logtif.h5|232|232|1020810,3,0.9082494179407755,0.8377342025438944,0.07811823238929112,0.9704764485359192,0.9699669480323792,0.915065586566925,0.8778119921684265
final_20260721-204034_augmented_spots_train_e200_b100_lr0.0001_s1,?|Iron_deformed_logtif.h5|210|210|876585,5,0.892801308631897,0.8087457418441772,0.06192382052540779,0.9728748679161072,0.960830283164978,0.9154387474060058,0.8815227031707764
final_20260721-204034_augmented_spots_train_e200_b100_lr0.0001_s1,?|Ti7Al_logtif.h5|431|1413|574457,3,0.8896738290786743,0.8336802323659261,0.058510475481549896,0.8440859913825989,0.8438127438227335,0.9155816833178202,0.8406437158584594
final_20260721-204034_augmented_spots_train_e200_b100_lr0.0001_s1,?|Iron_deformed_logtif.h5|77|357|1542926,6,0.8964969118436178,0.8263933956623077,0.0647613201290369,0.9539857308069865,0.9202233056227366,0.915867805480957,0.8584630489349365
final_20260721-204034_augmented_spots_train_e200_b100_lr0.0001_s1,?|Iron_deformed_logtif.h5|55|334|1461026,3,0.9064634641011556,0.8292368054389954,0.07438358167807262,0.9807338317235311,0.9801216324170431,0.9160399436950684,0.8948456048965454
final_20260721-204034_augmented_spots_train_e200_b100_lr0.0001_s1,?|Iron_deformed_logtif.h5|188|468|2024649,4,0.916453629732132,0.8482895195484161,0.08435555454343557,0.9463750720024109,0.9460160583257675,0.9160490483045578,0.8823319196701049
final_20260721-204034_augmented_spots_train_e200_b100_lr0.0001_s1,?|Iron_deformed_logtif.h5|42|322|1394565,3,0.9074606895446777,0.8324515024820963,0.07536069800456364,0.9653260707855225,0.9650773803393046,0.9160499970118204,0.8723989129066467
final_20260721-204034_augmented_spots_train_e200_b100_lr0.0001_s1,?|Iron_deformed_logtif.h5|136|136|495861,4,0.9001767933368683,0.8195972889661789,0.06767093390226364,0.9694118946790695,0.9689188897609711,0.916252925992012,0.8884113609790802
final_20260721-204034_augmented_spots_train_e200_b100_lr0.0001_s1,?|Iron_deformed_logtif.h5|15|295|1305345,3,0.8957609931627909,0.8137388229370117,0.06317418192823727,0.9745907584826151,0.9738352497418722,0.9162934223810831,0.8919133424758912
final_20260721-204034_augmented_spots_train_e200_b100_lr0.0001_s1,?|Iron_deformed_logtif.h5|270|270|1208200,4,0.9118039458990097,0.8405736982822418,0.07758936705067754,0.9654066562652588,0.9591512978076935,0.9171072840690613,0.8867135167121887
final_20260721-204034_augmented_spots_train_e200_b100_lr0.0001_s1,?|Iron_deformed_logtif.h5|273|273|1210178,4,0.8926406651735306,0.8079625964164734,0.05756222642958164,0.9775257408618927,0.9771289229393005,0.9175392091274261,0.9055474638938904
final_20260721-204034_augmented_spots_train_e200_b100_lr0.0001_s1,?|Ti7Al_logtif.h5|605|1587|664057,3,0.8947905500729879,0.8283200661341349,0.05970517794291178,0.9521220127741495,0.9501767754554749,0.9175427158673605,0.8759225249290467
final_20260721-204034_augmented_spots_train_e200_b100_lr0.0001_s1,?|Iron_deformed_logtif.h5|56|336|1461382,5,0.9117045640945435,0.837973439693451,0.07541199401021004,0.959606409072876,0.9591866493225097,0.918146300315857,0.8856191158294677
final_20260721-204034_augmented_spots_train_e200_b100_lr0.0001_s1,?|Iron_deformed_logtif.h5|88|368|1562446,4,0.9016891121864319,0.8231488466262817,0.06533201085403562,0.9700234532356262,0.9690491706132889,0.9181785434484482,0.8788384974002839
final_20260721-204034_augmented_spots_train_e200_b100_lr0.0001_s1,?|Iron_deformed_logtif.h5|120|400|1655560,4,0.8980626165866852,0.8172212839126587,0.06122255977243185,0.9748973697423935,0.9729394316673279,0.9184200167655945,0.9121560513973236
final_20260721-204034_augmented_spots_train_e200_b100_lr0.0001_s1,?|Iron_deformed_logtif.h5|18|299|1307069,4,0.9049301594495773,0.8292593061923981,0.06654032785445452,0.9712438881397247,0.9700719863176346,0.919194906949997,0.8805657148361206
final_20260721-204034_augmented_spots_train_e200_b100_lr0.0001_s1,?|Ti7Al_logtif.h5|291|291|107749,5,0.8950993537902832,0.820635998249054,0.05634862910956144,0.8946184635162353,0.8879037141799927,0.9193753480911255,0.8619768381118774
final_20260721-204034_augmented_spots_train_e200_b100_lr0.0001_s1,?|Iron_deformed_logtif.h5|1|1|10546,5,0.8767206549644471,0.7888611078262329,0.0377397321164608,0.9682309746742248,0.967424190044403,0.9194904804229737,0.9022375345230103
final_20260721-204034_augmented_spots_train_e200_b100_lr0.0001_s1,?|Iron_deformed_logtif.h5|0|0|1623,3,0.9048414429028829,0.8288687070210775,0.06457697848478954,0.9455336928367615,0.9448511004447937,0.9201322396596273,0.9148889899253845
final_20260721-204034_augmented_spots_train_e200_b100_lr0.0001_s1,?|Iron_deformed_logtif.h5|217|497|2202296,4,0.8836067318916321,0.7986515909433365,0.04334042966365814,0.9628296345472336,0.9623258858919144,0.9201331287622452,0.8979875385761261
final_20260721-204034_augmented_spots_train_e200_b100_lr0.0001_s1,?|Iron_deformed_logtif.h5|229|229|1011112,4,0.9045674800872803,0.8294030427932739,0.06347731500864029,0.9677394330501556,0.9668111950159073,0.9205450862646103,0.8911071002483368
final_20260721-204034_augmented_spots_train_e200_b100_lr0.0001_s1,?|Iron_deformed_logtif.h5|235|235|1039802,3,0.898158073425293,0.8202449282010397,0.05552910206218561,0.9617278178532919,0.9592235088348389,0.921314517656962,0.888330614566803
final_20260721-204034_augmented_spots_train_e200_b100_lr0.0001_s1,?|Al_big_grains_logtif.h5|3202|3202|103431,3,0.8744669755299886,0.7968981663386027,0.03158177311221758,0.9461665948232015,0.9437745014826456,0.9214426279067993,0.9160860300064086
final_20260721-204034_augmented_spots_train_e200_b100_lr0.0001_s1,?|Iron_deformed_logtif.h5|139|420|1763892,4,0.91804538667202,0.8518593162298203,0.0750533165410161,0.965116411447525,0.9643774926662445,0.9214960336685181,0.8787773728370667
final_20260721-204034_augmented_spots_train_e200_b100_lr0.0001_s1,?|Iron_deformed_logtif.h5|15|15|66683,3,0.9142780105272929,0.8432924151420593,0.07064941277106603,0.9754525820414225,0.9752753178278605,0.9218142827351888,0.9164328098297119
final_20260721-204034_augmented_spots_train_e200_b100_lr0.0001_s1,?|Iron_deformed_logtif.h5|198|478|2057750,4,0.8985599428415298,0.822854295372963,0.05433082580566406,0.9715935438871384,0.9678524136543274,0.9221145808696747,0.8712096631526947
final_20260721-204034_augmented_spots_train_e200_b100_lr0.0001_s1,?|Al_deformed_LoG_logtif.h5|7|41|510550,15,0.9116796692212422,0.8388151446978251,0.0670927236477534,0.9736453255017599,0.9732915997505188,0.922293480237325,0.9006747603416443
final_20260721-204034_augmented_spots_train_e200_b100_lr0.0001_s1,?|Iron_deformed_logtif.h5|259|539|2410871,4,0.9108072221279144,0.8381082266569138,0.06544316187500954,0.9683264344930649,0.9661751985549927,0.9226820319890976,0.9019734919071197
final_20260721-204034_augmented_spots_train_e200_b100_lr0.0001_s1,?|Iron_deformed_logtif.h5|27|27|75554,4,0.8935582339763641,0.8093987107276917,0.04788285680115223,0.9799686819314957,0.9793039858341217,0.9228376895189285,0.9059640884399414
final_20260721-204034_augmented_spots_train_e200_b100_lr0.0001_s1,?|Iron_deformed_logtif.h5|149|149|573179,5,0.8979573965072631,0.8193776845932007,0.05198269337415695,0.976096510887146,0.9699591875076294,0.9229873657226563,0.8727131605148315
final_20260721-204034_augmented_spots_train_e200_b100_lr0.0001_s1,?|Iron_deformed_logtif.h5|188|188|784896,5,0.9141483783721924,0.8436118245124817,0.06779260970652104,0.9690962195396423,0.9687347054481507,0.9231778740882873,0.9015700578689575
final_20260721-204034_augmented_spots_train_e200_b100_lr0.0001_s1,?|Iron_deformed_logtif.h5|246|526|2344537,5,0.9070915937423706,0.8310189008712768,0.060204606130719186,0.9792677521705627,0.9791244268417358,0.9234435200691223,0.884942603111267
final_20260721-204034_augmented_spots_train_e200_b100_lr0.0001_s1,?|Iron_deformed_logtif.h5|13|13|63607,3,0.910289982954661,0.8371715545654297,0.06330183396736781,0.9770228068033854,0.9766184290250143,0.9234941005706787,0.903650164604187
final_20260721-204034_augmented_spots_train_e200_b100_lr0.0001_s1,?|Ti7Al_logtif.h5|674|1655|690234,3,0.8846110304196676,0.8075806498527527,0.037308073292175926,0.9559562007586161,0.9542082746823629,0.9236514568328857,0.9007708430290222
final_20260721-204034_augmented_spots_train_e200_b100_lr0.0001_s1,?|Iron_deformed_logtif.h5|164|164|645795,3,0.9157997767130533,0.8471124172210693,0.06801937893033028,0.9746790130933126,0.9746334354082743,0.923890233039856,0.9060655117034913
final_20260721-204034_augmented_spots_train_e200_b100_lr0.0001_s1,?|Iron_deformed_logtif.h5|128|408|1686356,3,0.9243489901224772,0.8618990580240885,0.0762690119445324,0.9650958379109701,0.9602799415588379,0.9240399996439616,0.9026796698570252
final_20260721-204034_augmented_spots_train_e200_b100_lr0.0001_s1,?|Iron_deformed_logtif.h5|184|464|1988468,6,0.9095066487789154,0.835656056801478,0.061225216214855514,0.9716177980105082,0.9712936778863271,0.9241407215595245,0.8942800760269165
final_20260721-204034_augmented_spots_train_e200_b100_lr0.0001_s1,?|Iron_deformed_logtif.h5|121|401|1655920,4,0.8995649516582489,0.820383831858635,0.05066726170480251,0.9774993807077408,0.9772360473871231,0.9244488328695297,0.9089618682861328
final_20260721-204034_augmented_spots_train_e200_b100_lr0.0001_s1,?|Iron_deformed_logtif.h5|98|98|344511,4,0.9051493555307388,0.827800378203392,0.05572704831138253,0.9887291938066483,0.9887056201696396,0.9247111529111862,0.9060930728912353
final_20260721-204034_augmented_spots_train_e200_b100_lr0.0001_s1,?|Iron_deformed_logtif.h5|17|297|1306370,4,0.9037412405014038,0.8256774097681046,0.05419740732759237,0.9795693904161453,0.9794925898313522,0.9247718900442123,0.8955251038074493
final_20260721-204034_augmented_spots_train_e200_b100_lr0.0001_s1,?|Iron_deformed_logtif.h5|46|46|183492,5,0.9034751772880554,0.8303265452384949,0.05378705635666847,0.9720244765281677,0.9716616868972778,0.9248440504074097,0.8995142102241516
final_20260721-204034_augmented_spots_train_e200_b100_lr0.0001_s1,?|Ti7Al_logtif.h5|725|1707|707156,3,0.8822144667307535,0.8060691157976786,0.031758748615781464,0.9603696266810099,0.9591181874275208,0.9252278606096903,0.9065106630325317
final_20260721-204034_augmented_spots_train_e200_b100_lr0.0001_s1,?|Iron_deformed_logtif.h5|13|293|1302579,4,0.9040354192256927,0.826214611530304,0.052812435664236546,0.9780249744653702,0.9767903536558151,0.9256114810705185,0.9084258794784545
final_20260721-204034_augmented_spots_train_e200_b100_lr0.0001_s1,?|Iron_deformed_logtif.h5|102|102|368709,6,0.9040888746579488,0.8304875791072845,0.052077747570971646,0.9750011165936788,0.9743670125802358,0.9260055621465048,0.8869160413742065
final_20260721-204034_augmented_spots_train_e200_b100_lr0.0001_s1,?|Ti7Al_logtif.h5|746|1728|712611,4,0.920953169465065,0.8563115149736404,0.06692905072122812,0.9316396117210388,0.9294896274805069,0.9270120710134506,0.8833616614341736
final_20260721-204034_augmented_spots_train_e200_b100_lr0.0001_s1,?|Iron_deformed_logtif.h5|70|351|1516103,3,0.9003477891286215,0.8219593365987142,0.0463043370594581,0.9790013035138448,0.9782047271728516,0.9270217418670654,0.9056069493293762
final_20260721-204034_augmented_spots_train_e200_b100_lr0.0001_s1,?|Iron_deformed_logtif.h5|228|228|1010103,3,0.9008072813351949,0.8213542699813843,0.04668894906838735,0.9811367392539978,0.9784728288650513,0.9270591735839844,0.897147786617279
final_20260721-204034_augmented_spots_train_e200_b100_lr0.0001_s1,?|Iron_deformed_logtif.h5|103|383|1609828,5,0.9160800099372863,0.8460438251495361,0.06009978763759136,0.9850260376930237,0.98404940366745,0.9279900789260864,0.9012818098068237
final_20260721-204034_augmented_spots_train_e200_b100_lr0.0001_s1,?|Ti7Al_logtif.h5|317|317|115086,3,0.9166571299235026,0.8499196171760559,0.06041274561236302,0.9463995893796285,0.9431080023447672,0.9281221826871237,0.9130546808242798
final_20260721-204034_augmented_spots_train_e200_b100_lr0.0001_s1,?|Iron_deformed_logtif.h5|166|166|647236,5,0.9084687829017639,0.8349135041236877,0.051854849234223364,0.9842295169830322,0.9836749076843262,0.9283069491386413,0.911808717250824
final_20260721-204034_augmented_spots_train_e200_b100_lr0.0001_s1,?|Iron_deformed_logtif.h5|187|187|782942,3,0.9156244397163391,0.8464913368225098,0.05758870765566826,0.978311280409495,0.9735729297002157,0.9290178815523783,0.9059082746505738
final_20260721-204034_augmented_spots_train_e200_b100_lr0.0001_s1,?|Iron_deformed_logtif.h5|249|527|2345175,4,0.91123828291893,0.8383279591798782,0.05261982884258032,0.9728011935949326,0.9720353931188583,0.929309219121933,0.9144877672195435
final_20260721-204034_augmented_spots_train_e200_b100_lr0.0001_s1,?|Iron_deformed_logtif.h5|93|93|333088,3,0.9106879830360413,0.8404965798060099,0.0519892672697703,0.9849020838737488,0.9847660462061564,0.9293493827184042,0.9197435140609741
final_20260721-204034_augmented_spots_train_e200_b100_lr0.0001_s1,?|Iron_deformed_logtif.h5|272|272|1208818,6,0.9143746793270111,0.8427513738473257,0.05538882284114758,0.9738396207491556,0.9728405276934305,0.9294929206371307,0.9107750654220581
final_20260721-204034_augmented_spots_train_e200_b100_lr0.0001_s1,?|Iron_deformed_logtif.h5|92|372|1572842,4,0.9186358451843262,0.8510278910398483,0.05942269740626216,0.98435078561306,0.9832363426685333,0.9296065717935562,0.9188987255096436
final_20260721-204034_augmented_spots_train_e200_b100_lr0.0001_s1,?|Iron_deformed_logtif.h5|33|313|1349905,6,0.9212745229403178,0.8549356758594513,0.061944566667079926,0.9673787653446198,0.96621506412824,0.9296649793783823,0.910407692193985
final_20260721-204034_augmented_spots_train_e200_b100_lr0.0001_s1,?|Iron_deformed_logtif.h5|274|274|1211311,3,0.9099412163098654,0.8358402450879415,0.0505859466890494,0.9807525873184204,0.9804492990175883,0.9296776254971822,0.9079988241195679
final_20260721-204034_augmented_spots_train_e200_b100_lr0.0001_s1,?|Iron_deformed_logtif.h5|22|302|1309528,4,0.9059414267539978,0.8324364721775055,0.04651282820850611,0.9842897206544876,0.983752891421318,0.9297142773866653,0.92122021317482
final_20260721-204034_augmented_spots_train_e200_b100_lr0.0001_s1,?|Iron_deformed_logtif.h5|181|461|1951519,3,0.9179134567578634,0.8485638896624247,0.05836833640933037,0.9872857332229614,0.985913356145223,0.9297725558280945,0.9181862592697143
final_20260721-204034_augmented_spots_train_e200_b100_lr0.0001_s1,?|Iron_deformed_logtif.h5|93|373|1573666,4,0.9002142250537872,0.8250667452812195,0.0402772999368608,0.9806322902441025,0.9797622114419937,0.92996846139431,0.8971972227096557
final_20260721-204034_augmented_spots_train_e200_b100_lr0.0001_s1,?|Iron_deformed_logtif.h5|191|191|786702,8,0.9167591482400894,0.8478006199002266,0.056546802166849375,0.9769493713974953,0.976508617401123,0.9301061630249023,0.9129938006401062
final_20260721-204034_augmented_spots_train_e200_b100_lr0.0001_s1,?|Iron_deformed_logtif.h5|159|159|624558,4,0.9102602452039719,0.8378102630376816,0.049435210414230824,0.9885319173336029,0.9876125603914261,0.9304125308990479,0.8957448840141297
final_20260721-204034_augmented_spots_train_e200_b100_lr0.0001_s1,?|Iron_deformed_logtif.h5|81|81|313835,4,0.9090596735477448,0.8394395112991333,0.04800988594070077,0.9753958135843277,0.9751021414995193,0.9305249005556107,0.9078620553016663
final_20260721-204034_augmented_spots_train_e200_b100_lr0.0001_s1,?|Iron_deformed_logtif.h5|279|279|1239202,4,0.9124710559844971,0.8407507687807083,0.05134144029580057,0.9725749790668488,0.9719832837581635,0.930564820766449,0.894261384010315
final_20260721-204034_augmented_spots_train_e200_b100_lr0.0001_s1,?|Iron_deformed_logtif.h5|98|378|1584909,3,0.9037474195162455,0.8263939221700033,0.04195005322496096,0.9923930962880453,0.992363174756368,0.930898646513621,0.9157358407974243
final_20260721-204034_augmented_spots_train_e200_b100_lr0.0001_s1,?|Iron_deformed_logtif.h5|190|190|785959,3,0.9173561533292135,0.8509252270062765,0.05489293237527212,0.9819150368372599,0.9818311134974161,0.9312316179275513,0.9076080322265625
final_20260721-204034_augmented_spots_train_e200_b100_lr0.0001_s1,?|Iron_deformed_logtif.h5|95|374|1574041,5,0.9183102726936341,0.8503653287887574,0.055456506088376045,0.9756193995475769,0.9747270703315735,0.9314268827438354,0.9107965469360352
final_20260721-204034_augmented_spots_train_e200_b100_lr0.0001_s1,?|Iron_deformed_logtif.h5|192|472|2026576,3,0.912657896677653,0.8446951707204183,0.04904451593756676,0.9749807914098104,0.9747179945309957,0.9318066835403442,0.9068990230560303
final_20260721-204034_augmented_spots_train_e200_b100_lr0.0001_s1,?|Iron_deformed_logtif.h5|21|21|68698,5,0.9145373344421387,0.8443246364593506,0.05050927996635437,0.9865662932395936,0.9860203266143799,0.9320140242576599,0.9165802240371704
final_20260721-204034_augmented_spots_train_e200_b100_lr0.0001_s1,?|Iron_deformed_logtif.h5|59|59|249552,4,0.9245467036962509,0.8608020097017288,0.060423705726861954,0.9754400849342346,0.9752639085054398,0.9320615082979202,0.9173290848731994
final_20260721-204034_augmented_spots_train_e200_b100_lr0.0001_s1,?|Ti7Al_logtif.h5|9|9|1561,4,0.9159622341394424,0.8552632182836533,0.051563961897045374,0.913227304816246,0.8827320635318756,0.9321991354227066,0.9098816454410553
final_20260721-204034_augmented_spots_train_e200_b100_lr0.0001_s1,?|Iron_deformed_logtif.h5|5|5|17872,5,0.9096643209457398,0.8364030241966247,0.045087707415223124,0.9838017344474792,0.9771791458129883,0.9322883129119873,0.903223991394043
final_20260721-204034_augmented_spots_train_e200_b100_lr0.0001_s1,?|Iron_deformed_logtif.h5|58|58|242737,3,0.9217183788617452,0.855950653553009,0.05708682102461656,0.971162736415863,0.9707908630371094,0.9323157668113708,0.9148353099822998
final_20260721-204034_augmented_spots_train_e200_b100_lr0.0001_s1,?|Iron_deformed_logtif.h5|275|555|2456737,5,0.9109008193016053,0.8385751247406006,0.046171066164970395,0.9899892330169677,0.989740788936615,0.9323648571968078,0.9004681348800659
final_20260721-204034_augmented_spots_train_e200_b100_lr0.0001_s1,?|Iron_deformed_logtif.h5|37|317|1382409,4,0.9167812913656235,0.8487731218338013,0.05183870904147625,0.9898849576711655,0.9891186356544495,0.932471290230751,0.9022859990596771
final_20260721-204034_augmented_spots_train_e200_b100_lr0.0001_s1,?|Al_deformed_LoG_logtif.h5|6|6|54274,27,0.9153106654131854,0.8446964467013324,0.050178355951276093,0.9883167677455478,0.9879237391330578,0.9325661526785957,0.9107351422309875
final_20260721-204034_augmented_spots_train_e200_b100_lr0.0001_s1,?|Iron_deformed_logtif.h5|102|382|1609497,3,0.9195713599522909,0.8524144689242045,0.053655377899607025,0.981405774752299,0.9798261125882467,0.9329579869906107,0.9021763563156128
final_20260721-204034_augmented_spots_train_e200_b100_lr0.0001_s1,?|Iron_deformed_logtif.h5|224|224|1002176,3,0.9308109680811564,0.8711315790812174,0.06467245146632195,0.9764334162076315,0.9751235445340475,0.9330692489941915,0.9248876810073853
final_20260721-204034_augmented_spots_train_e200_b100_lr0.0001_s1,?|Iron_deformed_logtif.h5|210|490|2115695,3,0.9129261573155721,0.8408733407656351,0.045884533474842705,0.9884352286656698,0.9878484209378561,0.9335208137830099,0.9202625036239624
final_20260721-204034_augmented_spots_train_e200_b100_lr0.0001_s1,?|Iron_deformed_logtif.h5|67|347|1504401,4,0.9224754571914673,0.8572198301553726,0.05498307477682829,0.9874878972768784,0.9867400676012039,0.9337462037801743,0.9319827556610107
final_20260721-204034_augmented_spots_train_e200_b100_lr0.0001_s1,?|Ti7Al_logtif.h5|661|1643|680280,3,0.9137926896413168,0.8462076385815939,0.046114920638501644,0.9185567100842794,0.90823761622111,0.9338388840357462,0.8972578287124634
final_20260721-204034_augmented_spots_train_e200_b100_lr0.0001_s1,?|Iron_deformed_logtif.h5|144|424|1768990,4,0.9372599869966507,0.8840973228216171,0.06939443061128259,0.9644898325204849,0.963753953576088,0.9339327961206436,0.9182560205459595
final_20260721-204034_augmented_spots_train_e200_b100_lr0.0001_s1,?|Iron_deformed_logtif.h5|153|433|1857995,4,0.9068551510572433,0.8301099091768265,0.038813686929643154,0.9938214272260666,0.9936590641736984,0.9340207427740097,0.9272550880908966
final_20260721-204034_augmented_spots_train_e200_b100_lr0.0001_s1,?|Iron_deformed_logtif.h5|235|515|2278776,3,0.9205683271090189,0.8551477591196696,0.05206317454576492,0.9849397738774618,0.9842827717463175,0.9342525601387024,0.9262290000915527
final_20260721-204034_augmented_spots_train_e200_b100_lr0.0001_s1,?|Al_deformed_LoG_logtif.h5|27|61|894788,23,0.922853215881016,0.8576996093210967,0.05385736052108848,0.9824980808340985,0.9818719625473022,0.9344979317291923,0.8941790819168091
final_20260721-204034_augmented_spots_train_e200_b100_lr0.0001_s1,?|Iron_deformed_logtif.h5|278|278|1238536,5,0.9187066197395325,0.851860249042511,0.04953974075615406,0.9718764185905456,0.971609604358673,0.9345834136009217,0.9066792964935303
final_20260721-204034_augmented_spots_train_e200_b100_lr0.0001_s1,?|Ti7Al_logtif.h5|711|711|309821,3,0.915662149588267,0.8576688766479492,0.04617023468017578,0.9702108899752299,0.9701757828394572,0.9347459673881531,0.8854994058609009
final_20260721-204034_augmented_spots_train_e200_b100_lr0.0001_s1,?|Ti7Al_logtif.h5|867|1849|749230,3,0.9192658265431722,0.8548990488052368,0.04905923207600912,0.9762248396873474,0.9677983125050863,0.9351032972335815,0.9066635012626648
final_20260721-204034_augmented_spots_train_e200_b100_lr0.0001_s1,?|Ti7Al_logtif.h5|738|1720|711689,3,0.9042705098787943,0.8335341215133667,0.033850944600999355,0.9411473075548807,0.9404334227244059,0.9352097908655802,0.915063226222992
final_20260721-204034_augmented_spots_train_e200_b100_lr0.0001_s1,?|Iron_deformed_logtif.h5|53|333|1458032,4,0.9309393167495728,0.8709616810083389,0.0602143295109272,0.963493213057518,0.9627940356731415,0.9353625029325485,0.9296028912067413
final_20260721-204034_augmented_spots_train_e200_b100_lr0.0001_s1,?|Iron_deformed_logtif.h5|2|2|12606,8,0.9115129709243774,0.8397753238677979,0.040778154507279396,0.9831306785345078,0.9826936200261116,0.9353674128651619,0.90964977145195
final_20260721-204034_augmented_spots_train_e200_b100_lr0.0001_s1,?|Iron_deformed_logtif.h5|129|409|1686682,3,0.9209126631418864,0.855836550394694,0.04923208678762118,0.986785093943278,0.9864239692687988,0.9358402689297994,0.9191497325897217
final_20260721-204034_augmented_spots_train_e200_b100_lr0.0001_s1,?|Ti7Al_logtif.h5|753|1735|715115,3,0.9403756856918335,0.8877812027931213,0.06851014494895935,0.9605455994606018,0.9597515265146891,0.9359327753384908,0.9255435347557068
final_20260721-204034_augmented_spots_train_e200_b100_lr0.0001_s1,?|Iron_deformed_logtif.h5|137|137|518561,5,0.9110730290412903,0.8371060371398926,0.03904566243290901,0.9799984812736511,0.9797406554222107,0.936013686656952,0.9219100475311279
final_20260721-204034_augmented_spots_train_e200_b100_lr0.0001_s1,?|Al_deformed_LoG_logtif.h5|6|40|510321,24,0.9219174683094025,0.8560244416197141,0.04959618214828273,0.9881496032079061,0.9880986387530962,0.9361606314778328,0.9169857442378998
final_20260721-204034_augmented_spots_train_e200_b100_lr0.0001_s1,?|Al_deformed_LoG_logtif.h5|14|48|626060,26,0.9262687861919403,0.8642834149874173,0.05385738808231858,0.9735245773425469,0.9712404356553004,0.9362057011861068,0.9250380992889404
final_20260721-204034_augmented_spots_train_e200_b100_lr0.0001_s1,?|Al_deformed_LoG_logtif.h5|19|19|353769,17,0.9224982682396384,0.8572764046051923,0.05008669148254044,0.9820796391543221,0.9808341930894291,0.9362057868172141,0.8989526033401489
final_20260721-204034_augmented_spots_train_e200_b100_lr0.0001_s1,?|Iron_deformed_logtif.h5|121|121|413884,3,0.9228987892468771,0.8581416010856628,0.050355395612617336,0.9665025472640991,0.9659512440363566,0.9362716674804688,0.9149621486663818
final_20260721-204034_augmented_spots_train_e200_b100_lr0.0001_s1,?|Ti7Al_logtif.h5|306|1288|501063,4,0.9093130230903625,0.8531750440597534,0.03635077551007271,0.979264959692955,0.979054257273674,0.9364811480045319,0.8790453314781189
final_20260721-204034_augmented_spots_train_e200_b100_lr0.0001_s1,?|Iron_deformed_logtif.h5|44|44|162956,4,0.9218319654464722,0.8560941815376282,0.0480898916721344,0.9816443473100662,0.9815534055233002,0.9368710815906525,0.9099643468856812
final_20260721-204034_augmented_spots_train_e200_b100_lr0.0001_s1,?|Al_deformed_LoG_logtif.h5|8|8|54671,22,0.9208198352293535,0.8544188385659998,0.04697671778161417,0.9876189150593497,0.9874853193759918,0.9369215585968711,0.9122480273246765
final_20260721-204034_augmented_spots_train_e200_b100_lr0.0001_s1,?|Ti7Al_logtif.h5|735|735|318417,3,0.9177702864011129,0.8515501022338867,0.043887365609407425,0.9879508018493652,0.9874738454818726,0.9369414647420248,0.9233539700508118
final_20260721-204034_augmented_spots_train_e200_b100_lr0.0001_s1,?|Iron_deformed_logtif.h5|127|127|436075,9,0.9175704916318258,0.8492645621299744,0.043574734694427915,0.9886227250099182,0.9881962670220269,0.9369978838496738,0.9209085702896118
final_20260721-204034_augmented_spots_train_e200_b100_lr0.0001_s1,?|Iron_deformed_logtif.h5|73|73|294002,3,0.9121482769648234,0.8422547976175944,0.038041158889730774,0.978724479675293,0.9785456458727518,0.9370535413424174,0.920749032497406
final_20260721-204034_augmented_spots_train_e200_b100_lr0.0001_s1,?|Al_deformed_LoG_logtif.h5|17|51|763114,23,0.9284361497215603,0.8671684057816215,0.05410852056482564,0.9808892089387645,0.9804012568100638,0.9371638194374416,0.913745641708374
final_20260721-204034_augmented_spots_train_e200_b100_lr0.0001_s1,?|Al_deformed_LoG_logtif.h5|20|54|805566,20,0.9250503510236741,0.8611289680004119,0.050714113470166924,0.9834739685058593,0.9832236617803574,0.9371681272983551,0.9208848476409912
final_20260721-204034_augmented_spots_train_e200_b100_lr0.0001_s1,?|Al_deformed_LoG_logtif.h5|29|63|895675,13,0.9243193818972661,0.8604146058742816,0.04986819882805531,0.9874311272914593,0.9870657095542321,0.9372255802154541,0.9215607404708862
final_20260721-204034_augmented_spots_train_e200_b100_lr0.0001_s1,?|Iron_deformed_logtif.h5|85|85|315186,5,0.9203354239463806,0.8540819764137269,0.04536562673747539,0.9697265863418579,0.9681148409843445,0.9374849081039429,0.9253020763397217
final_20260721-204034_augmented_spots_train_e200_b100_lr0.0001_s1,?|Iron_deformed_logtif.h5|21|300|1307410,3,0.9231106837590536,0.8580299814542135,0.04784126114100218,0.9731761813163757,0.9722660382588705,0.9376347064971924,0.9144206285476685
final_20260721-204034_augmented_spots_train_e200_b100_lr0.0001_s1,?|Al_deformed_LoG_logtif.h5|27|27|443830,20,0.9183611333370209,0.8547552794218063,0.04280252568423748,0.9904227167367935,0.9730314761400223,0.9377793073654175,0.9150310397148133
final_20260721-204034_augmented_spots_train_e200_b100_lr0.0001_s1,?|Iron_deformed_logtif.h5|81|362|1554017,4,0.9146847724914551,0.8456313908100128,0.03889950178563595,0.9871093779802322,0.9868458211421967,0.9378926455974579,0.929576301574707
final_20260721-204034_augmented_spots_train_e200_b100_lr0.0001_s1,?|Iron_deformed_logtif.h5|193|473|2027590,3,0.9225704471270243,0.8595825036366781,0.04657007257143656,0.9813239375750223,0.9787205656369528,0.9380002021789551,0.9008968114852905
final_20260721-204034_augmented_spots_train_e200_b100_lr0.0001_s1,?|Iron_deformed_logtif.h5|17|17|67353,5,0.9145563840866089,0.8441542148590088,0.038362042605876924,0.9899145126342773,0.989176893234253,0.9380971550941467,0.9078539252281189
final_20260721-204034_augmented_spots_train_e200_b100_lr0.0001_s1,?|Iron_deformed_logtif.h5|263|263|1188628,3,0.9255338907241821,0.8639158805211385,0.04871162958443165,0.9723563392957052,0.9723173578580221,0.9384111563364664,0.92735196352005
final_20260721-204034_augmented_spots_train_e200_b100_lr0.0001_s1,?|Ti7Al_logtif.h5|110|110|32103,5,0.9204749226570129,0.857646369934082,0.04204665869474411,0.9728137731552124,0.9464334487915039,0.9392141461372375,0.9128575205802918
final_20260721-204034_augmented_spots_train_e200_b100_lr0.0001_s1,?|Ti7Al_logtif.h5|502|502|226160,3,0.9096842805544535,0.8427849213282267,0.030809378251433372,0.986037532488505,0.985875129699707,0.939437468846639,0.9233235836029052
final_20260721-204034_augmented_spots_train_e200_b100_lr0.0001_s1,?|Iron_deformed_logtif.h5|129|129|446107,6,0.9334506094455719,0.8771953781445821,0.054480633387962975,0.9717261294523875,0.9714981019496918,0.9394849836826324,0.9253400564193726
final_20260721-204034_augmented_spots_train_e200_b100_lr0.0001_s1,?|Iron_deformed_logtif.h5|152|152|607331,6,0.9198075532913208,0.8571637372175852,0.03965593812366327,0.9802070458730062,0.9801461100578308,0.9400757948557535,0.9039093852043152
final_20260721-204034_augmented_spots_train_e200_b100_lr0.0001_s1,?|Iron_deformed_logtif.h5|207|487|2110068,4,0.9253392964601517,0.8623134791851044,0.044654343742877245,0.9863143563270569,0.9858309328556061,0.9403424710035324,0.9192086160182953
final_20260721-204034_augmented_spots_train_e200_b100_lr0.0001_s1,?|Ti7Al_logtif.h5|587|1569|653866,3,0.929566482702891,0.875588575998942,0.048729956770936646,0.963159441947937,0.9626535574595133,0.9404182434082031,0.9136609077453614
final_20260721-204034_augmented_spots_train_e200_b100_lr0.0001_s1,?|Iron_deformed_logtif.h5|216|496|2201946,4,0.9299176335334778,0.8693413883447647,0.04859984386712313,0.9882879555225372,0.9882474988698959,0.9406588822603226,0.9241385042667389
final_20260721-204034_augmented_spots_train_e200_b100_lr0.0001_s1,?|Iron_deformed_logtif.h5|243|243|1093956,4,0.9276818484067917,0.867437332868576,0.04615569161251187,0.9690275490283966,0.9683345258235931,0.9407630860805511,0.9118245124816895
final_20260721-204034_augmented_spots_train_e200_b100_lr0.0001_s1,?|Iron_deformed_logtif.h5|56|56|220626,3,0.9311801592508951,0.8720618287722269,0.04951556771993637,0.9867284893989563,0.9866186380386353,0.9408322970072428,0.9222514629364014
final_20260721-204034_augmented_spots_train_e200_b100_lr0.0001_s1,?|Al_deformed_LoG_logtif.h5|8|42|510785,24,0.9244042336940765,0.8603021254142126,0.042381897723923125,0.9892666364709536,0.9890923028190931,0.9410111755132675,0.9209964036941528
final_20260721-204034_augmented_spots_train_e200_b100_lr0.0001_s1,?|Al_deformed_LoG_logtif.h5|7|7|54476,19,0.922407046744698,0.8567777840714705,0.040252758533154666,0.9925628869157088,0.992499662073035,0.9410771413853294,0.926808214187622
final_20260721-204034_augmented_spots_train_e200_b100_lr0.0001_s1,?|Iron_deformed_logtif.h5|215|495|2158392,3,0.9289073745409647,0.8677724997202555,0.04655582892398039,0.9897029002507528,0.9896509647369385,0.9411757588386536,0.9267746448516846
final_20260721-204034_augmented_spots_train_e200_b100_lr0.0001_s1,?|Iron_deformed_logtif.h5|86|367|1556377,5,0.9275253415107727,0.865903890132904,0.04515487663447857,0.9839175462722778,0.9837075114250183,0.9411852359771729,0.9326631546020507
final_20260721-204034_augmented_spots_train_e200_b100_lr0.0001_s1,?|Al_deformed_LoG_logtif.h5|20|20|362924,19,0.9303627547464872,0.8709595517108315,0.04785000880886065,0.9858482354565671,0.9854874673642611,0.9412563756892556,0.916852843761444
final_20260721-204034_augmented_spots_train_e200_b100_lr0.0001_s1,?|Iron_deformed_logtif.h5|252|532|2351102,3,0.9268142183621725,0.864408810933431,0.04426756066580614,0.9762250979741415,0.9761920173962911,0.9412732919057211,0.9235185861587525
final_20260721-204034_augmented_spots_train_e200_b100_lr0.0001_s1,?|Iron_deformed_logtif.h5|176|176|671863,7,0.9305810758045742,0.870974770614079,0.04780740716627666,0.9873979943139213,0.9873567478997367,0.941386844430651,0.9292193174362182
final_20260721-204034_augmented_spots_train_e200_b100_lr0.0001_s1,?|Ti7Al_logtif.h5|1|983|386483,3,0.9245522220929464,0.8656626542409261,0.04175262991338968,0.904123584429423,0.8976097901662191,0.9413997928301493,0.9187032103538513
final_20260721-204034_augmented_spots_train_e200_b100_lr0.0001_s1,?|Iron_deformed_logtif.h5|265|545|2432134,4,0.9148803055286407,0.8460141718387604,0.03206653147935867,0.9814863353967667,0.9809987246990204,0.9414069056510925,0.931302011013031
final_20260721-204034_augmented_spots_train_e200_b100_lr0.0001_s1,?|Iron_deformed_logtif.h5|131|131|446796,4,0.9371620118618011,0.8827021270990372,0.05408215383067727,0.9623493850231171,0.9579629600048065,0.9415399432182312,0.9189469814300537
final_20260721-204034_augmented_spots_train_e200_b100_lr0.0001_s1,?|Iron_deformed_logtif.h5|197|197|812567,6,0.9209204614162445,0.8553209006786346,0.03777522003899018,0.9889026284217834,0.9888340334097544,0.9415726264317831,0.931816577911377
final_20260721-204034_augmented_spots_train_e200_b100_lr0.0001_s1,?|Iron_deformed_logtif.h5|116|396|1643737,4,0.9349088668823242,0.8788454681634903,0.051720114424824715,0.985948234796524,0.9858627766370773,0.9415943473577499,0.9326607823371887
final_20260721-204034_augmented_spots_train_e200_b100_lr0.0001_s1,?|Al_deformed_LoG_logtif.h5|22|56|838484,30,0.9261388083299001,0.8632268210252126,0.04266408958161871,0.9914571384588877,0.9912870228290558,0.9417373617490132,0.91969935297966
final_20260721-204034_augmented_spots_train_e200_b100_lr0.0001_s1,?|Ti7Al_logtif.h5|737|737|318628,3,0.9326976339022318,0.8746602137883505,0.04916117340326309,0.9806806246439616,0.9802434047063192,0.941768229007721,0.9374032020568848
final_20260721-204034_augmented_spots_train_e200_b100_lr0.0001_s1,?|Iron_deformed_logtif.h5|111|111|397455,4,0.9283262193202972,0.8694145977497101,0.04458357999101281,0.967897579073906,0.9677358716726303,0.94187131524086,0.9080728054046631
final_20260721-204034_augmented_spots_train_e200_b100_lr0.0001_s1,?|Iron_deformed_logtif.h5|248|248|1106248,3,0.9133655826250712,0.8477470278739929,0.029299467181166012,0.9794524510701498,0.9792280594507853,0.942033032576243,0.9241152286529541
final_20260721-204034_augmented_spots_train_e200_b100_lr0.0001_s1,?|Ti7Al_logtif.h5|903|1882|752818,3,0.9149406750996908,0.8475541869799296,0.03072820572803418,0.9705983996391296,0.9695406357447306,0.9421062668164571,0.9104343891143799
final_20260721-204034_augmented_spots_train_e200_b100_lr0.0001_s1,?|Al_deformed_LoG_logtif.h5|29|29|444632,28,0.9270144637141909,0.8647629852805819,0.042708341497927904,0.9894805401563644,0.989426348890577,0.942153064267976,0.917227178812027
final_20260721-204034_augmented_spots_train_e200_b100_lr0.0001_s1,?|Iron_deformed_logtif.h5|250|529|2345856,3,0.9313645164171854,0.8720171451568604,0.04699048772454262,0.9826333920160929,0.9824656049410502,0.9421869913736979,0.9305883169174194
final_20260721-204034_augmented_spots_train_e200_b100_lr0.0001_s1,?|Ti7Al_logtif.h5|726|726|314065,4,0.9363110512495041,0.8810659945011139,0.051529305055737495,0.9743681401014328,0.974092423915863,0.9423908740282059,0.9164238333702087
final_20260721-204034_augmented_spots_train_e200_b100_lr0.0001_s1,?|Ti7Al_logtif.h5|907|907|360786,3,0.9238364299138387,0.8614943424860636,0.03890421303610007,0.9459890325864156,0.9428175290425619,0.942466119925181,0.92063467502594
final_20260721-204034_augmented_spots_train_e200_b100_lr0.0001_s1,?|Iron_deformed_logtif.h5|178|458|1910882,4,0.9252614229917526,0.8620302379131317,0.0400473871268332,0.9927984476089478,0.9927959740161896,0.9426070004701614,0.929645323753357
final_20260721-204034_augmented_spots_train_e200_b100_lr0.0001_s1,?|Al_deformed_LoG_logtif.h5|18|52|779675,19,0.9278008749610499,0.8656695830194574,0.04258293531050807,0.9869269414951927,0.9866821797270524,0.9426089682077107,0.9242822885513305
final_20260721-204034_augmented_spots_train_e200_b100_lr0.0001_s1,?|IN718_twins_logtif.h5|1278|1278|108160,3,0.94739697376887,0.9055718382199606,0.06153132145603498,0.9896597464879354,0.9715709686279297,0.9429328242937723,0.9295034170150757
final_20260721-204034_augmented_spots_train_e200_b100_lr0.0001_s1,?|Iron_deformed_logtif.h5|230|510|2253954,4,0.9135558307170868,0.8440558016300201,0.02767729270271957,0.9417716711759567,0.9411265701055527,0.9429392665624619,0.9370046436786652
final_20260721-204034_augmented_spots_train_e200_b100_lr0.0001_s1,?|Iron_logtif.h5|3842|11538|1017745,3,0.9340500036875407,0.8781795104344686,0.048118336126208305,0.9886566003163656,0.9883787035942078,0.9429658253987631,0.9183408141136169
final_20260721-204034_augmented_spots_train_e200_b100_lr0.0001_s1,?|Iron_deformed_logtif.h5|39|39|143519,5,0.9338893055915832,0.8764863610267639,0.04711339920759201,0.9854307174682617,0.9848701119422912,0.9433879375457763,0.9282500982284546
final_20260721-204034_augmented_spots_train_e200_b100_lr0.0001_s1,?|Iron_deformed_logtif.h5|255|535|2371626,5,0.9153568267822265,0.8452133297920227,0.028559799678623675,0.9921940684318542,0.9921680808067321,0.9433985352516174,0.9303558945655823
final_20260721-204034_augmented_spots_train_e200_b100_lr0.0001_s1,?|Iron_deformed_logtif.h5|184|184|749244,3,0.9233675003051758,0.859885017077128,0.03654028164843718,0.9875632325808207,0.9872878392537435,0.9434135953585306,0.9126169919967652
final_20260721-204034_augmented_spots_train_e200_b100_lr0.0001_s1,?|Al_deformed_LoG_logtif.h5|30|30|444908,14,0.9296821100371224,0.8692077568599156,0.04276426948074784,0.9922598089490619,0.9921704743589673,0.9434589190142495,0.9278684258460999
final_20260721-204034_augmented_spots_train_e200_b100_lr0.0001_s1,?|Iron_deformed_logtif.h5|30|310|1320109,5,0.9154439091682434,0.8503104329109192,0.02816235087811947,0.9635074138641357,0.9621807336807251,0.9436407804489135,0.9308396577835083
final_20260721-204034_augmented_spots_train_e200_b100_lr0.0001_s1,?|Iron_deformed_logtif.h5|241|521|2332675,5,0.9271782875061035,0.8659915685653686,0.0396030493080616,0.984891390800476,0.9792921662330627,0.9437876105308532,0.9255990386009216
final_20260721-204034_augmented_spots_train_e200_b100_lr0.0001_s1,?|Iron_deformed_logtif.h5|152|432|1846281,3,0.929195245107015,0.8690070311228434,0.04140933354695638,0.9797091285387675,0.979353646437327,0.9438929160435995,0.9357159376144409
final_20260721-204034_augmented_spots_train_e200_b100_lr0.0001_s1,?|Al_deformed_LoG_logtif.h5|5|5|30687,25,0.9290586137771606,0.8679334163665772,0.04118578005582094,0.9920484709739685,0.9918880629539489,0.9439364147186279,0.925366473197937
final_20260721-204034_augmented_spots_train_e200_b100_lr0.0001_s1,?|Iron_deformed_logtif.h5|275|275|1215260,3,0.9230783581733704,0.8579582770665487,0.035189652194579445,0.9892828861872355,0.989108145236969,0.9439443349838257,0.9370882749557495
final_20260721-204034_augmented_spots_train_e200_b100_lr0.0001_s1,?|IN718_twins_logtif.h5|518|1895|162872,3,0.9379509091377258,0.8912295897801717,0.049921938528617225,0.9819750984509786,0.9593802293141683,0.9440144697825114,0.8949302911758423
final_20260721-204034_augmented_spots_train_e200_b100_lr0.0001_s1,?|Iron_deformed_logtif.h5|127|407|1676778,4,0.923998087644577,0.8592704832553864,0.035767801105976105,0.9953432083129883,0.995323896408081,0.9441151469945908,0.9348179221153259
final_20260721-204034_augmented_spots_train_e200_b100_lr0.0001_s1,?|Iron_deformed_logtif.h5|131|411|1687350,7,0.9427401764052254,0.892698313508715,0.054442756942340305,0.9799918617521014,0.9791279860905239,0.9441487193107605,0.9157181501388549
final_20260721-204034_augmented_spots_train_e200_b100_lr0.0001_s1,?|Iron_deformed_logtif.h5|196|476|2048948,3,0.9289984504381815,0.870289166768392,0.04059135913848877,0.9180491964022318,0.9177734057108561,0.9442035357157389,0.9215807437896728
final_20260721-204034_augmented_spots_train_e200_b100_lr0.0001_s1,?|Iron_deformed_logtif.h5|50|50|192409,3,0.930490513642629,0.8718860149383545,0.041979771107435226,0.9920154015223185,0.9913698236147562,0.9442553917566935,0.928373146057129
final_20260721-204034_augmented_spots_train_e200_b100_lr0.0001_s1,?|Iron_deformed_logtif.h5|161|441|1867701,4,0.9271650612354279,0.8678557127714157,0.03848790377378464,0.987431600689888,0.9867305755615234,0.9443385899066925,0.9323095321655274
final_20260721-204034_augmented_spots_train_e200_b100_lr0.0001_s1,?|Al_deformed_LoG_logtif.h5|30|65|895940,22,0.9257721196521412,0.8624280609867789,0.03668993872336366,0.9919758303598925,0.9918826872652228,0.9445410993966189,0.9231050729751586
final_20260721-204034_augmented_spots_train_e200_b100_lr0.0001_s1,?|Iron_deformed_logtif.h5|272|552|2450634,7,0.9267902289118085,0.8642915316990444,0.03709293422954423,0.9940488849367414,0.9938908219337463,0.9448486311095101,0.9393325090408325
final_20260721-204034_augmented_spots_train_e200_b100_lr0.0001_s1,?|Ti7Al_logtif.h5|846|1828|745292,3,0.9342408577601115,0.8829638361930847,0.04445595294237137,0.984501302242279,0.9831259449323019,0.9448924462000529,0.9081096172332763
final_20260721-204034_augmented_spots_train_e200_b100_lr0.0001_s1,?|Al_deformed_LoG_logtif.h5|22|22|390231,24,0.928221583366394,0.8666277999679247,0.03841030163069566,0.993298721810182,0.9932323396205902,0.9449056461453438,0.9260409653186799
final_20260721-204034_augmented_spots_train_e200_b100_lr0.0001_s1,?|Iron_deformed_logtif.h5|195|195|807221,3,0.9281155467033386,0.8669134775797526,0.03822075699766477,0.9917014638582865,0.99104110399882,0.9449474016825358,0.9300103187561035
final_20260721-204034_augmented_spots_train_e200_b100_lr0.0001_s1,?|Al_deformed_LoG_logtif.h5|9|43|572797,19,0.934266353908338,0.8779085874557495,0.044342313255918656,0.9773779260484796,0.9771276994755393,0.9449620215516341,0.9109697341918945
final_20260721-204034_augmented_spots_train_e200_b100_lr0.0001_s1,?|Al_deformed_LoG_logtif.h5|32|64|895895,23,0.9343232719794564,0.8781981727351313,0.0442526847448038,0.9845371609148772,0.982462377651878,0.9450352995292001,0.9424139976501464
final_20260721-204034_augmented_spots_train_e200_b100_lr0.0001_s1,?|Al_deformed_LoG_logtif.h5|18|18|337193,18,0.9288356171713935,0.8678818047046661,0.03823680130557881,0.9899271660380893,0.9898168941338857,0.9452994101577334,0.9253147125244141
final_20260721-204034_augmented_spots_train_e200_b100_lr0.0001_s1,?|Al_deformed_LoG_logtif.h5|17|17|318986,16,0.9321240745484829,0.8741004951298237,0.04141334386076778,0.9886969663202763,0.9885372929275036,0.9453553631901741,0.9260576367378235
final_20260721-204034_augmented_spots_train_e200_b100_lr0.0001_s1,?|Iron_deformed_logtif.h5|125|405|1675921,3,0.9259180823961893,0.8626131614049276,0.03516756556928158,0.9908222158749899,0.9904963970184326,0.9453752239545187,0.9301442384719849
final_20260721-204034_augmented_spots_train_e200_b100_lr0.0001_s1,?|Iron_deformed_logtif.h5|241|241|1093313,4,0.9246653765439987,0.8608898222446442,0.033777097472921014,0.9882145822048187,0.9879945516586304,0.9454441368579865,0.9347472667694092
final_20260721-204034_augmented_spots_train_e200_b100_lr0.0001_s1,?|Iron_deformed_logtif.h5|61|61|251104,6,0.9241960644721985,0.8607532481352488,0.0331532700608174,0.9640337725480398,0.9639306565125784,0.9455213944117228,0.937032163143158
final_20260721-204034_augmented_spots_train_e200_b100_lr0.0001_s1,?|Iron_deformed_logtif.h5|174|174|668440,4,0.9263603687286377,0.8636410087347031,0.03524477919563651,0.9892465025186539,0.9889911711215973,0.9455577880144119,0.9378932833671569
final_20260721-204034_augmented_spots_train_e200_b100_lr0.0001_s1,?|Iron_deformed_logtif.h5|138|138|519077,4,0.9310664385557175,0.8725162446498871,0.03993271244689822,0.9905636608600616,0.9905126839876175,0.945566862821579,0.9235943019390106
final_20260721-204034_augmented_spots_train_e200_b100_lr0.0001_s1,?|Iron_deformed_logtif.h5|270|550|2449837,5,0.9342255353927612,0.8784003019332886,0.04284294731914997,0.9840468764305115,0.9837482452392579,0.9456913113594055,0.9234797835350037
final_20260721-204034_augmented_spots_train_e200_b100_lr0.0001_s1,?|Iron_deformed_logtif.h5|27|307|1314638,3,0.9201602737108866,0.853072722752889,0.027928931017716725,0.9944297870000204,0.9943906466166178,0.9461156924565634,0.9370510220527649
final_20260721-204034_augmented_spots_train_e200_b100_lr0.0001_s1,?|Al_deformed_LoG_logtif.h5|15|49|716420,28,0.9331832187516349,0.8751044911997659,0.040755895365561755,0.9866729761872973,0.9861182464020593,0.9462136647530964,0.9364933609962464
final_20260721-204034_augmented_spots_train_e200_b100_lr0.0001_s1,?|Al_deformed_LoG_logtif.h5|5|39|481387,20,0.9239382356405258,0.8592654407024384,0.03112519276328385,0.9957130491733551,0.9956728965044022,0.9464065164327622,0.9362424910068512
final_20260721-204034_augmented_spots_train_e200_b100_lr0.0001_s1,?|Iron_deformed_logtif.h5|41|321|1394494,4,0.9435296505689621,0.8934928923845291,0.050655195489525795,0.9889013171195984,0.9888066202402115,0.9464372247457504,0.9374017417430878
final_20260721-204034_augmented_spots_train_e200_b100_lr0.0001_s1,?|Al_deformed_LoG_logtif.h5|14|14|188210,20,0.9284293472766876,0.8671561270952225,0.034872583113610744,0.9932928800582885,0.9930763453245163,0.9467783808708191,0.9301038324832916
final_20260721-204034_augmented_spots_train_e200_b100_lr0.0001_s1,?|Al_deformed_LoG_logtif.h5|15|15|275101,28,0.9373072726385934,0.8825478553771973,0.042912930848875215,0.9908715273652758,0.9904172824961799,0.9471971690654755,0.9308164477348327
final_20260721-204034_augmented_spots_train_e200_b100_lr0.0001_s1,?|Ti7Al_logtif.h5|936|1918|774149,3,0.9440746506055196,0.8956173658370972,0.04944058585291108,0.9127512772878011,0.902595043182373,0.9473170240720113,0.9344203472137451
final_20260721-204034_augmented_spots_train_e200_b100_lr0.0001_s1,?|Iron_deformed_logtif.h5|234|514|2272117,3,0.9338825345039368,0.8770067691802979,0.038997430354356766,0.986786683400472,0.986380418141683,0.9474425514539083,0.9348431348800659
final_20260721-204034_augmented_spots_train_e200_b100_lr0.0001_s1,?|Iron_deformed_logtif.h5|274|554|2452789,4,0.9275346547365189,0.866898238658905,0.03257832257077098,0.9915975630283356,0.9914757460355759,0.9474781602621078,0.933527946472168
final_20260721-204034_augmented_spots_train_e200_b100_lr0.0001_s1,?|Al_deformed_LoG_logtif.h5|33|67|896466,26,0.9310817374632909,0.871446783726032,0.035748692945792124,0.9940147193578573,0.9939417449327616,0.9476665120858413,0.9359104335308075
final_20260721-204034_augmented_spots_train_e200_b100_lr0.0001_s1,?|Ti7Al_logtif.h5|81|1063|411051,5,0.9458150506019593,0.9002609014511108,0.05046492367982865,0.9683504700660706,0.9680876135826111,0.9476750731468201,0.9332326412200928
final_20260721-204034_augmented_spots_train_e200_b100_lr0.0001_s1,?|Al_deformed_LoG_logtif.h5|25|59|878905,16,0.9337289147078991,0.876044038683176,0.03818683238932863,0.9926271252334118,0.9923845641314983,0.9477710388600826,0.938770979642868
final_20260721-204034_augmented_spots_train_e200_b100_lr0.0001_s1,?|Iron_deformed_logtif.h5|114|394|1643007,3,0.940504809220632,0.8880147536595663,0.044491524497667946,0.9908288319905599,0.9908019304275513,0.9480066498120626,0.9415930271148681
final_20260721-204034_augmented_spots_train_e200_b100_lr0.0001_s1,?|Al_deformed_LoG_logtif.h5|32|32|445244,19,0.9408184540899176,0.8887920191413478,0.04437499439441844,0.9844874300454792,0.9835922843531558,0.9482217336955824,0.9302772760391236
final_20260721-204034_augmented_spots_train_e200_b100_lr0.0001_s1,?|Iron_deformed_logtif.h5|276|556|2461082,3,0.9200622240702311,0.8530923922856649,0.023328085119525593,0.9962481260299683,0.996201733748118,0.9483670592308044,0.9445349216461182
final_20260721-204034_augmented_spots_train_e200_b100_lr0.0001_s1,?|Iron_deformed_logtif.h5|257|537|2399113,3,0.9454757968584696,0.8968484799067179,0.04862436900536219,0.9719902475674947,0.971611758073171,0.9484257300694784,0.9344738483428955
final_20260721-204034_augmented_spots_train_e200_b100_lr0.0001_s1,?|Iron_deformed_logtif.h5|194|474|2027962,3,0.9334168831507365,0.8752847711245219,0.03655445699890455,0.9925766388575236,0.9924787481625875,0.9484312136967977,0.938290286064148
final_20260721-204034_augmented_spots_train_e200_b100_lr0.0001_s1,?|Al_deformed_LoG_logtif.h5|4|4|23047,17,0.9381596375914181,0.8842524184900171,0.0407885784173713,0.9862681241596446,0.9860407289336709,0.9486855338601505,0.9230199098587036
final_20260721-204034_augmented_spots_train_e200_b100_lr0.0001_s1,?|Iron_deformed_logtif.h5|128|128|445774,4,0.9430504590272903,0.8927476108074188,0.04483216907829046,0.99082812666893,0.9907644242048264,0.9491091519594193,0.9289026618003845
final_20260721-204034_augmented_spots_train_e200_b100_lr0.0001_s1,?|Ti7Al_logtif.h5|560|560|255019,3,0.9197247425715128,0.8539280692736307,0.021350375687082607,0.9838646848996481,0.9830566644668579,0.949187179406484,0.9334605455398559
final_20260721-204034_augmented_spots_train_e200_b100_lr0.0001_s1,?|Iron_deformed_logtif.h5|11|291|1277433,3,0.9354314009348551,0.8790588776270548,0.03700132295489311,0.9936397870381674,0.9936168591181437,0.949215034643809,0.9432472467422486
final_20260721-204034_augmented_spots_train_e200_b100_lr0.0001_s1,?|Iron_deformed_logtif.h5|61|341|1491473,3,0.9245422681172689,0.8598946928977966,0.025933532044291496,0.9980838696161906,0.9978627363840739,0.9493043621381124,0.943600881099701
final_20260721-204034_augmented_spots_train_e200_b100_lr0.0001_s1,?|Iron_deformed_logtif.h5|67|67|264081,3,0.9426774382591248,0.892246683438619,0.043333459024628006,0.9924374024073283,0.9908531109491984,0.9496719638506571,0.9422474861145019
final_20260721-204034_augmented_spots_train_e200_b100_lr0.0001_s1,?|Iron_deformed_logtif.h5|34|34|111384,3,0.9294929107030233,0.8699358105659485,0.030144144470493,0.9946175416310629,0.9945681492487589,0.9496743679046631,0.9429763793945313
final_20260721-204034_augmented_spots_train_e200_b100_lr0.0001_s1,?|Iron_deformed_logtif.h5|238|518|2313516,3,0.9269629518191019,0.8643776774406433,0.027504780640204746,0.9981860319773356,0.9981119434038798,0.9497290651003519,0.9380484819412231
final_20260721-204034_augmented_spots_train_e200_b100_lr0.0001_s1,?|Al_deformed_LoG_logtif.h5|33|33|445437,25,0.9357909440994263,0.880023033618927,0.035926444046199324,0.9916804265975953,0.9915039730072022,0.9499322557449341,0.9285194873809814
final_20260721-204034_augmented_spots_train_e200_b100_lr0.0001_s1,?|Iron_deformed_logtif.h5|248|530|2345952,3,0.9258095820744833,0.8639190793037415,0.025425029297669727,0.9947677453358968,0.9946387807528178,0.9501923123995463,0.9362429261207581
final_20260721-204034_augmented_spots_train_e200_b100_lr0.0001_s1,?|Iron_deformed_logtif.h5|242|242|1093635,4,0.9350405037403107,0.878953829407692,0.034219665452837944,0.9900224357843399,0.9897722154855728,0.9504104405641556,0.9383271336555481
final_20260721-204034_augmented_spots_train_e200_b100_lr0.0001_s1,?|Iron_deformed_logtif.h5|55|55|220305,3,0.9270090858141581,0.8645864923795065,0.02600904864569505,0.9980642994244894,0.9980501135190328,0.9505000114440918,0.9423249006271363
final_20260721-204034_augmented_spots_train_e200_b100_lr0.0001_s1,?|Ti7Al_logtif.h5|785|1767|720185,3,0.9265370766321818,0.871815005938212,0.025340624153614044,0.9770160913467407,0.9765787323315939,0.9505982001622518,0.9337430715560913
final_20260721-204034_augmented_spots_train_e200_b100_lr0.0001_s1,?|Iron_deformed_logtif.h5|95|95|333463,3,0.9422472914059957,0.8914000391960144,0.0407466609030962,0.9799183209737142,0.9796768228212992,0.9507503310839335,0.934876561164856
final_20260721-204034_augmented_spots_train_e200_b100_lr0.0001_s1,?|Al_deformed_LoG_logtif.h5|19|53|795248,19,0.9369696410078752,0.8821878276373211,0.035059066489338875,0.9935538455059654,0.9933169170429832,0.9509552905434057,0.9335920929908752
final_20260721-204034_augmented_spots_train_e200_b100_lr0.0001_s1,?|Iron_deformed_logtif.h5|187|467|2022761,4,0.9375073462724686,0.8829976618289948,0.03538375813513994,0.9927541017532349,0.9926859587430954,0.9510617852210999,0.9421284079551697
final_20260721-204034_augmented_spots_train_e200_b100_lr0.0001_s1,?|Iron_deformed_logtif.h5|105|105|380792,4,0.9410733878612518,0.8898821622133255,0.03828253922984004,0.973030224442482,0.967648908495903,0.9513954222202301,0.9369604587554932
final_20260721-204034_augmented_spots_train_e200_b100_lr0.0001_s1,?|Iron_deformed_logtif.h5|117|397|1649342,3,0.9239867329597473,0.859518031279246,0.02064199062685172,0.9935054381688436,0.9780266880989075,0.951672355333964,0.9451338052749634
final_20260721-204034_augmented_spots_train_e200_b100_lr0.0001_s1,?|Iron_deformed_logtif.h5|65|65|262514,3,0.9419820706049601,0.8907251954078674,0.0384032167494297,0.9914987881978353,0.9910277326901754,0.9517894387245178,0.9409540176391602
final_20260721-204034_augmented_spots_train_e200_b100_lr0.0001_s1,?|Iron_deformed_logtif.h5|100|100|360369,4,0.9492468386888504,0.9044015407562256,0.04564301576465368,0.9906126409769058,0.9904664754867554,0.9518019109964371,0.9386955320835113
final_20260721-204034_augmented_spots_train_e200_b100_lr0.0001_s1,?|Al_big_grains_logtif.h5|481|5423|169747,3,0.9636962413787842,0.9302582740783691,0.05978903112312158,0.971060593922933,0.9689014951388041,0.9519536097844442,0.9369453191757202
final_20260721-204034_augmented_spots_train_e200_b100_lr0.0001_s1,?|Iron_deformed_logtif.h5|162|442|1877566,3,0.9187027017275492,0.8529148499170939,0.014521545730531216,0.994949221611023,0.9948535760243734,0.9520906011263529,0.9415141701698303
final_20260721-204034_augmented_spots_train_e200_b100_lr0.0001_s1,?|Al_deformed_LoG_logtif.h5|24|58|878465,20,0.9401773393154145,0.8876183241605758,0.035722480667755005,0.9942651271820069,0.994190189242363,0.9522274225950241,0.9456468224525452
final_20260721-204034_augmented_spots_train_e200_b100_lr0.0001_s1,?|Ti7Al_logtif.h5|273|273|104028,4,0.9344501793384552,0.8780074864625931,0.029644236899912357,0.9722703099250793,0.9681399762630463,0.9524029642343521,0.9429043054580688
final_20260721-204034_augmented_spots_train_e200_b100_lr0.0001_s1,?|Iron_deformed_logtif.h5|80|360|1553237,3,0.9374259312947592,0.8832967678705851,0.03192774951457977,0.9903378486633301,0.9853227734565735,0.9527491132418314,0.9396407723426818
final_20260721-204034_augmented_spots_train_e200_b100_lr0.0001_s1,?|Iron_deformed_logtif.h5|9|289|1260309,3,0.9462483127911886,0.8995368878046671,0.04072594021757444,0.9853447477022806,0.9829163153966268,0.952761173248291,0.9395894050598145
final_20260721-204034_augmented_spots_train_e200_b100_lr0.0001_s1,?|Al_deformed_LoG_logtif.h5|10|44|606472,28,0.9487696311303547,0.9028901585510799,0.04312922991812229,0.9859798146145684,0.9857784360647202,0.9528202031339917,0.9380614697933197
final_20260721-204034_augmented_spots_train_e200_b100_lr0.0001_s1,?|Iron_deformed_logtif.h5|101|101|361413,5,0.9425929069519043,0.8922160744667054,0.03631877638399601,0.9941631555557251,0.9939996361732483,0.9531370759010315,0.9419291019439697
final_20260721-204034_augmented_spots_train_e200_b100_lr0.0001_s1,?|Ti7Al_logtif.h5|592|1574|655769,3,0.9315497279167175,0.8732352058092753,0.025233767616252106,0.9801991184552511,0.977875550587972,0.9531579613685608,0.942419683933258
final_20260721-204034_augmented_spots_train_e200_b100_lr0.0001_s1,?|Ti7Al_logtif.h5|67|67|19272,4,0.9394185692071915,0.8873402625322342,0.032776996959000826,0.9839671403169632,0.9813408702611923,0.953320786356926,0.9375643491744995
final_20260721-204034_augmented_spots_train_e200_b100_lr0.0001_s1,?|Ti7Al_logtif.h5|120|1102|427246,3,0.942204217116038,0.8917213479677836,0.033766944582263626,0.9890833099683126,0.9890329043070475,0.9542186260223389,0.9428404688835144
final_20260721-204034_augmented_spots_train_e200_b100_lr0.0001_s1,?|Al_deformed_LoG_logtif.h5|9|9|125856,30,0.9402241369088491,0.8876929303010305,0.03164573339745402,0.9940273861090342,0.9939822415510814,0.9542892018953959,0.9439592361450195
final_20260721-204034_augmented_spots_train_e200_b100_lr0.0001_s1,?|Al_deformed_LoG_logtif.h5|24|24|428139,22,0.9376132515343752,0.883044803684408,0.02896510720760985,0.9965860112146898,0.9965580837293104,0.9543240774761547,0.9457830369472504
final_20260721-204034_augmented_spots_train_e200_b100_lr0.0001_s1,?|Iron_deformed_logtif.h5|229|509|2250437,3,0.93617711464564,0.8806529641151428,0.027194737146298092,0.9973057905832926,0.9972931941350301,0.9544911781946818,0.9472346544265747
final_20260721-204034_augmented_spots_train_e200_b100_lr0.0001_s1,?|Al_deformed_LoG_logtif.h5|10|10|167252,17,0.9497144011890187,0.9046967310063979,0.040389051715679025,0.9886066422742956,0.988385838620803,0.9546626876382267,0.944196081161499
final_20260721-204034_augmented_spots_train_e200_b100_lr0.0001_s1,?|Al_deformed_LoG_logtif.h5|4|38|471881,23,0.9458279350529546,0.8978143723114677,0.03609999200410169,0.9847794952599899,0.9842598308687625,0.9548639758773472,0.9379996299743653
final_20260721-204034_augmented_spots_train_e200_b100_lr0.0001_s1,?|Iron_deformed_logtif.h5|57|337|1461804,3,0.9394169449806213,0.8861533006032308,0.02960061344007651,0.9966020584106445,0.9964629809061686,0.9549081921577454,0.9494523763656616
final_20260721-204034_augmented_spots_train_e200_b100_lr0.0001_s1,?|Ti7Al_logtif.h5|530|1512|630809,3,0.9476382533709208,0.9009345372517904,0.03778464781741301,0.992175817489624,0.9919633666674296,0.9549267888069153,0.9506267070770263
final_20260721-204034_augmented_spots_train_e200_b100_lr0.0001_s1,?|Al_deformed_LoG_logtif.h5|25|25|428596,12,0.9424217343330383,0.8918666740258535,0.030234872984389465,0.9938931117455164,0.9937676936388016,0.956093430519104,0.945945656299591
final_20260721-204034_augmented_spots_train_e200_b100_lr0.0001_s1,?|Ti7Al_logtif.h5|615|615|277544,3,0.9232807954152426,0.8699904878934225,0.010809959067652622,0.967560887336731,0.9659505685170492,0.956235408782959,0.9250415802001953
final_20260721-204034_augmented_spots_train_e200_b100_lr0.0001_s1,?|Iron_logtif.h5|1800|1800|157572,3,0.9473716417948405,0.9002108176549276,0.034853056694070496,0.9856801629066467,0.9856528441111246,0.9562593301137289,0.9509034872055053
final_20260721-204034_augmented_spots_train_e200_b100_lr0.0001_s1,?|Ti7Al_logtif.h5|153|153|50619,3,0.9502302010854086,0.9060132106145223,0.03695781032244364,0.9644622206687927,0.9639566342035929,0.9566361904144287,0.9378069639205933
final_20260721-204034_augmented_spots_train_e200_b100_lr0.0001_s1,?|Al_deformed_LoG_logtif.h5|3|37|469193,18,0.9486548536353641,0.9027336471610599,0.03522588431628214,0.9878199928336673,0.9877107308970557,0.9567144844267104,0.9399081230163574
final_20260721-204034_augmented_spots_train_e200_b100_lr0.0001_s1,?|Iron_deformed_logtif.h5|123|123|415378,4,0.9464754313230515,0.8992255926132202,0.03299547079950571,0.9921271800994873,0.9920659959316254,0.9567399770021439,0.9436794757843018
final_20260721-204034_augmented_spots_train_e200_b100_lr0.0001_s1,?|Iron_deformed_logtif.h5|167|167|658994,3,0.9333318670590719,0.8760250608126322,0.019409922572473686,0.9910300374031067,0.9906155665715536,0.9569609562555949,0.9500795125961303
final_20260721-204034_augmented_spots_train_e200_b100_lr0.0001_s1,?|Al_deformed_LoG_logtif.h5|16|50|760193,17,0.9415479758206535,0.8902737393098719,0.02625679750652874,0.9925824999809265,0.9925307386061725,0.9576456020860111,0.9392158508300781
final_20260721-204034_augmented_spots_train_e200_b100_lr0.0001_s1,?|Ti7Al_logtif.h5|244|1226|477357,3,0.941641648610433,0.8920144836107889,0.02599919339021047,0.9828240871429443,0.9797478914260864,0.9578212300936381,0.942107355594635
final_20260721-204034_augmented_spots_train_e200_b100_lr0.0001_s1,?|Al_deformed_LoG_logtif.h5|11|45|606718,21,0.951033475853148,0.9071808315458751,0.03518090849476201,0.9884676308858962,0.9880158588999793,0.9579262875375294,0.9500453472137451
final_20260721-204034_augmented_spots_train_e200_b100_lr0.0001_s1,?|Al_deformed_LoG_logtif.h5|12|12|167848,21,0.9556334870202201,0.9154774603389558,0.03860810620798951,0.9800745929990496,0.9799327538126991,0.9585126922244117,0.9398930668830872
final_20260721-204034_augmented_spots_train_e200_b100_lr0.0001_s1,?|Iron_deformed_logtif.h5|89|89|322664,5,0.9485725522041321,0.9027526021003723,0.03150801584124565,0.9945823192596436,0.994497561454773,0.9585322737693787,0.9483263969421387
final_20260721-204034_augmented_spots_train_e200_b100_lr0.0001_s1,?|Iron_deformed_logtif.h5|91|91|323387,3,0.9474583268165588,0.9004421432813009,0.02989176381379366,0.9902141094207764,0.9902066985766093,0.9587832689285278,0.9539339065551757
final_20260721-204034_augmented_spots_train_e200_b100_lr0.0001_s1,?|Al_deformed_LoG_logtif.h5|16|16|316744,25,0.9452397274971008,0.8968553185462952,0.02600990518927574,0.9908602666854859,0.9908165454864502,0.9596149134635925,0.9468511939048767
final_20260721-204034_augmented_spots_train_e200_b100_lr0.0001_s1,?|Ti7Al_logtif.h5|163|1144|441312,3,0.957705537478129,0.9208205739657084,0.0379182534913222,0.985198438167572,0.9851160248120626,0.9598936239878336,0.9447644233703614
final_20260721-204034_augmented_spots_train_e200_b100_lr0.0001_s1,?|Al_deformed_LoG_logtif.h5|12|46|607012,28,0.9471745214291981,0.9001799417393548,0.02736641257070005,0.996448455112321,0.9964010076863425,0.9599040597677231,0.9532528460025788
final_20260721-204034_augmented_spots_train_e200_b100_lr0.0001_s1,?|Ti7Al_logtif.h5|372|372|143345,3,0.9444216092427572,0.8954582214355469,0.024519691554208595,0.9867308537165324,0.9861066738764445,0.9599509835243225,0.9468216896057129
final_20260721-204034_augmented_spots_train_e200_b100_lr0.0001_s1,?|Iron_deformed_logtif.h5|123|403|1657222,3,0.9410950144131979,0.8902303576469421,0.020039604976773262,0.9874598781267802,0.9873212973276774,0.9605276981989542,0.9547560930252075
final_20260721-204034_augmented_spots_train_e200_b100_lr0.0001_s1,?|Iron_deformed_logtif.h5|144|144|528465,3,0.9452584783236185,0.8980728983879089,0.02326001537342866,0.9920204877853394,0.991955558458964,0.9609992106755575,0.9562762975692749
final_20260721-204034_augmented_spots_train_e200_b100_lr0.0001_s1,?|Ti7Al_logtif.h5|485|485|220991,3,0.9333877563476562,0.8784406383832296,0.01111597785105308,0.9793628056844076,0.9785391688346863,0.9611358841260275,0.9562938451766968
final_20260721-204034_augmented_spots_train_e200_b100_lr0.0001_s1,?|Al_deformed_LoG_logtif.h5|3|3|20806,16,0.9486798979341984,0.9027721360325813,0.025634946767240763,0.9914220124483109,0.9913302101194859,0.9615224860608578,0.9542781710624695
final_20260721-204034_augmented_spots_train_e200_b100_lr0.0001_s1,?|Al_deformed_LoG_logtif.h5|11|11|167555,19,0.9488925871096159,0.9031723424008018,0.025577812504611518,0.9935189642404255,0.9934577785040203,0.9616573954883375,0.9516108393669128
final_20260721-204034_augmented_spots_train_e200_b100_lr0.0001_s1,?|Ti7Al_logtif.h5|763|1744|716641,3,0.940763791402181,0.888832708199819,0.015864025801420212,0.9986616770426432,0.9986067811648051,0.9624499082565308,0.9574363589286804
final_20260721-204034_augmented_spots_train_e200_b100_lr0.0001_s1,?|Al_big_grains_logtif.h5|1987|6931|214006,3,0.9533014098803202,0.9127830465634664,0.02823596230397622,0.9850997527440389,0.983337382475535,0.9625327189763387,0.9581856250762939
final_20260721-204034_augmented_spots_train_e200_b100_lr0.0001_s1,?|Al_deformed_LoG_logtif.h5|0|34|461737,22,0.9514389579946344,0.9135696779597889,0.02584980648349632,0.993287289684469,0.9775192412463102,0.9627945721149445,0.9607116341590881
final_20260721-204034_augmented_spots_train_e200_b100_lr0.0001_s1,?|Al_big_grains_logtif.h5|4294|9239|295394,3,0.9605242013931274,0.9263903896013895,0.03492899859944979,0.9889656106630961,0.9871693849563599,0.9627976020177206,0.9550352334976197
final_20260721-204034_augmented_spots_train_e200_b100_lr0.0001_s1,?|Ti7Al_logtif.h5|89|89|24821,3,0.9559239943822225,0.9163966576258341,0.02907557785511017,0.9853446880976359,0.9849697351455688,0.9634241859118143,0.9490942478179931
final_20260721-204034_augmented_spots_train_e200_b100_lr0.0001_s1,?|Ti7Al_logtif.h5|458|1440|597994,4,0.9641387164592743,0.9313003718852997,0.035780938691459596,0.9755630493164062,0.9753808379173279,0.9641788899898529,0.9508634150028229
final_20260721-204034_augmented_spots_train_e200_b100_lr0.0001_s1,?|Ti7Al_logtif.h5|278|278|106292,4,0.9468945115804672,0.9018151313066483,0.017713629873469472,0.985232412815094,0.9850966185331345,0.964590460062027,0.9554157197475434
final_20260721-204034_augmented_spots_train_e200_b100_lr0.0001_s1,?|Iron_deformed_logtif.h5|105|385|1622522,3,0.942736546198527,0.8938320080439249,0.013080271271367868,0.9948033293088278,0.9947585066159567,0.9648281137148539,0.9554733276367188
final_20260721-204034_augmented_spots_train_e200_b100_lr0.0001_s1,?|Ti7Al_logtif.h5|579|579|259870,3,0.9514513413111368,0.9080700476964315,0.02153582125902176,0.9789409240086874,0.9785870909690857,0.9649577736854553,0.9588411331176758
final_20260721-204034_augmented_spots_train_e200_b100_lr0.0001_s1,?|Ti7Al_logtif.h5|689|689|304122,3,0.9618518352508545,0.9271912574768066,0.029914502054452896,0.9714843034744263,0.9694898128509521,0.9659686883290609,0.9581499338150025
final_20260721-204034_augmented_spots_train_e200_b100_lr0.0001_s1,?|IN718_twins_logtif.h5|343|1722|148837,3,0.9689496954282125,0.9408180912335714,0.03460181473443905,0.9916195074717203,0.9876008033752441,0.9671739339828491,0.9419780015945435
final_20260721-204034_augmented_spots_train_e200_b100_lr0.0001_s1,?|Al_deformed_LoG_logtif.h5|26|60|891702,23,0.9600333182708077,0.9237483091976332,0.023960322870508484,0.9927318044330763,0.992631557195083,0.9680364987124568,0.9595866203308105
final_20260721-204034_augmented_spots_train_e200_b100_lr0.0001_s1,?|Al_segvol.h5|2597|2597|14315,3,0.9611053069432577,0.925388514995575,0.023630208646257717,0.9956352512041727,0.9955354928970337,0.9687375426292419,0.9647432208061218
final_20260721-204034_augmented_spots_train_e200_b100_lr0.0001_s1,?|Al_big_grains_logtif.h5|1823|6767|209024,3,0.9659277200698853,0.9353139797846476,0.028386058285832405,0.992223858833313,0.9920817017555237,0.9687708417574564,0.9623244643211365
final_20260721-204034_augmented_spots_train_e200_b100_lr0.0001_s1,?|Al_deformed_LoG_logtif.h5|26|26|441233,21,0.956290032182421,0.9169890000706628,0.017446481800150303,0.9936648408571879,0.9936320043745495,0.9694217784064156,0.9584565162658691
final_20260721-204034_augmented_spots_train_e200_b100_lr0.0001_s1,?|Al_deformed_LoG_logtif.h5|0|0|14345,21,0.953093307358878,0.9113855191639492,0.01255272812254372,0.9968253856613523,0.9967743215106782,0.9702702902612232,0.9612964987754822
final_20260721-204034_augmented_spots_train_e200_b100_lr0.0001_s1,?|IN718_twins_logtif.h5|483|1861|159477,3,0.9732642968495687,0.9480245113372803,0.031212767275671165,0.9968310594558716,0.9965145190556844,0.9710257649421692,0.9613993287086486
final_20260721-204034_augmented_spots_train_e200_b100_lr0.0001_s1,?|Ti7Al_logtif.h5|39|39|12402,3,0.9549011389414469,0.9141610066095988,0.012190823753674826,0.9674251874287924,0.9658650954564413,0.9713551799456278,0.9686955451965332
final_20260721-204034_augmented_spots_train_e200_b100_lr0.0001_s1,?|Ti7Al_logtif.h5|356|1338|522142,3,0.9564499060312907,0.9180696606636047,0.013690135441720486,0.9972729881604513,0.9971421360969543,0.9713798761367798,0.96243337392807
final_20260721-204034_augmented_spots_train_e200_b100_lr0.0001_s1,?|IN718_twins_logtif.h5|108|1486|128639,3,0.9891842007637024,0.9786229729652405,0.04356021620333195,0.9925540884335836,0.9919893741607666,0.9728119969367981,0.9650148630142212
final_20260721-204034_augmented_spots_train_e200_b100_lr0.0001_s1,?|Al_segvol.h5|4499|4499|24632,3,0.9756403764088949,0.9525454441706339,0.02575278530518214,0.9947932362556458,0.9946585694948832,0.9749437967936198,0.9653445363044739
final_20260721-204034_augmented_spots_train_e200_b100_lr0.0001_s1,?|IN718_twins_logtif.h5|612|612|50032,3,0.9846818447113037,0.9698570171991984,0.031162335226933163,0.9900872906049093,0.9892463684082031,0.9767597715059916,0.970209789276123
final_20260721-204034_augmented_spots_train_e200_b100_lr0.0001_s1,?|IN718_twins_logtif.h5|909|2288|195464,3,0.9854139884312948,0.9712903499603271,0.027632540712753933,0.9966021776199341,0.9965326189994812,0.9788907368977865,0.9733428001403809
final_20260721-204034_augmented_spots_train_e200_b100_lr0.0001_s1,?|IN718_twins_logtif.h5|813|2190|188254,3,0.9788030385971069,0.9586895306905111,0.018831423794229824,0.9988072713216146,0.9965159296989441,0.9799857934316,0.9765004873275757
final_20260721-204034_augmented_spots_train_e200_b100_lr0.0001_s1,?|IN718_twins_logtif.h5|929|929|76478,3,0.9906311631202698,0.9814425110816956,0.030508620974918205,0.9940370519955953,0.9934321045875549,0.9800612727801005,0.9701281785964966
final_20260721-204034_augmented_spots_train_e200_b100_lr0.0001_s1,?|IN718_twins_logtif.h5|1082|2459|210603,3,0.9828667243321737,0.966776450475057,0.021918263907233875,0.9957486391067505,0.9922812779744467,0.9804742336273193,0.973910129070282
final_20260721-204034_augmented_spots_train_e200_b100_lr0.0001_s1,?|IN718_twins_logtif.h5|1271|2649|226498,3,0.9789823293685913,0.9590039054552714,0.017485496898492176,0.9990571538607279,0.999048630396525,0.9807483951250712,0.9765130758285523
final_20260721-204034_augmented_spots_train_e200_b100_lr0.0001_s1,?|IN718_twins_logtif.h5|703|2081|178440,3,0.9911708831787109,0.9825032949447632,0.028697066629926365,0.9959141413370768,0.9956078131993612,0.9812369346618652,0.9776559114456177
final_20260721-204034_augmented_spots_train_e200_b100_lr0.0001_s1,?|IN718_twins_logtif.h5|885|885|73830,4,0.981342226266861,0.9634459018707275,0.016565341968089342,0.9977745562791824,0.9974988251924515,0.9823884665966034,0.9805823922157287
final_20260721-204034_augmented_spots_train_e200_b100_lr0.0001_s1,?|IN718_twins_logtif.h5|425|1801|157178,3,0.9854783415794373,0.9714667399724325,0.02010926107565562,0.9986387888590494,0.9986176689465841,0.9826845328013102,0.9770654797554016
final_20260721-204034_augmented_spots_train_e200_b100_lr0.0001_s1,?|IN718_twins_logtif.h5|569|1947|167097,3,0.9916337331136068,0.9834402402242025,0.02560673343638579,0.997347891330719,0.9973122477531433,0.9830134908358256,0.981133759021759
final_20260721-204034_augmented_spots_train_e200_b100_lr0.0001_s1,?|IN718_twins_logtif.h5|216|1595|136423,3,0.9902162551879883,0.9806511799494425,0.024064181993405025,0.9966404239336649,0.9966108401616415,0.9830760359764099,0.9801127791404725
final_20260721-204034_augmented_spots_train_e200_b100_lr0.0001_s1,?|IN718_twins_logtif.h5|322|1698|147131,3,0.9869102636973063,0.974248210589091,0.019308721646666527,0.9988281925519308,0.9986965457598368,0.9838007489840189,0.981568968296051
final_20260721-204034_augmented_spots_train_e200_b100_lr0.0001_s1,?|IN718_twins_logtif.h5|1224|1224|103276,3,0.9891496499379476,0.9785629709561666,0.02139133991052707,0.9942477544148763,0.9933804074923197,0.9838791489601135,0.9784614205360412
final_20260721-204034_augmented_spots_train_e200_b100_lr0.0001_s1,?|IN718_twins_logtif.h5|333|333|29388,3,0.9860333402951559,0.9725027879079183,0.017525811058779556,0.9984780152638754,0.9981334010759989,0.9842537442843119,0.9806127667427063
final_20260721-204034_augmented_spots_train_e200_b100_lr0.0001_s1,?|IN718_twins_logtif.h5|692|692|58235,3,0.9949426253636678,0.9899675250053406,0.0218861090640227,0.9975097378094991,0.9974162777264913,0.9865282575289408,0.9861158132553101
final_20260721-204034_augmented_spots_train_e200_b100_lr0.0001_s1,?|IN718_twins_logtif.h5|825|2202|189095,3,0.9869412978490194,0.9743016163508097,0.013058722640077272,0.9996325174967448,0.9994910756746928,0.9869413177172343,0.9855041980743409
final_20260721-204034_augmented_spots_train_e200_b100_lr0.0001_s1,?|IN718_twins_logtif.h5|183|1559|134525,3,0.9905605316162109,0.9813032547632853,0.01639699439207713,0.9989416599273682,0.9988115231196085,0.98708176612854,0.9849548697471618
final_20260721-204034_augmented_spots_train_e200_b100_lr0.0001_s1,?|IN718_twins_logtif.h5|1066|2443|209241,3,0.993467112382253,0.9870209495226542,0.016512271637717884,0.9991371035575867,0.9991331696510315,0.9884774088859558,0.98681161403656
final_20260728-073240_augmented_spots_train_e200_b10_lr0.0003_s1,?|Iron_deformed_logtif.h5|168|448|1896773,3,0.7106985747814178,0.6275000969568888,0.10378515720367432,0.7943448424339294,0.7931015193462372,0.803456703821818,0.6933076858520508
final_20260728-073240_augmented_spots_train_e200_b10_lr0.0003_s1,?|Iron_deformed_logtif.h5|96|376|1581320,3,0.736191987991333,0.6622202396392822,0.10040613512198131,0.8169317245483398,0.8166284263134003,0.8178929289182028,0.6979714632034302
final_20260728-073240_augmented_spots_train_e200_b10_lr0.0003_s1,?|Iron_deformed_logtif.h5|141|141|523753,3,0.7888998786608378,0.6571682890256246,0.10533638671040535,0.8983036677042643,0.8901168505350748,0.841781735420227,0.791205906867981
final_20260728-073240_augmented_spots_train_e200_b10_lr0.0003_s1,?|Iron_deformed_logtif.h5|22|302|1309528,4,0.7773037031292915,0.7035131901502609,0.08354680147022009,0.8554046228528023,0.8544319346547127,0.8468784391880035,0.7275123655796051
final_20260728-073240_augmented_spots_train_e200_b10_lr0.0003_s1,?|Iron_deformed_logtif.h5|191|471|2026221,3,0.8013988733291626,0.6746861139933268,0.0989772801597913,0.9265041748682658,0.9078872601191202,0.8512107928593954,0.8081107497215271
final_20260728-073240_augmented_spots_train_e200_b10_lr0.0003_s1,?|Iron_deformed_logtif.h5|167|447|1896154,3,0.763533741235733,0.7055673003196716,0.05816086009144783,0.8239734371503195,0.8233160674571991,0.8526864250500997,0.7108308553695679
final_20260728-073240_augmented_spots_train_e200_b10_lr0.0003_s1,?|Iron_deformed_logtif.h5|163|443|1881181,3,0.7832826177279154,0.6628599961598715,0.07392313703894615,0.9499063094456991,0.9022702972094218,0.8546797434488932,0.774297034740448
final_20260728-073240_augmented_spots_train_e200_b10_lr0.0003_s1,?|Ti7Al_logtif.h5|479|1460|605758,3,0.8102894425392151,0.7447561224301656,0.09759193783005078,0.813254157702128,0.811389148235321,0.8563487728436788,0.7341263294219971
final_20260728-073240_augmented_spots_train_e200_b10_lr0.0003_s1,?|Iron_deformed_logtif.h5|189|469|2025484,3,0.8054128487904867,0.6937867005666097,0.09132267907261848,0.9288133581479391,0.8849425514539083,0.8570450743039449,0.7881410360336304
final_20260728-073240_augmented_spots_train_e200_b10_lr0.0003_s1,?|Ti7Al_logtif.h5|878|878|356416,3,0.7971882025400797,0.6946272850036621,0.08139819900194804,0.9048911929130554,0.8013423482577006,0.8578949968020121,0.7776530504226684
final_20260728-073240_augmented_spots_train_e200_b10_lr0.0003_s1,?|Iron_deformed_logtif.h5|1|281|1250417,3,0.7985825141270956,0.702266275882721,0.0775412122408549,0.9127769072850546,0.8294152617454529,0.8605206608772278,0.7899187088012696
final_20260728-073240_augmented_spots_train_e200_b10_lr0.0003_s1,?|Ti7Al_logtif.h5|746|1728|712611,4,0.8165455907583237,0.7362882643938065,0.09496999531984329,0.8230126053094864,0.8201740235090256,0.8607878088951111,0.7411994695663452
final_20260728-073240_augmented_spots_train_e200_b10_lr0.0003_s1,?|Ti7Al_logtif.h5|474|1457|604880,3,0.8182096481323242,0.7039540807406107,0.09088367968797684,0.9045422275861105,0.8965233564376831,0.8636629780133566,0.8056975483894349
final_20260728-073240_augmented_spots_train_e200_b10_lr0.0003_s1,?|Iron_deformed_logtif.h5|21|21|68698,5,0.8244251012802124,0.7160383343696595,0.09233222380280495,0.9451156973838806,0.9302963972091675,0.8660464406013488,0.7884311199188232
final_20260728-073240_augmented_spots_train_e200_b10_lr0.0003_s1,?|Iron_deformed_logtif.h5|20|20|68360,3,0.8301496307055155,0.7214119831720988,0.09734708691636722,0.9156363805135092,0.9070223569869995,0.8664012551307678,0.7930032253265381
final_20260728-073240_augmented_spots_train_e200_b10_lr0.0003_s1,?|Iron_deformed_logtif.h5|135|135|484462,3,0.8468879461288452,0.7477242549260458,0.11394920448462169,0.8400206168492635,0.8369011680285136,0.8664693832397461,0.7762542963027954
final_20260728-073240_augmented_spots_train_e200_b10_lr0.0003_s1,?|Iron_deformed_logtif.h5|77|357|1542926,6,0.8099562178055445,0.7529370288054148,0.07592005313684543,0.868658259510994,0.8270177692174911,0.8670180936654409,0.7084482312202454
final_20260728-073240_augmented_spots_train_e200_b10_lr0.0003_s1,?|Ti7Al_logtif.h5|560|560|255019,3,0.790912131468455,0.6873629887898763,0.05105784349143505,0.9453791379928589,0.8430399894714355,0.8699271480242411,0.780894112586975
final_20260728-073240_augmented_spots_train_e200_b10_lr0.0003_s1,?|Ti7Al_logtif.h5|951|951|378424,6,0.829403430223465,0.762864907582601,0.08782824377218883,0.8357100536425909,0.827334130803744,0.8707875907421112,0.7313453555107117
final_20260728-073240_augmented_spots_train_e200_b10_lr0.0003_s1,?|Iron_deformed_logtif.h5|273|553|2451312,7,0.810273289680481,0.6928093092782157,0.06855912187269755,0.9695376328059605,0.9477842961038861,0.8708570855004447,0.7953967571258544
final_20260728-073240_augmented_spots_train_e200_b10_lr0.0003_s1,?|Iron_deformed_logtif.h5|23|23|70379,3,0.8369036912918091,0.7277147173881531,0.09456103543440501,0.9358290831247965,0.9347760081291199,0.8711713353792826,0.8167501091957092
final_20260728-073240_augmented_spots_train_e200_b10_lr0.0003_s1,?|Iron_deformed_logtif.h5|55|334|1461026,3,0.8382963935534159,0.7260229190190634,0.09470824028054874,0.9698346455891927,0.965485950311025,0.8717940847078959,0.8451310873031617
final_20260728-073240_augmented_spots_train_e200_b10_lr0.0003_s1,?|Iron_deformed_logtif.h5|87|87|316193,3,0.8573540846506754,0.7648029923439026,0.11295752599835396,0.8400708635648092,0.8370094895362854,0.8721982836723328,0.7788023829460144
final_20260728-073240_augmented_spots_train_e200_b10_lr0.0003_s1,?|Iron_deformed_logtif.h5|121|401|1655920,4,0.8313773423433304,0.7247035056352615,0.08650378603488207,0.9515793174505234,0.943596750497818,0.8724368065595627,0.8153355240821838
final_20260728-073240_augmented_spots_train_e200_b10_lr0.0003_s1,?|Ti7Al_logtif.h5|153|153|50619,3,0.8151242534319559,0.7020043134689331,0.06783380235234897,0.8909729321797689,0.8581134478251139,0.8736452062924703,0.8028526902198792
final_20260728-073240_augmented_spots_train_e200_b10_lr0.0003_s1,?|Iron_deformed_logtif.h5|56|336|1461382,5,0.8343778491020203,0.720675528049469,0.08441288620233536,0.958140230178833,0.9575960040092468,0.874982488155365,0.8426745891571045
final_20260728-073240_augmented_spots_train_e200_b10_lr0.0003_s1,?|Ti7Al_logtif.h5|163|1144|441312,3,0.8428820371627808,0.7502624988555908,0.09240519131223361,0.869851549466451,0.8217851519584656,0.8752384185791016,0.7805755138397217
final_20260728-073240_augmented_spots_train_e200_b10_lr0.0003_s1,?|Ti7Al_logtif.h5|740|1723|711979,3,0.8177598714828491,0.7281715472539266,0.06536229078968366,0.8143792351086935,0.8091788291931152,0.8761988083521525,0.8345683336257934
final_20260728-073240_augmented_spots_train_e200_b10_lr0.0003_s1,?|Iron_deformed_logtif.h5|98|98|344511,4,0.8199311643838882,0.6996653974056244,0.0633238023146987,0.9862250685691833,0.9856536984443665,0.878303661942482,0.8669128179550171
final_20260728-073240_augmented_spots_train_e200_b10_lr0.0003_s1,?|Iron_deformed_logtif.h5|22|22|70041,3,0.8515733083089193,0.7482965787251791,0.09378538280725479,0.9648367762565613,0.9591540892918905,0.8788939714431763,0.8548864126205444
final_20260728-073240_augmented_spots_train_e200_b10_lr0.0003_s1,?|Iron_deformed_logtif.h5|245|525|2343145,3,0.8399298985799154,0.7300958037376404,0.08208623031775157,0.963679571946462,0.9593947132428488,0.8789218266805013,0.8406345129013062
final_20260728-073240_augmented_spots_train_e200_b10_lr0.0003_s1,?|Ti7Al_logtif.h5|903|1882|752818,3,0.8107891082763672,0.7405252754688263,0.051490324859817825,0.8262005647023519,0.8249644637107849,0.8796493808428446,0.7670675873756408
final_20260728-073240_augmented_spots_train_e200_b10_lr0.0003_s1,?|Iron_deformed_logtif.h5|172|172|667669,5,0.8490755319595337,0.7446460723876953,0.08576066493988037,0.9585021376609802,0.9339399576187134,0.8816574454307556,0.8422065019607544
final_20260728-073240_augmented_spots_train_e200_b10_lr0.0003_s1,?|Iron_deformed_logtif.h5|184|464|1988468,6,0.8386399348576864,0.7309726277987162,0.07435274496674538,0.9647532900174459,0.9644464552402496,0.8821436166763306,0.85394486784935
final_20260728-073240_augmented_spots_train_e200_b10_lr0.0003_s1,?|Iron_deformed_logtif.h5|189|189|785586,6,0.8388410111268362,0.732872873544693,0.07409944012761116,0.952633927265803,0.947293778260549,0.8823707898457845,0.8244799375534058
final_20260728-073240_augmented_spots_train_e200_b10_lr0.0003_s1,?|Iron_deformed_logtif.h5|235|515|2278776,3,0.8388359944025675,0.7312273780504862,0.07302512352665265,0.9698400696118673,0.9676678975423177,0.8829054236412048,0.8541087150573731
final_20260728-073240_augmented_spots_train_e200_b10_lr0.0003_s1,?|Iron_deformed_logtif.h5|84|363|1554874,4,0.8357990235090256,0.7210367023944855,0.06563419383019209,0.9787921905517578,0.9785248786211014,0.88508240878582,0.8634419858455658
final_20260728-073240_augmented_spots_train_e200_b10_lr0.0003_s1,?|Ti7Al_logtif.h5|738|1720|711689,3,0.824722150961558,0.7289160788059235,0.050222513576348625,0.906126876672109,0.8836721976598104,0.8872498075167338,0.8018149018287659
final_20260728-073240_augmented_spots_train_e200_b10_lr0.0003_s1,?|Iron_deformed_logtif.h5|273|273|1210178,4,0.8436808437108994,0.7360129058361053,0.06699268613010645,0.9616413712501526,0.9604381322860718,0.8883440792560577,0.8706242680549622
final_20260728-073240_augmented_spots_train_e200_b10_lr0.0003_s1,?|Iron_deformed_logtif.h5|127|407|1676778,4,0.853750079870224,0.7519170641899109,0.075223452411592,0.9788875430822372,0.977360725402832,0.8892632871866226,0.8437545299530029
final_20260728-073240_augmented_spots_train_e200_b10_lr0.0003_s1,?|Iron_deformed_logtif.h5|173|173|668050,4,0.8587932586669922,0.7607217580080032,0.07925711013376713,0.9523100554943085,0.9487633556127548,0.8897680938243866,0.8566804885864258
final_20260728-073240_augmented_spots_train_e200_b10_lr0.0003_s1,?|Iron_deformed_logtif.h5|246|526|2344537,5,0.8541936874389648,0.7519306182861328,0.07461911886930465,0.9692580103874207,0.9691006541252136,0.8897872805595398,0.8465675830841064
final_20260728-073240_augmented_spots_train_e200_b10_lr0.0003_s1,?|Iron_deformed_logtif.h5|1|1|10546,5,0.8436107516288758,0.7442467927932739,0.06348738297820092,0.9361544132232666,0.9071012377738953,0.8900616645812989,0.8187836050987244
final_20260728-073240_augmented_spots_train_e200_b10_lr0.0003_s1,?|Iron_deformed_logtif.h5|14|14|64651,3,0.8683719436327616,0.7702823678652445,0.0877428228656451,0.9620592792828878,0.960789163907369,0.8903145790100098,0.882798945903778
final_20260728-073240_augmented_spots_train_e200_b10_lr0.0003_s1,?|Iron_deformed_logtif.h5|98|378|1584909,3,0.8334986766179403,0.7203928033510844,0.052426040172576904,0.9901451071103414,0.9901111523310343,0.8905363281567892,0.8807978987693786
final_20260728-073240_augmented_spots_train_e200_b10_lr0.0003_s1,?|Iron_deformed_logtif.h5|62|342|1492694,5,0.8560168027877808,0.751788341999054,0.07388142794370652,0.9708190083503723,0.9680493831634521,0.8910676717758179,0.8588788390159607
final_20260728-073240_augmented_spots_train_e200_b10_lr0.0003_s1,?|Iron_deformed_logtif.h5|153|433|1857995,4,0.838784322142601,0.7312763780355453,0.054540904238820076,0.9906240850687027,0.9897861480712891,0.8921217173337936,0.8639743864536286
final_20260728-073240_augmented_spots_train_e200_b10_lr0.0003_s1,?|Iron_deformed_logtif.h5|188|468|2024649,4,0.8546712696552277,0.7578656673431396,0.06874946504831314,0.9629588425159454,0.9626796990633011,0.8929608911275864,0.8716691792011261
final_20260728-073240_augmented_spots_train_e200_b10_lr0.0003_s1,?|Iron_deformed_logtif.h5|169|449|1897167,4,0.8564464002847672,0.7520924806594849,0.06862062960863113,0.9537723064422607,0.9520373344421387,0.8939128816127777,0.8799645781517029
final_20260728-073240_augmented_spots_train_e200_b10_lr0.0003_s1,?|Iron_deformed_logtif.h5|0|0|1623,3,0.8640586932500204,0.7650520205497742,0.07592817147572835,0.9536429444948832,0.9400491118431091,0.894065280755361,0.8536094903945923
final_20260728-073240_augmented_spots_train_e200_b10_lr0.0003_s1,?|Iron_deformed_logtif.h5|19|298|1306721,6,0.8633403579394022,0.7624093492825826,0.0732331642260154,0.9658845861752828,0.9645140667756399,0.8950536151727041,0.8679084181785583
final_20260728-073240_augmented_spots_train_e200_b10_lr0.0003_s1,?|Iron_deformed_logtif.h5|42|322|1394565,3,0.8784343202908834,0.7880918979644775,0.08711772287885348,0.9528572956720988,0.9526888529459635,0.8956582943598429,0.8378047227859498
final_20260728-073240_augmented_spots_train_e200_b10_lr0.0003_s1,?|Iron_deformed_logtif.h5|27|27|75554,4,0.8517912477254868,0.745950311422348,0.05913455691188574,0.9556307792663574,0.9470590651035309,0.8963283449411392,0.8802290022373199
final_20260728-073240_augmented_spots_train_e200_b10_lr0.0003_s1,?|Iron_deformed_logtif.h5|210|210|876585,5,0.8667905569076538,0.7673257112503051,0.07339898571372032,0.9668322205543518,0.9563989520072937,0.8966957926750183,0.8754374027252197
final_20260728-073240_augmented_spots_train_e200_b10_lr0.0003_s1,?|Iron_deformed_logtif.h5|88|368|1562446,4,0.8674997389316559,0.7706167548894882,0.07270494289696217,0.9669315069913864,0.9636964052915573,0.8973973840475082,0.8513475716114044
final_20260728-073240_augmented_spots_train_e200_b10_lr0.0003_s1,?|Iron_deformed_logtif.h5|229|229|1011112,4,0.8517278879880905,0.7504894137382507,0.0560834426432848,0.9735196977853775,0.9720214456319809,0.897822231054306,0.8671627581119538
final_20260728-073240_augmented_spots_train_e200_b10_lr0.0003_s1,?|Iron_deformed_logtif.h5|216|496|2201946,4,0.8490706533193588,0.7451833784580231,0.05313505977392197,0.9900073707103729,0.9898413866758347,0.8979678004980087,0.8734930038452149
final_20260728-073240_augmented_spots_train_e200_b10_lr0.0003_s1,?|Al_big_grains_logtif.h5|4294|9239|295394,3,0.8867084781328837,0.8164117137591044,0.08979350576798122,0.8845555384953817,0.8352403044700623,0.8984574675559998,0.8086915493011475
final_20260728-073240_augmented_spots_train_e200_b10_lr0.0003_s1,?|Iron_deformed_logtif.h5|181|461|1951519,3,0.8668269713719686,0.7730577985445658,0.06932913760344188,0.982120672861735,0.9808516303698221,0.8987489144007365,0.864983081817627
final_20260728-073240_augmented_spots_train_e200_b10_lr0.0003_s1,?|Iron_deformed_logtif.h5|136|136|495861,4,0.8656558394432068,0.7653635144233704,0.06608166731894016,0.9768928289413452,0.9763324111700058,0.8997870832681656,0.8858281075954437
final_20260728-073240_augmented_spots_train_e200_b10_lr0.0003_s1,?|Iron_deformed_logtif.h5|217|497|2202296,4,0.8471147269010544,0.7466402053833008,0.0468551330268383,0.9689236134290695,0.9668715447187424,0.9001298248767853,0.8778531193733216
final_20260728-073240_augmented_spots_train_e200_b10_lr0.0003_s1,?|Iron_deformed_logtif.h5|39|319|1383099,3,0.8730831940968832,0.7782916029294332,0.07247084006667137,0.96049964427948,0.9577915271123251,0.9003061453501383,0.8714011907577515
final_20260728-073240_augmented_spots_train_e200_b10_lr0.0003_s1,?|Ti7Al_logtif.h5|593|593|265156,3,0.8471031785011292,0.7570122083028158,0.04571811233957609,0.9086584250132242,0.9002815882364908,0.9006925423940023,0.8634060382843017
final_20260728-073240_augmented_spots_train_e200_b10_lr0.0003_s1,?|Iron_deformed_logtif.h5|143|143|525365,3,0.8865740299224854,0.7999404072761536,0.0832071304321289,0.9384111960728964,0.9320931633313497,0.9016834497451782,0.8764066696166992
final_20260728-073240_augmented_spots_train_e200_b10_lr0.0003_s1,?|Iron_deformed_logtif.h5|93|93|333088,3,0.8658458987871805,0.7720709244410197,0.06234912450114886,0.9777800242106119,0.9772463242212931,0.9017483790715536,0.8701157093048095
final_20260728-073240_augmented_spots_train_e200_b10_lr0.0003_s1,?|Al_deformed_LoG_logtif.h5|7|41|510550,15,0.8618317008018493,0.7604967157046,0.05832414155205091,0.9806346774101258,0.9802990674972534,0.9017537832260132,0.8781643629074096
final_20260728-073240_augmented_spots_train_e200_b10_lr0.0003_s1,?|Iron_deformed_logtif.h5|215|215|920107,3,0.8688584764798483,0.7722933888435364,0.06485231965780258,0.9639758666356405,0.9634840488433838,0.9020030697186788,0.8841352820396423
final_20260728-073240_augmented_spots_train_e200_b10_lr0.0003_s1,?|Iron_deformed_logtif.h5|188|188|784896,5,0.8476003170013428,0.7449451923370362,0.04352868944406509,0.9862714529037475,0.985672116279602,0.9020358204841614,0.8709489941596985
final_20260728-073240_augmented_spots_train_e200_b10_lr0.0003_s1,?|Iron_deformed_logtif.h5|59|59|249552,4,0.8675697892904282,0.7780878841876984,0.06231758277863264,0.9714817106723785,0.9691290110349655,0.9026261121034622,0.8468197584152222
final_20260728-073240_augmented_spots_train_e200_b10_lr0.0003_s1,?|Iron_deformed_logtif.h5|5|5|17872,5,0.8499793291091919,0.7513107776641845,0.044572321325540544,0.9918524384498596,0.9917355537414551,0.9027035117149353,0.8596586227416992
final_20260728-073240_augmented_spots_train_e200_b10_lr0.0003_s1,?|Iron_deformed_logtif.h5|139|420|1763892,4,0.894386425614357,0.819536879658699,0.08853949699550867,0.939280167222023,0.9375381618738174,0.9029234349727631,0.8343114376068115
final_20260728-073240_augmented_spots_train_e200_b10_lr0.0003_s1,?|Iron_deformed_logtif.h5|50|50|192409,3,0.8658240040143331,0.7744681437810262,0.05797596524159113,0.9830981492996216,0.9810971220334371,0.9039240082105001,0.8582332015037537
final_20260728-073240_augmented_spots_train_e200_b10_lr0.0003_s1,?|Iron_deformed_logtif.h5|197|197|812567,6,0.8648703793684641,0.7701689998308817,0.05612675938755274,0.980351467927297,0.9781115253766378,0.9043718179066976,0.8642933964729309
final_20260728-073240_augmented_spots_train_e200_b10_lr0.0003_s1,?|Iron_deformed_logtif.h5|250|250|1106997,4,0.8670771270990372,0.7754203826189041,0.057428923435509205,0.9628911465406418,0.9609601050615311,0.9048240780830383,0.8840845286846161
final_20260728-073240_augmented_spots_train_e200_b10_lr0.0003_s1,?|Al_deformed_LoG_logtif.h5|6|6|54274,27,0.857907959708461,0.7583413499372976,0.04720285024355959,0.9923936989572313,0.9921901645483794,0.9053525571469907,0.8738888144493103
final_20260728-073240_augmented_spots_train_e200_b10_lr0.0003_s1,?|Iron_deformed_logtif.h5|15|295|1305345,3,0.8752166032791138,0.7804462909698486,0.06349948545296986,0.9753574331601461,0.9743970235188802,0.905858556429545,0.88666672706604
final_20260728-073240_augmented_spots_train_e200_b10_lr0.0003_s1,?|Al_deformed_LoG_logtif.h5|8|8|54671,22,0.8600746068087491,0.7601310096003793,0.04823772016574036,0.9878237247467041,0.9875089797106656,0.9059184464541349,0.8814668238162995
final_20260728-073240_augmented_spots_train_e200_b10_lr0.0003_s1,?|Al_deformed_LoG_logtif.h5|6|40|510321,24,0.8589861715833346,0.759274072945118,0.04701468744315207,0.9910940676927567,0.9908634473880132,0.9059857403238615,0.8808315634727478
final_20260728-073240_augmented_spots_train_e200_b10_lr0.0003_s1,?|Al_deformed_LoG_logtif.h5|27|61|894788,23,0.8700911869173464,0.774591220461804,0.05764138204571993,0.9834651558295541,0.9826274436453114,0.9062248934870181,0.8666191697120667
final_20260728-073240_augmented_spots_train_e200_b10_lr0.0003_s1,?|Iron_deformed_logtif.h5|272|272|1208818,6,0.8596792916456858,0.7570520540078481,0.04669628478586674,0.9873286684354147,0.987168570359548,0.9064915180206299,0.8905192017555237
final_20260728-073240_augmented_spots_train_e200_b10_lr0.0003_s1,?|Iron_deformed_logtif.h5|16|296|1305672,3,0.8772798577944437,0.7822068333625793,0.0641429213186105,0.9788690010706583,0.9775881171226501,0.9065684676170349,0.8965621709823608
final_20260728-073240_augmented_spots_train_e200_b10_lr0.0003_s1,?|Iron_deformed_logtif.h5|127|127|436075,9,0.872801336977217,0.7839995688862271,0.059033883114655815,0.9843959344757928,0.9833888875113593,0.9068837298287286,0.8812880277633667
final_20260728-073240_augmented_spots_train_e200_b10_lr0.0003_s1,?|Iron_deformed_logtif.h5|164|164|645795,3,0.8802663683891296,0.7916990121205648,0.06642787034312884,0.9744552373886108,0.9743682344754537,0.906919260819753,0.8867774128913879
final_20260728-073240_augmented_spots_train_e200_b10_lr0.0003_s1,?|Iron_deformed_logtif.h5|120|400|1655560,4,0.8579272925853729,0.7590393573045731,0.04259578324854374,0.9857557862997055,0.9849173277616501,0.9076657593250275,0.882958835363388
final_20260728-073240_augmented_spots_train_e200_b10_lr0.0003_s1,?|Iron_deformed_logtif.h5|166|166|647236,5,0.8719344973564148,0.7836166024208069,0.05629898384213448,0.9755057215690612,0.9724232316017151,0.9078177332878112,0.8597332835197449
final_20260728-073240_augmented_spots_train_e200_b10_lr0.0003_s1,?|Iron_deformed_logtif.h5|124|404|1669194,3,0.8966513077418009,0.8172540465990702,0.08037745083371799,0.9416701793670654,0.9406042297681173,0.9081369241078695,0.8770216226577758
final_20260728-073240_augmented_spots_train_e200_b10_lr0.0003_s1,?|Al_deformed_LoG_logtif.h5|8|42|510785,24,0.869475153585275,0.7747622306148211,0.052411346385876335,0.9861260155836741,0.9858977695306143,0.9085319017370542,0.8820102334022522
final_20260728-073240_augmented_spots_train_e200_b10_lr0.0003_s1,?|Iron_deformed_logtif.h5|13|13|63607,3,0.8979583978652954,0.8174321452776591,0.0797647014260292,0.9648796518643697,0.9636036157608032,0.9090968569119772,0.8956178188323974
final_20260728-073240_augmented_spots_train_e200_b10_lr0.0003_s1,?|Iron_logtif.h5|3842|11538|1017745,3,0.8871271014213562,0.8051772514979044,0.06876988212267558,0.973995566368103,0.9729472001393636,0.9091785947481791,0.8815714836120605
final_20260728-073240_augmented_spots_train_e200_b10_lr0.0003_s1,?|Iron_deformed_logtif.h5|275|555|2456737,5,0.869862949848175,0.7767679810523986,0.05144219771027565,0.9877507328987122,0.9874295234680176,0.9092103719711304,0.8815650939941406
final_20260728-073240_augmented_spots_train_e200_b10_lr0.0003_s1,?|Ti7Al_logtif.h5|291|291|107749,5,0.8587960124015808,0.7663467288017273,0.039633775129914284,0.9681379318237304,0.965229070186615,0.9095811247825623,0.8568070888519287
final_20260728-073240_augmented_spots_train_e200_b10_lr0.0003_s1,?|Iron_deformed_logtif.h5|121|121|413884,3,0.8884901603062948,0.8021363417307535,0.06824155648549397,0.9611591696739197,0.9605955282847086,0.9101242820421854,0.89162175655365
final_20260728-073240_augmented_spots_train_e200_b10_lr0.0003_s1,?|Iron_deformed_logtif.h5|210|490|2115695,3,0.8697137633959452,0.7730851570765177,0.049330596501628556,0.9840758641560873,0.9835843642552694,0.910191555817922,0.8951601624488831
final_20260728-073240_augmented_spots_train_e200_b10_lr0.0003_s1,?|Al_deformed_LoG_logtif.h5|29|63|895675,13,0.876112332710853,0.7830853095421424,0.055276802669350915,0.9857725271811852,0.9853378350918109,0.9104177722564111,0.883694863319397
final_20260728-073240_augmented_spots_train_e200_b10_lr0.0003_s1,?|Al_deformed_LoG_logtif.h5|20|54|805566,20,0.8774737417697906,0.7856749683618546,0.05554875992238521,0.9815403670072556,0.980955308675766,0.9109625041484832,0.8916935920715332
final_20260728-073240_augmented_spots_train_e200_b10_lr0.0003_s1,?|Iron_deformed_logtif.h5|58|58|242737,3,0.8635095953941345,0.7699831326802572,0.04121093079447746,0.9834378759066263,0.982928454875946,0.9111493229866028,0.8902990102767945
final_20260728-073240_augmented_spots_train_e200_b10_lr0.0003_s1,?|Iron_deformed_logtif.h5|183|463|1960285,3,0.8756146828333536,0.7822497884432474,0.05328518897294998,0.9766406814257304,0.9753520886103312,0.9111647605895996,0.8893979549407959
final_20260728-073240_augmented_spots_train_e200_b10_lr0.0003_s1,?|Iron_deformed_logtif.h5|95|374|1574041,5,0.8930097222328186,0.808950138092041,0.07064707949757576,0.9533036947250366,0.952103567123413,0.9111813068389892,0.8953826069831848
final_20260728-073240_augmented_spots_train_e200_b10_lr0.0003_s1,?|Iron_deformed_logtif.h5|67|347|1504401,4,0.8819761425256729,0.7951443940401077,0.05960094928741455,0.981342002749443,0.9810861200094223,0.9111876040697098,0.8876404345035553
final_20260728-073240_augmented_spots_train_e200_b10_lr0.0003_s1,?|Iron_deformed_logtif.h5|81|81|313835,4,0.8789287358522415,0.7964764535427094,0.05632368195801973,0.9606064856052399,0.9591897577047348,0.9113025218248367,0.8736506402492523
final_20260728-073240_augmented_spots_train_e200_b10_lr0.0003_s1,?|Iron_deformed_logtif.h5|15|15|66683,3,0.88775102297465,0.8000480135281881,0.06473155816396077,0.9737306833267212,0.9735255638758341,0.9115097324053446,0.9023837327957154
final_20260728-073240_augmented_spots_train_e200_b10_lr0.0003_s1,?|Ti7Al_logtif.h5|330|1312|505227,3,0.8746742606163025,0.7827553153038025,0.05165368070205053,0.9648884336153666,0.9571344455083212,0.9115103085835775,0.8919511795043945
final_20260728-073240_augmented_spots_train_e200_b10_lr0.0003_s1,?|Iron_deformed_logtif.h5|259|539|2410871,4,0.8857751190662384,0.7984735667705536,0.06260691583156586,0.9731518626213074,0.9703180193901062,0.9115841090679169,0.8884641230106354
final_20260728-073240_augmented_spots_train_e200_b10_lr0.0003_s1,?|Iron_deformed_logtif.h5|255|535|2371626,5,0.8623090505599975,0.7649297952651978,0.038422248885035516,0.9870955348014832,0.9867088556289673,0.9119433999061585,0.9008816838264465
final_20260728-073240_augmented_spots_train_e200_b10_lr0.0003_s1,?|Al_big_grains_logtif.h5|3202|3202|103431,3,0.8652975559234619,0.7806236743927002,0.040827199816703796,0.9465140302975973,0.9430721600850424,0.9122351805369059,0.9070585012435913
final_20260728-073240_augmented_spots_train_e200_b10_lr0.0003_s1,?|Ti7Al_logtif.h5|431|1413|574457,3,0.8945112824440002,0.8260819514592489,0.06985109361509483,0.8462789257367452,0.8455791076024374,0.9123301307360331,0.8668992280960083
final_20260728-073240_augmented_spots_train_e200_b10_lr0.0003_s1,?|Iron_deformed_logtif.h5|61|341|1491473,3,0.8629064957300822,0.7632043361663818,0.03824554321666559,0.9959096709887186,0.995766838391622,0.9123304486274719,0.9045670986175537
final_20260728-073240_augmented_spots_train_e200_b10_lr0.0003_s1,?|Ti7Al_logtif.h5|605|1587|664057,3,0.8765695293744405,0.8012249867121378,0.051510569949944816,0.9638026158014933,0.9626798629760742,0.912529468536377,0.8645408272743225
final_20260728-073240_augmented_spots_train_e200_b10_lr0.0003_s1,?|Iron_deformed_logtif.h5|86|367|1556377,5,0.8877539157867431,0.803740119934082,0.06256148964166641,0.9696528434753418,0.9692508220672608,0.9125962257385254,0.888716208934784
final_20260728-073240_augmented_spots_train_e200_b10_lr0.0003_s1,?|Iron_deformed_logtif.h5|136|416|1735423,3,0.9058893521626791,0.8305275241533915,0.08066903799772263,0.9708581765492758,0.9691816568374634,0.9126101732254028,0.9021646976470947
final_20260728-073240_augmented_spots_train_e200_b10_lr0.0003_s1,?|Al_deformed_LoG_logtif.h5|22|56|838484,30,0.874092411994934,0.7814992189407348,0.04874464049935341,0.9903956353664398,0.9901794135570526,0.9126738826433818,0.878979229927063
final_20260728-073240_augmented_spots_train_e200_b10_lr0.0003_s1,?|Iron_deformed_logtif.h5|102|102|368709,6,0.8772336840629578,0.78751869002978,0.05177895041803519,0.9746222198009491,0.9736452301343282,0.9127273559570312,0.8884279429912567
final_20260728-073240_augmented_spots_train_e200_b10_lr0.0003_s1,?|Al_deformed_LoG_logtif.h5|5|39|481387,20,0.8703786462545395,0.7751233875751495,0.044833951629698277,0.9930660426616669,0.9929898321628571,0.9127723515033722,0.8914216458797455
final_20260728-073240_augmented_spots_train_e200_b10_lr0.0003_s1,?|Iron_deformed_logtif.h5|125|405|1675921,3,0.8904287020365397,0.803128163019816,0.06409172713756561,0.9765324393908182,0.9759534398714701,0.913168470064799,0.8987615585327149
final_20260728-073240_augmented_spots_train_e200_b10_lr0.0003_s1,?|Iron_deformed_logtif.h5|60|340|1491296,3,0.8935340245564779,0.8102527658144633,0.06668184697628021,0.9711858034133911,0.9698379238446554,0.9134261012077332,0.8890972852706909
final_20260728-073240_augmented_spots_train_e200_b10_lr0.0003_s1,?|Iron_deformed_logtif.h5|17|297|1306370,4,0.8772107809782028,0.7841202169656754,0.0501436498016119,0.9890513569116592,0.9888571351766586,0.9135335832834244,0.9038767457008362
final_20260728-073240_augmented_spots_train_e200_b10_lr0.0003_s1,?|Al_deformed_LoG_logtif.h5|18|52|779675,19,0.8734291007644251,0.7798536200272409,0.045973896196014004,0.988622154060163,0.988502678118254,0.9137276128718728,0.8916167855262757
final_20260728-073240_augmented_spots_train_e200_b10_lr0.0003_s1,?|Iron_deformed_logtif.h5|252|532|2351102,3,0.8775436083475748,0.7890150944391886,0.04980238527059555,0.9798774123191833,0.9796303510665894,0.913870632648468,0.9050724506378174
final_20260728-073240_augmented_spots_train_e200_b10_lr0.0003_s1,?|Iron_deformed_logtif.h5|278|558|2479788,3,0.8981480201085409,0.8176495631535848,0.07019146035114925,0.9598120053609213,0.957748274008433,0.9139782786369324,0.8891343593597412
final_20260728-073240_augmented_spots_train_e200_b10_lr0.0003_s1,?|Al_deformed_LoG_logtif.h5|29|29|444632,28,0.8759351798466274,0.7841239060674395,0.04746184777468443,0.989898179258619,0.9897450357675552,0.9142366647720337,0.8861343681812286
final_20260728-073240_augmented_spots_train_e200_b10_lr0.0003_s1,?|Iron_deformed_logtif.h5|149|149|573179,5,0.8802823185920715,0.7925564885139466,0.05179894492030144,0.9813060283660888,0.9801544547080994,0.9142416954040528,0.8758936762809754
final_20260728-073240_augmented_spots_train_e200_b10_lr0.0003_s1,?|Iron_deformed_logtif.h5|33|313|1349905,6,0.8849930067857107,0.7950498163700104,0.056357969219485916,0.9772069752216339,0.9760025938351949,0.9143175085385641,0.8932275176048279
final_20260728-073240_augmented_spots_train_e200_b10_lr0.0003_s1,?|Al_deformed_LoG_logtif.h5|19|19|353769,17,0.883247063440435,0.7935898584478042,0.0544179202440907,0.9824171627269072,0.98074389555875,0.9144145706120659,0.8789992094039917
final_20260728-073240_augmented_spots_train_e200_b10_lr0.0003_s1,?|Iron_deformed_logtif.h5|265|545|2432134,4,0.8740225434303284,0.7846328616142273,0.04505017027258873,0.9794734567403793,0.979091614484787,0.9144861996173859,0.8963910579681397
final_20260728-073240_augmented_spots_train_e200_b10_lr0.0003_s1,?|Iron_deformed_logtif.h5|44|44|162956,4,0.8814817517995834,0.7924419939517975,0.052473361138254404,0.9827315211296082,0.9826257228851318,0.914504200220108,0.8862128555774689
final_20260728-073240_augmented_spots_train_e200_b10_lr0.0003_s1,?|Al_deformed_LoG_logtif.h5|30|30|444908,14,0.8799419317926679,0.7902992452893939,0.050284216446535926,0.9900629094668797,0.9898691262517657,0.914828862462725,0.8846352577209473
final_20260728-073240_augmented_spots_train_e200_b10_lr0.0003_s1,?|Iron_deformed_logtif.h5|102|382|1609497,3,0.8877661426862081,0.8020103573799133,0.05808857393761476,0.981979767481486,0.98134845495224,0.9148387908935547,0.9042779445648194
final_20260728-073240_augmented_spots_train_e200_b10_lr0.0003_s1,?|Al_deformed_LoG_logtif.h5|30|65|895940,22,0.8794695057652213,0.7886429537426342,0.04912680903957649,0.987572355703874,0.9874055683612823,0.915171355009079,0.8884944438934326
final_20260728-073240_augmented_spots_train_e200_b10_lr0.0003_s1,?|Iron_deformed_logtif.h5|18|299|1307069,4,0.8852096796035767,0.7975949347019196,0.05427507497370243,0.9749671071767807,0.9742171913385391,0.9154672920703888,0.8884411752223969
final_20260728-073240_augmented_spots_train_e200_b10_lr0.0003_s1,?|Al_deformed_LoG_logtif.h5|17|51|763114,23,0.8898251445397086,0.8047747637914575,0.05840665879456893,0.9805189111958379,0.9795379146285679,0.9157092415768168,0.8896254777908326
final_20260728-073240_augmented_spots_train_e200_b10_lr0.0003_s1,?|Iron_deformed_logtif.h5|46|46|183492,5,0.8868507027626038,0.8081384658813476,0.055053111910820005,0.9746129274368286,0.9735105037689209,0.9158987879753113,0.876046085357666
final_20260728-073240_augmented_spots_train_e200_b10_lr0.0003_s1,?|Al_deformed_LoG_logtif.h5|18|18|337193,18,0.8777734935283661,0.7868129776583778,0.04567489731642935,0.9899145066738129,0.9883579942915175,0.9160492983129289,0.8867330133914948
final_20260728-073240_augmented_spots_train_e200_b10_lr0.0003_s1,?|Iron_deformed_logtif.h5|250|529|2345856,3,0.9067750970522562,0.8313151399294535,0.07455770671367645,0.9499921202659607,0.9481165806452433,0.9161087075869242,0.895585584640503
final_20260728-073240_augmented_spots_train_e200_b10_lr0.0003_s1,?|Iron_deformed_logtif.h5|279|279|1239202,4,0.8761220723390579,0.7849092483520508,0.04350838251411915,0.9815713763237,0.9810982197523117,0.9163068532943726,0.8829572677612305
final_20260728-073240_augmented_spots_train_e200_b10_lr0.0003_s1,?|Iron_deformed_logtif.h5|232|232|1020810,3,0.8999847173690796,0.8237115542093912,0.06682988256216049,0.9783082207043966,0.9768507480621338,0.9165774385134379,0.8875934958457947
final_20260728-073240_augmented_spots_train_e200_b10_lr0.0003_s1,?|Al_deformed_LoG_logtif.h5|14|14|188210,20,0.879205510020256,0.7883170127868653,0.045875899773091075,0.990249291062355,0.9894038081169129,0.9166648000478744,0.8886919140815734
final_20260728-073240_augmented_spots_train_e200_b10_lr0.0003_s1,?|Ti7Al_logtif.h5|192|192|64402,3,0.8816357453664144,0.803510328133901,0.046485782911380134,0.917363166809082,0.9108270804087321,0.9175750017166138,0.8844724774360657
final_20260728-073240_augmented_spots_train_e200_b10_lr0.0003_s1,?|Iron_deformed_logtif.h5|224|224|1002176,3,0.9042790333429972,0.8260195652643839,0.06905935580531757,0.9737521608670553,0.9730363488197327,0.9176098108291626,0.9131774663925171
final_20260728-073240_augmented_spots_train_e200_b10_lr0.0003_s1,?|Al_deformed_LoG_logtif.h5|22|22|390231,24,0.8841425528128942,0.7969919467965761,0.04840585729107261,0.991145538787047,0.9894611686468124,0.9178683459758759,0.8900579690933228
final_20260728-073240_augmented_spots_train_e200_b10_lr0.0003_s1,?|Iron_deformed_logtif.h5|70|351|1516103,3,0.8956091403961182,0.8146552642186483,0.05968728537360827,0.9798494974772135,0.977607786655426,0.9179609219233195,0.898735249042511
final_20260728-073240_augmented_spots_train_e200_b10_lr0.0003_s1,?|Iron_deformed_logtif.h5|152|152|607331,6,0.8822000324726105,0.7965426743030548,0.0458967424929142,0.977740486462911,0.9749675492445627,0.9181516369183859,0.8874759078025818
final_20260728-073240_augmented_spots_train_e200_b10_lr0.0003_s1,?|Ti7Al_logtif.h5|753|1735|715115,3,0.9054926633834839,0.833595335483551,0.06881261120239894,0.9547985792160034,0.9484038352966309,0.918340007464091,0.8966497182846069
final_20260728-073240_augmented_spots_train_e200_b10_lr0.0003_s1,?|Al_deformed_LoG_logtif.h5|5|5|30687,25,0.8792337560653687,0.7890958285331726,0.04226860646158457,0.9935285043716431,0.9935195350646973,0.918482575416565,0.8947828888893128
final_20260728-073240_augmented_spots_train_e200_b10_lr0.0003_s1,?|Iron_deformed_logtif.h5|272|552|2450634,7,0.8853185943194798,0.7995397278240749,0.047671447907175334,0.9910393868173871,0.9909827709197998,0.9188235487256732,0.8944543600082397
final_20260728-073240_augmented_spots_train_e200_b10_lr0.0003_s1,?|Iron_deformed_logtif.h5|129|129|446107,6,0.8956643044948578,0.8185424506664276,0.05764304722348849,0.9692200521628062,0.9681172966957092,0.9190106292565664,0.8996640145778656
final_20260728-073240_augmented_spots_train_e200_b10_lr0.0003_s1,?|Al_deformed_LoG_logtif.h5|14|48|626060,26,0.8902224692014548,0.8061956832042108,0.05181383499159263,0.9822002213734847,0.9802595583292154,0.9192043198988988,0.885791003704071
final_20260728-073240_augmented_spots_train_e200_b10_lr0.0003_s1,?|Ti7Al_logtif.h5|737|737|318628,3,0.9251104791959127,0.861797014872233,0.08642431596914928,0.8951921264330546,0.8716155489285787,0.9193430741628011,0.8854938507080078
final_20260728-073240_augmented_spots_train_e200_b10_lr0.0003_s1,?|Al_deformed_LoG_logtif.h5|20|20|362924,19,0.8892056377310502,0.8049322837277463,0.04989446131022353,0.9866466773183722,0.9863830616599635,0.9196555928180092,0.8914712905883789
final_20260728-073240_augmented_spots_train_e200_b10_lr0.0003_s1,?|Iron_deformed_logtif.h5|27|307|1314638,3,0.8816125392913818,0.7925758361816406,0.04220551128188769,0.9869084358215332,0.9862906734148661,0.9197035034497579,0.9075195908546447
final_20260728-073240_augmented_spots_train_e200_b10_lr0.0003_s1,?|Iron_deformed_logtif.h5|21|300|1307410,3,0.9041038155555725,0.8267175753911337,0.06453931052237749,0.9618130922317505,0.9583632151285807,0.919782280921936,0.891904640197754
final_20260728-073240_augmented_spots_train_e200_b10_lr0.0003_s1,?|Al_deformed_LoG_logtif.h5|7|7|54476,19,0.8851809846727472,0.7972192387831839,0.045108667525805925,0.9922968682489897,0.9917749542939035,0.9200361559265539,0.8952538251876831
final_20260728-073240_augmented_spots_train_e200_b10_lr0.0003_s1,?|Al_deformed_LoG_logtif.h5|27|27|443830,20,0.888366287946701,0.8040233731269837,0.04793294044211507,0.9906936228275299,0.9905093520879745,0.9202166765928268,0.8883079588413239
final_20260728-073240_augmented_spots_train_e200_b10_lr0.0003_s1,?|Iron_deformed_logtif.h5|53|333|1458032,4,0.9040172696113586,0.8254785686731339,0.06341654062271118,0.9783472269773483,0.9761736690998077,0.9203003793954849,0.9103817462921142
final_20260728-073240_augmented_spots_train_e200_b10_lr0.0003_s1,?|Ti7Al_logtif.h5|380|1363|531358,3,0.893615702788035,0.8093536694844564,0.052886092414458595,0.9720758398373922,0.9651375412940979,0.9203647971153259,0.9039264559745789
final_20260728-073240_augmented_spots_train_e200_b10_lr0.0003_s1,?|Iron_deformed_logtif.h5|61|61|251104,6,0.8809793790181478,0.7942803005377451,0.04010313811401526,0.9764002561569214,0.976576050122579,0.9204381207625071,0.9082447588443756
final_20260728-073240_augmented_spots_train_e200_b10_lr0.0003_s1,?|Iron_deformed_logtif.h5|17|17|67353,5,0.8898624777793884,0.8038522601127625,0.04898543283343315,0.9889770865440368,0.9886942028999328,0.9204385280609131,0.8942220091819764
final_20260728-073240_augmented_spots_train_e200_b10_lr0.0003_s1,?|Iron_deformed_logtif.h5|108|108|396384,3,0.9075088898340861,0.8359543681144714,0.0664389319717884,0.9596581061681112,0.9578641255696615,0.9205350081125895,0.8883373737335205
final_20260728-073240_augmented_spots_train_e200_b10_lr0.0003_s1,?|Ti7Al_logtif.h5|661|1643|680280,3,0.8844908078511556,0.8061073819796244,0.04340948754300674,0.8944739898045858,0.8921267986297607,0.9205406705538431,0.8846791505813598
final_20260728-073240_augmented_spots_train_e200_b10_lr0.0003_s1,?|Iron_deformed_logtif.h5|263|263|1188628,3,0.8899832169214884,0.8038534124692281,0.04869548852245013,0.9853368202845255,0.9852234522501627,0.9206438660621643,0.9141191959381103
final_20260728-073240_augmented_spots_train_e200_b10_lr0.0003_s1,?|Iron_deformed_logtif.h5|13|293|1302579,4,0.8938603550195694,0.8092561811208725,0.05219312757253647,0.9803631901741028,0.9799775332212448,0.9208336025476456,0.910116583108902
final_20260728-073240_augmented_spots_train_e200_b10_lr0.0003_s1,?|Iron_deformed_logtif.h5|235|235|1039802,3,0.8866499662399292,0.8056376775105795,0.04476058855652809,0.9738116065661112,0.9728002548217773,0.9209446708361307,0.9045917510986328
final_20260728-073240_augmented_spots_train_e200_b10_lr0.0003_s1,?|Iron_deformed_logtif.h5|230|510|2253954,4,0.8866660445928574,0.8023735731840134,0.04476730339229107,0.9358653724193573,0.9285232573747635,0.9209493696689606,0.8928476631641388
final_20260728-073240_augmented_spots_train_e200_b10_lr0.0003_s1,?|Iron_deformed_logtif.h5|249|527|2345175,4,0.9022995680570602,0.8242833912372589,0.05961379408836365,0.9706798791885376,0.969833567738533,0.9213428795337677,0.9044878840446472
final_20260728-073240_augmented_spots_train_e200_b10_lr0.0003_s1,?|Iron_deformed_logtif.h5|192|472|2026576,3,0.904604434967041,0.8321098486582438,0.06172534947594007,0.9634555578231812,0.9624175230662028,0.9214395682017008,0.8947654247283936
final_20260728-073240_augmented_spots_train_e200_b10_lr0.0003_s1,?|Iron_deformed_logtif.h5|238|518|2313516,3,0.888343095779419,0.8047554095586141,0.045376899341742195,0.994945764541626,0.9948280254999796,0.9214830994606018,0.887739622592926
final_20260728-073240_augmented_spots_train_e200_b10_lr0.0003_s1,?|Iron_deformed_logtif.h5|34|34|111384,3,0.8807218472162882,0.7930963834126791,0.03762086294591427,0.9932038187980652,0.9919956723848978,0.9215505123138428,0.9135244846343994
final_20260728-073240_augmented_spots_train_e200_b10_lr0.0003_s1,?|Iron_deformed_logtif.h5|81|362|1554017,4,0.8938897848129272,0.8120098114013672,0.05068509932607412,0.9828303158283234,0.9823568910360336,0.9216023683547974,0.9134161472320557
final_20260728-073240_augmented_spots_train_e200_b10_lr0.0003_s1,?|Iron_deformed_logtif.h5|178|458|1910882,4,0.8877254575490952,0.8039590716362,0.044472442008554935,0.9945792257785797,0.9945551007986069,0.9216265082359314,0.90884929895401
final_20260728-073240_augmented_spots_train_e200_b10_lr0.0003_s1,?|Iron_deformed_logtif.h5|144|424|1768990,4,0.9129108190536499,0.8474091738462448,0.06941418489441276,0.964682325720787,0.9626180678606033,0.9217483103275299,0.9011021912097931
final_20260728-073240_augmented_spots_train_e200_b10_lr0.0003_s1,?|Al_deformed_LoG_logtif.h5|33|67|896466,26,0.8871054236705487,0.8003515119736011,0.04358863207296683,0.9931530127158532,0.993040531873703,0.9217584018523877,0.9021442234516144
final_20260728-073240_augmented_spots_train_e200_b10_lr0.0003_s1,?|Iron_deformed_logtif.h5|2|2|12606,8,0.8900090679526329,0.8043686896562576,0.045878320932388306,0.9839783310890198,0.9833554923534393,0.9220653623342514,0.9006840288639069
final_20260728-073240_augmented_spots_train_e200_b10_lr0.0003_s1,?|Iron_deformed_logtif.h5|138|138|519077,4,0.8905642479658127,0.8090038746595383,0.046138709876686335,0.9910520166158676,0.9907910227775574,0.922212764620781,0.8889370441436768
final_20260728-073240_augmented_spots_train_e200_b10_lr0.0003_s1,?|Iron_deformed_logtif.h5|191|191|786702,8,0.9070117399096489,0.8325474634766579,0.06237895041704178,0.9794756397604942,0.9786653742194176,0.9223163947463036,0.9059311807155609
final_20260728-073240_augmented_spots_train_e200_b10_lr0.0003_s1,?|Iron_deformed_logtif.h5|103|383|1609828,5,0.9022395491600037,0.8240570425987244,0.056410306692123414,0.986922311782837,0.9865389227867126,0.9229146242141724,0.9071898937225342
final_20260728-073240_augmented_spots_train_e200_b10_lr0.0003_s1,?|Iron_deformed_logtif.h5|55|55|220305,3,0.8854299783706665,0.8002969225247701,0.03881942729155222,0.9956501523653666,0.9955940643946329,0.9233052929242452,0.9142087817192077
final_20260728-073240_augmented_spots_train_e200_b10_lr0.0003_s1,?|Iron_deformed_logtif.h5|198|478|2057750,4,0.9046401381492615,0.8274934440851212,0.05791777744889259,0.9781785905361176,0.9757690280675888,0.9233611971139908,0.9042299032211304
final_20260728-073240_augmented_spots_train_e200_b10_lr0.0003_s1,?|Iron_deformed_logtif.h5|129|409|1686682,3,0.8978125850359598,0.8156913916269938,0.050752545396486916,0.981202244758606,0.9807177384694418,0.9235300223032633,0.9130426168441772
final_20260728-073240_augmented_spots_train_e200_b10_lr0.0003_s1,?|Iron_deformed_logtif.h5|137|137|518561,5,0.8862021565437317,0.7966648459434509,0.038266509771347046,0.9856095790863038,0.9850830912590027,0.9239678382873535,0.9203546404838562
final_20260728-073240_augmented_spots_train_e200_b10_lr0.0003_s1,?|Iron_deformed_logtif.h5|85|85|315186,5,0.884679114818573,0.8004806399345398,0.036707598716020584,0.9858590841293335,0.9850341081619263,0.923985755443573,0.9019093632698059
final_20260728-073240_augmented_spots_train_e200_b10_lr0.0003_s1,?|Iron_deformed_logtif.h5|241|521|2332675,5,0.8974229574203492,0.8184526562690735,0.048623332381248476,0.9738466024398804,0.9720536828041076,0.9243998289108276,0.9071756839752197
final_20260728-073240_augmented_spots_train_e200_b10_lr0.0003_s1,?|Ti7Al_logtif.h5|561|1541|646447,3,0.9026910662651062,0.8312551577885946,0.05351454640428225,0.9522352417310079,0.9510210752487183,0.9245882431666056,0.9015076637268067
final_20260728-073240_augmented_spots_train_e200_b10_lr0.0003_s1,?|Iron_deformed_logtif.h5|174|174|668440,4,0.8993127048015594,0.8184601217508316,0.04965969827026129,0.9706279635429382,0.9684635996818542,0.9248265326023102,0.9056615829467773
final_20260728-073240_augmented_spots_train_e200_b10_lr0.0003_s1,?|Al_deformed_LoG_logtif.h5|9|43|572797,19,0.8964518904685974,0.8164639190623635,0.04607522041585885,0.9821531364792272,0.9813888198450992,0.9251883437758998,0.8893411993980408
final_20260728-073240_augmented_spots_train_e200_b10_lr0.0003_s1,?|Iron_deformed_logtif.h5|207|487|2110068,4,0.9085745513439178,0.8342405408620834,0.05810963921248913,0.982879176735878,0.9807313978672028,0.925232470035553,0.9041023433208466
final_20260728-073240_augmented_spots_train_e200_b10_lr0.0003_s1,?|Iron_deformed_logtif.h5|248|530|2345952,3,0.8782398104667664,0.7904212673505148,0.02759499102830887,0.9955836335817972,0.9954760670661926,0.925322413444519,0.9222310781478882
final_20260728-073240_augmented_spots_train_e200_b10_lr0.0003_s1,?|Iron_deformed_logtif.h5|159|159|624558,4,0.9023537337779999,0.8240034729242325,0.05120384320616722,0.9882597178220749,0.9879778027534485,0.9255749583244324,0.905947995185852
final_20260728-073240_augmented_spots_train_e200_b10_lr0.0003_s1,?|Ti7Al_logtif.h5|230|1213|471619,3,0.9064202507336935,0.8344656825065613,0.05494524476428827,0.9665364225705465,0.9639447132746378,0.9257375001907349,0.8980875849723816
final_20260728-073240_augmented_spots_train_e200_b10_lr0.0003_s1,?|Iron_deformed_logtif.h5|128|408|1686356,3,0.9205587307612101,0.8546368678410848,0.06870156899094582,0.9702327648798624,0.9700246055920919,0.925928552945455,0.9170872449874878
final_20260728-073240_augmented_spots_train_e200_b10_lr0.0003_s1,?|Iron_deformed_logtif.h5|73|73|294002,3,0.8890990018844604,0.8053944706916809,0.03683203148345152,0.9809420903523763,0.9801247318585714,0.9261334737141927,0.9142464637756348
final_20260728-073240_augmented_spots_train_e200_b10_lr0.0003_s1,?|Iron_deformed_logtif.h5|57|337|1461804,3,0.9016621112823486,0.827514668305715,0.0491535613934199,0.9913442730903625,0.9904311895370483,0.9262542724609375,0.9052083969116211
final_20260728-073240_augmented_spots_train_e200_b10_lr0.0003_s1,?|Al_deformed_LoG_logtif.h5|17|17|318986,16,0.8965990804135799,0.8163404352962971,0.04391150991432369,0.9881037995219231,0.9878551624715328,0.9263437874615192,0.8998571038246155
final_20260728-073240_augmented_spots_train_e200_b10_lr0.0003_s1,?|Al_deformed_LoG_logtif.h5|15|15|275101,28,0.9002662918397358,0.8223467192479542,0.04718677267166121,0.9907580826963697,0.9905415156057903,0.9265397616795131,0.9004423260688782
final_20260728-073240_augmented_spots_train_e200_b10_lr0.0003_s1,?|Al_deformed_LoG_logtif.h5|25|59|878905,16,0.899172805249691,0.8194082379341125,0.04561143135651946,0.990809291601181,0.9904785677790642,0.9267806820571423,0.9125266075134277
final_20260728-073240_augmented_spots_train_e200_b10_lr0.0003_s1,?|Iron_deformed_logtif.h5|91|91|323387,3,0.8976563612620035,0.8207985361417135,0.04383560145894686,0.9807146191596985,0.9780627489089966,0.92691038052241,0.8991159200668335
final_20260728-073240_augmented_spots_train_e200_b10_lr0.0003_s1,?|Al_deformed_LoG_logtif.h5|15|49|716420,28,0.8938897166933332,0.8118359872273037,0.039635047649166415,0.992953189781734,0.9927546616111483,0.927127331495285,0.8968789160251618
final_20260728-073240_augmented_spots_train_e200_b10_lr0.0003_s1,?|Iron_deformed_logtif.h5|152|432|1846281,3,0.9134934941927592,0.8420703609784445,0.05835053510963917,0.9678234656651815,0.9669204354286194,0.9275714953740438,0.9071437597274781
final_20260728-073240_augmented_spots_train_e200_b10_lr0.0003_s1,?|Iron_deformed_logtif.h5|274|274|1211311,3,0.9020568529764811,0.8234173456827799,0.04652088011304537,0.9856549898783366,0.9855331778526306,0.9277680118878683,0.9064115762710572
final_20260728-073240_augmented_spots_train_e200_b10_lr0.0003_s1,?|Iron_deformed_logtif.h5|37|317|1382409,4,0.9004447013139725,0.822333887219429,0.04461774602532387,0.9918387979269028,0.9916096776723862,0.9279134720563889,0.9013216853141784
final_20260728-073240_augmented_spots_train_e200_b10_lr0.0003_s1,?|IN718_twins_logtif.h5|692|692|58235,3,0.9495629866917928,0.911646564801534,0.09365273018678029,0.963185449441274,0.9009283781051636,0.9279551307360331,0.857674515247345
final_20260728-073240_augmented_spots_train_e200_b10_lr0.0003_s1,?|Iron_deformed_logtif.h5|30|310|1320109,5,0.8900907635688782,0.8137522339820862,0.03391294814646244,0.9607911229133606,0.9585512042045593,0.928088903427124,0.9070391178131103
final_20260728-073240_augmented_spots_train_e200_b10_lr0.0003_s1,?|Iron_deformed_logtif.h5|276|556|2461082,3,0.8990441163380941,0.8181473612785339,0.04273111124833425,0.9892644683519999,0.9892347653706869,0.9281564950942993,0.926816749572754
final_20260728-073240_augmented_spots_train_e200_b10_lr0.0003_s1,?|Iron_deformed_logtif.h5|190|190|785959,3,0.9093752106030782,0.8367379109064738,0.05303786074121793,0.9824251333872477,0.9822918574015299,0.9281686743100485,0.9065407156944275
final_20260728-073240_augmented_spots_train_e200_b10_lr0.0003_s1,?|Iron_deformed_logtif.h5|116|396|1643737,4,0.9112762808799744,0.8405023962259293,0.05490690190345049,0.9861217588186264,0.9859425872564316,0.9281846880912781,0.9182489693164826
final_20260728-073240_augmented_spots_train_e200_b10_lr0.0003_s1,?|Al_deformed_LoG_logtif.h5|33|33|445437,25,0.8952667570114136,0.8147011637687683,0.03871658992022276,0.9926262044906616,0.9924479389190674,0.928275089263916,0.8976523041725158
final_20260728-073240_augmented_spots_train_e200_b10_lr0.0003_s1,?|Ti7Al_logtif.h5|485|485|220991,3,0.8792564471562704,0.7883049448331197,0.02243592714269956,0.9720222552617391,0.9715661406517029,0.9284102916717529,0.9198016166687012
final_20260728-073240_augmented_spots_train_e200_b10_lr0.0003_s1,?|IN718_twins_logtif.h5|333|333|29388,3,0.9258677760759989,0.8771163622538248,0.06880118449529012,0.9637438654899597,0.9311893582344055,0.9285333156585693,0.8564324259757996
final_20260728-073240_augmented_spots_train_e200_b10_lr0.0003_s1,?|Iron_deformed_logtif.h5|39|39|143519,5,0.9125751495361328,0.8407114386558533,0.05524727143347263,0.9811953663825989,0.9806414723396302,0.9286639451980591,0.9024290323257447
final_20260728-073240_augmented_spots_train_e200_b10_lr0.0003_s1,?|Iron_deformed_logtif.h5|56|56|220626,3,0.9045513073603312,0.8272290428479513,0.04649547984202703,0.9919432401657104,0.9917508562405905,0.9290279150009155,0.922620153427124
final_20260728-073240_augmented_spots_train_e200_b10_lr0.0003_s1,?|Iron_logtif.h5|1800|1800|157572,3,0.8971287210782369,0.8168566028277079,0.038759153336286545,0.9776733915011088,0.9776394764582316,0.9291847745577494,0.9221311330795288
final_20260728-073240_augmented_spots_train_e200_b10_lr0.0003_s1,?|Ti7Al_logtif.h5|306|1288|501063,4,0.898777961730957,0.8357143998146057,0.039056900423020124,0.9776524603366852,0.9770366549491882,0.9298605173826218,0.8723707258701324
final_20260728-073240_augmented_spots_train_e200_b10_lr0.0003_s1,?|Al_deformed_LoG_logtif.h5|11|11|167555,19,0.9058384738470379,0.8347694215021635,0.04489540936131226,0.9773889905528018,0.9739185069736681,0.9304715332232023,0.9255439519882203
final_20260728-073240_augmented_spots_train_e200_b10_lr0.0003_s1,?|Iron_deformed_logtif.h5|93|373|1573666,4,0.9005821645259857,0.8232972770929337,0.039141902700066566,0.9800808876752853,0.9795142710208893,0.9307201355695724,0.9088762164115906
final_20260728-073240_augmented_spots_train_e200_b10_lr0.0003_s1,?|Al_deformed_LoG_logtif.h5|19|53|795248,19,0.9037250813684965,0.8282520990622672,0.042238203808665276,0.9923899707041288,0.992245614528656,0.9307434370643214,0.9034700989723206
final_20260728-073240_augmented_spots_train_e200_b10_lr0.0003_s1,?|Iron_deformed_logtif.h5|196|476|2048948,3,0.9074989954630533,0.8407534956932068,0.04552308345834414,0.9414050579071045,0.9413484732309977,0.9309879342714945,0.9019005537033081
final_20260728-073240_augmented_spots_train_e200_b10_lr0.0003_s1,?|Iron_deformed_logtif.h5|92|372|1572842,4,0.9144029766321182,0.8445482701063156,0.052154939621686935,0.9899459630250931,0.989362433552742,0.9311240166425705,0.9075823605060578
final_20260728-073240_augmented_spots_train_e200_b10_lr0.0003_s1,?|Iron_deformed_logtif.h5|176|176|671863,7,0.9124469075884137,0.8415375096457345,0.05004898511937687,0.9875551462173462,0.9873105883598328,0.9311989716121128,0.9081615209579468
final_20260728-073240_augmented_spots_train_e200_b10_lr0.0003_s1,?|Iron_deformed_logtif.h5|111|111|397455,4,0.9159938544034958,0.847639337182045,0.05336018558591604,0.9674533754587173,0.9670184850692749,0.9313168376684189,0.9065262317657471
final_20260728-073240_augmented_spots_train_e200_b10_lr0.0003_s1,?|Al_deformed_LoG_logtif.h5|32|32|445244,19,0.9121098173292059,0.8416936679890281,0.04946068644915756,0.9877594489800302,0.9870833911393818,0.9313245760767084,0.9095086097717285
final_20260728-073240_augmented_spots_train_e200_b10_lr0.0003_s1,?|Ti7Al_logtif.h5|689|689|304122,3,0.8998644749323527,0.842317541440328,0.03679780475795269,0.9618947505950928,0.9487244884173075,0.9315333366394043,0.8961522221565247
final_20260728-073240_augmented_spots_train_e200_b10_lr0.0003_s1,?|Iron_deformed_logtif.h5|248|248|1106248,3,0.9050578474998474,0.8309625585873922,0.041777400920788445,0.9783239165941874,0.9772674640019735,0.9316402276357015,0.9191957473754883
final_20260728-073240_augmented_spots_train_e200_b10_lr0.0003_s1,?|Iron_deformed_logtif.h5|270|550|2449837,5,0.9240344524383545,0.8609784841537476,0.06049081087112427,0.9690579533576965,0.9680810570716858,0.9317718029022217,0.9138251423835755
final_20260728-073240_augmented_spots_train_e200_b10_lr0.0003_s1,?|Iron_deformed_logtif.h5|274|554|2452789,4,0.9038447737693787,0.8269609808921814,0.039889848325401545,0.9868741482496262,0.9858683198690414,0.9319774657487869,0.9227256298065185
final_20260728-073240_augmented_spots_train_e200_b10_lr0.0003_s1,?|Iron_deformed_logtif.h5|194|474|2027962,3,0.9034029245376587,0.8243834972381592,0.03914829219381014,0.9919462005297343,0.9917783141136169,0.9321273366610209,0.9289501547813416
final_20260728-073240_augmented_spots_train_e200_b10_lr0.0003_s1,?|Ti7Al_logtif.h5|278|278|106292,4,0.888394370675087,0.8182651102542877,0.02408774010837078,0.9855964928865433,0.9759123474359512,0.9321533143520355,0.901854932308197
final_20260728-073240_augmented_spots_train_e200_b10_lr0.0003_s1,?|Iron_deformed_logtif.h5|184|184|749244,3,0.8997320731480917,0.8231254617373148,0.035106188928087555,0.992368241151174,0.9920301636060079,0.9323129455248514,0.9050261735916137
final_20260728-073240_augmented_spots_train_e200_b10_lr0.0003_s1,?|Iron_deformed_logtif.h5|187|187|782942,3,0.91769411166509,0.8483182191848755,0.05277691533168157,0.9868355592091879,0.9866086641947428,0.9324585596720377,0.9298949003219604
final_20260728-073240_augmented_spots_train_e200_b10_lr0.0003_s1,?|Ti7Al_logtif.h5|726|726|314065,4,0.9112835228443146,0.8378727734088898,0.04625450260937214,0.9774815887212753,0.977289006114006,0.9325145334005356,0.924026370048523
final_20260728-073240_augmented_spots_train_e200_b10_lr0.0003_s1,?|Ti7Al_logtif.h5|907|907|360786,3,0.9114445646603903,0.8422436714172363,0.04580307751893997,0.9395993749300638,0.9372391303380331,0.932820737361908,0.9147824048995972
final_20260728-073240_augmented_spots_train_e200_b10_lr0.0003_s1,?|Iron_deformed_logtif.h5|278|278|1238536,5,0.9140197038650513,0.8432674169540405,0.048167772591114044,0.9742968201637268,0.9740360736846924,0.9329259634017945,0.9062559604644775
final_20260728-073240_augmented_spots_train_e200_b10_lr0.0003_s1,?|Ti7Al_logtif.h5|725|1707|707156,3,0.8928389151891073,0.817521850268046,0.026815939073761303,0.982295552889506,0.9815576076507568,0.9330114920934042,0.9159046888351441
final_20260728-073240_augmented_spots_train_e200_b10_lr0.0003_s1,?|Iron_deformed_logtif.h5|229|509|2250437,3,0.9076177279154459,0.8338104883829752,0.04096284260352453,0.9942646026611328,0.994058350721995,0.9333274563153585,0.927587366104126
final_20260728-073240_augmented_spots_train_e200_b10_lr0.0003_s1,?|Iron_deformed_logtif.h5|275|275|1215260,3,0.9121203025182089,0.839525838692983,0.04533854002753893,0.9886118570963541,0.9885684251785278,0.9333908955256144,0.9261476278305054
final_20260728-073240_augmented_spots_train_e200_b10_lr0.0003_s1,?|Iron_deformed_logtif.h5|234|514|2272117,3,0.9104248285293579,0.8424950838088989,0.04363144810001055,0.9879450599352518,0.9877491394678751,0.9333967169125875,0.9150536298751831
final_20260728-073240_augmented_spots_train_e200_b10_lr0.0003_s1,?|Iron_deformed_logtif.h5|270|270|1208200,4,0.9213128685951233,0.8571506142616272,0.05430253688246012,0.981376513838768,0.9803286492824554,0.9335051476955414,0.9188987970352173
final_20260728-073240_augmented_spots_train_e200_b10_lr0.0003_s1,?|Al_deformed_LoG_logtif.h5|9|9|125856,30,0.9093499282995859,0.8365218500296275,0.04128294102847576,0.9925925234953562,0.9923580328623454,0.9340334951877594,0.9055555641651154
final_20260728-073240_augmented_spots_train_e200_b10_lr0.0003_s1,?|Ti7Al_logtif.h5|587|1569|653866,3,0.9191118478775024,0.8566733598709106,0.050998172412316,0.9624282121658325,0.9617588321367899,0.934056838353475,0.911854374408722
final_20260728-073240_augmented_spots_train_e200_b10_lr0.0003_s1,?|Ti7Al_logtif.h5|868|868|355427,3,0.923693577448527,0.860667904218038,0.05504211659232775,0.9752519726753235,0.9743062853813171,0.9343257347742716,0.9206039667129516
final_20260728-073240_augmented_spots_train_e200_b10_lr0.0003_s1,?|Iron_deformed_logtif.h5|215|495|2158392,3,0.915718674659729,0.8458147843678793,0.04584101463357607,0.9908412297566732,0.9907204508781433,0.9349388281504313,0.9243227005004883
final_20260728-073240_augmented_spots_train_e200_b10_lr0.0003_s1,?|Iron_deformed_logtif.h5|114|394|1643007,3,0.9209667245546976,0.8547158241271973,0.05060227091113726,0.9897431333859762,0.9895766377449036,0.9351822336514791,0.9262728333473206
final_20260728-073240_augmented_spots_train_e200_b10_lr0.0003_s1,?|Ti7Al_logtif.h5|735|735|318417,3,0.9244325558344523,0.8610931833585104,0.05398000404238701,0.9803437193234762,0.9801750779151917,0.935226301352183,0.9263423681259155
final_20260728-073240_augmented_spots_train_e200_b10_lr0.0003_s1,?|Iron_deformed_logtif.h5|195|195|807221,3,0.9182184537251791,0.8508853316307068,0.04761251683036486,0.9881954391797384,0.9877331654230753,0.9353029727935791,0.9183620333671569
final_20260728-073240_augmented_spots_train_e200_b10_lr0.0003_s1,?|Iron_deformed_logtif.h5|131|131|446796,4,0.9189294725656509,0.852465882897377,0.048202333971858025,0.9715712815523148,0.9627692103385925,0.9353635758161545,0.9123146951198577
final_20260728-073240_augmented_spots_train_e200_b10_lr0.0003_s1,?|Al_deformed_LoG_logtif.h5|24|58|878465,20,0.915400093793869,0.8461652845144272,0.0445326735265553,0.9939085721969605,0.993765515089035,0.9354337126016616,0.9223653554916382
final_20260728-073240_augmented_spots_train_e200_b10_lr0.0003_s1,?|Iron_deformed_logtif.h5|187|467|2022761,4,0.9213519096374512,0.8565228283405304,0.05038835387676954,0.9869477897882462,0.9867396801710129,0.9354817867279053,0.9197649717330932
final_20260728-073240_augmented_spots_train_e200_b10_lr0.0003_s1,?|Iron_deformed_logtif.h5|11|291|1277433,3,0.9145694375038147,0.8440838853518168,0.043344222009181976,0.9931153655052185,0.9930323958396912,0.9356126189231873,0.9247193813323975
final_20260728-073240_augmented_spots_train_e200_b10_lr0.0003_s1,?|Iron_deformed_logtif.h5|228|228|1010103,3,0.9169994990030924,0.8495941559473673,0.0456683449447155,0.9910333156585693,0.9910528063774109,0.9356655875841776,0.9082599878311157
final_20260728-073240_augmented_spots_train_e200_b10_lr0.0003_s1,?|Ti7Al_logtif.h5|765|1748|716846,3,0.9136592547098795,0.8454106251398722,0.042044890423615776,0.892481803894043,0.8855172594388326,0.9358071883519491,0.9255604028701783
final_20260728-073240_augmented_spots_train_e200_b10_lr0.0003_s1,?|Iron_deformed_logtif.h5|257|537|2399113,3,0.9183806379636129,0.8498751521110535,0.046682277073462806,0.9837435086568197,0.983684221903483,0.9358491897583008,0.9291512370109558
final_20260728-073240_augmented_spots_train_e200_b10_lr0.0003_s1,?|Iron_deformed_logtif.h5|243|243|1093956,4,0.917551264166832,0.8492084592580795,0.044977568089962006,0.9670904725790024,0.9658948928117752,0.9362868666648865,0.9107396543025971
final_20260728-073240_augmented_spots_train_e200_b10_lr0.0003_s1,?|Iron_deformed_logtif.h5|241|241|1093313,4,0.91940538585186,0.8515371978282928,0.04668122623115778,0.9799023121595383,0.9793956130743027,0.9363620579242706,0.9285775482654571
final_20260728-073240_augmented_spots_train_e200_b10_lr0.0003_s1,?|Al_deformed_LoG_logtif.h5|24|24|428139,22,0.9099850275299766,0.8377447941086509,0.03677820075641979,0.9955193183638833,0.9954745254733346,0.9366034160960804,0.9136029660701752
final_20260728-073240_augmented_spots_train_e200_b10_lr0.0003_s1,?|Ti7Al_logtif.h5|317|317|115086,3,0.9175895651181539,0.8525227705637614,0.04398686687151591,0.9726743698120117,0.9722997744878134,0.9368013342221578,0.9321723580360413
final_20260728-073240_augmented_spots_train_e200_b10_lr0.0003_s1,?|Ti7Al_logtif.h5|674|1655|690234,3,0.9114283720652262,0.8443758686383566,0.03781034052371979,0.9809045394261678,0.980273167292277,0.9368090232213339,0.9246493577957153
final_20260728-073240_augmented_spots_train_e200_b10_lr0.0003_s1,?|Al_deformed_LoG_logtif.h5|4|4|23047,17,0.9161959430750679,0.8484301532016081,0.04162857440464637,0.990466948817758,0.9894691881011514,0.9372836982502657,0.9107407093048095
final_20260728-073240_augmented_spots_train_e200_b10_lr0.0003_s1,?|Iron_deformed_logtif.h5|65|65|262514,3,0.9195601542790731,0.8542037804921468,0.04465300589799881,0.98762313524882,0.9871989289919535,0.9374535878499349,0.9194951534271241
final_20260728-073240_augmented_spots_train_e200_b10_lr0.0003_s1,?|Ti7Al_logtif.h5|278|1260|494692,3,0.91060737768809,0.8417397737503052,0.03514249622821808,0.9641456206639608,0.9627042015393575,0.9377324382464091,0.9204382300376892
final_20260728-073240_augmented_spots_train_e200_b10_lr0.0003_s1,?|Ti7Al_logtif.h5|9|9|1561,4,0.9121463596820831,0.8445475101470947,0.03574754623696208,0.973524734377861,0.9702866971492767,0.9381994009017944,0.9205862164497376
final_20260728-073240_augmented_spots_train_e200_b10_lr0.0003_s1,?|Al_deformed_LoG_logtif.h5|32|64|895895,23,0.9205172554306362,0.8538387936094533,0.04368505618818428,0.9915573130483213,0.9913676121960515,0.9384160922921222,0.9301264524459839
final_20260728-073240_augmented_spots_train_e200_b10_lr0.0003_s1,?|Al_deformed_LoG_logtif.h5|12|46|607012,28,0.9160809623343604,0.8489667411361422,0.03863382139908416,0.9936475328036717,0.9935804413897651,0.9387235684054238,0.9202105283737183
final_20260728-073240_augmented_spots_train_e200_b10_lr0.0003_s1,?|Al_deformed_LoG_logtif.h5|25|25|428596,12,0.9182006418704987,0.8514275451501211,0.040505474588523306,0.9923409620920817,0.9922105520963669,0.9388475914796194,0.9083168625831604
final_20260728-073240_augmented_spots_train_e200_b10_lr0.0003_s1,?|Iron_deformed_logtif.h5|167|167|658994,3,0.9063219229380289,0.8330746491750082,0.028540712781250477,0.9875870943069458,0.9828490018844604,0.9388905962308248,0.9063375115394592
final_20260728-073240_augmented_spots_train_e200_b10_lr0.0003_s1,?|Al_deformed_LoG_logtif.h5|16|50|760193,17,0.9108589081203237,0.839987130726085,0.03300455092068981,0.9947639142765718,0.9946840650895062,0.9389271771206575,0.9202821016311645
final_20260728-073240_augmented_spots_train_e200_b10_lr0.0003_s1,?|Ti7Al_logtif.h5|273|273|104028,4,0.9137313663959503,0.8434709161520004,0.03544242028146982,0.9858869314193726,0.9858376532793045,0.9391444772481918,0.9196950852870941
final_20260728-073240_augmented_spots_train_e200_b10_lr0.0003_s1,?|Iron_deformed_logtif.h5|161|441|1867701,4,0.9254681169986725,0.8651074022054672,0.04697876702994108,0.9635349810123444,0.9629347771406174,0.9392446726560593,0.9247476994991303
final_20260728-073240_augmented_spots_train_e200_b10_lr0.0003_s1,?|Ti7Al_logtif.h5|331|331|117248,3,0.9191927313804626,0.8532459338506063,0.040536801951626934,0.958813468615214,0.9584674636522929,0.9393279552459717,0.9287883758544921
final_20260728-073240_augmented_spots_train_e200_b10_lr0.0003_s1,?|Iron_deformed_logtif.h5|162|442|1877566,3,0.9044970273971558,0.830565333366394,0.02579912543296814,0.9927149216334025,0.9927057425181071,0.9393489559491476,0.9267305254936218
final_20260728-073240_augmented_spots_train_e200_b10_lr0.0003_s1,?|Al_deformed_LoG_logtif.h5|16|16|316744,25,0.9165800642967225,0.8484759187698364,0.03784453898668289,0.9907184028625489,0.9904168438911438,0.9393677568435669,0.9177612900733948
final_20260728-073240_augmented_spots_train_e200_b10_lr0.0003_s1,?|Iron_deformed_logtif.h5|105|105|380792,4,0.9256389439105988,0.8645993620157242,0.04621865972876549,0.9709606170654297,0.9616408944129944,0.9397101402282715,0.9154860317707062
final_20260728-073240_augmented_spots_train_e200_b10_lr0.0003_s1,?|Al_deformed_LoG_logtif.h5|10|10|167252,17,0.9318925738334656,0.8747814332737642,0.05158805726643871,0.9803325814359328,0.9798573430846719,0.9401522699524375,0.9231547594070435
final_20260728-073240_augmented_spots_train_e200_b10_lr0.0003_s1,?|Ti7Al_logtif.h5|125|125|38081,3,0.9186245997746786,0.8546580870946249,0.037397539243102074,0.9770254691441854,0.9688547849655151,0.9406135479609171,0.9278451919555664
final_20260728-073240_augmented_spots_train_e200_b10_lr0.0003_s1,?|Al_deformed_LoG_logtif.h5|4|38|471881,23,0.9222432763680167,0.857636052629222,0.040600384545067085,0.9854566403057264,0.9847686083420463,0.9408214532810709,0.9278209328651428
final_20260728-073240_augmented_spots_train_e200_b10_lr0.0003_s1,?|Ti7Al_logtif.h5|800|1782|729836,3,0.9060985843340555,0.8323333462079366,0.02409098483622074,0.9502119223276774,0.9474895199139913,0.9410038193066915,0.9310736298561096
final_20260728-073240_augmented_spots_train_e200_b10_lr0.0003_s1,?|Iron_deformed_logtif.h5|123|123|415378,4,0.9331329762935638,0.8766686022281647,0.050888288766145706,0.9705687165260315,0.970371425151825,0.941122367978096,0.9206820785999298
final_20260728-073240_augmented_spots_train_e200_b10_lr0.0003_s1,?|Iron_deformed_logtif.h5|41|321|1394494,4,0.9379932731389999,0.884987086057663,0.05552047025412321,0.9848106205463409,0.9844231158494949,0.9412363916635513,0.9227142333984375
final_20260728-073240_augmented_spots_train_e200_b10_lr0.0003_s1,?|Iron_deformed_logtif.h5|101|101|361413,5,0.930902111530304,0.8737993240356445,0.04798429608345032,0.9873441338539124,0.9871654152870178,0.9414588928222656,0.9215925455093383
final_20260728-073240_augmented_spots_train_e200_b10_lr0.0003_s1,?|Al_deformed_LoG_logtif.h5|10|44|606472,28,0.9277792274951935,0.8672360415969577,0.04440276457795075,0.989828001175608,0.9893217512539455,0.9416882353169578,0.9220268607139588
final_20260728-073240_augmented_spots_train_e200_b10_lr0.0003_s1,?|Iron_deformed_logtif.h5|9|289|1260309,3,0.9227543671925863,0.8591977953910828,0.03911102811495463,0.9907760222752889,0.9906140367190043,0.9418216546376547,0.9272641897201538
final_20260728-073240_augmented_spots_train_e200_b10_lr0.0003_s1,?|Iron_deformed_logtif.h5|131|411|1687350,7,0.9317473087991986,0.873275910105024,0.04757597190993173,0.9879990134920392,0.9875517402376447,0.9420856663158962,0.9295745372772217
final_20260728-073240_augmented_spots_train_e200_b10_lr0.0003_s1,?|Iron_deformed_logtif.h5|100|100|360369,4,0.9395504146814346,0.8883611410856247,0.05513523332774639,0.9856730699539185,0.9837358146905899,0.9422075748443604,0.9133700013160706
final_20260728-073240_augmented_spots_train_e200_b10_lr0.0003_s1,?|Ti7Al_logtif.h5|936|1918|774149,3,0.931049664815267,0.8737998604774475,0.04626244989534219,0.9456070264180502,0.9435034195582072,0.9423936009407043,0.9358387470245362
final_20260728-073240_augmented_spots_train_e200_b10_lr0.0003_s1,?|Al_deformed_LoG_logtif.h5|11|45|606718,21,0.9276134825888134,0.867465805439722,0.04243523467864309,0.9901695421763829,0.9898617494673956,0.9425891212054661,0.925888180732727
final_20260728-073240_augmented_spots_train_e200_b10_lr0.0003_s1,?|Iron_deformed_logtif.h5|67|67|264081,3,0.9277440309524536,0.8686279058456421,0.04141999905308088,0.9941492875417074,0.9940503636995951,0.9431620041529337,0.926289701461792
final_20260728-073240_augmented_spots_train_e200_b10_lr0.0003_s1,?|Iron_deformed_logtif.h5|128|128|445774,4,0.9363735318183899,0.8819830864667892,0.04978634789586067,0.9898248612880707,0.9897205233573914,0.9432936012744904,0.9240536212921142
final_20260728-073240_augmented_spots_train_e200_b10_lr0.0003_s1,?|Ti7Al_logtif.h5|502|502|226160,3,0.9258947968482971,0.8642832438151041,0.03867001955707868,0.9816922744115194,0.9813820123672485,0.9436123768488566,0.9374720811843872
final_20260728-073240_augmented_spots_train_e200_b10_lr0.0003_s1,?|Ti7Al_logtif.h5|785|1767|720185,3,0.9164850910504659,0.8502390185991923,0.027963825191060703,0.9830016692479452,0.9822292725245158,0.9442606369654337,0.9269516468048096
final_20260728-073240_augmented_spots_train_e200_b10_lr0.0003_s1,?|Ti7Al_logtif.h5|1|983|386483,3,0.9255330959955851,0.866816500822703,0.036603170136610665,0.9311266541481018,0.9285926222801208,0.9444649815559387,0.9298932790756226
final_20260728-073240_augmented_spots_train_e200_b10_lr0.0003_s1,?|Al_segvol.h5|2597|2597|14315,3,0.9346222678820292,0.8794002135594686,0.04553434749444326,0.9919858574867249,0.9916865825653076,0.9445439775784811,0.9419268131256103
final_20260728-073240_augmented_spots_train_e200_b10_lr0.0003_s1,?|Ti7Al_logtif.h5|81|1063|411051,5,0.9392637014389038,0.8900653481483459,0.04998868890106678,0.9727069735527039,0.9722650647163391,0.9446375131607055,0.9265162110328674
final_20260728-073240_augmented_spots_train_e200_b10_lr0.0003_s1,?|Iron_deformed_logtif.h5|242|242|1093635,4,0.9226281195878983,0.8573120683431625,0.03300078772008419,0.993287056684494,0.9929346144199371,0.944813683629036,0.9353683054447174
final_20260728-073240_augmented_spots_train_e200_b10_lr0.0003_s1,?|Al_deformed_LoG_logtif.h5|3|37|469193,18,0.927180098162757,0.8663181596332126,0.03749131297485696,0.9920239978366427,0.9919301668802897,0.9448443982336256,0.9295980274677277
final_20260728-073240_augmented_spots_train_e200_b10_lr0.0003_s1,?|Iron_deformed_logtif.h5|144|144|528465,3,0.9241279363632202,0.8641795516014099,0.03346529727180799,0.9885988235473633,0.988139271736145,0.945331335067749,0.9408636450767517
final_20260728-073240_augmented_spots_train_e200_b10_lr0.0003_s1,?|Iron_deformed_logtif.h5|95|95|333463,3,0.93218594789505,0.8737305601437887,0.04145079478621483,0.9850443800290426,0.984076996644338,0.9453675548235575,0.9408819913864136
final_20260728-073240_augmented_spots_train_e200_b10_lr0.0003_s1,?|Ti7Al_logtif.h5|711|711|309821,3,0.9270881215731303,0.8684624036153158,0.03618327031532923,0.9890444080034891,0.9884865681330363,0.9454524318377177,0.9227147579193116
final_20260728-073240_augmented_spots_train_e200_b10_lr0.0003_s1,?|Ti7Al_logtif.h5|110|110|32103,5,0.9356574535369873,0.8844014406204224,0.04449803754687309,0.9642052412033081,0.9583104848861694,0.9455797076225281,0.9313208341598511
final_20260728-073240_augmented_spots_train_e200_b10_lr0.0003_s1,?|Ti7Al_logtif.h5|592|1574|655769,3,0.9224343697230021,0.8593523104985555,0.03073435090482235,0.9768428405125936,0.9748213092486063,0.9458499948183695,0.9334075093269348
final_20260728-073240_augmented_spots_train_e200_b10_lr0.0003_s1,?|Ti7Al_logtif.h5|579|579|259870,3,0.9250795642534891,0.8635818958282471,0.033258035158117615,0.9825526277224222,0.9821625550587972,0.9459107518196106,0.9379732370376587
final_20260728-073240_augmented_spots_train_e200_b10_lr0.0003_s1,?|Al_deformed_LoG_logtif.h5|12|12|167848,21,0.9361087963694618,0.881408467179253,0.04236662875683535,0.9857331485975356,0.9855446219444275,0.9468710876646496,0.9360519647598267
final_20260728-073240_augmented_spots_train_e200_b10_lr0.0003_s1,?|Iron_deformed_logtif.h5|89|89|322664,5,0.941036856174469,0.8896875977516174,0.04687214270234108,0.9893664479255676,0.989231538772583,0.9470823526382446,0.9357565641403198
final_20260728-073240_augmented_spots_train_e200_b10_lr0.0003_s1,?|Ti7Al_logtif.h5|372|372|143345,3,0.9235817193984985,0.8602664868036906,0.0288405604660511,0.9895393252372742,0.9817875822385153,0.9473705689112345,0.9359138369560241
final_20260728-073240_augmented_spots_train_e200_b10_lr0.0003_s1,?|Iron_deformed_logtif.h5|123|403|1657222,3,0.933573047320048,0.8778067827224731,0.038230725874503456,0.9700528383255005,0.969869077205658,0.9476711551348368,0.9393565893173218
final_20260728-073240_augmented_spots_train_e200_b10_lr0.0003_s1,?|Al_deformed_LoG_logtif.h5|3|3|20806,16,0.9288578927516937,0.8694146163761616,0.03287809935864061,0.9911386668682098,0.9883253797888756,0.9479899108409882,0.9304130673408508
final_20260728-073240_augmented_spots_train_e200_b10_lr0.0003_s1,?|Ti7Al_logtif.h5|67|67|19272,4,0.9364310801029205,0.8827746212482452,0.03631169721484184,0.9845277220010757,0.9830095320940018,0.9500596970319748,0.9422291696071625
final_20260728-073240_augmented_spots_train_e200_b10_lr0.0003_s1,?|Ti7Al_logtif.h5|89|89|24821,3,0.9384851455688477,0.887804647286733,0.03809631740053495,0.9696134726206461,0.9693709214528402,0.9501944184303284,0.9381912469863891
final_20260728-073240_augmented_spots_train_e200_b10_lr0.0003_s1,?|Iron_deformed_logtif.h5|105|385|1622522,3,0.9205805659294128,0.8567833105723063,0.01976679265499115,0.9955012202262878,0.9951671163241068,0.9504068692525228,0.943004024028778
final_20260728-073240_augmented_spots_train_e200_b10_lr0.0003_s1,?|Ti7Al_logtif.h5|763|1744|716641,3,0.9281926353772482,0.8667428294817606,0.027185690278808277,0.9962473710378011,0.995952328046163,0.9505034883817037,0.9447181701660157
final_20260728-073240_augmented_spots_train_e200_b10_lr0.0003_s1,?|Al_deformed_LoG_logtif.h5|26|60|891702,23,0.9403339132018711,0.8939402803130772,0.038563410306106445,0.9792464867882107,0.9760929371999658,0.9508852569953256,0.9422793865203858
final_20260728-073240_augmented_spots_train_e200_b10_lr0.0003_s1,?|Ti7Al_logtif.h5|120|1102|427246,3,0.9394133885701498,0.8872678478558859,0.03570596252878507,0.9930830001831055,0.9929635326067606,0.9518537322680155,0.9470460176467895
final_20260728-073240_augmented_spots_train_e200_b10_lr0.0003_s1,?|Iron_deformed_logtif.h5|80|360|1553237,3,0.9425368507703146,0.8919800718625387,0.03801351288954417,0.9928222497304281,0.9923548102378845,0.9522616465886434,0.9413193345069886
final_20260728-073240_augmented_spots_train_e200_b10_lr0.0003_s1,?|Ti7Al_logtif.h5|867|1849|749230,3,0.9429579973220825,0.8950716455777487,0.038192108273506165,0.9895914395650228,0.9893265962600708,0.9523829420407613,0.943505048751831
final_20260728-073240_augmented_spots_train_e200_b10_lr0.0003_s1,?|Ti7Al_logtif.h5|900|1881|752712,3,0.9330489834149679,0.8781256079673767,0.02804122616847356,0.9810483058293661,0.9798528750737509,0.9525038997332255,0.9406690120697021
final_20260728-073240_augmented_spots_train_e200_b10_lr0.0003_s1,?|Iron_deformed_logtif.h5|117|397|1649342,3,0.9332641959190369,0.8756852746009827,0.026713478068510692,0.994171659151713,0.9939612944920858,0.9532753427823385,0.9438702225685119
final_20260728-073240_augmented_spots_train_e200_b10_lr0.0003_s1,?|Ti7Al_logtif.h5|458|1440|597994,4,0.9350985735654831,0.8847667425870895,0.027801191434264183,0.9904367178678513,0.9898973405361176,0.9536487013101578,0.9336955130100251
final_20260728-073240_augmented_spots_train_e200_b10_lr0.0003_s1,?|Al_deformed_LoG_logtif.h5|0|0|14345,21,0.9309279521306356,0.8766806324323019,0.0221235699330767,0.9943134217035203,0.9932126715069726,0.9544021884600321,0.9258823394775391
final_20260728-073240_augmented_spots_train_e200_b10_lr0.0003_s1,?|Al_big_grains_logtif.h5|1987|6931|214006,3,0.9376920660336813,0.8926114042599996,0.028674036264419556,0.9942097067832947,0.9941803415616354,0.9545089999834696,0.9339975595474244
final_20260728-073240_augmented_spots_train_e200_b10_lr0.0003_s1,?|Ti7Al_logtif.h5|615|615|277544,3,0.927372952302297,0.8703000148137411,0.01783629631002744,0.9583743413289388,0.9582850138346354,0.9547683397928873,0.9389167547225952
final_20260728-073240_augmented_spots_train_e200_b10_lr0.0003_s1,?|Ti7Al_logtif.h5|39|39|12402,3,0.9314072132110596,0.8732853531837463,0.021679716805617016,0.9570532242457072,0.9550721049308777,0.9548637469609579,0.947247314453125
final_20260728-073240_augmented_spots_train_e200_b10_lr0.0003_s1,?|Al_big_grains_logtif.h5|481|5423|169747,3,0.9665154814720154,0.9353217482566833,0.0559917918095986,0.9774851401646932,0.97693399588267,0.9552618463834127,0.9425824522972107
final_20260728-073240_augmented_spots_train_e200_b10_lr0.0003_s1,?|Ti7Al_logtif.h5|134|1116|428768,3,0.9422879219055176,0.8931053479512533,0.030518800020217896,0.9929987986882528,0.9929530024528503,0.9558845559755961,0.9493838310241699
final_20260728-073240_augmented_spots_train_e200_b10_lr0.0003_s1,?|Iron_deformed_logtif.h5|193|473|2027590,3,0.9462140997250875,0.898716390132904,0.033645366628964744,0.995603064695994,0.9956288735071818,0.9562843839327494,0.9516460657119751
final_20260728-073240_augmented_spots_train_e200_b10_lr0.0003_s1,?|IN718_twins_logtif.h5|703|2081|178440,3,0.9833322962125143,0.9675844510396322,0.07070217654109001,0.9732562899589539,0.9689446489016215,0.9563150803248087,0.9315527677536011
final_20260728-073240_augmented_spots_train_e200_b10_lr0.0003_s1,?|IN718_twins_logtif.h5|518|1895|162872,3,0.9822465380032858,0.9654803474744161,0.06803494753936927,0.9717401663462321,0.9674495657285055,0.957105795542399,0.9319270849227905
final_20260728-073240_augmented_spots_train_e200_b10_lr0.0003_s1,?|Al_big_grains_logtif.h5|1823|6767|209024,3,0.9502990245819092,0.9075682957967123,0.03371250070631504,0.9920574426651001,0.9917773604393005,0.9582932392756144,0.947995638847351
final_20260728-073240_augmented_spots_train_e200_b10_lr0.0003_s1,?|Ti7Al_logtif.h5|846|1828|745292,3,0.9566003680229187,0.9173130591710409,0.03983995566765467,0.9902222553888956,0.9897770881652832,0.9583801825841268,0.9491890907287598
final_20260728-073240_augmented_spots_train_e200_b10_lr0.0003_s1,?|Ti7Al_logtif.h5|530|1512|630809,3,0.9521538217862447,0.9090224703152975,0.033400569731990494,0.9934237202008566,0.9933825333913168,0.9593766331672668,0.9558914184570313
final_20260728-073240_augmented_spots_train_e200_b10_lr0.0003_s1,?|IN718_twins_logtif.h5|1082|2459|210603,3,0.987026572227478,0.9744837085405985,0.06763840839266777,0.9789989193280538,0.9778881072998047,0.9596940676371256,0.9449804306030274
final_20260728-073240_augmented_spots_train_e200_b10_lr0.0003_s1,?|Al_deformed_LoG_logtif.h5|26|26|441233,21,0.9480327509698414,0.9027079826309568,0.023785694103155817,0.9936082505044483,0.9912114228521075,0.9621235387665885,0.9511332511901855
final_20260728-073240_augmented_spots_train_e200_b10_lr0.0003_s1,?|Al_deformed_LoG_logtif.h5|0|34|461737,22,0.9566233212297613,0.9183690304105933,0.030374660156667233,0.9935471496798776,0.9934811023148623,0.9631243402307684,0.9520600795745849
final_20260728-073240_augmented_spots_train_e200_b10_lr0.0003_s1,?|IN718_twins_logtif.h5|483|1861|159477,3,0.9694274266560873,0.9413028558095297,0.04128985355297724,0.9944223761558533,0.9943925539652506,0.9640687902768453,0.9552703022956848
final_20260728-073240_augmented_spots_train_e200_b10_lr0.0003_s1,?|Ti7Al_logtif.h5|244|1226|477357,3,0.9527959028879801,0.9110911091168722,0.022141839377582073,0.9938196738560995,0.9936625957489014,0.9653270244598389,0.9521145820617676
final_20260728-073240_augmented_spots_train_e200_b10_lr0.0003_s1,?|Ti7Al_logtif.h5|356|1338|522142,3,0.9560551643371582,0.9166298309961954,0.02447489524881045,0.9952043890953064,0.9951859911282858,0.9657901326815287,0.9589183926582336
final_20260728-073240_augmented_spots_train_e200_b10_lr0.0003_s1,?|Al_segvol.h5|4499|4499|24632,3,0.9739468693733215,0.9493333299954733,0.042276899019877114,0.9927030801773071,0.9925390283266703,0.9658349752426147,0.9604840993881225
final_20260728-073240_augmented_spots_train_e200_b10_lr0.0003_s1,?|IN718_twins_logtif.h5|343|1722|148837,3,0.9766817688941956,0.9548721313476562,0.04167791207631429,0.993892769018809,0.9897801280021667,0.9675019383430481,0.9572227478027344
final_20260728-073240_augmented_spots_train_e200_b10_lr0.0003_s1,?|IN718_twins_logtif.h5|929|929|76478,3,0.9830023447672526,0.9668061137199402,0.04399041086435318,0.9927830696105957,0.988803505897522,0.9695059657096863,0.9606089353561401
final_20260728-073240_augmented_spots_train_e200_b10_lr0.0003_s1,?|IN718_twins_logtif.h5|612|612|50032,3,0.9805609583854675,0.9620144764582316,0.04113492493828138,0.9926015535990397,0.981730322043101,0.969713012377421,0.9620158433914184
final_20260728-073240_augmented_spots_train_e200_b10_lr0.0003_s1,?|IN718_twins_logtif.h5|108|1486|128639,3,0.9914629260698954,0.9830894072850546,0.0512152798473835,0.9882015983263651,0.987606942653656,0.970123827457428,0.9614588022232056
final_20260728-073240_augmented_spots_train_e200_b10_lr0.0003_s1,?|IN718_twins_logtif.h5|1271|2649|226498,3,0.976128617922465,0.9538085659344991,0.03476747249563535,0.9970823526382446,0.9970817367235819,0.9706805745760599,0.9677363038063049
final_20260728-073240_augmented_spots_train_e200_b10_lr0.0003_s1,?|IN718_twins_logtif.h5|322|1698|147131,3,0.9854854345321655,0.9714883963267008,0.04343099147081375,0.9953116377194723,0.9951891501744589,0.9710272153218588,0.9682755470275879
final_20260728-073240_augmented_spots_train_e200_b10_lr0.0003_s1,?|IN718_twins_logtif.h5|813|2190|188254,3,0.9822408358256022,0.9652916590372721,0.03944386293490728,0.9942243099212646,0.9942054549853007,0.9713984727859497,0.9671649098396301
final_20260728-073240_augmented_spots_train_e200_b10_lr0.0003_s1,?|IN718_twins_logtif.h5|1278|1278|108160,3,0.9951694210370382,0.990388035774231,0.04993965725104014,0.9925544460614523,0.9924527208010355,0.9726148843765259,0.9692412614822388
final_20260728-073240_augmented_spots_train_e200_b10_lr0.0003_s1,?|IN718_twins_logtif.h5|425|1801|157178,3,0.9822900493939718,0.9655643105506897,0.036563449849685035,0.9963070154190063,0.9962930281956991,0.9728632966677347,0.9687519192695617
final_20260728-073240_augmented_spots_train_e200_b10_lr0.0003_s1,?|IN718_twins_logtif.h5|909|2288|195464,3,0.9844744205474854,0.9694955348968506,0.03826257027685642,0.9924285809199015,0.9920376141866049,0.9731059471766154,0.9660418272018433
final_20260728-073240_augmented_spots_train_e200_b10_lr0.0003_s1,?|IN718_twins_logtif.h5|216|1595|136423,3,0.9864950577418009,0.973463217417399,0.039530232548713684,0.9940341512362162,0.9940191109975179,0.9734824299812317,0.9713764905929565
final_20260728-073240_augmented_spots_train_e200_b10_lr0.0003_s1,?|IN718_twins_logtif.h5|885|885|73830,4,0.9837543070316315,0.9681694060564041,0.03499173279851675,0.9955796003341675,0.9955793917179108,0.974381297826767,0.9720632553100585
final_20260728-073240_augmented_spots_train_e200_b10_lr0.0003_s1,?|IN718_twins_logtif.h5|569|1947|167097,3,0.991772452990214,0.9837169051170349,0.04265160361925761,0.9933905601501465,0.99334184328715,0.9745603998502096,0.9731175303459167
final_20260728-073240_augmented_spots_train_e200_b10_lr0.0003_s1,?|IN718_twins_logtif.h5|1224|1224|103276,3,0.9905227422714233,0.981263279914856,0.040940714379151665,0.990394651889801,0.9893036484718323,0.9747910102208456,0.971648633480072
final_20260728-073240_augmented_spots_train_e200_b10_lr0.0003_s1,?|IN718_twins_logtif.h5|1066|2443|209241,3,0.9884322683016459,0.9771982232729594,0.03709494198362032,0.9963638583819071,0.9963213801383972,0.9756686886151632,0.9745408535003662
final_20260728-073240_augmented_spots_train_e200_b10_lr0.0003_s1,?|IN718_twins_logtif.h5|825|2202|189095,3,0.9868792494138082,0.9742607474327087,0.03503276904424032,0.9973180294036865,0.9973127643267313,0.9759232600529989,0.9739710092544556
final_20260728-073240_augmented_spots_train_e200_b10_lr0.0003_s1,?|IN718_twins_logtif.h5|183|1559|134525,3,0.9911931951840719,0.982561449209849,0.03643485655387243,0.9957820971806844,0.9957612156867981,0.9773791631062826,0.9739516735076904
final_20260729-043315_augmented_spots_train_e200_b10_lr5e-05_s1,?|Iron_deformed_logtif.h5|168|448|1896773,3,0.7282143831253052,0.6548451681931814,0.11235912640889485,0.7880176107088724,0.7865272065003713,0.8079276283582052,0.7135549545288086
final_20260729-043315_augmented_spots_train_e200_b10_lr5e-05_s1,?|Iron_deformed_logtif.h5|96|376|1581320,3,0.7726021508375803,0.7210955719153086,0.10213826348384221,0.8169291218121847,0.8164367775122324,0.8352319200833639,0.7005328893661499
final_20260729-043315_augmented_spots_train_e200_b10_lr5e-05_s1,?|Ti7Al_logtif.h5|192|192|64402,3,0.7327883342901865,0.6678119599819183,0.057159245014190674,0.7838973303635915,0.7805092036724091,0.8378145297368368,0.7586947798728942
final_20260729-043315_augmented_spots_train_e200_b10_lr5e-05_s1,?|Ti7Al_logtif.h5|593|593|265156,3,0.7372902830441793,0.6621626118818918,0.05323364275197188,0.8060134053230286,0.7995503147443136,0.8420283198356628,0.7448110580444336
final_20260729-043315_augmented_spots_train_e200_b10_lr5e-05_s1,?|Ti7Al_logtif.h5|800|1782|729836,3,0.7420300245285034,0.6737411717573801,0.04727593685189883,0.8214714725812277,0.7573790351549784,0.8473770419756571,0.7204322576522827
final_20260729-043315_augmented_spots_train_e200_b10_lr5e-05_s1,?|Ti7Al_logtif.h5|330|1312|505227,3,0.7754518985748291,0.6594884196917216,0.08062207326292992,0.8600118557612101,0.8105966250101725,0.8474148909250895,0.7837854862213135
final_20260729-043315_augmented_spots_train_e200_b10_lr5e-05_s1,?|Ti7Al_logtif.h5|765|1748|716846,3,0.7610886792341868,0.7051954666773478,0.06139441765844822,0.781612624724706,0.7802344560623169,0.8498470981915792,0.6991513729095459
final_20260729-043315_augmented_spots_train_e200_b10_lr5e-05_s1,?|Iron_deformed_logtif.h5|1|281|1250417,3,0.7956473628679911,0.7084624171257019,0.07253868753711383,0.9194312493006388,0.8249294261137644,0.8615543246269226,0.7533457994461059
final_20260729-043315_augmented_spots_train_e200_b10_lr5e-05_s1,?|Iron_deformed_logtif.h5|14|14|64651,3,0.8559633493423462,0.7587555050849915,0.12314171592394511,0.927963137626648,0.9141026735305786,0.8664108117421468,0.8341755986213684
final_20260729-043315_augmented_spots_train_e200_b10_lr5e-05_s1,?|Ti7Al_logtif.h5|951|951|378424,6,0.8162537217140198,0.7499005595842997,0.08337391292055447,0.8315329253673553,0.818964367111524,0.8664399087429047,0.7075959742069244
final_20260729-043315_augmented_spots_train_e200_b10_lr5e-05_s1,?|Ti7Al_logtif.h5|474|1457|604880,3,0.8253721793492635,0.7169262965520223,0.09235053757826488,0.9099003871281942,0.901406466960907,0.866510808467865,0.8045279026031494
final_20260729-043315_augmented_spots_train_e200_b10_lr5e-05_s1,?|Iron_deformed_logtif.h5|15|295|1305345,3,0.8444252610206604,0.7516674200693766,0.11028565342227618,0.8894998033841451,0.8823497295379639,0.8670697808265686,0.7660465717315674
final_20260729-043315_augmented_spots_train_e200_b10_lr5e-05_s1,?|Iron_deformed_logtif.h5|189|469|2025484,3,0.8254600167274475,0.7153472304344177,0.0898386041323344,0.9240108927090963,0.9182334144910177,0.8678107062975565,0.8528643727302552
final_20260729-043315_augmented_spots_train_e200_b10_lr5e-05_s1,?|Iron_deformed_logtif.h5|167|447|1896154,3,0.788816511631012,0.7493039270242056,0.05205243453383446,0.8261128862698873,0.8219068348407745,0.8683820168177286,0.732500159740448
final_20260729-043315_augmented_spots_train_e200_b10_lr5e-05_s1,?|Iron_deformed_logtif.h5|273|273|1210178,4,0.8474962711334229,0.7524348646402359,0.10325181670486927,0.9036484360694885,0.8988583385944366,0.8721222281455994,0.7757486820220947
final_20260729-043315_augmented_spots_train_e200_b10_lr5e-05_s1,?|Ti7Al_logtif.h5|878|878|356416,3,0.8158443768819174,0.7282508810361227,0.06637418021758397,0.8647265036900839,0.8588407039642334,0.8747351368268331,0.8090355873107911
final_20260729-043315_augmented_spots_train_e200_b10_lr5e-05_s1,?|Ti7Al_logtif.h5|740|1723|711979,3,0.8035789926846822,0.7232133348782858,0.05061040570338567,0.8515637119611105,0.8502799272537231,0.8764842748641968,0.817282497882843
final_20260729-043315_augmented_spots_train_e200_b10_lr5e-05_s1,?|Iron_deformed_logtif.h5|164|164|645795,3,0.8646655480066935,0.7728477517763773,0.09653029466668765,0.9448025425275167,0.9393382469813029,0.8840675950050354,0.8336552500724792
final_20260729-043315_augmented_spots_train_e200_b10_lr5e-05_s1,?|Iron_deformed_logtif.h5|0|0|1623,3,0.8543884754180908,0.7643784483273824,0.08171017095446587,0.9079331755638123,0.8735091686248779,0.8863391478856405,0.8090718865394593
final_20260729-043315_augmented_spots_train_e200_b10_lr5e-05_s1,?|Iron_deformed_logtif.h5|39|319|1383099,3,0.8752918640772501,0.7848255435625712,0.09994420285026233,0.9234668215115865,0.904268225034078,0.8876738349596659,0.841656482219696
final_20260729-043315_augmented_spots_train_e200_b10_lr5e-05_s1,?|Iron_deformed_logtif.h5|1|1|10546,5,0.8384533643722534,0.7363768339157104,0.06173175498843193,0.924629020690918,0.8655097842216491,0.8883607983589172,0.8211793422698974
final_20260729-043315_augmented_spots_train_e200_b10_lr5e-05_s1,?|Ti7Al_logtif.h5|479|1460|605758,3,0.8665621678034464,0.7868933081626892,0.08944100079437096,0.8978911836942037,0.8852789799372355,0.8885606129964193,0.7891661286354065
final_20260729-043315_augmented_spots_train_e200_b10_lr5e-05_s1,?|Iron_deformed_logtif.h5|20|20|68360,3,0.8669108549753824,0.7724184393882751,0.0880871129532655,0.941815177599589,0.9295363227526346,0.8894118865331014,0.8365564346313477
final_20260729-043315_augmented_spots_train_e200_b10_lr5e-05_s1,?|Iron_deformed_logtif.h5|215|215|920107,3,0.8636590441068014,0.7661603093147278,0.08231268947323163,0.9599346319834391,0.9513566295305887,0.8906731605529785,0.8429555296897888
final_20260729-043315_augmented_spots_train_e200_b10_lr5e-05_s1,?|Ti7Al_logtif.h5|560|560|255019,3,0.8258125185966492,0.7381359537442526,0.042186732403934,0.8501073320706686,0.8395678997039795,0.8918129007021586,0.7929211378097534
final_20260729-043315_augmented_spots_train_e200_b10_lr5e-05_s1,?|Ti7Al_logtif.h5|661|1643|680280,3,0.846348782380422,0.7577906847000122,0.0579986268033584,0.925714353720347,0.8678043087323507,0.8941750725110372,0.8068994760513306
final_20260729-043315_augmented_spots_train_e200_b10_lr5e-05_s1,?|Iron_deformed_logtif.h5|60|340|1491296,3,0.870766798655192,0.7790690263112386,0.08111783551673095,0.934917946656545,0.9324092268943787,0.89482448498408,0.846241581439972
final_20260729-043315_augmented_spots_train_e200_b10_lr5e-05_s1,?|Iron_deformed_logtif.h5|141|141|523753,3,0.8638524413108826,0.7666139801343282,0.07409064471721649,0.9580387870470682,0.9491433501243591,0.8948809107144674,0.8448548913002014
final_20260729-043315_augmented_spots_train_e200_b10_lr5e-05_s1,?|Iron_deformed_logtif.h5|77|357|1542926,6,0.8542419672012329,0.7824137310187022,0.05942885888119539,0.938804546991984,0.8914746393760046,0.8974065581957499,0.7844211757183075
final_20260729-043315_augmented_spots_train_e200_b10_lr5e-05_s1,?|Iron_deformed_logtif.h5|172|172|667669,5,0.8942480683326721,0.8125208377838135,0.0949200563132763,0.9355205178260804,0.9190646052360535,0.8996639847755432,0.8581320762634277
final_20260729-043315_augmented_spots_train_e200_b10_lr5e-05_s1,?|Iron_deformed_logtif.h5|135|135|484462,3,0.892656405766805,0.8116719524065653,0.09138108293215434,0.9195540348688761,0.916831374168396,0.900637666384379,0.8423474788665771
final_20260729-043315_augmented_spots_train_e200_b10_lr5e-05_s1,?|Iron_deformed_logtif.h5|198|478|2057750,4,0.8709575831890106,0.7871862798929214,0.0687699755653739,0.9526494592428207,0.9443963766098022,0.9010937958955765,0.8192947149276734
final_20260729-043315_augmented_spots_train_e200_b10_lr5e-05_s1,?|Iron_deformed_logtif.h5|245|525|2343145,3,0.8826458851496378,0.7943606972694397,0.08042905852198601,0.9724371830622355,0.9679947296778361,0.9011084040006002,0.8690070271492004
final_20260729-043315_augmented_spots_train_e200_b10_lr5e-05_s1,?|Iron_deformed_logtif.h5|191|471|2026221,3,0.8701029817263285,0.780343234539032,0.06635412573814392,0.953311045964559,0.9482348958651224,0.9018744230270386,0.8361814260482788
final_20260729-043315_augmented_spots_train_e200_b10_lr5e-05_s1,?|Ti7Al_logtif.h5|868|868|355427,3,0.8730056683222452,0.7916451295216879,0.06757529266178608,0.9519914587338766,0.9467567205429077,0.9027151862780253,0.8498376846313477
final_20260729-043315_augmented_spots_train_e200_b10_lr5e-05_s1,?|Iron_deformed_logtif.h5|50|50|192409,3,0.8838592569033304,0.8053754965464274,0.07693692296743393,0.9536311825116476,0.9437606930732727,0.9034611781438192,0.8371351003646851
final_20260729-043315_augmented_spots_train_e200_b10_lr5e-05_s1,?|Iron_deformed_logtif.h5|273|553|2451312,7,0.8768103889056614,0.7896835974284581,0.067476467362472,0.9669282776968819,0.959454527923039,0.9046669346945626,0.8437062978744507
final_20260729-043315_augmented_spots_train_e200_b10_lr5e-05_s1,?|Iron_deformed_logtif.h5|121|401|1655920,4,0.8972501754760742,0.816396027803421,0.08560467744246125,0.9355377703905106,0.9271857142448425,0.9058227241039276,0.8686514735221863
final_20260729-043315_augmented_spots_train_e200_b10_lr5e-05_s1,?|Ti7Al_logtif.h5|903|1882|752818,3,0.8557171821594238,0.7848118344942728,0.04386906263728937,0.8988146583239237,0.8971855243047079,0.9059240619341532,0.8180794358253479
final_20260729-043315_augmented_spots_train_e200_b10_lr5e-05_s1,?|Iron_deformed_logtif.h5|23|23|70379,3,0.8877606789271036,0.8024994929631551,0.07459982112050056,0.9636610349019369,0.9630773862202963,0.90658038854599,0.8618954062461853
final_20260729-043315_augmented_spots_train_e200_b10_lr5e-05_s1,?|Ti7Al_logtif.h5|1|983|386483,3,0.8423215548197428,0.7924130956331888,0.02863208514948686,0.8688398400942484,0.867108146349589,0.9068447351455688,0.8240232944488526
final_20260729-043315_augmented_spots_train_e200_b10_lr5e-05_s1,?|Iron_deformed_logtif.h5|19|298|1306721,6,0.893026202917099,0.8105277121067047,0.07908203173428774,0.9512985249360403,0.9496536950270335,0.906972070535024,0.8577089905738831
final_20260729-043315_augmented_spots_train_e200_b10_lr5e-05_s1,?|Iron_deformed_logtif.h5|87|87|316193,3,0.9059130946795145,0.8341437975565592,0.08903931888441245,0.920508861541748,0.9179940819740295,0.908436914285024,0.8451831579208374
final_20260729-043315_augmented_spots_train_e200_b10_lr5e-05_s1,?|Ti7Al_logtif.h5|737|737|318628,3,0.9010830521583557,0.8297932545344034,0.08153722373147805,0.8863440752029419,0.8850162426630656,0.9097729126612345,0.8522288799285889
final_20260729-043315_augmented_spots_train_e200_b10_lr5e-05_s1,?|Ti7Al_logtif.h5|431|1413|574457,3,0.8820973038673401,0.8229312101999918,0.06178002431988716,0.8521536787350973,0.851394534111023,0.910158654054006,0.826314389705658
final_20260729-043315_augmented_spots_train_e200_b10_lr5e-05_s1,?|Iron_deformed_logtif.h5|183|463|1960285,3,0.8779668211936951,0.785540779431661,0.05763178815444311,0.969077984491984,0.9685432314872742,0.9101675152778625,0.8857084751129151
final_20260729-043315_augmented_spots_train_e200_b10_lr5e-05_s1,?|Iron_deformed_logtif.h5|93|93|333088,3,0.903821070988973,0.8343154788017273,0.08180038506786029,0.9584905306498209,0.9582938353220621,0.9110103249549866,0.8807775735855102
final_20260729-043315_augmented_spots_train_e200_b10_lr5e-05_s1,?|Ti7Al_logtif.h5|331|331|117248,3,0.8843309084574381,0.8183564146359762,0.058438814555605255,0.8540431062380472,0.852720042069753,0.9129460652669271,0.8556841731071472
final_20260729-043315_augmented_spots_train_e200_b10_lr5e-05_s1,?|Iron_deformed_logtif.h5|56|336|1461382,5,0.9084313750267029,0.832742977142334,0.08179281577467919,0.95387282371521,0.9533055186271667,0.9133192539215088,0.8755536317825318
final_20260729-043315_augmented_spots_train_e200_b10_lr5e-05_s1,?|Iron_deformed_logtif.h5|22|302|1309528,4,0.8880715817213058,0.8099053353071213,0.058918160386383533,0.9615445137023926,0.9605601280927658,0.9145766794681549,0.8762958884239197
final_20260729-043315_augmented_spots_train_e200_b10_lr5e-05_s1,?|Iron_deformed_logtif.h5|189|189|785586,6,0.8863870203495026,0.8049155871073405,0.05610577700038751,0.967378040154775,0.9645960330963135,0.9151406188805898,0.8602291941642761
final_20260729-043315_augmented_spots_train_e200_b10_lr5e-05_s1,?|Iron_deformed_logtif.h5|22|22|70041,3,0.9118326107660929,0.839528759320577,0.08085830509662628,0.9742509325345358,0.9722273151079813,0.9154871503512064,0.8892879247665405
final_20260729-043315_augmented_spots_train_e200_b10_lr5e-05_s1,?|Iron_deformed_logtif.h5|232|232|1020810,3,0.9145074486732483,0.8477767507235209,0.08340005452434222,0.9654903213183085,0.9653534889221191,0.9155536890029907,0.8828699946403503
final_20260729-043315_augmented_spots_train_e200_b10_lr5e-05_s1,?|Ti7Al_logtif.h5|725|1707|707156,3,0.8597747286160787,0.7945158878962199,0.028621649990479153,0.8869504531224569,0.8809518416722616,0.9155765175819397,0.861145555973053
final_20260729-043315_augmented_spots_train_e200_b10_lr5e-05_s1,?|Ti7Al_logtif.h5|291|291|107749,5,0.8944560289382935,0.8200541138648987,0.06169052645564079,0.8802927613258362,0.8726147413253784,0.9163827657699585,0.8669214010238647
final_20260729-043315_augmented_spots_train_e200_b10_lr5e-05_s1,?|Iron_deformed_logtif.h5|184|464|1988468,6,0.9056667486826578,0.8294883370399475,0.07188225040833156,0.9619200726350149,0.960727204879125,0.9168922305107117,0.874263197183609
final_20260729-043315_augmented_spots_train_e200_b10_lr5e-05_s1,?|Iron_deformed_logtif.h5|55|334|1461026,3,0.911446750164032,0.8376895387967428,0.07704259951909383,0.9773504932721456,0.9756290912628174,0.9172020554542542,0.8920844793319702
final_20260729-043315_augmented_spots_train_e200_b10_lr5e-05_s1,?|Al_deformed_LoG_logtif.h5|6|6|54274,27,0.8958213660452101,0.8211778965261247,0.061354117261038885,0.9723691366336964,0.9661751157707639,0.9172336370856674,0.9016331195831299
final_20260729-043315_augmented_spots_train_e200_b10_lr5e-05_s1,?|Iron_deformed_logtif.h5|17|297|1306370,4,0.9036507457494736,0.8286657631397247,0.06908386759459972,0.9544088542461395,0.9541908204555511,0.9172834306955338,0.8594734370708466
final_20260729-043315_augmented_spots_train_e200_b10_lr5e-05_s1,?|Iron_deformed_logtif.h5|62|342|1492694,5,0.8901995420455933,0.8035997748374939,0.054956669360399245,0.9833788990974426,0.9822851538658142,0.9176214456558227,0.8952325582504272
final_20260729-043315_augmented_spots_train_e200_b10_lr5e-05_s1,?|Iron_deformed_logtif.h5|278|558|2479788,3,0.9120084047317505,0.8449591994285583,0.07505605680247147,0.9321935375531515,0.9302101532618204,0.9184761842091879,0.877260684967041
final_20260729-043315_augmented_spots_train_e200_b10_lr5e-05_s1,?|Iron_deformed_logtif.h5|95|374|1574041,5,0.8950384259223938,0.8147463917732238,0.05799066610634327,0.9723009824752807,0.967809545993805,0.9185238838195801,0.877562403678894
final_20260729-043315_augmented_spots_train_e200_b10_lr5e-05_s1,?|Iron_deformed_logtif.h5|149|149|573179,5,0.8848193526268006,0.8042161703109741,0.04668672848492861,0.9707820534706115,0.9692321658134461,0.9190662980079651,0.867112135887146
final_20260729-043315_augmented_spots_train_e200_b10_lr5e-05_s1,?|Iron_deformed_logtif.h5|88|368|1562446,4,0.900308296084404,0.8226139396429062,0.06197335897013545,0.9774008393287659,0.9740482270717621,0.9191674590110779,0.8823123097419738
final_20260729-043315_augmented_spots_train_e200_b10_lr5e-05_s1,?|Iron_deformed_logtif.h5|139|420|1763892,4,0.9117473810911179,0.8441357314586639,0.07213793369010091,0.9616969674825668,0.9609753489494324,0.919804722070694,0.8692417025566102
final_20260729-043315_augmented_spots_train_e200_b10_lr5e-05_s1,?|Iron_deformed_logtif.h5|210|210|876585,5,0.9038166522979736,0.8271532893180847,0.06401240769773722,0.9667779564857483,0.9558703780174256,0.9199021220207214,0.8826403856277466
final_20260729-043315_augmented_spots_train_e200_b10_lr5e-05_s1,?|Iron_deformed_logtif.h5|13|293|1302579,4,0.9123144596815109,0.8398826569318771,0.07055751606822014,0.9566777795553207,0.9542652815580368,0.9208784401416779,0.8987743496894837
final_20260729-043315_augmented_spots_train_e200_b10_lr5e-05_s1,?|Iron_deformed_logtif.h5|13|13|63607,3,0.9159997701644897,0.8489969571431478,0.07278104623158772,0.9673858086268107,0.9649677673975626,0.921609361966451,0.8784739017486572
final_20260729-043315_augmented_spots_train_e200_b10_lr5e-05_s1,?|Iron_deformed_logtif.h5|250|250|1106997,4,0.8939699232578278,0.8168856501579285,0.05071364250034094,0.9670461863279343,0.9664866924285889,0.9216281473636627,0.8992299437522888
final_20260729-043315_augmented_spots_train_e200_b10_lr5e-05_s1,?|Iron_deformed_logtif.h5|173|173|668050,4,0.9045172333717346,0.8333442211151123,0.06056380271911621,0.9749230444431305,0.9734456688165665,0.9219767153263092,0.8701076507568359
final_20260729-043315_augmented_spots_train_e200_b10_lr5e-05_s1,?|Ti7Al_logtif.h5|125|125|38081,3,0.8923871318499247,0.8248250087102255,0.04814350139349699,0.9414461453755697,0.9158079624176025,0.9221218427022299,0.8657709717750549
final_20260729-043315_augmented_spots_train_e200_b10_lr5e-05_s1,?|Iron_deformed_logtif.h5|27|27|75554,4,0.8896577507257462,0.8054330497980118,0.04440086055546999,0.9825858324766159,0.9817984700202942,0.9226284623146057,0.9065116703510284
final_20260729-043315_augmented_spots_train_e200_b10_lr5e-05_s1,?|Ti7Al_logtif.h5|746|1728|712611,4,0.9123033285140991,0.8437782377004623,0.06639105919748545,0.9224311411380768,0.9201468974351883,0.9229561388492584,0.8672567903995514
final_20260729-043315_augmented_spots_train_e200_b10_lr5e-05_s1,?|Ti7Al_logtif.h5|738|1720|711689,3,0.8939012289047241,0.8149431745211283,0.04748857176552216,0.915753980477651,0.907649020353953,0.9232063293457031,0.8761962532997132
final_20260729-043315_augmented_spots_train_e200_b10_lr5e-05_s1,?|Iron_deformed_logtif.h5|217|497|2202296,4,0.8861628472805023,0.8032106906175613,0.039724909234791994,0.9690760672092438,0.967644214630127,0.9232189655303955,0.9007798790931701
final_20260729-043315_augmented_spots_train_e200_b10_lr5e-05_s1,?|Iron_deformed_logtif.h5|103|383|1609828,5,0.9152833700180054,0.845413863658905,0.0684500452131033,0.9778709530830383,0.9757741928100586,0.9234166741371155,0.881542980670929
final_20260729-043315_augmented_spots_train_e200_b10_lr5e-05_s1,?|Ti7Al_logtif.h5|615|615|277544,3,0.862952709197998,0.794085423151652,0.014709871883193651,0.9854749043782552,0.9264817039171854,0.9241214195887247,0.8586644411087037
final_20260729-043315_augmented_spots_train_e200_b10_lr5e-05_s1,?|Iron_deformed_logtif.h5|188|468|2024649,4,0.9249962866306305,0.8632287234067917,0.07555424235761166,0.9582598209381104,0.9581343531608582,0.9247210174798965,0.8856148183345794
final_20260729-043315_augmented_spots_train_e200_b10_lr5e-05_s1,?|Iron_deformed_logtif.h5|229|229|1011112,4,0.9063190966844559,0.8328637629747391,0.05675000697374344,0.970964789390564,0.9700528085231781,0.9247845411300659,0.8919734179973602
final_20260729-043315_augmented_spots_train_e200_b10_lr5e-05_s1,?|Iron_deformed_logtif.h5|84|363|1554874,4,0.9039484709501266,0.8262998461723328,0.054121918976306915,0.979470431804657,0.9780756384134293,0.9249132871627808,0.908285665512085
final_20260729-043315_augmented_spots_train_e200_b10_lr5e-05_s1,?|Iron_deformed_logtif.h5|136|136|495861,4,0.9070751219987869,0.8309392631053925,0.057120018638670444,0.9778953194618225,0.9777087718248367,0.9249775558710098,0.9085253834724426
final_20260729-043315_augmented_spots_train_e200_b10_lr5e-05_s1,?|Iron_deformed_logtif.h5|138|138|519077,4,0.904727965593338,0.834156721830368,0.054609200451523066,0.9732290804386139,0.9672147035598755,0.9250593930482864,0.8604359090328216
final_20260729-043315_augmented_spots_train_e200_b10_lr5e-05_s1,?|Ti7Al_logtif.h5|592|1574|655769,3,0.8928537567456564,0.8178053299585978,0.041495680809020996,0.9319300254185995,0.9302517573038737,0.9256790081659952,0.8981059312820434
final_20260729-043315_augmented_spots_train_e200_b10_lr5e-05_s1,?|Iron_deformed_logtif.h5|259|539|2410871,4,0.9222147911787033,0.8570045530796051,0.07045131409540772,0.9548056423664093,0.953534796833992,0.9258817434310913,0.9007205009460449
final_20260729-043315_augmented_spots_train_e200_b10_lr5e-05_s1,?|Ti7Al_logtif.h5|753|1735|715115,3,0.933450440565745,0.877159853776296,0.08043324823180835,0.9422150452931722,0.9416640996932983,0.9265086054801941,0.9181400179862976
final_20260729-043315_augmented_spots_train_e200_b10_lr5e-05_s1,?|Iron_deformed_logtif.h5|143|143|525365,3,0.9251388708750407,0.8633866508801779,0.07159459094206493,0.9614348411560059,0.9612149397532145,0.9267721176147461,0.8998919486999511
final_20260729-043315_augmented_spots_train_e200_b10_lr5e-05_s1,?|Al_deformed_LoG_logtif.h5|8|42|510785,24,0.9082388853033384,0.843067105859518,0.05468529905192554,0.9703325256705284,0.9635196862121423,0.9267767990628878,0.9052865207195282
final_20260729-043315_augmented_spots_train_e200_b10_lr5e-05_s1,?|Iron_deformed_logtif.h5|102|382|1609497,3,0.9183518091837565,0.8515939911206564,0.06405875521401565,0.9718964894612631,0.9702058434486389,0.9271465142567953,0.8830408930778504
final_20260729-043315_augmented_spots_train_e200_b10_lr5e-05_s1,?|Iron_deformed_logtif.h5|108|108|396384,3,0.9143443902333578,0.8512580792109171,0.05967433378100395,0.9403062661488851,0.9385613997777303,0.9273350238800049,0.8810955286026001
final_20260729-043315_augmented_spots_train_e200_b10_lr5e-05_s1,?|Iron_deformed_logtif.h5|166|166|647236,5,0.9139485120773315,0.8452749609947204,0.05895839035511017,0.9744313478469848,0.9732500791549683,0.9274950504302979,0.9034119009971618
final_20260729-043315_augmented_spots_train_e200_b10_lr5e-05_s1,?|Iron_deformed_logtif.h5|124|404|1669194,3,0.9242228468259176,0.8620200355847677,0.068725458967189,0.9611329237620035,0.9608840147654215,0.9277487198511759,0.8959518074989319
final_20260729-043315_augmented_spots_train_e200_b10_lr5e-05_s1,?|Iron_deformed_logtif.h5|93|373|1573666,4,0.8939957618713379,0.8174520283937454,0.03723952267318964,0.9837571680545807,0.9784876704216003,0.9283781200647354,0.8919425129890441
final_20260729-043315_augmented_spots_train_e200_b10_lr5e-05_s1,?|Iron_deformed_logtif.h5|21|21|68698,5,0.9101525783538819,0.8367358803749084,0.05294168144464493,0.9835885047912598,0.9820900440216065,0.9286054134368896,0.9153554320335389
final_20260729-043315_augmented_spots_train_e200_b10_lr5e-05_s1,?|Iron_deformed_logtif.h5|42|322|1394565,3,0.9118783871332804,0.8393634359041849,0.0545734508583943,0.9810166557629904,0.9807296792666117,0.9286524454752604,0.8978129982948303
final_20260729-043315_augmented_spots_train_e200_b10_lr5e-05_s1,?|Iron_deformed_logtif.h5|224|224|1002176,3,0.9394837419191996,0.8861016631126404,0.08196219553550084,0.9568652510643005,0.9537925124168396,0.9287607669830322,0.9151649951934815
final_20260729-043315_augmented_spots_train_e200_b10_lr5e-05_s1,?|Al_deformed_LoG_logtif.h5|29|63|895675,13,0.9145283699035645,0.8443109393119812,0.05635113562815464,0.9840077574436481,0.9832078356009263,0.9290886246241056,0.8839863061904907
final_20260729-043315_augmented_spots_train_e200_b10_lr5e-05_s1,?|Iron_deformed_logtif.h5|98|98|344511,4,0.9125107526779175,0.8402210175991058,0.05429324693977833,0.9884562641382217,0.9884321242570877,0.929108738899231,0.905943489074707
final_20260729-043315_augmented_spots_train_e200_b10_lr5e-05_s1,?|Iron_deformed_logtif.h5|15|15|66683,3,0.9257790247599283,0.8620947996775309,0.06601857145627339,0.9796437621116638,0.9794976313908895,0.9298802018165588,0.9277055501937866
final_20260729-043315_augmented_spots_train_e200_b10_lr5e-05_s1,?|Iron_deformed_logtif.h5|163|443|1881181,3,0.9151832858721415,0.8450992902119955,0.055322917799154915,0.9846618175506592,0.984743575255076,0.9299301902453104,0.9150942087173461
final_20260729-043315_augmented_spots_train_e200_b10_lr5e-05_s1,?|Iron_deformed_logtif.h5|169|449|1897167,4,0.9062851965427399,0.8309274017810822,0.04581743013113737,0.9848317354917526,0.9843694120645523,0.9302338659763336,0.9239956498146057
final_20260729-043315_augmented_spots_train_e200_b10_lr5e-05_s1,?|Iron_deformed_logtif.h5|181|461|1951519,3,0.9211281339327494,0.8542518417040507,0.060461084047953285,0.9797738591829935,0.9789483547210693,0.9303335348765055,0.9178944826126099
final_20260729-043315_augmented_spots_train_e200_b10_lr5e-05_s1,?|Iron_deformed_logtif.h5|274|274|1211311,3,0.9124562740325928,0.8427899281183878,0.05175581077734629,0.9818363388379415,0.9808892210324606,0.9303502241770426,0.900162136554718
final_20260729-043315_augmented_spots_train_e200_b10_lr5e-05_s1,?|Iron_deformed_logtif.h5|44|44|162956,4,0.9276870042085648,0.8661186248064041,0.06675257673487067,0.9639390408992767,0.963906317949295,0.9304672032594681,0.8936463356018066
final_20260729-043315_augmented_spots_train_e200_b10_lr5e-05_s1,?|Al_deformed_LoG_logtif.h5|20|54|805566,20,0.9166636884212493,0.8493731886148452,0.05505662197247148,0.977217024564743,0.9746883332729339,0.9308035343885421,0.9132382988929748
final_20260729-043315_augmented_spots_train_e200_b10_lr5e-05_s1,?|Iron_deformed_logtif.h5|137|137|518561,5,0.9106138467788696,0.8365904569625855,0.047989587485790255,0.9727415800094604,0.972408390045166,0.9313121199607849,0.9127129316329956
final_20260729-043315_augmented_spots_train_e200_b10_lr5e-05_s1,?|Iron_deformed_logtif.h5|246|526|2344537,5,0.914210844039917,0.8428708553314209,0.05145400017499924,0.9867700815200806,0.9865907430648804,0.9313784122467041,0.9057559251785279
final_20260729-043315_augmented_spots_train_e200_b10_lr5e-05_s1,?|Iron_deformed_logtif.h5|120|400|1655560,4,0.9086388200521469,0.834541067481041,0.04565839655697346,0.9800704717636108,0.9797285199165344,0.9314902126789093,0.9156701683998107
final_20260729-043315_augmented_spots_train_e200_b10_lr5e-05_s1,?|Iron_deformed_logtif.h5|235|235|1039802,3,0.9033602674802145,0.8289535442988077,0.039947849387923874,0.9753114779790243,0.9743245641390482,0.9317062298456827,0.8966261625289917
final_20260729-043315_augmented_spots_train_e200_b10_lr5e-05_s1,?|Iron_deformed_logtif.h5|70|351|1516103,3,0.9104507764180502,0.8377072016398112,0.046966802328825,0.9807698925336202,0.9788682460784912,0.9317419727643331,0.9229517698287963
final_20260729-043315_augmented_spots_train_e200_b10_lr5e-05_s1,?|Iron_deformed_logtif.h5|230|510|2253954,4,0.885541245341301,0.8079679310321808,0.019773732870817184,0.9725684374570847,0.9712028950452805,0.9328837543725967,0.9158829629421235
final_20260729-043315_augmented_spots_train_e200_b10_lr5e-05_s1,?|Ti7Al_logtif.h5|230|1213|471619,3,0.9215992490450541,0.859367847442627,0.055433000748356186,0.9668233394622803,0.9656654198964437,0.9330830971399943,0.8928129196166992
final_20260729-043315_augmented_spots_train_e200_b10_lr5e-05_s1,?|Al_deformed_LoG_logtif.h5|7|41|510550,15,0.9189421772956848,0.8505732218424479,0.05272005113462607,0.9848313927650452,0.9845560789108276,0.93311105966568,0.9169154405593872
final_20260729-043315_augmented_spots_train_e200_b10_lr5e-05_s1,?|Iron_deformed_logtif.h5|111|111|397455,4,0.909854531288147,0.8396647721529007,0.04359881719574332,0.9757440835237503,0.9709251821041107,0.9331278502941132,0.8955206990242004
final_20260729-043315_augmented_spots_train_e200_b10_lr5e-05_s1,?|Al_deformed_LoG_logtif.h5|17|51|763114,23,0.9277575016021729,0.8668616517730381,0.0609519414441741,0.9769631494646487,0.9762042190717615,0.9334027870841648,0.9053658843040466
final_20260729-043315_augmented_spots_train_e200_b10_lr5e-05_s1,?|Al_big_grains_logtif.h5|3202|3202|103431,3,0.8984881242116293,0.8344226678212484,0.03159600620468458,0.9604585568110148,0.9584878285725912,0.9334460298220316,0.9118055105209351
final_20260729-043315_augmented_spots_train_e200_b10_lr5e-05_s1,?|Iron_deformed_logtif.h5|98|378|1584909,3,0.9103648066520691,0.8361781636873881,0.04205020765463511,0.9941271742184957,0.9941076040267944,0.9341572920481364,0.9275545835494995
final_20260729-043315_augmented_spots_train_e200_b10_lr5e-05_s1,?|Iron_deformed_logtif.h5|159|159|624558,4,0.916267991065979,0.8480317890644073,0.047487013041973114,0.989449068903923,0.9886522889137268,0.9343904852867126,0.8980725109577179
final_20260729-043315_augmented_spots_train_e200_b10_lr5e-05_s1,?|Iron_deformed_logtif.h5|153|433|1857995,4,0.9062717258930206,0.8294123262166977,0.03680415032431483,0.9951654076576233,0.9948546588420868,0.9347337931394577,0.9288246154785156
final_20260729-043315_augmented_spots_train_e200_b10_lr5e-05_s1,?|Iron_deformed_logtif.h5|33|313|1349905,6,0.9232067863146464,0.858368992805481,0.053480579517781734,0.9750008483727773,0.9741742511590322,0.9348631004492441,0.9122832119464874
final_20260729-043315_augmented_spots_train_e200_b10_lr5e-05_s1,?|Iron_deformed_logtif.h5|127|127|436075,9,0.9182005259725783,0.8514676491419474,0.04846498059729735,0.9858246843020121,0.9850197500652738,0.9348677727911208,0.9151134014129638
final_20260729-043315_augmented_spots_train_e200_b10_lr5e-05_s1,?|Iron_deformed_logtif.h5|272|272|1208818,6,0.9155848423639933,0.8448638319969177,0.04583172965794802,0.9848987360795339,0.9839838246504465,0.9348765313625336,0.9233731031417847
final_20260729-043315_augmented_spots_train_e200_b10_lr5e-05_s1,?|Al_deformed_LoG_logtif.h5|6|40|510321,24,0.9231402402122816,0.8581335817774137,0.05251159623730928,0.9866614242394766,0.9865022922555605,0.9353143175443014,0.910118567943573
final_20260729-043315_augmented_spots_train_e200_b10_lr5e-05_s1,?|Ti7Al_logtif.h5|278|1260|494692,3,0.9121198455492655,0.8448420763015747,0.04143511690199375,0.9580900470415751,0.9572144150733948,0.9353423714637756,0.9114319682121277
final_20260729-043315_augmented_spots_train_e200_b10_lr5e-05_s1,?|Ti7Al_logtif.h5|605|1587|664057,3,0.9088343381881714,0.8494267066319784,0.037826057523489,0.9810704390207926,0.9804424047470093,0.935504138469696,0.8982765078544617
final_20260729-043315_augmented_spots_train_e200_b10_lr5e-05_s1,?|Iron_deformed_logtif.h5|18|299|1307069,4,0.9259525388479233,0.8637802004814148,0.054835119750350714,0.9827431738376617,0.9826401472091675,0.9355587065219879,0.9074581861495972
final_20260729-043315_augmented_spots_train_e200_b10_lr5e-05_s1,?|Al_deformed_LoG_logtif.h5|19|19|353769,17,0.9258029110291425,0.8630068547585431,0.05462765080087325,0.9801839309580186,0.9790376775404986,0.935587630552404,0.912845778465271
final_20260729-043315_augmented_spots_train_e200_b10_lr5e-05_s1,?|Iron_deformed_logtif.h5|121|121|413884,3,0.9196683963139852,0.85379558801651,0.048070596531033516,0.9653738737106323,0.964952806631724,0.9357989033063253,0.9087812781333924
final_20260729-043315_augmented_spots_train_e200_b10_lr5e-05_s1,?|Iron_deformed_logtif.h5|136|416|1735423,3,0.9291879336039225,0.8682811856269836,0.0566915770371755,0.9814049601554871,0.9796525835990906,0.9362481832504272,0.9272020339965821
final_20260729-043315_augmented_spots_train_e200_b10_lr5e-05_s1,?|Al_deformed_LoG_logtif.h5|18|18|337193,18,0.9192085597250197,0.8543612460295359,0.04621450753054685,0.9812084933122,0.9784225854608748,0.9364970359537337,0.8991381406784058
final_20260729-043315_augmented_spots_train_e200_b10_lr5e-05_s1,?|Iron_deformed_logtif.h5|102|102|368709,6,0.915104458729426,0.8481892645359039,0.042073856107890606,0.9835195144017538,0.9829730788866679,0.9365153014659882,0.9022672772407532
final_20260729-043315_augmented_spots_train_e200_b10_lr5e-05_s1,?|Iron_deformed_logtif.h5|16|296|1305672,3,0.9247010747591654,0.8600693146387736,0.05145664761463801,0.9856338500976562,0.9851751327514648,0.9366222222646078,0.93077152967453
final_20260729-043315_augmented_spots_train_e200_b10_lr5e-05_s1,?|Iron_deformed_logtif.h5|278|278|1238536,5,0.9214130401611328,0.8562938928604126,0.04720200374722481,0.9795910358428955,0.9791615605354309,0.9371055364608765,0.9045792818069458
final_20260729-043315_augmented_spots_train_e200_b10_lr5e-05_s1,?|Al_deformed_LoG_logtif.h5|8|8|54671,22,0.92208177393133,0.8563836812973022,0.04761732132597403,0.9855209507725455,0.9851307950236581,0.9372322234240446,0.9136752367019654
final_20260729-043315_augmented_spots_train_e200_b10_lr5e-05_s1,?|Ti7Al_logtif.h5|380|1363|531358,3,0.9099287589391073,0.8412313858668009,0.035405402382214866,0.9855072498321533,0.9852481285730997,0.937261680761973,0.9058000564575195
final_20260729-043315_augmented_spots_train_e200_b10_lr5e-05_s1,?|Iron_deformed_logtif.h5|129|409|1686682,3,0.922888179620107,0.8582621018091837,0.048025488232572876,0.9868202606836954,0.9862233599026998,0.9374313354492188,0.9245625972747803
final_20260729-043315_augmented_spots_train_e200_b10_lr5e-05_s1,?|Iron_deformed_logtif.h5|81|81|313835,4,0.9161256551742554,0.8501596301794052,0.041188253089785576,0.980915755033493,0.980755478143692,0.9374687075614929,0.9188416302204132
final_20260729-043315_augmented_spots_train_e200_b10_lr5e-05_s1,?|Iron_logtif.h5|3842|11538|1017745,3,0.9345795512199402,0.8798377513885498,0.059602137034138046,0.9812212387720743,0.9805278380711874,0.9374886751174927,0.9003324985504151
final_20260729-043315_augmented_spots_train_e200_b10_lr5e-05_s1,?|Iron_deformed_logtif.h5|215|495|2158392,3,0.9270864923795065,0.864625612894694,0.0518641093124946,0.9867744644482931,0.9866659243901571,0.9376112222671509,0.919385039806366
final_20260729-043315_augmented_spots_train_e200_b10_lr5e-05_s1,?|Iron_deformed_logtif.h5|192|472|2026576,3,0.9211090207099915,0.8597556352615356,0.0455038845539093,0.9801018436749777,0.979047437508901,0.9378025730450948,0.9125955939292908
final_20260729-043315_augmented_spots_train_e200_b10_lr5e-05_s1,?|Iron_deformed_logtif.h5|59|59|249552,4,0.9291555434465408,0.8696898519992828,0.05259475065395236,0.9816014915704727,0.981379434466362,0.9382804036140442,0.9234299004077912
final_20260729-043315_augmented_spots_train_e200_b10_lr5e-05_s1,?|Ti7Al_logtif.h5|587|1569|653866,3,0.931338906288147,0.8787983854611715,0.05435928702354431,0.9638490279515585,0.9632991751035055,0.9384898145993551,0.9179352998733521
final_20260729-043315_augmented_spots_train_e200_b10_lr5e-05_s1,?|Iron_deformed_logtif.h5|144|424|1768990,4,0.944974273443222,0.8977753967046738,0.06794078694656491,0.9658456742763519,0.9651447087526321,0.9385167509317398,0.926508116722107
final_20260729-043315_augmented_spots_train_e200_b10_lr5e-05_s1,?|Iron_deformed_logtif.h5|275|555|2456737,5,0.9209852576255798,0.8549210071563721,0.0433444295078516,0.9901511669158936,0.989946448802948,0.9388203859329224,0.9126881837844849
final_20260729-043315_augmented_spots_train_e200_b10_lr5e-05_s1,?|Iron_deformed_logtif.h5|250|529|2345856,3,0.9351380268732706,0.879128654797872,0.05728627244631449,0.9737284779548645,0.9721176028251648,0.9389258623123169,0.9250266790390015
final_20260729-043315_augmented_spots_train_e200_b10_lr5e-05_s1,?|Iron_deformed_logtif.h5|188|188|784896,5,0.9196586728096008,0.8530907154083252,0.041672198101878166,0.9875600218772889,0.9875364899635315,0.938993239402771,0.9251060366630555
final_20260729-043315_augmented_spots_train_e200_b10_lr5e-05_s1,?|Ti7Al_logtif.h5|306|1288|501063,4,0.9146322011947632,0.8603284060955048,0.036539720837026834,0.9790880084037781,0.9779154062271118,0.939046248793602,0.8931323528289795
final_20260729-043315_augmented_spots_train_e200_b10_lr5e-05_s1,?|Iron_deformed_logtif.h5|191|191|786702,8,0.9285215362906456,0.8674613162875175,0.050349049270153046,0.9869557246565819,0.9866352677345276,0.9390862435102463,0.9266815662384034
final_20260729-043315_augmented_spots_train_e200_b10_lr5e-05_s1,?|Iron_deformed_logtif.h5|270|270|1208200,4,0.9291124045848846,0.8690701872110367,0.05093847867101431,0.9840722531080246,0.9807815700769424,0.9390869736671448,0.92208491563797
final_20260729-043315_augmented_spots_train_e200_b10_lr5e-05_s1,?|Iron_deformed_logtif.h5|125|405|1675921,3,0.9268514116605123,0.8643104831377665,0.04850273703535398,0.9834769169489542,0.9823342363039652,0.9391743342081705,0.9199793100357055
final_20260729-043315_augmented_spots_train_e200_b10_lr5e-05_s1,?|Al_deformed_LoG_logtif.h5|27|61|894788,23,0.9257322783055513,0.8627779924351237,0.0473460901690566,0.9874356751856597,0.9866168421247731,0.9391930932584016,0.9109179258346558
final_20260729-043315_augmented_spots_train_e200_b10_lr5e-05_s1,?|Iron_deformed_logtif.h5|58|58|242737,3,0.9326502879460653,0.8753882249196371,0.0538906113555034,0.9768408536911011,0.9736540118853251,0.9393798112869263,0.9121692419052124
final_20260729-043315_augmented_spots_train_e200_b10_lr5e-05_s1,?|Iron_deformed_logtif.h5|176|176|671863,7,0.9304925969668797,0.8715789147785732,0.051222131720611026,0.983393234866006,0.9829824907439095,0.9396352427346366,0.9059196472167969
final_20260729-043315_augmented_spots_train_e200_b10_lr5e-05_s1,?|Al_deformed_LoG_logtif.h5|22|56|838484,30,0.9249778111775716,0.8617871443430583,0.0456890007480979,0.9889717996120453,0.9880115310351054,0.9396444102128346,0.9195754408836365
final_20260729-043315_augmented_spots_train_e200_b10_lr5e-05_s1,?|Iron_deformed_logtif.h5|195|195|807221,3,0.9252426425615946,0.8627385497093201,0.045480905721584954,0.9890580773353577,0.9876637856165568,0.9398808677991232,0.9180806517601013
final_20260729-043315_augmented_spots_train_e200_b10_lr5e-05_s1,?|Iron_deformed_logtif.h5|128|408|1686356,3,0.9402467409769694,0.8875216245651245,0.06029453004399935,0.9795087575912476,0.9786168336868286,0.9399761160214742,0.9348595619201661
final_20260729-043315_augmented_spots_train_e200_b10_lr5e-05_s1,?|Iron_deformed_logtif.h5|190|190|785959,3,0.9284365375836691,0.8687401612599691,0.04830495392282804,0.9850094119707743,0.9847679336865743,0.9400658011436462,0.9191360712051392
final_20260729-043315_augmented_spots_train_e200_b10_lr5e-05_s1,?|Iron_deformed_logtif.h5|279|279|1239202,4,0.9193616062402725,0.8520720899105072,0.03906380059197545,0.9823013693094254,0.9819400012493134,0.9401489049196243,0.9152624130249023
final_20260729-043315_augmented_spots_train_e200_b10_lr5e-05_s1,?|Iron_deformed_logtif.h5|210|490|2115695,3,0.9280312061309814,0.8660871386528015,0.047248738507429756,0.9864163994789124,0.9855762918790182,0.9403912226359049,0.9286888360977172
final_20260729-043315_augmented_spots_train_e200_b10_lr5e-05_s1,?|Iron_deformed_logtif.h5|263|263|1188628,3,0.9251257379849752,0.8638916611671448,0.04426492191851139,0.9772305885950724,0.9771437247594198,0.9404304027557373,0.9301795482635498
final_20260729-043315_augmented_spots_train_e200_b10_lr5e-05_s1,?|Iron_deformed_logtif.h5|249|527|2345175,4,0.9211559444665909,0.855186864733696,0.039862611796706915,0.9850074350833893,0.9843393862247467,0.9406466782093048,0.9229343175888062
final_20260729-043315_augmented_spots_train_e200_b10_lr5e-05_s1,?|Al_deformed_LoG_logtif.h5|27|27|443830,20,0.9262777984142303,0.8648965567350387,0.04471005746163428,0.98982375562191,0.989281851053238,0.9407838702201843,0.9178111135959626
final_20260729-043315_augmented_spots_train_e200_b10_lr5e-05_s1,?|Iron_deformed_logtif.h5|152|432|1846281,3,0.9314903815587362,0.872751255830129,0.04976133878032366,0.9742460449536642,0.9735368092854818,0.9408645033836365,0.934456980228424
final_20260729-043315_augmented_spots_train_e200_b10_lr5e-05_s1,?|Iron_deformed_logtif.h5|129|129|446107,6,0.9411360522111257,0.8907847801844279,0.059352689112226166,0.9738494257132212,0.9737232426802317,0.940891683101654,0.9260410666465759
final_20260729-043315_augmented_spots_train_e200_b10_lr5e-05_s1,?|Al_deformed_LoG_logtif.h5|14|48|626060,26,0.9327180431439326,0.8746955807392414,0.05083835253921839,0.9755491545567145,0.9751541018486023,0.9409398413621463,0.9185865819454193
final_20260729-043315_augmented_spots_train_e200_b10_lr5e-05_s1,?|Iron_deformed_logtif.h5|187|187|782942,3,0.9366292754809061,0.8812261422475179,0.05459588145216306,0.9853939811388651,0.9852269490559896,0.9410167137781779,0.9296421051025391
final_20260729-043315_augmented_spots_train_e200_b10_lr5e-05_s1,?|Al_deformed_LoG_logtif.h5|30|30|444908,14,0.9300372515405927,0.8699593203408378,0.04776698723435402,0.9892234887395587,0.9890993237495422,0.9411351340157645,0.9210179805755615
final_20260729-043315_augmented_spots_train_e200_b10_lr5e-05_s1,?|Iron_deformed_logtif.h5|5|5|17872,5,0.9207719445228577,0.8544705390930176,0.038447335548698905,0.9926069855690003,0.992534589767456,0.9411623001098632,0.9220276713371277
final_20260729-043315_augmented_spots_train_e200_b10_lr5e-05_s1,?|Iron_deformed_logtif.h5|85|85|315186,5,0.9226389527320862,0.8584194302558898,0.04001552797853947,0.9771672010421752,0.9768941640853882,0.9413116931915283,0.9225295543670654
final_20260729-043315_augmented_spots_train_e200_b10_lr5e-05_s1,?|Al_deformed_LoG_logtif.h5|7|7|54476,19,0.9247302632582816,0.860786215255135,0.04148525479984911,0.9911392299752486,0.9908889061526248,0.9416225144737645,0.9199794054031372
final_20260729-043315_augmented_spots_train_e200_b10_lr5e-05_s1,?|Iron_deformed_logtif.h5|53|333|1458032,4,0.9408205896615982,0.8885072618722916,0.05732380039989948,0.9644811600446701,0.9642468988895416,0.9417483955621719,0.9328495860099792
final_20260729-043315_augmented_spots_train_e200_b10_lr5e-05_s1,?|Al_deformed_LoG_logtif.h5|20|20|362924,19,0.9349402032400432,0.8789023851093493,0.0513565734420952,0.9835460593825892,0.9833379764305917,0.9417918198987058,0.9147050738334656
final_20260729-043315_augmented_spots_train_e200_b10_lr5e-05_s1,?|Al_deformed_LoG_logtif.h5|18|52|779675,19,0.9276858097628543,0.8655797525456077,0.04384978282216348,0.9844491764118797,0.9840113489251388,0.9419180186171281,0.9277723789215088
final_20260729-043315_augmented_spots_train_e200_b10_lr5e-05_s1,?|Iron_deformed_logtif.h5|67|347|1504401,4,0.9320758134126663,0.8739548921585083,0.047848839312791824,0.9899787306785583,0.9889151453971863,0.9421134889125824,0.9304333090782165
final_20260729-043315_augmented_spots_train_e200_b10_lr5e-05_s1,?|Iron_deformed_logtif.h5|241|521|2332675,5,0.9267176985740662,0.8660738945007325,0.041725702583789825,0.9794836044311523,0.9699169516563415,0.9424960017204285,0.9161202549934387
final_20260729-043315_augmented_spots_train_e200_b10_lr5e-05_s1,?|Iron_deformed_logtif.h5|131|131|446796,4,0.9373175203800201,0.8837714940309525,0.05216911621391773,0.9647531062364578,0.9632781893014908,0.942574217915535,0.9140107691287994
final_20260729-043315_augmented_spots_train_e200_b10_lr5e-05_s1,?|Iron_deformed_logtif.h5|152|152|607331,6,0.9262844522794088,0.8683151106039683,0.04079252605636915,0.9799059430758158,0.979017416636149,0.9427459637324015,0.9011037051677704
final_20260729-043315_augmented_spots_train_e200_b10_lr5e-05_s1,?|Iron_deformed_logtif.h5|207|487|2110068,4,0.9255470931529999,0.8628322780132294,0.0400438504293561,0.9906899183988571,0.9902670085430145,0.9427516162395477,0.9274410545825958
final_20260729-043315_augmented_spots_train_e200_b10_lr5e-05_s1,?|Iron_deformed_logtif.h5|161|441|1867701,4,0.9243929386138916,0.8652918338775635,0.038675411604344845,0.9754906594753265,0.9750038832426071,0.9428587555885315,0.9257022023200989
final_20260729-043315_augmented_spots_train_e200_b10_lr5e-05_s1,?|Iron_deformed_logtif.h5|46|46|183492,5,0.9280457377433777,0.8691566467285157,0.042267223447561265,0.972425377368927,0.9701229095458984,0.9428892612457276,0.9168253302574157
final_20260729-043315_augmented_spots_train_e200_b10_lr5e-05_s1,?|Iron_deformed_logtif.h5|238|518|2313516,3,0.9279814759890238,0.8665690620740255,0.04215411841869354,0.9947356184323629,0.9947049617767334,0.9429136713345846,0.9332564234733581
final_20260729-043315_augmented_spots_train_e200_b10_lr5e-05_s1,?|Iron_deformed_logtif.h5|272|552|2450634,7,0.9300193871770587,0.8700453042984009,0.04418280215135643,0.9904376864433289,0.990301421710423,0.9429182665688651,0.9333879470825195
final_20260729-043315_augmented_spots_train_e200_b10_lr5e-05_s1,?|Iron_deformed_logtif.h5|73|73|294002,3,0.9191411336263021,0.8533226847648621,0.03320202479759852,0.985737125078837,0.9854557116826376,0.942969560623169,0.9305178642272949
final_20260729-043315_augmented_spots_train_e200_b10_lr5e-05_s1,?|Al_deformed_LoG_logtif.h5|9|43|572797,19,0.9375210404396057,0.8832882203553852,0.05146463239859594,0.9693193529781542,0.9688365490813005,0.9430282021823683,0.9161180019378662
final_20260729-043315_augmented_spots_train_e200_b10_lr5e-05_s1,?|Ti7Al_logtif.h5|561|1541|646447,3,0.9250165621439616,0.8682451049486796,0.03884418370823065,0.9732086459795634,0.972369929154714,0.9430862267812093,0.9248056173324585
final_20260729-043315_augmented_spots_train_e200_b10_lr5e-05_s1,?|Iron_deformed_logtif.h5|86|367|1556377,5,0.9343227982521057,0.8776544094085693,0.04809621013700962,0.9816964030265808,0.9809738874435425,0.9431132793426513,0.9299970865249634
final_20260729-043315_augmented_spots_train_e200_b10_lr5e-05_s1,?|Ti7Al_logtif.h5|110|110|32103,5,0.9258810520172119,0.8731444954872132,0.039574937894940376,0.9734638690948486,0.951315975189209,0.9431530594825744,0.9232948422431946
final_20260729-043315_augmented_spots_train_e200_b10_lr5e-05_s1,?|Ti7Al_logtif.h5|317|317|115086,3,0.9289119044939677,0.8752090136210123,0.04243506553272406,0.955365796883901,0.9480946660041809,0.9432384173075358,0.9332825899124145
final_20260729-043315_augmented_spots_train_e200_b10_lr5e-05_s1,?|Iron_deformed_logtif.h5|39|39|143519,5,0.9379538893699646,0.8836644291877747,0.05140052437782287,0.9812840461730957,0.9799636125564575,0.9432766795158386,0.9183611392974853
final_20260729-043315_augmented_spots_train_e200_b10_lr5e-05_s1,?|Al_deformed_LoG_logtif.h5|22|22|390231,24,0.9296298573414484,0.8691372647881508,0.04284733386399845,0.9910072460770607,0.9908207108577093,0.943391261001428,0.928949648141861
final_20260729-043315_augmented_spots_train_e200_b10_lr5e-05_s1,?|Al_deformed_LoG_logtif.h5|29|29|444632,28,0.9300920537539891,0.8701200974839074,0.04326586438609021,0.989165900009019,0.9891331770590374,0.9434131000723157,0.9201162457466125
final_20260729-043315_augmented_spots_train_e200_b10_lr5e-05_s1,?|Iron_deformed_logtif.h5|21|300|1307410,3,0.9328484535217285,0.8749733567237854,0.045863401144742966,0.9721831679344177,0.9716822504997253,0.9434925119082133,0.9123016715049743
final_20260729-043315_augmented_spots_train_e200_b10_lr5e-05_s1,?|Iron_deformed_logtif.h5|255|535|2371626,5,0.9194278001785279,0.8527668714523315,0.03236007429659367,0.9901219367980957,0.9899261355400085,0.9435338616371155,0.9282667160034179
final_20260729-043315_augmented_spots_train_e200_b10_lr5e-05_s1,?|Al_deformed_LoG_logtif.h5|30|65|895940,22,0.9281116751107302,0.8667400316758589,0.04070464928041805,0.9905880283225666,0.9904188134453513,0.9437035078352148,0.9160611510276795
final_20260729-043315_augmented_spots_train_e200_b10_lr5e-05_s1,?|Iron_deformed_logtif.h5|2|2|12606,8,0.9259913042187691,0.8631403893232346,0.038571994518861175,0.9873266443610191,0.9871206730604172,0.9437096565961838,0.9288791418075562
final_20260729-043315_augmented_spots_train_e200_b10_lr5e-05_s1,?|Iron_deformed_logtif.h5|216|496|2201946,4,0.9351620823144913,0.8789219558238983,0.04771220404654741,0.9903181344270706,0.9903082102537155,0.9437249451875687,0.9304705440998078
final_20260729-043315_augmented_spots_train_e200_b10_lr5e-05_s1,?|Ti7Al_logtif.h5|711|711|309821,3,0.9289059042930603,0.8798743685086569,0.0414394981538256,0.9756120443344116,0.9755302468935648,0.9437331954638163,0.8994707942008973
final_20260729-043315_augmented_spots_train_e200_b10_lr5e-05_s1,?|Iron_deformed_logtif.h5|127|407|1676778,4,0.9260088056325912,0.8629342913627625,0.03852711524814367,0.9940223097801208,0.9940149039030075,0.9437408298254013,0.9372080624103546
final_20260729-043315_augmented_spots_train_e200_b10_lr5e-05_s1,?|Iron_deformed_logtif.h5|114|394|1643007,3,0.9435538252194723,0.8935843507448832,0.056047216057777405,0.9821910858154297,0.9820834199587504,0.9437532822291056,0.9352729916572571
final_20260729-043315_augmented_spots_train_e200_b10_lr5e-05_s1,?|Iron_deformed_logtif.h5|81|362|1554017,4,0.9257435351610184,0.8652824461460114,0.03801969112828374,0.9886734187602997,0.9885056912899017,0.9438619017601013,0.9301560163497925
final_20260729-043315_augmented_spots_train_e200_b10_lr5e-05_s1,?|Iron_deformed_logtif.h5|265|545|2432134,4,0.918863371014595,0.8546089679002762,0.03030399465933442,0.983310803771019,0.9832432568073273,0.9442796856164932,0.9317966520786285
final_20260729-043315_augmented_spots_train_e200_b10_lr5e-05_s1,?|Iron_deformed_logtif.h5|27|307|1314638,3,0.9197947184244791,0.85258948802948,0.031219398602843285,0.9911090731620789,0.9909773866335551,0.944287637869517,0.9310309767723084
final_20260729-043315_augmented_spots_train_e200_b10_lr5e-05_s1,?|Iron_deformed_logtif.h5|92|372|1572842,4,0.9300723224878311,0.8714438080787659,0.04069297946989536,0.9937134385108948,0.9930706173181534,0.9446896612644196,0.9251201331615448
final_20260729-043315_augmented_spots_train_e200_b10_lr5e-05_s1,?|Iron_deformed_logtif.h5|101|101|361413,5,0.9351719498634339,0.8819207429885865,0.04506683647632599,0.9885365486145019,0.9875971078872681,0.9450525641441345,0.9161701798439026
final_20260729-043315_augmented_spots_train_e200_b10_lr5e-05_s1,?|Iron_deformed_logtif.h5|37|317|1382409,4,0.9324994087219238,0.8750440776348114,0.04221485462039709,0.9929443150758743,0.9928352981805801,0.9451422989368439,0.9209001004695893
final_20260729-043315_augmented_spots_train_e200_b10_lr5e-05_s1,?|Al_deformed_LoG_logtif.h5|5|5|30687,25,0.931527042388916,0.8723241996765136,0.04098701622337103,0.9919137263298035,0.9917068147659301,0.9452700114250183,0.9293935894966125
final_20260729-043315_augmented_spots_train_e200_b10_lr5e-05_s1,?|Iron_deformed_logtif.h5|275|275|1215260,3,0.9463232159614563,0.8986502091089884,0.055638050039609276,0.9692587852478027,0.969185988108317,0.9453425804773966,0.9297694802284241
final_20260729-043315_augmented_spots_train_e200_b10_lr5e-05_s1,?|Al_deformed_LoG_logtif.h5|33|33|445437,25,0.9316147089004516,0.8739200568199158,0.04087688956409693,0.9881170058250427,0.9865890741348267,0.9453689050674439,0.9174663782119751
final_20260729-043315_augmented_spots_train_e200_b10_lr5e-05_s1,?|Ti7Al_logtif.h5|153|153|50619,3,0.9403250018755595,0.8896999359130859,0.049576216377317905,0.9470286965370178,0.9467329184214274,0.9453744093577067,0.9246178030967712
final_20260729-043315_augmented_spots_train_e200_b10_lr5e-05_s1,?|Iron_deformed_logtif.h5|61|61|251104,6,0.9165144264698029,0.8524731695652008,0.025510852380345266,0.9851352969805399,0.9848929742972056,0.9455017745494843,0.9269452393054962
final_20260729-043315_augmented_spots_train_e200_b10_lr5e-05_s1,?|Al_deformed_LoG_logtif.h5|17|17|318986,16,0.9366275556385517,0.8816100880503654,0.04547094338340685,0.9838283397257328,0.9831756390631199,0.9455783069133759,0.9293327927589417
final_20260729-043315_augmented_spots_train_e200_b10_lr5e-05_s1,?|Ti7Al_logtif.h5|81|1063|411051,5,0.9392875075340271,0.8900485634803772,0.04810678139328957,0.9688146471977234,0.9659993886947632,0.9455903768539429,0.9272939562797546
final_20260729-043315_augmented_spots_train_e200_b10_lr5e-05_s1,?|Iron_deformed_logtif.h5|187|467|2022761,4,0.93948695063591,0.8871075212955475,0.048235457856208086,0.9848592430353165,0.984664648771286,0.9456257373094559,0.9329819083213806
final_20260729-043315_augmented_spots_train_e200_b10_lr5e-05_s1,?|Iron_deformed_logtif.h5|257|537|2399113,3,0.9432147939999899,0.8938431739807129,0.05118338018655777,0.9668667713801066,0.9667892654736837,0.946015735467275,0.9313974380493164
final_20260729-043315_augmented_spots_train_e200_b10_lr5e-05_s1,?|Iron_deformed_logtif.h5|174|174|668440,4,0.9309030771255493,0.8713788837194443,0.03842662228271365,0.9864714741706848,0.9859879910945892,0.946238249540329,0.9361860394477844
final_20260729-043315_augmented_spots_train_e200_b10_lr5e-05_s1,?|Al_deformed_LoG_logtif.h5|5|39|481387,20,0.9244313210248947,0.8601685225963592,0.03192165987566113,0.9951341718435287,0.9950797706842422,0.9462548285722733,0.9310565114021301
final_20260729-043315_augmented_spots_train_e200_b10_lr5e-05_s1,?|Al_deformed_LoG_logtif.h5|25|59|878905,16,0.9351320043206215,0.8785664327442646,0.04194460861617699,0.9900701642036438,0.9898601546883583,0.946593701839447,0.9394494891166687
final_20260729-043315_augmented_spots_train_e200_b10_lr5e-05_s1,?|Iron_deformed_logtif.h5|184|184|749244,3,0.9280446171760559,0.8688072562217712,0.03485422612478336,0.9879331787427267,0.9861805637677511,0.9465952118237814,0.9168118000030517
final_20260729-043315_augmented_spots_train_e200_b10_lr5e-05_s1,?|Iron_deformed_logtif.h5|196|476|2048948,3,0.9371480743090311,0.8843396306037903,0.043868190298477806,0.9143013755480448,0.9140551090240479,0.9466399550437927,0.9271048426628112
final_20260729-043315_augmented_spots_train_e200_b10_lr5e-05_s1,?|Iron_deformed_logtif.h5|30|310|1320109,5,0.9223487377166748,0.8620981812477112,0.028347073122859,0.9631995439529419,0.9629724264144898,0.9470008492469788,0.9319362759590148
final_20260729-043315_augmented_spots_train_e200_b10_lr5e-05_s1,?|Iron_deformed_logtif.h5|270|550|2449837,5,0.9387623786926269,0.885482132434845,0.04415616281330585,0.9804615259170533,0.9798876047134399,0.9473031044006348,0.9235467076301574
final_20260729-043315_augmented_spots_train_e200_b10_lr5e-05_s1,?|Al_deformed_LoG_logtif.h5|14|14|188210,20,0.9323170810937882,0.8738837689161301,0.03759812954813242,0.9906281679868698,0.9902830004692078,0.9473594784736633,0.9268891215324402
final_20260729-043315_augmented_spots_train_e200_b10_lr5e-05_s1,?|Al_deformed_LoG_logtif.h5|15|15|275101,28,0.9392518103122711,0.8860114514827728,0.04415740258991718,0.9902990013360977,0.990003057888576,0.9475472101143428,0.9357450842857361
final_20260729-043315_augmented_spots_train_e200_b10_lr5e-05_s1,?|Al_deformed_LoG_logtif.h5|33|67|896466,26,0.9317589333424201,0.8726454996145688,0.03646092700700347,0.9934232785151556,0.993312092927786,0.9476489906127636,0.9339795708656311
final_20260729-043315_augmented_spots_train_e200_b10_lr5e-05_s1,?|Ti7Al_logtif.h5|689|689|304122,3,0.9343687295913696,0.8815258542696635,0.039021883780757584,0.9448167284329733,0.9443360368410746,0.9476734201113383,0.9108941316604614
final_20260729-043315_augmented_spots_train_e200_b10_lr5e-05_s1,?|Ti7Al_logtif.h5|674|1655|690234,3,0.9309496084849039,0.8761978149414062,0.03546489278475443,0.9656110803286234,0.9611729383468628,0.9477423628171285,0.9422955751419068
final_20260729-043315_augmented_spots_train_e200_b10_lr5e-05_s1,?|Iron_deformed_logtif.h5|178|458|1910882,4,0.9299551844596863,0.8703790009021759,0.03401914006099105,0.9958343058824539,0.995822548866272,0.947967991232872,0.9429523169994354
final_20260729-043315_augmented_spots_train_e200_b10_lr5e-05_s1,?|Al_deformed_LoG_logtif.h5|4|4|23047,17,0.940813422203064,0.888946491129258,0.04469844183939345,0.9871956250246834,0.9866921270594877,0.9480574867304634,0.9247617721557617
final_20260729-043315_augmented_spots_train_e200_b10_lr5e-05_s1,?|Al_deformed_LoG_logtif.h5|15|49|716420,28,0.9365719237497875,0.8811829835176468,0.04032338227677558,0.9872510092599052,0.9870393127202988,0.9481242703539985,0.9322903335094452
final_20260729-043315_augmented_spots_train_e200_b10_lr5e-05_s1,?|Iron_deformed_logtif.h5|56|56|220626,3,0.9379982153574625,0.883541464805603,0.040967121720314026,0.9921790361404419,0.9919953147570292,0.9485155542691549,0.9329713106155395
final_20260729-043315_augmented_spots_train_e200_b10_lr5e-05_s1,?|Al_deformed_LoG_logtif.h5|32|32|445244,19,0.944638685176247,0.8955521771782323,0.04717507840771424,0.9820812721001474,0.981752524250432,0.9487317988747045,0.9297866702079773
final_20260729-043315_augmented_spots_train_e200_b10_lr5e-05_s1,?|Iron_deformed_logtif.h5|17|17|67353,5,0.9308110117912293,0.8710059523582458,0.03333660177886486,0.9949652910232544,0.994692063331604,0.9487372040748596,0.9339031219482422
final_20260729-043315_augmented_spots_train_e200_b10_lr5e-05_s1,?|Ti7Al_logtif.h5|502|502|226160,3,0.9312689701716105,0.8748166759808859,0.03361800064643224,0.98263152440389,0.9824751814206442,0.9488254984219869,0.9429480314254761
final_20260729-043315_augmented_spots_train_e200_b10_lr5e-05_s1,?|Iron_deformed_logtif.h5|248|248|1106248,3,0.9225981632868449,0.8611833850542704,0.02431316984196504,0.9847585558891296,0.9846659501393636,0.9491425156593323,0.9366631627082824
final_20260729-043315_augmented_spots_train_e200_b10_lr5e-05_s1,?|Iron_deformed_logtif.h5|9|289|1260309,3,0.9280768632888794,0.8703012863794962,0.029410625497500103,0.9921572407086691,0.992008904616038,0.949333131313324,0.9382048726081849
final_20260729-043315_augmented_spots_train_e200_b10_lr5e-05_s1,?|Iron_deformed_logtif.h5|252|532|2351102,3,0.9335721532503763,0.8767446080843607,0.03479949819544951,0.9854033986727396,0.9852728446324667,0.9493863383928934,0.9355544924736023
final_20260729-043315_augmented_spots_train_e200_b10_lr5e-05_s1,?|Iron_deformed_logtif.h5|197|197|812567,6,0.9336302975813547,0.8771350383758545,0.03452807773525516,0.9906530578931173,0.9903956154982249,0.949551115433375,0.9376584887504578
final_20260729-043315_augmented_spots_train_e200_b10_lr5e-05_s1,?|Ti7Al_logtif.h5|726|726|314065,4,0.9454257786273956,0.8979996144771576,0.04579589166678488,0.9797135591506958,0.9794351607561111,0.9498149454593658,0.9295619785785675
final_20260729-043315_augmented_spots_train_e200_b10_lr5e-05_s1,?|Ti7Al_logtif.h5|900|1881|752712,3,0.9358656803766886,0.8877595861752828,0.036051648979385696,0.9586150646209717,0.9560014605522156,0.9499070247014364,0.9181323528289795
final_20260729-043315_augmented_spots_train_e200_b10_lr5e-05_s1,?|Iron_deformed_logtif.h5|57|337|1461804,3,0.9345241586367289,0.8790672421455383,0.0345533142487208,0.9947395523389181,0.9942508737246195,0.949985404809316,0.9363982796669006
final_20260729-043315_augmented_spots_train_e200_b10_lr5e-05_s1,?|Ti7Al_logtif.h5|735|735|318417,3,0.9435532689094543,0.8956079681714376,0.04329362139105797,0.9858174920082092,0.9857000907262167,0.9501298467318217,0.9354153275489807
final_20260729-043315_augmented_spots_train_e200_b10_lr5e-05_s1,?|Al_deformed_LoG_logtif.h5|32|64|895895,23,0.9418181906575742,0.8903734580330227,0.0406159189246271,0.9901061420855315,0.9900158617807471,0.9506011397942252,0.9404801368713379
final_20260729-043315_augmented_spots_train_e200_b10_lr5e-05_s1,?|Iron_deformed_logtif.h5|228|228|1010103,3,0.9330266316731771,0.8758400281270345,0.03178463441630205,0.995189905166626,0.9950576623280843,0.9506210088729858,0.9338285565376282
final_20260729-043315_augmented_spots_train_e200_b10_lr5e-05_s1,?|Ti7Al_logtif.h5|120|1102|427246,3,0.937365730603536,0.8839857578277588,0.03552764902512232,0.9878917932510376,0.987107495466868,0.9509190718332926,0.9293886661529541
final_20260729-043315_augmented_spots_train_e200_b10_lr5e-05_s1,?|Iron_deformed_logtif.h5|194|474|2027962,3,0.9377247095108032,0.8828880588213602,0.03455780384441217,0.9938374559084574,0.9937508900960287,0.951583464940389,0.9450986623764038
final_20260729-043315_augmented_spots_train_e200_b10_lr5e-05_s1,?|Iron_deformed_logtif.h5|11|291|1277433,3,0.938153088092804,0.8841747045516968,0.03462384641170502,0.9949857393900553,0.9949561754862467,0.9517645835876465,0.9446394681930542
final_20260729-043315_augmented_spots_train_e200_b10_lr5e-05_s1,?|Iron_deformed_logtif.h5|235|515|2278776,3,0.946753720442454,0.8992431163787842,0.04307460909088453,0.9899935126304626,0.9899539947509766,0.9518395662307739,0.9469041228294373
final_20260729-043315_augmented_spots_train_e200_b10_lr5e-05_s1,?|Al_deformed_LoG_logtif.h5|10|44|606472,28,0.947579562664032,0.9008771670716149,0.04284887491459293,0.9852789768150875,0.9848289276872363,0.9523653515747615,0.9332688748836517
final_20260729-043315_augmented_spots_train_e200_b10_lr5e-05_s1,?|Iron_deformed_logtif.h5|128|128|445774,4,0.9501700848340988,0.9057877212762833,0.04513673949986696,0.9918492287397385,0.9908454269170761,0.9525166600942612,0.9390066087245941
final_20260729-043315_augmented_spots_train_e200_b10_lr5e-05_s1,?|Iron_deformed_logtif.h5|274|554|2452789,4,0.9384675920009613,0.8858568072319031,0.032798536121845245,0.9914184063673019,0.9913424849510193,0.9528345316648483,0.9379399836063385
final_20260729-043315_augmented_spots_train_e200_b10_lr5e-05_s1,?|Al_deformed_LoG_logtif.h5|9|9|125856,30,0.9420771380265553,0.8909918447335561,0.03638977641239762,0.9913670917352041,0.9912275433540344,0.9528436779975891,0.9354699730873108
final_20260729-043315_augmented_spots_train_e200_b10_lr5e-05_s1,?|Iron_deformed_logtif.h5|276|556|2461082,3,0.9307246009508768,0.8714988430341085,0.02478543296456337,0.9946341514587402,0.9945714473724365,0.9529695510864258,0.9469969987869262
final_20260729-043315_augmented_spots_train_e200_b10_lr5e-05_s1,?|Al_deformed_LoG_logtif.h5|19|53|795248,19,0.9402622580528259,0.8880086760771903,0.034173529791204554,0.9934788973707902,0.9933765499215377,0.9530443674639651,0.9349545240402222
final_20260729-043315_augmented_spots_train_e200_b10_lr5e-05_s1,?|Ti7Al_logtif.h5|163|1144|441312,3,0.9478603998819987,0.9049056172370911,0.041667029882470764,0.9822652141253153,0.9818113247553507,0.9530967076619467,0.9349060893058777
final_20260729-043315_augmented_spots_train_e200_b10_lr5e-05_s1,?|Iron_deformed_logtif.h5|234|514|2272117,3,0.9379581809043884,0.88524862130483,0.03169861435890198,0.9930788079897562,0.9930607477823893,0.953129768371582,0.9459941625595093
final_20260729-043315_augmented_spots_train_e200_b10_lr5e-05_s1,?|Iron_deformed_logtif.h5|105|105|380792,4,0.9372442960739136,0.8845388293266296,0.03055837517604232,0.9833869636058807,0.9822064787149429,0.9533429741859436,0.938045197725296
final_20260729-043315_augmented_spots_train_e200_b10_lr5e-05_s1,?|Al_deformed_LoG_logtif.h5|24|58|878465,20,0.9425783038139344,0.8918465435504913,0.035847886465489864,0.9945908963680268,0.9944711476564407,0.9533652126789093,0.9454658150672912
final_20260729-043315_augmented_spots_train_e200_b10_lr5e-05_s1,?|Iron_deformed_logtif.h5|116|396|1643737,4,0.9461192190647125,0.8981265872716904,0.03936740756034851,0.9927696883678436,0.9926795959472656,0.9533759355545044,0.9463241755962372
final_20260729-043315_augmented_spots_train_e200_b10_lr5e-05_s1,?|Iron_deformed_logtif.h5|34|34|111384,3,0.9326071739196777,0.8752396702766418,0.02582116921742757,0.9959725141525269,0.995854397614797,0.9533929824829102,0.9460656881332398
final_20260729-043315_augmented_spots_train_e200_b10_lr5e-05_s1,?|Iron_deformed_logtif.h5|243|243|1093956,4,0.9407123774290085,0.8884813487529755,0.03379747970029712,0.9890052974224091,0.9888661503791809,0.9534574598073959,0.9413830459117889
final_20260729-043315_augmented_spots_train_e200_b10_lr5e-05_s1,?|Iron_deformed_logtif.h5|61|341|1491473,3,0.9320137103398641,0.8730750878651937,0.023733646298448246,0.9983202219009399,0.9981260697046915,0.9541400074958801,0.9478990912437439
final_20260729-043315_augmented_spots_train_e200_b10_lr5e-05_s1,?|Al_deformed_LoG_logtif.h5|24|24|428139,22,0.9393090876665983,0.8861197883432562,0.031009379435669292,0.9955038672143762,0.9954700334505602,0.9541498503901742,0.9456104040145874
final_20260729-043315_augmented_spots_train_e200_b10_lr5e-05_s1,?|Al_deformed_LoG_logtif.h5|10|10|167252,17,0.9528554537717033,0.9105144108042997,0.04452374204993248,0.9856034271857318,0.9853978051858789,0.9541658583809348,0.9427132368087768
final_20260729-043315_augmented_spots_train_e200_b10_lr5e-05_s1,?|Ti7Al_logtif.h5|67|67|19272,4,0.9489383697509766,0.9042008072137833,0.040094812866300344,0.9729932546615601,0.9719832688570023,0.9544217735528946,0.9345093369483948
final_20260729-043315_augmented_spots_train_e200_b10_lr5e-05_s1,?|Iron_deformed_logtif.h5|55|55|220305,3,0.9346065918604533,0.8781673312187195,0.024531419699390728,0.9980810880661011,0.9980709950129191,0.9550375739733378,0.9439854264259339
final_20260729-043315_augmented_spots_train_e200_b10_lr5e-05_s1,?|Iron_deformed_logtif.h5|242|242|1093635,4,0.9403858929872513,0.8881721645593643,0.029985270462930202,0.9919924587011337,0.9916471242904663,0.9552002996206284,0.9442940771579742
final_20260729-043315_augmented_spots_train_e200_b10_lr5e-05_s1,?|Al_deformed_LoG_logtif.h5|25|25|428596,12,0.944461057583491,0.8953057626883189,0.03377591795288026,0.9932379970947901,0.9930933366219202,0.9553425709406534,0.939349788427353
final_20260729-043315_augmented_spots_train_e200_b10_lr5e-05_s1,?|Iron_deformed_logtif.h5|241|241|1093313,4,0.944168820977211,0.8949256241321564,0.033162083476781845,0.9902896136045456,0.9901735037565231,0.9555033594369888,0.9453073084354401
final_20260729-043315_augmented_spots_train_e200_b10_lr5e-05_s1,?|Iron_deformed_logtif.h5|100|100|360369,4,0.952928364276886,0.9112163633108139,0.04185276431962848,0.9908520728349686,0.9905984699726105,0.955537810921669,0.9458523035049439
final_20260729-043315_augmented_spots_train_e200_b10_lr5e-05_s1,?|Ti7Al_logtif.h5|936|1918|774149,3,0.9450947642326355,0.89944060643514,0.03395139146596193,0.9476780295372009,0.945819079875946,0.955571711063385,0.9405304193496704
final_20260729-043315_augmented_spots_train_e200_b10_lr5e-05_s1,?|Iron_deformed_logtif.h5|229|509|2250437,3,0.9392224748929342,0.8862283627192179,0.027512493853767712,0.9974098404248556,0.9972678025563558,0.9558549920717875,0.9477939128875732
final_20260729-043315_augmented_spots_train_e200_b10_lr5e-05_s1,?|Al_deformed_LoG_logtif.h5|4|38|471881,23,0.9480794901433198,0.901894017406132,0.03612370740460313,0.9837331564530082,0.9831618666648865,0.9559778933939727,0.9363499402999877
final_20260729-043315_augmented_spots_train_e200_b10_lr5e-05_s1,?|Iron_deformed_logtif.h5|95|95|333463,3,0.9550037781397501,0.9140625993410746,0.04250797381003698,0.9822780092557272,0.9822529554367065,0.9562479058901469,0.9423276662826539
final_20260729-043315_augmented_spots_train_e200_b10_lr5e-05_s1,?|Ti7Al_logtif.h5|907|907|360786,3,0.9462096293767294,0.8997654318809509,0.033073061456282936,0.9677472909291586,0.9657342632611593,0.9565683007240295,0.9448715090751648
final_20260729-043315_augmented_spots_train_e200_b10_lr5e-05_s1,?|Al_deformed_LoG_logtif.h5|3|37|469193,18,0.949700739648607,0.9047747221257951,0.03631550311628315,0.9861455063025156,0.9856382078594632,0.9566926194561852,0.9325146853923798
final_20260729-043315_augmented_spots_train_e200_b10_lr5e-05_s1,?|Al_deformed_LoG_logtif.h5|11|45|606718,21,0.9519151136988685,0.9088772024427142,0.03840392992077839,0.986930855682918,0.9866179596810114,0.9567555983861288,0.9437488317489624
final_20260729-043315_augmented_spots_train_e200_b10_lr5e-05_s1,?|Iron_deformed_logtif.h5|144|144|528465,3,0.9415164192517599,0.8925608197848002,0.027252485354741413,0.9868423740069071,0.9854783813158671,0.9571319619814554,0.9496689081192017
final_20260729-043315_augmented_spots_train_e200_b10_lr5e-05_s1,?|Al_deformed_LoG_logtif.h5|12|12|167848,21,0.9571227062316168,0.9182705084482828,0.042559524598930566,0.9757204708598909,0.9755195265724546,0.9572815951846895,0.9367786645889282
final_20260729-043315_augmented_spots_train_e200_b10_lr5e-05_s1,?|Iron_deformed_logtif.h5|65|65|262514,3,0.9461822112401327,0.8985307017962137,0.03155754506587982,0.9938446879386902,0.9934762318929037,0.9573123455047607,0.9480480432510376
final_20260729-043315_augmented_spots_train_e200_b10_lr5e-05_s1,?|Iron_deformed_logtif.h5|162|442|1877566,3,0.9286955992380778,0.8719858527183533,0.013806311413645744,0.9957133332888285,0.995416263739268,0.9574446479479471,0.9441799998283387
final_20260729-043315_augmented_spots_train_e200_b10_lr5e-05_s1,?|Ti7Al_logtif.h5|9|9|1561,4,0.9414488673210144,0.8958564400672913,0.02653397200629115,0.9759699553251266,0.975204586982727,0.9574574381113052,0.9404752850532532
final_20260729-043315_augmented_spots_train_e200_b10_lr5e-05_s1,?|Iron_deformed_logtif.h5|131|411|1687350,7,0.9523105110440936,0.9093891637665885,0.037183113795306,0.9902364441326686,0.9901022229875837,0.9575636982917786,0.9472893953323365
final_20260729-043315_augmented_spots_train_e200_b10_lr5e-05_s1,?|Iron_deformed_logtif.h5|89|89|322664,5,0.9486063241958618,0.9031718254089356,0.033043240755796434,0.9936595320701599,0.9929305195808411,0.9577815532684326,0.9486599922180176
final_20260729-043315_augmented_spots_train_e200_b10_lr5e-05_s1,?|Iron_deformed_logtif.h5|41|321|1394494,4,0.9577642232179642,0.9193783700466156,0.04172226460650563,0.9923448115587234,0.992193877696991,0.9580209851264954,0.9514484524726867
final_20260729-043315_augmented_spots_train_e200_b10_lr5e-05_s1,?|IN718_twins_logtif.h5|108|1486|128639,3,0.9674667318662008,0.9388454755147299,0.05064066002766291,0.9878766735394796,0.9785378376642863,0.9584130048751831,0.9309063673019409
final_20260729-043315_augmented_spots_train_e200_b10_lr5e-05_s1,?|Iron_deformed_logtif.h5|67|67|264081,3,0.9512563149134318,0.9075863361358643,0.03421542917688688,0.9946720202763876,0.9944890936215719,0.9585204521814982,0.9498794794082641
final_20260729-043315_augmented_spots_train_e200_b10_lr5e-05_s1,?|Iron_deformed_logtif.h5|80|360|1553237,3,0.9438542127609253,0.8946757912635803,0.02653037818769614,0.9947254260381063,0.9945131142934164,0.9586619138717651,0.9456610679626465
final_20260729-043315_augmented_spots_train_e200_b10_lr5e-05_s1,?|Al_deformed_LoG_logtif.h5|16|50|760193,17,0.9448007695815143,0.896242082118988,0.027361380210255876,0.992053796263302,0.9920262133373934,0.9587196918094859,0.9368936777114868
final_20260729-043315_augmented_spots_train_e200_b10_lr5e-05_s1,?|Iron_deformed_logtif.h5|248|530|2345952,3,0.9392427007357279,0.8869625131289164,0.020045900096495945,0.9968458811442057,0.9968223571777344,0.9595984220504761,0.9498322486877442
final_20260729-043315_augmented_spots_train_e200_b10_lr5e-05_s1,?|Al_big_grains_logtif.h5|1987|6931|214006,3,0.9560113151868185,0.9181236227353414,0.0364627226566275,0.9872905214627584,0.979015032450358,0.9597742756207784,0.9558521151542664
final_20260729-043315_augmented_spots_train_e200_b10_lr5e-05_s1,?|Ti7Al_logtif.h5|867|1849|749230,3,0.9505387941996256,0.9094934860865275,0.030801393712560337,0.9929217100143433,0.9927644530932108,0.9598687291145325,0.9479823350906372
final_20260729-043315_augmented_spots_train_e200_b10_lr5e-05_s1,?|Al_deformed_LoG_logtif.h5|12|46|607012,28,0.9504471804414477,0.9060460350343159,0.03047559769558055,0.9949683334146228,0.9949627603803363,0.9599857968943459,0.9506778538227081
final_20260729-043315_augmented_spots_train_e200_b10_lr5e-05_s1,?|Iron_logtif.h5|1800|1800|157572,3,0.9514714678128561,0.9078824718793234,0.031082123517990112,0.9861438671747843,0.9860405723253886,0.9601946671803793,0.9589873433113099
final_20260729-043315_augmented_spots_train_e200_b10_lr5e-05_s1,?|Iron_deformed_logtif.h5|117|397|1649342,3,0.9387153387069702,0.8853002587954203,0.018237723037600517,0.9930958350499471,0.9891197681427002,0.9602387746175131,0.9531383395195008
final_20260729-043315_augmented_spots_train_e200_b10_lr5e-05_s1,?|Ti7Al_logtif.h5|485|485|220991,3,0.9315052429835001,0.8763555685679117,0.010820960936446985,0.9775997201601664,0.9770851929982504,0.9603421290715536,0.9541444063186646
final_20260729-043315_augmented_spots_train_e200_b10_lr5e-05_s1,?|Ti7Al_logtif.h5|278|278|106292,4,0.9428832083940506,0.8952465057373047,0.021512777311727405,0.978512167930603,0.9757583290338516,0.9606852233409882,0.9509925663471221
final_20260729-043315_augmented_spots_train_e200_b10_lr5e-05_s1,?|Ti7Al_logtif.h5|846|1828|745292,3,0.960340162118276,0.9265449444452921,0.0387781864653031,0.9891467690467834,0.9889224569002787,0.9607810179392496,0.9419548988342286
final_20260729-043315_augmented_spots_train_e200_b10_lr5e-05_s1,?|Al_deformed_LoG_logtif.h5|3|3|20806,16,0.9531253315508366,0.9109332300722599,0.03081494040088728,0.9862408451735973,0.9861830808222294,0.9611551910638809,0.9440836608409882
final_20260729-043315_augmented_spots_train_e200_b10_lr5e-05_s1,?|Al_deformed_LoG_logtif.h5|16|16|316744,25,0.9484502983093261,0.9026284790039063,0.025712174512445927,0.9927296137809754,0.9926681447029114,0.9613690614700318,0.951528525352478
final_20260729-043315_augmented_spots_train_e200_b10_lr5e-05_s1,?|Iron_deformed_logtif.h5|123|123|415378,4,0.9495817273855209,0.9049720019102097,0.02678158786147833,0.9941820800304413,0.9940896481275558,0.9614000618457794,0.9513246297836304
final_20260729-043315_augmented_spots_train_e200_b10_lr5e-05_s1,?|Ti7Al_logtif.h5|273|273|104028,4,0.9474816471338272,0.9010897129774094,0.02227558195590973,0.9875873774290085,0.9875346720218658,0.9626030474901199,0.9573643684387207
final_20260729-043315_augmented_spots_train_e200_b10_lr5e-05_s1,?|Iron_deformed_logtif.h5|91|91|323387,3,0.9498727718989054,0.9048035939534506,0.023995538242161274,0.993087887763977,0.9927177429199219,0.9629386266072592,0.9564886093139648
final_20260729-043315_augmented_spots_train_e200_b10_lr5e-05_s1,?|Ti7Al_logtif.h5|372|372|143345,3,0.9513737161954244,0.9083016912142435,0.025253576536973316,0.9835193753242493,0.982873539129893,0.9630601008733114,0.9519259691238403
final_20260729-043315_augmented_spots_train_e200_b10_lr5e-05_s1,?|Al_deformed_LoG_logtif.h5|11|11|167555,19,0.9541300033268175,0.9127599440122905,0.026959197742766457,0.9913868935484635,0.991340834843485,0.9635854081103676,0.9508923411369323
final_20260729-043315_augmented_spots_train_e200_b10_lr5e-05_s1,?|Iron_deformed_logtif.h5|167|167|658994,3,0.945138156414032,0.8966914614041647,0.01651140737036864,0.993010679880778,0.9926161766052246,0.9643133481343588,0.9541915059089661
final_20260729-043315_augmented_spots_train_e200_b10_lr5e-05_s1,?|Ti7Al_logtif.h5|530|1512|630809,3,0.9610829552014669,0.9262402852376302,0.03241152813037237,0.994224468866984,0.9941518108050028,0.9643356998761495,0.9541440010070801
final_20260729-043315_augmented_spots_train_e200_b10_lr5e-05_s1,?|Iron_deformed_logtif.h5|193|473|2027590,3,0.9547767043113708,0.9143831531206766,0.023953417936960857,0.9971789121627808,0.9971298376719157,0.9654116233189901,0.957826828956604
final_20260729-043315_augmented_spots_train_e200_b10_lr5e-05_s1,?|Ti7Al_logtif.h5|763|1744|716641,3,0.9484089811642965,0.9027251998583475,0.0172053724527359,0.9984492858250936,0.9982791741689047,0.9656018018722534,0.9616812229156494
final_20260729-043315_augmented_spots_train_e200_b10_lr5e-05_s1,?|Ti7Al_logtif.h5|89|89|24821,3,0.9581834673881531,0.9215372403462728,0.0246528759598732,0.9898752371470133,0.9896873831748962,0.966765304406484,0.956325101852417
final_20260729-043315_augmented_spots_train_e200_b10_lr5e-05_s1,?|Ti7Al_logtif.h5|785|1767|720185,3,0.9550756017367045,0.9159811933835348,0.020782904078563053,0.982793907324473,0.9824333389600118,0.9671463171641032,0.9636605858802796
final_20260729-043315_augmented_spots_train_e200_b10_lr5e-05_s1,?|Iron_deformed_logtif.h5|123|403|1657222,3,0.952756424744924,0.9106873075167338,0.018400220510860283,0.9910056193669637,0.9909389217694601,0.9671781063079834,0.9633740901947021
final_20260729-043315_augmented_spots_train_e200_b10_lr5e-05_s1,?|Al_big_grains_logtif.h5|1823|6767|209024,3,0.9636316696802775,0.9314242998758951,0.028199966065585613,0.9923028548558553,0.9920112291971842,0.967715839544932,0.9506563186645508
final_20260729-043315_augmented_spots_train_e200_b10_lr5e-05_s1,?|Ti7Al_logtif.h5|134|1116|428768,3,0.9537297089894613,0.912990669409434,0.01713152291874091,0.9966167608896891,0.9965547323226929,0.9682991107304891,0.95951406955719
final_20260729-043315_augmented_spots_train_e200_b10_lr5e-05_s1,?|Ti7Al_logtif.h5|579|579|259870,3,0.9579428434371948,0.9206752975781759,0.019672530392805736,0.9881948232650757,0.9875448743502299,0.9691351652145386,0.9610430717468261
final_20260729-043315_augmented_spots_train_e200_b10_lr5e-05_s1,?|Al_deformed_LoG_logtif.h5|26|60|891702,23,0.9645326422608417,0.9322210109752157,0.02597619508109663,0.9906497157138326,0.990638035794963,0.9692782241365184,0.9636263608932495
final_20260729-043315_augmented_spots_train_e200_b10_lr5e-05_s1,?|Al_deformed_LoG_logtif.h5|0|34|461737,22,0.962984328920191,0.930031502788717,0.024020994928750126,0.994410747831518,0.9939761161804199,0.9694816768169403,0.9617113769054413
final_20260729-043315_augmented_spots_train_e200_b10_lr5e-05_s1,?|Al_big_grains_logtif.h5|4294|9239|295394,3,0.9686427712440491,0.942225972811381,0.029137749845782917,0.9860624670982361,0.9851071238517761,0.9697525103886923,0.9530786395072937
final_20260729-043315_augmented_spots_train_e200_b10_lr5e-05_s1,?|Al_big_grains_logtif.h5|481|5423|169747,3,0.9780101378758749,0.9570692181587219,0.03818966634571552,0.9862597783406576,0.9862163464228312,0.9699102242787679,0.9534928560256958
final_20260729-043315_augmented_spots_train_e200_b10_lr5e-05_s1,?|Al_segvol.h5|2597|2597|14315,3,0.9661830464998881,0.9347460667292277,0.02432696707546711,0.9964301983515421,0.9963863094647726,0.9709280530611674,0.9701402425765991
final_20260729-043315_augmented_spots_train_e200_b10_lr5e-05_s1,?|Al_deformed_LoG_logtif.h5|0|0|14345,21,0.9558020205724806,0.91651984055837,0.013878050748081435,0.9962374851817176,0.9961502864247277,0.9709619964872088,0.9651316404342651
final_20260729-043315_augmented_spots_train_e200_b10_lr5e-05_s1,?|Iron_deformed_logtif.h5|105|385|1622522,3,0.9535649617513021,0.9124124447504679,0.010798764415085316,0.9963739315668741,0.9962770342826843,0.9713830947875977,0.9664765357971191
final_20260729-043315_augmented_spots_train_e200_b10_lr5e-05_s1,?|Al_deformed_LoG_logtif.h5|26|26|441233,21,0.9616071894055321,0.9269037218320937,0.017416973775696187,0.9946230053901672,0.9945971199444362,0.9720951091675532,0.9637528657913208
final_20260729-043315_augmented_spots_train_e200_b10_lr5e-05_s1,?|Ti7Al_logtif.h5|458|1440|597994,4,0.9744455218315125,0.9507607072591782,0.030072223860770464,0.9855499863624573,0.9854115396738052,0.9721866399049759,0.9643904089927673
final_20260729-043315_augmented_spots_train_e200_b10_lr5e-05_s1,?|Al_segvol.h5|4499|4499|24632,3,0.9786551197369894,0.9582276344299316,0.03355036055048307,0.9917460878690084,0.9916624625523885,0.9725523988405863,0.9627084493637085
final_20260729-043315_augmented_spots_train_e200_b10_lr5e-05_s1,?|Ti7Al_logtif.h5|244|1226|477357,3,0.9633651177088419,0.9300730029741923,0.017663049201170605,0.9915947119394938,0.9913752675056458,0.972851037979126,0.9598499298095703
final_20260729-043315_augmented_spots_train_e200_b10_lr5e-05_s1,?|IN718_twins_logtif.h5|1224|1224|103276,3,0.9844130277633667,0.9694202939669291,0.0349059614042441,0.9927801291147867,0.9813435276349386,0.9747535387674967,0.9617311596870423
final_20260729-043315_augmented_spots_train_e200_b10_lr5e-05_s1,?|Ti7Al_logtif.h5|356|1338|522142,3,0.9627464612325033,0.930485725402832,0.012887848541140556,0.9964501659075419,0.9962769746780396,0.9749293128649393,0.9623452305793763
final_20260729-043315_augmented_spots_train_e200_b10_lr5e-05_s1,?|IN718_twins_logtif.h5|909|2288|195464,3,0.9838065703709921,0.9681540528933207,0.0332509558647871,0.9935803413391113,0.9928373098373413,0.9752778013547262,0.9656301379203797
final_20260729-043315_augmented_spots_train_e200_b10_lr5e-05_s1,?|IN718_twins_logtif.h5|612|612|50032,3,0.9810309012730917,0.9628631671269735,0.030025793239474297,0.9912888010342916,0.9892799059549967,0.9755025704701742,0.9651603937149048
final_20260729-043315_augmented_spots_train_e200_b10_lr5e-05_s1,?|IN718_twins_logtif.h5|483|1861|159477,3,0.9782218734423319,0.957555095354716,0.025315186008810997,0.9974711537361145,0.9973589380582174,0.9764533440272013,0.969158387184143
final_20260729-043315_augmented_spots_train_e200_b10_lr5e-05_s1,?|Ti7Al_logtif.h5|39|39|12402,3,0.9655733505884806,0.9338857134183248,0.011947798232237497,0.9753538171450297,0.97406538327535,0.9768127600351969,0.9766023755073547
final_20260729-043315_augmented_spots_train_e200_b10_lr5e-05_s1,?|IN718_twins_logtif.h5|343|1722|148837,3,0.9854736328125,0.9714004000027975,0.028797225405772526,0.9970064560572306,0.9969154993693033,0.9783382217089335,0.9747190952301026
final_20260729-043315_augmented_spots_train_e200_b10_lr5e-05_s1,?|IN718_twins_logtif.h5|703|2081|178440,3,0.990144411722819,0.9804913997650146,0.033380791544914246,0.9944129784901937,0.993673304716746,0.9783818125724792,0.9718084096908569
final_20260729-043315_augmented_spots_train_e200_b10_lr5e-05_s1,?|IN718_twins_logtif.h5|1082|2459|210603,3,0.9903333981831869,0.9808853268623352,0.03210293625791868,0.9927378495534261,0.9922326803207397,0.9791152278582255,0.9762228608131409
final_20260729-043315_augmented_spots_train_e200_b10_lr5e-05_s1,?|IN718_twins_logtif.h5|885|885|73830,4,0.9823386371135712,0.9653767943382263,0.02304652938619256,0.9969613403081894,0.9958841800689697,0.9796460270881653,0.9752991259098053
final_20260729-043315_augmented_spots_train_e200_b10_lr5e-05_s1,?|IN718_twins_logtif.h5|1278|1278|108160,3,0.9884821971257528,0.977578322092692,0.028219107538461685,0.9968607624371847,0.9943245053291321,0.9801315665245056,0.9678367853164673
final_20260729-043315_augmented_spots_train_e200_b10_lr5e-05_s1,?|IN718_twins_logtif.h5|1271|2649|226498,3,0.9806743661562601,0.9622587164243063,0.019087685892979305,0.9990727504094442,0.9988726377487183,0.9807933370272318,0.9803480386734009
final_20260729-043315_augmented_spots_train_e200_b10_lr5e-05_s1,?|IN718_twins_logtif.h5|813|2190|188254,3,0.9855573773384094,0.9715964992841085,0.022882308810949326,0.9977323214213053,0.9977054595947266,0.9813375274340311,0.9763813018798828
final_20260729-043315_augmented_spots_train_e200_b10_lr5e-05_s1,?|IN718_twins_logtif.h5|518|1895|162872,3,0.9910600384076437,0.9823190768559774,0.027655362462004025,0.9954883257548014,0.9949700236320496,0.9817023475964864,0.9725367546081543
final_20260729-043315_augmented_spots_train_e200_b10_lr5e-05_s1,?|IN718_twins_logtif.h5|425|1801|157178,3,0.987495223681132,0.9753810365994772,0.02132485682765643,0.9982370336850485,0.9982339143753052,0.9830851753552755,0.981171977519989
final_20260729-043315_augmented_spots_train_e200_b10_lr5e-05_s1,?|IN718_twins_logtif.h5|929|929|76478,3,0.9916707277297974,0.9834856986999512,0.025019105213383835,0.9969338774681091,0.9964594841003418,0.9833257993062338,0.9781318426132202
final_20260729-043315_augmented_spots_train_e200_b10_lr5e-05_s1,?|IN718_twins_logtif.h5|322|1698|147131,3,0.9879323045412699,0.9762517412503561,0.019524415334065754,0.9986631274223328,0.9985537528991699,0.9842039346694946,0.9807222366333008
final_20260729-043315_augmented_spots_train_e200_b10_lr5e-05_s1,?|IN718_twins_logtif.h5|333|333|29388,3,0.9872036576271057,0.97476859887441,0.015721938262383144,0.9988619089126587,0.9987967212994894,0.985740860303243,0.9826373219490051
final_20260729-043315_augmented_spots_train_e200_b10_lr5e-05_s1,?|IN718_twins_logtif.h5|183|1559|134525,3,0.9912035266558329,0.982575794061025,0.01875559737284978,0.998733123143514,0.9985475937525431,0.9862239360809326,0.983748459815979
final_20260729-043315_augmented_spots_train_e200_b10_lr5e-05_s1,?|IN718_twins_logtif.h5|569|1947|167097,3,0.9923750758171082,0.9848846395810446,0.01984909052650134,0.9985375006993612,0.9985052744547526,0.9862629969914755,0.9856038212776184
final_20260729-043315_augmented_spots_train_e200_b10_lr5e-05_s1,?|IN718_twins_logtif.h5|216|1595|136423,3,0.9914425214131674,0.9830611149470011,0.018241952483852703,0.9981360832850138,0.9980892936388651,0.9866002798080444,0.9844794750213623
final_20260729-043315_augmented_spots_train_e200_b10_lr5e-05_s1,?|IN718_twins_logtif.h5|692|692|58235,3,0.9949760437011719,0.9900239507357279,0.021617357929547627,0.9976627628008524,0.9969248572985331,0.9866793553034464,0.9841999411582947
final_20260729-043315_augmented_spots_train_e200_b10_lr5e-05_s1,?|IN718_twins_logtif.h5|825|2202|189095,3,0.9872455994288126,0.9749792218208313,0.013438562241693338,0.9995662768681844,0.9994824926058451,0.9869035482406616,0.9832637310028076
final_20260729-043315_augmented_spots_train_e200_b10_lr5e-05_s1,?|IN718_twins_logtif.h5|1066|2443|209241,3,0.9945262670516968,0.9891161918640137,0.017543519536654156,0.99898229042689,0.9989767273267111,0.9884913762410482,0.9873264789581299
final_20260802-123726_augmented_spots_train_e200_b20_lr0.0001_s1,?|Iron_deformed_logtif.h5|1|281|1250417,3,0.7465853095054626,0.641885002454122,0.07778736824790637,0.9143007000287374,0.8013299703598022,0.8343989650408427,0.7387337446212768
final_20260802-123726_augmented_spots_train_e200_b20_lr0.0001_s1,?|Ti7Al_logtif.h5|800|1782|729836,3,0.7192401985327402,0.6458417475223541,0.045731366922458015,0.7472750941912333,0.7008154590924581,0.8367544213930765,0.7554805397987365
final_20260802-123726_augmented_spots_train_e200_b20_lr0.0001_s1,?|Iron_deformed_logtif.h5|168|448|1896773,3,0.7969777782758077,0.6897668441136678,0.11512475212415059,0.8200269540150961,0.714270144701004,0.8409264882405599,0.7437502384185791
final_20260802-123726_augmented_spots_train_e200_b20_lr0.0001_s1,?|Ti7Al_logtif.h5|765|1748|716846,3,0.7571616967519125,0.6988146603107452,0.05945328312615553,0.7938284377257029,0.7929444213708242,0.8488542238871256,0.6994146347045899
final_20260802-123726_augmented_spots_train_e200_b20_lr0.0001_s1,?|Iron_deformed_logtif.h5|167|447|1896154,3,0.8003561496734619,0.6925214926401774,0.08267315787573655,0.8311404983202616,0.7231722176074982,0.8588414589564005,0.7456339955329895
final_20260802-123726_augmented_spots_train_e200_b20_lr0.0001_s1,?|Iron_deformed_logtif.h5|20|20|68360,3,0.8466039498647054,0.7548911968866984,0.12230194918811321,0.8772747913996378,0.8678893049558004,0.8621510068575541,0.761530876159668
final_20260802-123726_augmented_spots_train_e200_b20_lr0.0001_s1,?|Iron_deformed_logtif.h5|141|141|523753,3,0.8283226092656454,0.7239710887273153,0.10400018592675526,0.897374709447225,0.8886935313542684,0.8621611992518107,0.7670568943023681
final_20260802-123726_augmented_spots_train_e200_b20_lr0.0001_s1,?|Ti7Al_logtif.h5|951|951|378424,6,0.8271152178446451,0.7418123185634613,0.08914072128633659,0.8358638932307562,0.8112763067086538,0.8689872523148855,0.7103164792060852
final_20260802-123726_augmented_spots_train_e200_b20_lr0.0001_s1,?|Iron_deformed_logtif.h5|143|143|525365,3,0.8385791182518005,0.734969953695933,0.0951746441423893,0.9183112382888794,0.8950772285461426,0.871702253818512,0.8296156525611877
final_20260802-123726_augmented_spots_train_e200_b20_lr0.0001_s1,?|Ti7Al_logtif.h5|474|1457|604880,3,0.8291293780008951,0.7197554111480713,0.07627903173367183,0.9137769738833109,0.9068453311920166,0.8764251867930094,0.8336994647979736
final_20260802-123726_augmented_spots_train_e200_b20_lr0.0001_s1,?|Ti7Al_logtif.h5|746|1728|712611,4,0.833913266658783,0.7778341844677925,0.07308105425909162,0.8442584872245789,0.8437080979347229,0.8804160952568054,0.7550011277198792
final_20260802-123726_augmented_spots_train_e200_b20_lr0.0001_s1,?|Iron_deformed_logtif.h5|14|14|64651,3,0.8654246131579081,0.7670295238494873,0.09328919897476833,0.9561918179194132,0.9480185508728027,0.8860677083333334,0.8560693860054016
final_20260802-123726_augmented_spots_train_e200_b20_lr0.0001_s1,?|Ti7Al_logtif.h5|479|1460|605758,3,0.8656795223553976,0.7819675803184509,0.09316401680310567,0.8942140539487203,0.8817298412322998,0.8862577676773071,0.7933373928070069
final_20260802-123726_augmented_spots_train_e200_b20_lr0.0001_s1,?|Ti7Al_logtif.h5|593|593|265156,3,0.8245740930239359,0.7300170262654623,0.050491628547509514,0.9002544283866882,0.8568085034688314,0.8870412508646647,0.8379662513732911
final_20260802-123726_augmented_spots_train_e200_b20_lr0.0001_s1,?|Iron_deformed_logtif.h5|62|342|1492694,5,0.8571765422821045,0.7541483044624329,0.07681091651320457,0.9621491432189941,0.9598034501075745,0.8901828050613403,0.8496395349502563
final_20260802-123726_augmented_spots_train_e200_b20_lr0.0001_s1,?|Ti7Al_logtif.h5|740|1723|711979,3,0.8267167210578918,0.7562319040298462,0.04594095175464948,0.8334165811538696,0.8321877519289652,0.8903878927230835,0.8280411243438721
final_20260802-123726_augmented_spots_train_e200_b20_lr0.0001_s1,?|Ti7Al_logtif.h5|561|1541|646447,3,0.858721653620402,0.7660734256108602,0.07774957828223705,0.877603809038798,0.8724348147710165,0.8904860615730286,0.8082023859024048
final_20260802-123726_augmented_spots_train_e200_b20_lr0.0001_s1,?|Ti7Al_logtif.h5|125|125|38081,3,0.8426285982131958,0.7600565950075785,0.05602830400069555,0.9278546373049418,0.9182582497596741,0.8933001359303793,0.7970448970794678
final_20260802-123726_augmented_spots_train_e200_b20_lr0.0001_s1,?|Iron_deformed_logtif.h5|189|469|2025484,3,0.8668306072552999,0.77979576587677,0.07645812630653381,0.9357757369677225,0.9353479146957397,0.8951862255732218,0.8760859370231628
final_20260802-123726_augmented_spots_train_e200_b20_lr0.0001_s1,?|Iron_deformed_logtif.h5|60|340|1491296,3,0.8716287811597189,0.781587541103363,0.0805820661286513,0.9440261721611023,0.9410499334335327,0.8955233494440714,0.8529237508773804
final_20260802-123726_augmented_spots_train_e200_b20_lr0.0001_s1,?|Iron_deformed_logtif.h5|273|553|2451312,7,0.8698330095836094,0.7794419612203326,0.07747533305415086,0.9518934488296509,0.9465079477855137,0.8961788501058306,0.8077627182006836
final_20260802-123726_augmented_spots_train_e200_b20_lr0.0001_s1,?|Iron_deformed_logtif.h5|172|172|667669,5,0.8711703658103943,0.7766223311424255,0.0786459632217884,0.9530227303504943,0.9309965968132019,0.8962621927261353,0.850221848487854
final_20260802-123726_augmented_spots_train_e200_b20_lr0.0001_s1,?|Ti7Al_logtif.h5|878|878|356416,3,0.8615553975105286,0.7789921164512634,0.06896919757127762,0.8756906588872274,0.8742531339327494,0.8962931036949158,0.8532853245735168
final_20260802-123726_augmented_spots_train_e200_b20_lr0.0001_s1,?|Iron_deformed_logtif.h5|19|298|1306721,6,0.8843155403931936,0.7972064316272736,0.08345198258757591,0.9502779444058737,0.9458808302879333,0.90043177207311,0.8498411178588867
final_20260802-123726_augmented_spots_train_e200_b20_lr0.0001_s1,?|Iron_deformed_logtif.h5|39|319|1383099,3,0.8771090706189474,0.7860879302024841,0.07469303781787555,0.9555479685465494,0.9516956806182861,0.9012080430984497,0.8726497292518616
final_20260802-123726_augmented_spots_train_e200_b20_lr0.0001_s1,?|Iron_deformed_logtif.h5|191|471|2026221,3,0.8713015913963318,0.7895362973213196,0.06493675957123439,0.9496880372365316,0.9448947906494141,0.9031824270884196,0.8349113225936889
final_20260802-123726_augmented_spots_train_e200_b20_lr0.0001_s1,?|Iron_deformed_logtif.h5|136|136|495861,4,0.8884532898664474,0.8072048425674438,0.0814902987331152,0.9441371709108353,0.9433791935443878,0.903481513261795,0.8457182884216309
final_20260802-123726_augmented_spots_train_e200_b20_lr0.0001_s1,?|Iron_deformed_logtif.h5|183|463|1960285,3,0.8750379880269369,0.7828019460042318,0.06751265873511632,0.9580666422843933,0.9566258986790975,0.9037626584370931,0.8751220464706421
final_20260802-123726_augmented_spots_train_e200_b20_lr0.0001_s1,?|Iron_deformed_logtif.h5|124|404|1669194,3,0.8820597330729166,0.8028231660525004,0.07397584368785222,0.9517664909362793,0.9508303801218668,0.9040419856707255,0.8467648983001709
final_20260802-123726_augmented_spots_train_e200_b20_lr0.0001_s1,?|Iron_deformed_logtif.h5|163|443|1881181,3,0.8987537026405334,0.8194466829299927,0.08807762588063876,0.9540261228879293,0.9519576032956442,0.9053380290667216,0.8725327134132386
final_20260802-123726_augmented_spots_train_e200_b20_lr0.0001_s1,?|Iron_deformed_logtif.h5|187|187|782942,3,0.8901748657226562,0.8134365876515707,0.07930022478103638,0.9569870034853617,0.9479472835858663,0.9054373105367025,0.854698896408081
final_20260802-123726_augmented_spots_train_e200_b20_lr0.0001_s1,?|Iron_deformed_logtif.h5|77|357|1542926,6,0.8697329560915629,0.8023728529612223,0.0543140748826166,0.9515110949675242,0.9048183262348175,0.9077094296614329,0.8040149807929993
final_20260802-123726_augmented_spots_train_e200_b20_lr0.0001_s1,?|Iron_deformed_logtif.h5|128|408|1686356,3,0.8982779582341512,0.8276806473731995,0.08258272210756938,0.9509844183921814,0.9420090119043986,0.9078476428985596,0.8554769635200501
final_20260802-123726_augmented_spots_train_e200_b20_lr0.0001_s1,?|Iron_deformed_logtif.h5|173|173|668050,4,0.8948821127414703,0.8206866234540939,0.0776390191167593,0.9549686163663864,0.9519665092229843,0.9086215496063232,0.8507737696170807
final_20260802-123726_augmented_spots_train_e200_b20_lr0.0001_s1,?|Iron_deformed_logtif.h5|96|376|1581320,3,0.8907379706700643,0.8117439945538839,0.07324897622068723,0.9516040285428365,0.9491539001464844,0.9087444941202799,0.8799521207809449
final_20260802-123726_augmented_spots_train_e200_b20_lr0.0001_s1,?|Iron_deformed_logtif.h5|245|525|2343145,3,0.9085695743560791,0.8335992892583212,0.08726956074436505,0.9684611956278483,0.9678016503651937,0.9106499950091044,0.8981158614158631
final_20260802-123726_augmented_spots_train_e200_b20_lr0.0001_s1,?|Ti7Al_logtif.h5|330|1312|505227,3,0.8599461913108826,0.7643435398737589,0.03775214155515035,0.9775052070617676,0.9734125932057699,0.9110970298449198,0.8838945031166077
final_20260802-123726_augmented_spots_train_e200_b20_lr0.0001_s1,?|Al_big_grains_logtif.h5|3202|3202|103431,3,0.8633538285891215,0.7838434378306071,0.036685762306054435,0.930933952331543,0.9293416738510132,0.9133340318997701,0.902970838546753
final_20260802-123726_augmented_spots_train_e200_b20_lr0.0001_s1,?|Iron_deformed_logtif.h5|149|149|573179,5,0.8832388162612915,0.7991724848747254,0.05375696253031492,0.9663986563682556,0.9636982917785645,0.9147409319877624,0.8576653718948364
final_20260802-123726_augmented_spots_train_e200_b20_lr0.0001_s1,?|Iron_deformed_logtif.h5|56|336|1461382,5,0.9071852684020996,0.8307433605194092,0.07739578709006309,0.963194477558136,0.9628342628479004,0.9148947477340699,0.8863385200500489
final_20260802-123726_augmented_spots_train_e200_b20_lr0.0001_s1,?|Iron_deformed_logtif.h5|189|189|785586,6,0.8852254649003347,0.806098868449529,0.054146820679306984,0.9669742385546366,0.9635982910792033,0.9155393242835999,0.8593965768814087
final_20260802-123726_augmented_spots_train_e200_b20_lr0.0001_s1,?|Iron_deformed_logtif.h5|279|279|1239202,4,0.90159972012043,0.8298913985490799,0.06943377759307623,0.9447188228368759,0.9440217763185501,0.9160830080509186,0.8507464289665222
final_20260802-123726_augmented_spots_train_e200_b20_lr0.0001_s1,?|Ti7Al_logtif.h5|192|192|64402,3,0.8783879280090332,0.8030479152997335,0.044437579810619354,0.9212159315745035,0.9164268771807352,0.916975180308024,0.8815391659736633
final_20260802-123726_augmented_spots_train_e200_b20_lr0.0001_s1,?|Iron_deformed_logtif.h5|22|22|70041,3,0.9106799364089966,0.8370407819747925,0.07516282672683398,0.9787246386210123,0.9762422641118368,0.917758564154307,0.8950168490409851
final_20260802-123726_augmented_spots_train_e200_b20_lr0.0001_s1,?|Iron_deformed_logtif.h5|273|273|1210178,4,0.8927430510520935,0.8100737184286118,0.05398013908416033,0.9785172939300537,0.9783741980791092,0.9193814545869827,0.9014759123325348
final_20260802-123726_augmented_spots_train_e200_b20_lr0.0001_s1,?|Iron_deformed_logtif.h5|210|210|876585,5,0.8935248732566834,0.8097515940666199,0.05476105250418186,0.9815487742424012,0.9725474715232849,0.9193819165229797,0.8919828653335571
final_20260802-123726_augmented_spots_train_e200_b20_lr0.0001_s1,?|Iron_deformed_logtif.h5|217|497|2202296,4,0.8840721249580383,0.8000874221324921,0.043996699154376984,0.9596811234951019,0.959229588508606,0.920037716627121,0.8904120445251464
final_20260802-123726_augmented_spots_train_e200_b20_lr0.0001_s1,?|Iron_deformed_logtif.h5|198|478|2057750,4,0.9021210372447968,0.8277648836374283,0.0618898905813694,0.9673235267400742,0.9636827558279037,0.9201155602931976,0.8752727627754211
final_20260802-123726_augmented_spots_train_e200_b20_lr0.0001_s1,?|Iron_deformed_logtif.h5|55|334|1461026,3,0.9068719347318014,0.8298070232073466,0.0662894236544768,0.9825997352600098,0.9819217324256897,0.9202912449836731,0.8972306847572327
final_20260802-123726_augmented_spots_train_e200_b20_lr0.0001_s1,?|Iron_deformed_logtif.h5|84|363|1554874,4,0.9073964655399323,0.8314224183559418,0.0660055186599493,0.9725621044635773,0.972456082701683,0.9206954836845398,0.9060617804527282
final_20260802-123726_augmented_spots_train_e200_b20_lr0.0001_s1,?|Iron_deformed_logtif.h5|33|313|1349905,6,0.9098801811536154,0.8383732338746389,0.06729616100589435,0.9575474659601847,0.9558994074662527,0.9212920069694519,0.860559493303299
final_20260802-123726_augmented_spots_train_e200_b20_lr0.0001_s1,?|Iron_deformed_logtif.h5|250|250|1106997,4,0.890075221657753,0.8097876459360123,0.0465609859675169,0.9732838273048401,0.9729072004556656,0.9217571169137955,0.897778046131134
final_20260802-123726_augmented_spots_train_e200_b20_lr0.0001_s1,?|Iron_deformed_logtif.h5|1|1|10546,5,0.882789134979248,0.7993068218231201,0.039056023210287096,0.9548768758773803,0.9535351395606995,0.9218665480613708,0.9013128876686096
final_20260802-123726_augmented_spots_train_e200_b20_lr0.0001_s1,?|Iron_deformed_logtif.h5|121|401|1655920,4,0.8936298191547394,0.8121466189622879,0.049459308385849,0.9770596474409103,0.9765449613332748,0.9220852553844452,0.9114553689956665
final_20260802-123726_augmented_spots_train_e200_b20_lr0.0001_s1,?|Iron_deformed_logtif.h5|184|464|1988468,6,0.9117115338643392,0.8398144940535227,0.06658446664611499,0.970045804977417,0.9697587688763937,0.9225635230541229,0.8935441970825195
final_20260802-123726_augmented_spots_train_e200_b20_lr0.0001_s1,?|Ti7Al_logtif.h5|291|291|107749,5,0.8980324387550354,0.826236879825592,0.051791868172585964,0.9063472270965576,0.9002586364746094,0.9231202721595764,0.868278193473816
final_20260802-123726_augmented_spots_train_e200_b20_lr0.0001_s1,?|Iron_deformed_logtif.h5|235|235|1039802,3,0.8875525593757629,0.8062422672907511,0.04070305203398069,0.9768964250882467,0.9740705688794454,0.92342476050059,0.8970732688903809
final_20260802-123726_augmented_spots_train_e200_b20_lr0.0001_s1,?|Iron_deformed_logtif.h5|18|299|1307069,4,0.9152843058109283,0.8455154001712799,0.06835524970665574,0.9688276201486588,0.9673120528459549,0.9234645217657089,0.9017609357833862
final_20260802-123726_augmented_spots_train_e200_b20_lr0.0001_s1,?|Iron_deformed_logtif.h5|23|23|70379,3,0.9037874937057495,0.8257479468981425,0.056351094196240105,0.9832207759221395,0.9827938477198283,0.9237181941668192,0.9000109553337097
final_20260802-123726_augmented_spots_train_e200_b20_lr0.0001_s1,?|Iron_deformed_logtif.h5|120|400|1655560,4,0.8999502658843994,0.8216097950935364,0.05244350712746382,0.9822438210248947,0.9811775833368301,0.9237533807754517,0.91043341755867
final_20260802-123726_augmented_spots_train_e200_b20_lr0.0001_s1,?|Iron_deformed_logtif.h5|13|293|1302579,4,0.9124676585197449,0.8412204384803772,0.06287817470729351,0.9642288535833359,0.9634261131286621,0.9247947335243225,0.8927440524101258
final_20260802-123726_augmented_spots_train_e200_b20_lr0.0001_s1,?|Iron_deformed_logtif.h5|188|468|2024649,4,0.9176436960697174,0.8506308048963547,0.06733579374849796,0.9684445261955261,0.9683628380298615,0.9251539409160614,0.9036717712879181
final_20260802-123726_augmented_spots_train_e200_b20_lr0.0001_s1,?|Ti7Al_logtif.h5|110|110|32103,5,0.9066534280776978,0.8426468014717102,0.05569665879011154,0.9583533644676209,0.8828725099563599,0.9254783868789673,0.876646625995636
final_20260802-123726_augmented_spots_train_e200_b20_lr0.0001_s1,?|Iron_deformed_logtif.h5|13|13|63607,3,0.9060359597206116,0.8310778339703878,0.05437426269054413,0.9813036521275839,0.9807358582814535,0.9258308410644531,0.9119843959808349
final_20260802-123726_augmented_spots_train_e200_b20_lr0.0001_s1,?|Ti7Al_logtif.h5|867|1849|749230,3,0.9096373120943705,0.8460195461908976,0.05724457154671351,0.9691784580548605,0.9550770123799642,0.9261963566144308,0.8854942440986633
final_20260802-123726_augmented_spots_train_e200_b20_lr0.0001_s1,?|Iron_deformed_logtif.h5|232|232|1020810,3,0.9186086058616638,0.8547163605690002,0.0657332477470239,0.979060173034668,0.9789506395657858,0.9264376958211263,0.8912983655929565
final_20260802-123726_augmented_spots_train_e200_b20_lr0.0001_s1,?|Iron_deformed_logtif.h5|88|368|1562446,4,0.9113959074020386,0.838758572936058,0.057706499472260475,0.9791131019592285,0.978683590888977,0.9268446862697601,0.9061640918254852
final_20260802-123726_augmented_spots_train_e200_b20_lr0.0001_s1,?|Iron_deformed_logtif.h5|229|229|1011112,4,0.9101980328559875,0.8383677005767822,0.05649883300065994,0.9720872342586517,0.9710674732923508,0.9268495738506317,0.8953096091747283
final_20260802-123726_augmented_spots_train_e200_b20_lr0.0001_s1,?|Iron_deformed_logtif.h5|169|449|1897167,4,0.9129669815301895,0.8415432572364807,0.0582189355045557,0.9683500528335571,0.9678922295570374,0.9273740351200104,0.9208308279514312
final_20260802-123726_augmented_spots_train_e200_b20_lr0.0001_s1,?|Iron_deformed_logtif.h5|246|526|2344537,5,0.9100371956825256,0.8358845353126526,0.05445993058383465,0.9865864634513855,0.9864261627197266,0.9277886271476745,0.9023149251937866
final_20260802-123726_augmented_spots_train_e200_b20_lr0.0001_s1,?|Ti7Al_logtif.h5|725|1707|707156,3,0.8847836454709371,0.814367433389028,0.028006017518540222,0.9598829944928488,0.9591371417045593,0.9283888339996338,0.9012044310569763
final_20260802-123726_augmented_spots_train_e200_b20_lr0.0001_s1,?|Iron_deformed_logtif.h5|278|558|2479788,3,0.9249556461970011,0.861799418926239,0.06813699379563332,0.9616797566413879,0.9601835409800211,0.9284093379974365,0.9042936325073242
final_20260802-123726_augmented_spots_train_e200_b20_lr0.0001_s1,?|Iron_deformed_logtif.h5|27|27|75554,4,0.908094584941864,0.8336156159639359,0.050589630380272865,0.9741522818803787,0.9732203334569931,0.9287524521350861,0.9122882068157196
final_20260802-123726_augmented_spots_train_e200_b20_lr0.0001_s1,?|Iron_logtif.h5|3842|11538|1017745,3,0.9183628360430399,0.854670246442159,0.060737756391366325,0.9771635135014852,0.9750681122144064,0.9288125236829122,0.8767472267150879
final_20260802-123726_augmented_spots_train_e200_b20_lr0.0001_s1,?|Iron_deformed_logtif.h5|215|215|920107,3,0.9191431800524393,0.850796620051066,0.061071690171957016,0.9772385160128275,0.9768115282058716,0.9290357232093811,0.9133172154426574
final_20260802-123726_augmented_spots_train_e200_b20_lr0.0001_s1,?|Iron_deformed_logtif.h5|259|539|2410871,4,0.9128398150205612,0.8419522494077682,0.05459902063012123,0.973179817199707,0.9719061851501465,0.9291203916072845,0.9129913508892059
final_20260802-123726_augmented_spots_train_e200_b20_lr0.0001_s1,?|Iron_deformed_logtif.h5|98|378|1584909,3,0.9050167401631674,0.8284197449684143,0.04632968455553055,0.9913456638654073,0.9912957151730856,0.9293435215950012,0.9177536249160767
final_20260802-123726_augmented_spots_train_e200_b20_lr0.0001_s1,?|Ti7Al_logtif.h5|380|1363|531358,3,0.9012164274851481,0.8241883516311646,0.042475743840138115,0.9786874254544576,0.9748071630795797,0.9293703436851501,0.9109018445014954
final_20260802-123726_augmented_spots_train_e200_b20_lr0.0001_s1,?|Iron_deformed_logtif.h5|93|93|333088,3,0.9133896231651306,0.8469708561897278,0.05451799929141998,0.9821731448173523,0.9820405046145121,0.9294358094533285,0.9116357803344727
final_20260802-123726_augmented_spots_train_e200_b20_lr0.0001_s1,?|Iron_deformed_logtif.h5|93|373|1573666,4,0.8971529453992844,0.8234205842018127,0.03827358316630125,0.9782947897911072,0.9730140417814255,0.9294396787881851,0.8855198919773102
final_20260802-123726_augmented_spots_train_e200_b20_lr0.0001_s1,?|Iron_deformed_logtif.h5|42|322|1394565,3,0.9090813199679056,0.8352171579996744,0.050086901833613716,0.9831935167312622,0.9829362829526266,0.9294972022374471,0.8974850535392761
final_20260802-123726_augmented_spots_train_e200_b20_lr0.0001_s1,?|Iron_deformed_logtif.h5|188|188|784896,5,0.9163796663284302,0.8482889771461487,0.056784772872924806,0.977692449092865,0.9773645758628845,0.9297974467277527,0.9080058693885803
final_20260802-123726_augmented_spots_train_e200_b20_lr0.0001_s1,?|Ti7Al_logtif.h5|153|153|50619,3,0.9060538013776144,0.8399786949157715,0.04631156846880913,0.9340050220489502,0.9324082136154175,0.929871141910553,0.8739758610725403
final_20260802-123726_augmented_spots_train_e200_b20_lr0.0001_s1,?|Al_deformed_LoG_logtif.h5|30|65|895940,22,0.910017807375301,0.8429890789768912,0.04947822591797872,0.9780773330818523,0.9719792116772045,0.9302697831934149,0.9194517016410828
final_20260802-123726_augmented_spots_train_e200_b20_lr0.0001_s1,?|Iron_deformed_logtif.h5|164|164|645795,3,0.9176087379455566,0.8504466414451599,0.056926678866147995,0.9821685353914896,0.9821319580078125,0.9303410649299622,0.919613778591156
final_20260802-123726_augmented_spots_train_e200_b20_lr0.0001_s1,?|Iron_deformed_logtif.h5|22|302|1309528,4,0.9128684252500534,0.8471711128950119,0.05138950236141682,0.9782304763793945,0.9779876917600632,0.9307394325733185,0.9074567556381226
final_20260802-123726_augmented_spots_train_e200_b20_lr0.0001_s1,?|Iron_deformed_logtif.h5|249|527|2345175,4,0.9149486720561981,0.8456544727087021,0.0522791906259954,0.9736422151327133,0.9730049669742584,0.9313347190618515,0.9139820635318756
final_20260802-123726_augmented_spots_train_e200_b20_lr0.0001_s1,?|Iron_deformed_logtif.h5|210|490|2115695,3,0.923404594262441,0.8579668005307516,0.05982851795852184,0.9779818058013916,0.9777161081631979,0.9317880670229594,0.9176807641983032
final_20260802-123726_augmented_spots_train_e200_b20_lr0.0001_s1,?|Iron_deformed_logtif.h5|102|102|368709,6,0.9104066987832388,0.8399390975634257,0.046744950115680695,0.9722764392693838,0.9718426664670309,0.9318308631579081,0.8983239829540253
final_20260802-123726_augmented_spots_train_e200_b20_lr0.0001_s1,?|Ti7Al_logtif.h5|868|868|355427,3,0.9232361714045206,0.8642510374387106,0.05943633367617925,0.9691593647003174,0.9681834181149801,0.9318999250729879,0.914739453792572
final_20260802-123726_augmented_spots_train_e200_b20_lr0.0001_s1,?|Al_deformed_LoG_logtif.h5|7|41|510550,15,0.9160817782084147,0.845794681708018,0.05219910417993864,0.9843838850657145,0.9840296268463135,0.9319413344065348,0.9120297193527221
final_20260802-123726_augmented_spots_train_e200_b20_lr0.0001_s1,?|Iron_deformed_logtif.h5|70|351|1516103,3,0.9270941416422526,0.8643777767817179,0.06297654286026955,0.9693706830342611,0.9655630191167196,0.9320588310559591,0.9214249372482299
final_20260802-123726_augmented_spots_train_e200_b20_lr0.0001_s1,?|Iron_deformed_logtif.h5|81|81|313835,4,0.9103782474994659,0.8418716341257095,0.04571828152984381,0.9753141403198242,0.9749962687492371,0.932329997420311,0.9070499122142792
final_20260802-123726_augmented_spots_train_e200_b20_lr0.0001_s1,?|Iron_deformed_logtif.h5|191|191|786702,8,0.9229673072695732,0.858338750898838,0.05791354179382324,0.9786547273397446,0.978318989276886,0.9325268939137459,0.91916623711586
final_20260802-123726_augmented_spots_train_e200_b20_lr0.0001_s1,?|Iron_deformed_logtif.h5|17|297|1306370,4,0.9204334318637848,0.8530016541481018,0.05471057305112481,0.9778562188148499,0.9777686297893524,0.9328614473342896,0.9082679688930512
final_20260802-123726_augmented_spots_train_e200_b20_lr0.0001_s1,?|Iron_deformed_logtif.h5|98|98|344511,4,0.9171725362539291,0.8482411503791809,0.050361281260848045,0.9908236712217331,0.9906771630048752,0.9334056228399277,0.9123537361621856
final_20260802-123726_augmented_spots_train_e200_b20_lr0.0001_s1,?|Iron_deformed_logtif.h5|21|21|68698,5,0.920097827911377,0.8534228324890136,0.05303343310952187,0.9835314631462098,0.9807843923568725,0.933532202243805,0.918348515033722
final_20260802-123726_augmented_spots_train_e200_b20_lr0.0001_s1,?|Al_deformed_LoG_logtif.h5|20|54|805566,20,0.9192403554916382,0.8528275489807129,0.05215837741270661,0.9793223798274994,0.9778249889612198,0.9335409820079803,0.9106268644332886
final_20260802-123726_augmented_spots_train_e200_b20_lr0.0001_s1,?|Al_deformed_LoG_logtif.h5|6|40|510321,24,0.9181069408853849,0.8500907321770986,0.0504939299232016,0.9870029042164484,0.9868504206339518,0.9338065062959989,0.9017569601535798
final_20260802-123726_augmented_spots_train_e200_b20_lr0.0001_s1,?|Iron_deformed_logtif.h5|16|296|1305672,3,0.9231370290120443,0.8576061725616455,0.05505198364456495,0.9823442697525024,0.9821433027585348,0.9340425332387289,0.9271009206771851
final_20260802-123726_augmented_spots_train_e200_b20_lr0.0001_s1,?|Iron_deformed_logtif.h5|272|272|1208818,6,0.9124224483966827,0.8395971556504568,0.04425315341601769,0.9862407743930817,0.9860867162545522,0.9340846339861552,0.9180832505226135
final_20260802-123726_augmented_spots_train_e200_b20_lr0.0001_s1,?|Iron_deformed_logtif.h5|274|274|1211311,3,0.9267394542694092,0.8646602630615234,0.05847298353910446,0.976514478524526,0.9764208992322286,0.934133251508077,0.916974675655365
final_20260802-123726_augmented_spots_train_e200_b20_lr0.0001_s1,?|Al_deformed_LoG_logtif.h5|6|6|54274,27,0.9136634535259671,0.8423594412980256,0.044943418077848574,0.9912271963225471,0.9911207711255109,0.9343600206904941,0.9101658821105957
final_20260802-123726_augmented_spots_train_e200_b20_lr0.0001_s1,?|Iron_deformed_logtif.h5|192|472|2026576,3,0.915079673131307,0.8480595548947653,0.04548263860245546,0.9798227747281393,0.9793079296747843,0.9347984989484152,0.9120329260826111
final_20260802-123726_augmented_spots_train_e200_b20_lr0.0001_s1,?|Ti7Al_logtif.h5|903|1882|752818,3,0.9135136802991232,0.8491731484731039,0.04368281892190377,0.9472058018048605,0.9464952747027079,0.9349154432614645,0.8903217673301697
final_20260802-123726_augmented_spots_train_e200_b20_lr0.0001_s1,?|Ti7Al_logtif.h5|737|737|318628,3,0.9367243448893229,0.8822252949078878,0.06683358736336231,0.941194752852122,0.9391297896703085,0.9349453846613566,0.9105536580085755
final_20260802-123726_augmented_spots_train_e200_b20_lr0.0001_s1,?|Iron_deformed_logtif.h5|136|416|1735423,3,0.9278177420298258,0.8661818504333496,0.05791189521551132,0.9824573795000712,0.9820334315299988,0.9349529345830282,0.9284643411636353
final_20260802-123726_augmented_spots_train_e200_b20_lr0.0001_s1,?|Iron_deformed_logtif.h5|181|461|1951519,3,0.9254614114761353,0.8616403937339783,0.05528470749656359,0.9859936833381653,0.9853953123092651,0.9350883563359579,0.9205214858055115
final_20260802-123726_augmented_spots_train_e200_b20_lr0.0001_s1,?|Iron_deformed_logtif.h5|216|496|2201946,4,0.9307472556829453,0.8708351850509644,0.06030741613358259,0.985543504357338,0.9845974743366241,0.9352199286222458,0.9219278573989869
final_20260802-123726_augmented_spots_train_e200_b20_lr0.0001_s1,?|Iron_deformed_logtif.h5|250|529|2345856,3,0.9309785962104797,0.8721281290054321,0.060418955981731415,0.9691765507062277,0.968696653842926,0.9352798064549764,0.9173472404479981
final_20260802-123726_augmented_spots_train_e200_b20_lr0.0001_s1,?|Iron_deformed_logtif.h5|153|433|1857995,4,0.9093097299337387,0.8346903473138809,0.03872652351856232,0.9937122911214828,0.9935818761587143,0.9352916032075882,0.9225374937057496
final_20260802-123726_augmented_spots_train_e200_b20_lr0.0001_s1,?|Al_deformed_LoG_logtif.h5|29|63|895675,13,0.9233430348909818,0.8586609363555908,0.052376737245000325,0.9859330424895654,0.9857461865131671,0.9354831438798171,0.914635169506073
final_20260802-123726_augmented_spots_train_e200_b20_lr0.0001_s1,?|Iron_deformed_logtif.h5|116|396|1643737,4,0.9332500845193863,0.8763659596443176,0.06187596824020147,0.9747744202613831,0.9744086414575577,0.9356870353221893,0.9154058873653412
final_20260802-123726_augmented_spots_train_e200_b20_lr0.0001_s1,?|Iron_deformed_logtif.h5|15|295|1305345,3,0.9229434529940287,0.8575958609580994,0.051460616290569305,0.9836135506629944,0.9832256038983663,0.9357414245605469,0.9303148984909058
final_20260802-123726_augmented_spots_train_e200_b20_lr0.0001_s1,?|Iron_deformed_logtif.h5|275|555|2456737,5,0.9177239418029786,0.8499579548835754,0.04591203108429909,0.9898089170455933,0.9896052241325378,0.9359059453010559,0.9046015977859497
final_20260802-123726_augmented_spots_train_e200_b20_lr0.0001_s1,?|Al_deformed_LoG_logtif.h5|17|51|763114,23,0.924777002438255,0.8617563532746356,0.05234189420614554,0.9832437193912008,0.9819633442422618,0.9362175542375316,0.915476393699646
final_20260802-123726_augmented_spots_train_e200_b20_lr0.0001_s1,?|Iron_deformed_logtif.h5|46|46|183492,5,0.9228559970855713,0.8613823771476745,0.05028058812022209,0.9659719705581665,0.9635396838188172,0.9362877249717713,0.9034936428070068
final_20260802-123726_augmented_spots_train_e200_b20_lr0.0001_s1,?|Iron_deformed_logtif.h5|15|15|66683,3,0.9336285591125488,0.8758200605710348,0.060837926963965096,0.980517566204071,0.9804342786471049,0.9363953073819479,0.9274848341941834
final_20260802-123726_augmented_spots_train_e200_b20_lr0.0001_s1,?|Iron_deformed_logtif.h5|58|58|242737,3,0.9199772874514262,0.854711651802063,0.04650229960680008,0.9801502227783203,0.9800082047780355,0.9367374777793884,0.9185372829437256
final_20260802-123726_augmented_spots_train_e200_b20_lr0.0001_s1,?|Ti7Al_logtif.h5|587|1569|653866,3,0.9282739957173666,0.8751554687817892,0.05449630071719488,0.9508575797080994,0.9506592353185018,0.936888853708903,0.9075927495956421
final_20260802-123726_augmented_spots_train_e200_b20_lr0.0001_s1,?|Iron_deformed_logtif.h5|224|224|1002176,3,0.9301964441935221,0.8697382807731628,0.05598299205303192,0.9822061657905579,0.9814125299453735,0.937106708685557,0.9290484428405762
final_20260802-123726_augmented_spots_train_e200_b20_lr0.0001_s1,?|Iron_deformed_logtif.h5|108|108|396384,3,0.9266622463862101,0.8665021260579427,0.05239806200067202,0.9710850715637207,0.9697044889132181,0.9371321002642313,0.9095782995223999
final_20260802-123726_augmented_spots_train_e200_b20_lr0.0001_s1,?|Iron_deformed_logtif.h5|86|367|1556377,5,0.925034248828888,0.863058614730835,0.050677547603845595,0.979977011680603,0.9775806307792664,0.9371783614158631,0.9171745538711548
final_20260802-123726_augmented_spots_train_e200_b20_lr0.0001_s1,?|Iron_deformed_logtif.h5|139|420|1763892,4,0.926496759057045,0.8663172572851181,0.05179865285754204,0.9773641973733902,0.9759055525064468,0.9373490512371063,0.9056980073451996
final_20260802-123726_augmented_spots_train_e200_b20_lr0.0001_s1,?|Iron_deformed_logtif.h5|44|44|162956,4,0.9176141023635864,0.8495194464921951,0.04286706168204546,0.9846373498439789,0.9844686985015869,0.937373548746109,0.917546021938324
final_20260802-123726_augmented_spots_train_e200_b20_lr0.0001_s1,?|Al_deformed_LoG_logtif.h5|8|42|510785,24,0.9217043121655782,0.856297438343366,0.046938011034702264,0.9841306507587433,0.983678492407004,0.9373831475774447,0.91844801902771
final_20260802-123726_augmented_spots_train_e200_b20_lr0.0001_s1,?|Iron_deformed_logtif.h5|37|317|1382409,4,0.9252802133560181,0.8638039529323578,0.04974304046481848,0.9901122748851776,0.9888631850481033,0.9377685785293579,0.9073658466339112
final_20260802-123726_augmented_spots_train_e200_b20_lr0.0001_s1,?|Iron_deformed_logtif.h5|137|137|518561,5,0.9194224119186402,0.8516972303390503,0.04361621141433716,0.9782830119132996,0.9778294086456298,0.937903082370758,0.9270338773727417
final_20260802-123726_augmented_spots_train_e200_b20_lr0.0001_s1,?|Iron_deformed_logtif.h5|95|374|1574041,5,0.9292593955993652,0.8692998290061951,0.053417240455746653,0.9772178888320923,0.9767858505249023,0.9379210591316223,0.9271787881851197
final_20260802-123726_augmented_spots_train_e200_b20_lr0.0001_s1,?|Iron_deformed_logtif.h5|278|278|1238536,5,0.9234048366546631,0.859361445903778,0.0453257717192173,0.9830282211303711,0.9827173113822937,0.9390395283699036,0.9144415259361267
final_20260802-123726_augmented_spots_train_e200_b20_lr0.0001_s1,?|Iron_deformed_logtif.h5|2|2|12606,8,0.9240270406007767,0.8605308309197426,0.04594441712833941,0.9797304794192314,0.9790952280163765,0.9390413165092468,0.9143206775188446
final_20260802-123726_augmented_spots_train_e200_b20_lr0.0001_s1,?|Al_deformed_LoG_logtif.h5|8|8|54671,22,0.9216535768725655,0.8557372011921622,0.04348562149838968,0.9882344793189656,0.9880164075981487,0.9390839744697917,0.9176482677459716
final_20260802-123726_augmented_spots_train_e200_b20_lr0.0001_s1,?|Ti7Al_logtif.h5|674|1655|690234,3,0.9100641409556071,0.84242844581604,0.03126434547205766,0.9735920826594034,0.9733169476191202,0.9393998980522156,0.9257171630859375
final_20260802-123726_augmented_spots_train_e200_b20_lr0.0001_s1,?|Iron_deformed_logtif.h5|67|347|1504401,4,0.9284544736146927,0.8687366247177124,0.04926605010405183,0.9882875680923462,0.9876443147659302,0.9395942091941833,0.9212168455123901
final_20260802-123726_augmented_spots_train_e200_b20_lr0.0001_s1,?|Al_deformed_LoG_logtif.h5|27|61|894788,23,0.9235675827316616,0.859928838584734,0.04427209585581137,0.9861609261968861,0.9851318053577257,0.9396477445312168,0.9260253071784973
final_20260802-123726_augmented_spots_train_e200_b20_lr0.0001_s1,?|Ti7Al_logtif.h5|753|1735|715115,3,0.9418914119402567,0.8908794720967611,0.0623054268459479,0.9670988122622172,0.9663738409678141,0.9397930105527242,0.932436180114746
final_20260802-123726_augmented_spots_train_e200_b20_lr0.0001_s1,?|Al_deformed_LoG_logtif.h5|33|33|445437,25,0.9249804782867431,0.8678848314285278,0.04503195136785507,0.9805954265594482,0.9751601910591126,0.9399742698669433,0.9270732760429382
final_20260802-123726_augmented_spots_train_e200_b20_lr0.0001_s1,?|Ti7Al_logtif.h5|431|1413|574457,3,0.9300709962844849,0.8775867621103922,0.04980845252672831,0.9198460380236307,0.9191268682479858,0.9401312867800394,0.906165337562561
final_20260802-123726_augmented_spots_train_e200_b20_lr0.0001_s1,?|Ti7Al_logtif.h5|735|735|318417,3,0.9212926824887594,0.8590424259503683,0.04091106727719307,0.990278442700704,0.9899405241012573,0.9401907920837402,0.9319628357887269
final_20260802-123726_augmented_spots_train_e200_b20_lr0.0001_s1,?|Iron_deformed_logtif.h5|235|515|2278776,3,0.9292466640472412,0.8694577217102051,0.04832660034298897,0.9884289503097534,0.9881057143211365,0.9404600063959757,0.9388598561286926
final_20260802-123726_augmented_spots_train_e200_b20_lr0.0001_s1,?|Iron_deformed_logtif.h5|103|383|1609828,5,0.9224754333496094,0.8569564819335938,0.04121465981006622,0.9934070467948913,0.9932924628257751,0.9406303644180298,0.9213868379592896
final_20260802-123726_augmented_spots_train_e200_b20_lr0.0001_s1,?|Ti7Al_logtif.h5|605|1587|664057,3,0.9148693084716797,0.8608344594637553,0.03358730860054493,0.9848484992980957,0.9843761920928955,0.9406409660975138,0.9004945397377014
final_20260802-123726_augmented_spots_train_e200_b20_lr0.0001_s1,?|Iron_deformed_logtif.h5|270|270|1208200,4,0.9317469149827957,0.8748112469911575,0.05028836615383625,0.9841137826442719,0.9826832562685013,0.9407292455434799,0.9338956892490387
final_20260802-123726_augmented_spots_train_e200_b20_lr0.0001_s1,?|Iron_deformed_logtif.h5|85|85|315186,5,0.9151498794555664,0.8471328020095825,0.033613623678684236,0.9858438611030579,0.9853972315788269,0.9407681345939636,0.9227665424346924
final_20260802-123726_augmented_spots_train_e200_b20_lr0.0001_s1,?|IN718_twins_logtif.h5|1224|1224|103276,3,0.9426990747451782,0.8992971777915955,0.06101937343676885,0.9782958229382833,0.8367465138435364,0.9408398469289144,0.8855588674545288
final_20260802-123726_augmented_spots_train_e200_b20_lr0.0001_s1,?|Iron_deformed_logtif.h5|166|166|647236,5,0.9285065531730652,0.8675755262374878,0.04678708612918854,0.9861214518547058,0.9854516625404358,0.9408597111701965,0.9279266119003295
final_20260802-123726_augmented_spots_train_e200_b20_lr0.0001_s1,?|Iron_deformed_logtif.h5|5|5|17872,5,0.9199848175048828,0.853283166885376,0.03824631217867136,0.9926238894462586,0.992454469203949,0.9408692479133606,0.9215677618980408
final_20260802-123726_augmented_spots_train_e200_b20_lr0.0001_s1,?|Iron_deformed_logtif.h5|129|129|446107,6,0.93678946296374,0.8837835490703583,0.05480542282263438,0.9690656264623007,0.968384325504303,0.9409920275211334,0.9263151586055756
final_20260802-123726_augmented_spots_train_e200_b20_lr0.0001_s1,?|Iron_deformed_logtif.h5|21|300|1307410,3,0.940561572710673,0.8885643680890402,0.058563538982222475,0.9616157611211141,0.9614677031834921,0.9409990111986796,0.9134822249412536
final_20260802-123726_augmented_spots_train_e200_b20_lr0.0001_s1,?|Al_deformed_LoG_logtif.h5|18|52|779675,19,0.9284758065876207,0.8669106395621049,0.04647760710826045,0.9829769542342738,0.9824519659343519,0.9409990969457125,0.9163949966430665
final_20260802-123726_augmented_spots_train_e200_b20_lr0.0001_s1,?|Ti7Al_logtif.h5|711|711|309821,3,0.9240506291389465,0.8720707496007284,0.04163705836981535,0.9750921924908956,0.9747742017110189,0.9412067929903666,0.8956429243087769
final_20260802-123726_augmented_spots_train_e200_b20_lr0.0001_s1,?|Iron_deformed_logtif.h5|59|59|249552,4,0.9362279027700424,0.8814949840307236,0.05378582142293453,0.9803764224052429,0.9801706671714783,0.9412210285663605,0.9265354037284851
final_20260802-123726_augmented_spots_train_e200_b20_lr0.0001_s1,?|Iron_deformed_logtif.h5|207|487|2110068,4,0.9270671755075455,0.8669863641262054,0.044519790448248386,0.9895319491624832,0.9890841990709305,0.9412736892700195,0.920968234539032
final_20260802-123726_augmented_spots_train_e200_b20_lr0.0001_s1,?|Iron_deformed_logtif.h5|152|432|1846281,3,0.9311932325363159,0.8730998237927755,0.048301647106806435,0.9741881092389425,0.9702253341674805,0.9414458274841309,0.9274776697158813
final_20260802-123726_augmented_spots_train_e200_b20_lr0.0001_s1,?|Iron_deformed_logtif.h5|125|405|1675921,3,0.9321424961090088,0.8736261526743571,0.04893036807576815,0.9836146235466003,0.9832244118054708,0.9416060447692871,0.9161041140556335
final_20260802-123726_augmented_spots_train_e200_b20_lr0.0001_s1,?|Iron_deformed_logtif.h5|121|121|413884,3,0.92726202805837,0.8662481109301249,0.043623038878043495,0.9703855315844218,0.9700149099032084,0.9418194890022278,0.9205668330192566
final_20260802-123726_augmented_spots_train_e200_b20_lr0.0001_s1,?|Iron_deformed_logtif.h5|152|152|607331,6,0.9237600763638815,0.8645941317081451,0.03999796540786823,0.9786809186140696,0.978538860877355,0.9418810606002808,0.8994625508785248
final_20260802-123726_augmented_spots_train_e200_b20_lr0.0001_s1,?|Al_deformed_LoG_logtif.h5|22|56|838484,30,0.9266001005967458,0.8643212815125784,0.042534290067851546,0.9911449551582336,0.9908982415994009,0.9420329014460246,0.9198008298873901
final_20260802-123726_augmented_spots_train_e200_b20_lr0.0001_s1,?|Iron_deformed_logtif.h5|102|382|1609497,3,0.922460675239563,0.857222338517507,0.03819641067336003,0.9921500484148661,0.9919411937395731,0.9421321153640747,0.9220078468322754
final_20260802-123726_augmented_spots_train_e200_b20_lr0.0001_s1,?|Al_deformed_LoG_logtif.h5|19|19|353769,17,0.9323811951805564,0.8740046550245846,0.04810864478349686,0.984421919373905,0.9842101230340845,0.942136287689209,0.9233358025550842
final_20260802-123726_augmented_spots_train_e200_b20_lr0.0001_s1,?|Iron_deformed_logtif.h5|73|73|294002,3,0.9187204639116923,0.8532377680142721,0.03429810144007206,0.9825259844462076,0.9823691844940186,0.9422111709912618,0.9236194133758545
final_20260802-123726_augmented_spots_train_e200_b20_lr0.0001_s1,?|Iron_deformed_logtif.h5|135|135|484462,3,0.9369284510612488,0.882690946261088,0.052456495662530266,0.9829110304514567,0.9827620585759481,0.9422359863917033,0.9258235454559326
final_20260802-123726_augmented_spots_train_e200_b20_lr0.0001_s1,?|Iron_deformed_logtif.h5|127|407|1676778,4,0.924743041396141,0.8608143031597137,0.04006348270922899,0.9925194531679153,0.9925725311040878,0.9423397779464722,0.9364734947681427
final_20260802-123726_augmented_spots_train_e200_b20_lr0.0001_s1,?|Iron_deformed_logtif.h5|53|333|1458032,4,0.9394693374633789,0.8863387107849121,0.054770756512880325,0.969383642077446,0.9692434519529343,0.942349299788475,0.9362038195133209
final_20260802-123726_augmented_spots_train_e200_b20_lr0.0001_s1,?|Al_deformed_LoG_logtif.h5|7|7|54476,19,0.9235795077524687,0.8588418646862632,0.038863424996012134,0.9928074855553476,0.9927064399970206,0.9423580420644659,0.926275634765625
final_20260802-123726_augmented_spots_train_e200_b20_lr0.0001_s1,?|Al_deformed_LoG_logtif.h5|14|48|626060,26,0.93127473959556,0.8723260599833268,0.04623424842094,0.9817473727923173,0.981303524512511,0.9425202424709613,0.927343338727951
final_20260802-123726_augmented_spots_train_e200_b20_lr0.0001_s1,?|Ti7Al_logtif.h5|67|67|19272,4,0.9253591597080231,0.868839830160141,0.040296196937561035,0.972311794757843,0.9702067375183105,0.942531481385231,0.910183596611023
final_20260802-123726_augmented_spots_train_e200_b20_lr0.0001_s1,?|Iron_deformed_logtif.h5|50|50|192409,3,0.9361106157302856,0.8806711435317993,0.05094934130708376,0.9865339994430542,0.9863051573435465,0.9425806403160095,0.936541485786438
final_20260802-123726_augmented_spots_train_e200_b20_lr0.0001_s1,?|Iron_deformed_logtif.h5|87|87|316193,3,0.9376128117243449,0.8839080532391866,0.052406267573436104,0.984666109085083,0.9845548470815023,0.9426032702128092,0.9263907670974731
final_20260802-123726_augmented_spots_train_e200_b20_lr0.0001_s1,?|Al_deformed_LoG_logtif.h5|30|30|444908,14,0.9306722113064357,0.8710354864597321,0.04541720835758107,0.9913932510784694,0.991286677973611,0.9426275023392269,0.9263980150222778
final_20260802-123726_augmented_spots_train_e200_b20_lr0.0001_s1,?|Iron_deformed_logtif.h5|265|545|2432134,4,0.9177002459764481,0.8519795387983322,0.032304642256349325,0.9823800325393677,0.9818941652774811,0.9426977783441544,0.9276752233505249
final_20260802-123726_augmented_spots_train_e200_b20_lr0.0001_s1,?|Iron_deformed_logtif.h5|255|535|2371626,5,0.9163950324058533,0.8478532910346985,0.030956793390214444,0.9923125386238099,0.9922477722167968,0.9427191257476807,0.9253921389579773
final_20260802-123726_augmented_spots_train_e200_b20_lr0.0001_s1,?|Iron_deformed_logtif.h5|0|0|1623,3,0.9218470454216003,0.8580000400543213,0.036224085837602615,0.9794400334358215,0.9792518417040507,0.9428114891052246,0.9349353075027466
final_20260802-123726_augmented_spots_train_e200_b20_lr0.0001_s1,?|Iron_deformed_logtif.h5|270|550|2449837,5,0.9389750361442566,0.8875055551528931,0.05305892862379551,0.9661733746528626,0.9660014510154724,0.9429580450057984,0.9093535423278809
final_20260802-123726_augmented_spots_train_e200_b20_lr0.0001_s1,?|Al_deformed_LoG_logtif.h5|33|67|896466,26,0.9251070939577543,0.8619544345598954,0.03874047981718412,0.9914085704546708,0.9861924121013055,0.9431833074643061,0.929394394159317
final_20260802-123726_augmented_spots_train_e200_b20_lr0.0001_s1,?|Iron_deformed_logtif.h5|159|159|624558,4,0.9279863834381104,0.8667429238557816,0.04156192345544696,0.9923634976148605,0.99232979118824,0.9432122260332108,0.9282959461212158
final_20260802-123726_augmented_spots_train_e200_b20_lr0.0001_s1,?|Iron_deformed_logtif.h5|144|424|1768990,4,0.9480530470609665,0.902905598282814,0.061585645424202085,0.970410481095314,0.9703552722930908,0.9432336986064911,0.927050119638443
final_20260802-123726_augmented_spots_train_e200_b20_lr0.0001_s1,?|Al_deformed_LoG_logtif.h5|20|20|362924,19,0.9357281797810605,0.8800894586663497,0.04884109969593977,0.9856027898035551,0.9854397711000944,0.9434435461696825,0.9240525007247925
final_20260802-123726_augmented_spots_train_e200_b20_lr0.0001_s1,?|Iron_deformed_logtif.h5|230|510|2253954,4,0.9142806082963943,0.8477046191692352,0.027274021413177252,0.958769902586937,0.9578354805707932,0.943503275513649,0.9372613728046417
final_20260802-123726_augmented_spots_train_e200_b20_lr0.0001_s1,?|Iron_deformed_logtif.h5|81|362|1554017,4,0.9227602928876877,0.8595663607120514,0.03566325083374977,0.9885587990283966,0.9884622991085052,0.9435485154390335,0.9342208862304687
final_20260802-123726_augmented_spots_train_e200_b20_lr0.0001_s1,?|Iron_deformed_logtif.h5|117|397|1649342,3,0.9111743768056234,0.8401849667231241,0.023811760048071545,0.9865632057189941,0.9840500354766846,0.9436812996864319,0.9220844745635987
final_20260802-123726_augmented_spots_train_e200_b20_lr0.0001_s1,?|Ti7Al_logtif.h5|785|1767|720185,3,0.9096111257870992,0.8502494096755981,0.022041622549295425,0.9767375985781351,0.9758826692899069,0.9437847336133321,0.9192242383956909
final_20260802-123726_augmented_spots_train_e200_b20_lr0.0001_s1,?|Iron_deformed_logtif.h5|238|518|2313516,3,0.9282427231470743,0.8671020070711771,0.04060531904300054,0.995619555314382,0.9954778750737509,0.9438187082608541,0.9234256267547607
final_20260802-123726_augmented_spots_train_e200_b20_lr0.0001_s1,?|Al_deformed_LoG_logtif.h5|5|5|30687,25,0.9307555747032166,0.8710225057601929,0.042566725537180904,0.9912123847007751,0.9909111428260803,0.9440944290161133,0.924435806274414
final_20260802-123726_augmented_spots_train_e200_b20_lr0.0001_s1,?|Ti7Al_logtif.h5|331|331|117248,3,0.9358812769254049,0.8841790954271952,0.04738619364798069,0.9340385595957438,0.9336500565210978,0.9442475636800131,0.9188611030578613
final_20260802-123726_augmented_spots_train_e200_b20_lr0.0001_s1,?|Iron_deformed_logtif.h5|39|39|143519,5,0.9412438035011291,0.8896289825439453,0.052428006567060946,0.9767155766487121,0.9764256000518798,0.9444079160690307,0.9128744840621948
final_20260802-123726_augmented_spots_train_e200_b20_lr0.0001_s1,?|Iron_deformed_logtif.h5|127|127|436075,9,0.9270026485125223,0.8656194077597724,0.03775493034885989,0.9932369457350837,0.9931288030412462,0.9446238544252183,0.9321753263473511
final_20260802-123726_augmented_spots_train_e200_b20_lr0.0001_s1,?|Al_deformed_LoG_logtif.h5|5|39|481387,20,0.9236731827259064,0.8588081210851669,0.03399239140562713,0.9949555784463883,0.994864210486412,0.9448403954505921,0.9313053607940673
final_20260802-123726_augmented_spots_train_e200_b20_lr0.0001_s1,?|Iron_deformed_logtif.h5|92|372|1572842,4,0.9343769550323486,0.8792458176612854,0.04455445893108845,0.991331160068512,0.991232693195343,0.9449112415313721,0.9250285744667053
final_20260802-123726_augmented_spots_train_e200_b20_lr0.0001_s1,?|Ti7Al_logtif.h5|306|1288|501063,4,0.9197723716497421,0.8690770119428635,0.029774525202810764,0.9871149957180023,0.9867211133241653,0.9449989199638367,0.8967776358127594
final_20260802-123726_augmented_spots_train_e200_b20_lr0.0001_s1,?|Iron_deformed_logtif.h5|176|176|671863,7,0.9353446619851249,0.8796498945781163,0.045024244114756584,0.9886068190847125,0.9884122950690133,0.9451602186475482,0.9253224849700927
final_20260802-123726_augmented_spots_train_e200_b20_lr0.0001_s1,?|Iron_deformed_logtif.h5|197|197|812567,6,0.9245828986167908,0.8624741037686666,0.03415693808346987,0.9891106386979421,0.9887517392635345,0.9452129701773325,0.9361034333705902
final_20260802-123726_augmented_spots_train_e200_b20_lr0.0001_s1,?|Ti7Al_logtif.h5|278|1260|494692,3,0.9244940876960754,0.8635824124018351,0.03403909752766291,0.96588001648585,0.9649522304534912,0.9452275037765503,0.9284550428390503
final_20260802-123726_augmented_spots_train_e200_b20_lr0.0001_s1,?|Al_deformed_LoG_logtif.h5|29|29|444632,28,0.9300999109234128,0.8701923106397901,0.03963228102241244,0.9914240411349705,0.9913960524967739,0.9452338154826846,0.9268435418605805
final_20260802-123726_augmented_spots_train_e200_b20_lr0.0001_s1,?|Iron_deformed_logtif.h5|190|190|785959,3,0.9355046153068542,0.8799120386441549,0.04490797780454159,0.9884164532025655,0.9880883892377218,0.9452983140945435,0.9306161403656006
final_20260802-123726_augmented_spots_train_e200_b20_lr0.0001_s1,?|Iron_deformed_logtif.h5|129|409|1686682,3,0.9297913710276285,0.8696095744768778,0.038918839767575264,0.9894183079401652,0.9893651207288107,0.9454362591107687,0.9339685201644897
final_20260802-123726_augmented_spots_train_e200_b20_lr0.0001_s1,?|Al_deformed_LoG_logtif.h5|32|32|445244,19,0.9372673348376626,0.8833728213059274,0.046377067307108326,0.9815023666933963,0.980745488091519,0.9454451266087984,0.9284689426422119
final_20260802-123726_augmented_spots_train_e200_b20_lr0.0001_s1,?|Ti7Al_logtif.h5|230|1213|471619,3,0.9383939703305563,0.885740598042806,0.04718903762598833,0.9763688643773397,0.9751186768213908,0.9456024765968323,0.9239822864532471
final_20260802-123726_augmented_spots_train_e200_b20_lr0.0001_s1,?|Al_deformed_LoG_logtif.h5|22|22|390231,24,0.9288806294401487,0.8678573593497276,0.03742964449338615,0.9934150874614716,0.9931940560539564,0.9457255005836487,0.9307581961154938
final_20260802-123726_augmented_spots_train_e200_b20_lr0.0001_s1,?|Iron_deformed_logtif.h5|187|467|2022761,4,0.9331522583961487,0.8763225376605988,0.04163117799907923,0.988027036190033,0.9877093583345413,0.9457605183124542,0.9228813886642456
final_20260802-123726_augmented_spots_train_e200_b20_lr0.0001_s1,?|Iron_deformed_logtif.h5|276|556|2461082,3,0.9237809777259827,0.8598352869351705,0.03223759556810061,0.991398274898529,0.9914374550183614,0.9457716743151346,0.9392714500427246
final_20260802-123726_augmented_spots_train_e200_b20_lr0.0001_s1,?|Al_deformed_LoG_logtif.h5|27|27|443830,20,0.9310958951711654,0.8724043279886246,0.039484808361157774,0.9924128711223602,0.9923417896032334,0.9458055377006531,0.9203680098056793
final_20260802-123726_augmented_spots_train_e200_b20_lr0.0001_s1,?|Al_deformed_LoG_logtif.h5|18|18|337193,18,0.9302379555172391,0.8704856865935855,0.03823139383975002,0.9896404643853506,0.989466087685691,0.9460032847192552,0.9195511996746063
final_20260802-123726_augmented_spots_train_e200_b20_lr0.0001_s1,?|Iron_deformed_logtif.h5|241|521|2332675,5,0.9293006300926209,0.8711193084716797,0.03702038340270519,0.9858404159545898,0.9854164004325867,0.9461401104927063,0.9241644978523255
final_20260802-123726_augmented_spots_train_e200_b20_lr0.0001_s1,?|Al_deformed_LoG_logtif.h5|25|59|878905,16,0.9360471293330193,0.8801797926425934,0.04369815200334415,0.9890682324767113,0.9888520166277885,0.9461744949221611,0.9287999868392944
final_20260802-123726_augmented_spots_train_e200_b20_lr0.0001_s1,?|Ti7Al_logtif.h5|502|502|226160,3,0.9223430156707764,0.8631862799326578,0.02980501887698968,0.9886635939280192,0.9885267814000448,0.9462690154711405,0.9330803751945496
final_20260802-123726_augmented_spots_train_e200_b20_lr0.0001_s1,?|Iron_deformed_logtif.h5|138|138|519077,4,0.9365235567092896,0.8820243328809738,0.043874599039554596,0.9868812561035156,0.9868582338094711,0.9463244378566742,0.9209224820137024
final_20260802-123726_augmented_spots_train_e200_b20_lr0.0001_s1,?|Iron_deformed_logtif.h5|215|495|2158392,3,0.9293305277824402,0.8688611189524332,0.03652327818175157,0.9937350153923035,0.9936819076538086,0.9464036424954733,0.9385886192321777
final_20260802-123726_augmented_spots_train_e200_b20_lr0.0001_s1,?|Iron_deformed_logtif.h5|111|111|397455,4,0.929583728313446,0.870713546872139,0.0366633883677423,0.9831360727548599,0.9827466011047363,0.9464601576328278,0.917301470041275
final_20260802-123726_augmented_spots_train_e200_b20_lr0.0001_s1,?|Ti7Al_logtif.h5|907|907|360786,3,0.9280929764111837,0.8716357350349426,0.0351715466628472,0.957071860631307,0.9512738188107809,0.9464607238769531,0.9214470386505127
final_20260802-123726_augmented_spots_train_e200_b20_lr0.0001_s1,?|Iron_deformed_logtif.h5|27|307|1314638,3,0.9265771905581156,0.8648553490638733,0.033407675102353096,0.9887470205624899,0.988347073396047,0.9465847412745158,0.9319273352622985
final_20260802-123726_augmented_spots_train_e200_b20_lr0.0001_s1,?|Iron_deformed_logtif.h5|30|310|1320109,5,0.9226263284683227,0.8624577999114991,0.02927645668387413,0.9590138673782349,0.957910168170929,0.946674931049347,0.9301830530166626
final_20260802-123726_augmented_spots_train_e200_b20_lr0.0001_s1,?|Al_deformed_LoG_logtif.h5|14|14|188210,20,0.9308095872402191,0.8712715595960617,0.03692424320615828,0.9920692563056945,0.9918377488851547,0.9469426721334457,0.9272095501422882
final_20260802-123726_augmented_spots_train_e200_b20_lr0.0001_s1,?|Iron_deformed_logtif.h5|272|552|2450634,7,0.9315805264881679,0.8727753332683018,0.03756234741636685,0.9926543661526271,0.9925747684070042,0.9470091036387852,0.9346204996109009
final_20260802-123726_augmented_spots_train_e200_b20_lr0.0001_s1,?|Iron_deformed_logtif.h5|243|243|1093956,4,0.9322788566350937,0.8742288053035736,0.03822154412046075,0.9837662726640701,0.9834032356739044,0.947028636932373,0.9234167456626892
final_20260802-123726_augmented_spots_train_e200_b20_lr0.0001_s1,?|Iron_deformed_logtif.h5|257|537|2399113,3,0.951816995938619,0.9083676338195801,0.05733605536321799,0.9637383818626404,0.9636478225390116,0.9472404519716898,0.9350541114807129
final_20260802-123726_augmented_spots_train_e200_b20_lr0.0001_s1,?|Iron_deformed_logtif.h5|248|248|1106248,3,0.9199658234914144,0.8568708499272665,0.024956006556749344,0.9867977897326151,0.9865235884984335,0.9475048979123434,0.93504478931427
final_20260802-123726_augmented_spots_train_e200_b20_lr0.0001_s1,?|Iron_deformed_logtif.h5|252|532|2351102,3,0.9342244863510132,0.8781394163767496,0.039196910026172795,0.986371656258901,0.9863136609395345,0.9475137988726298,0.9338634133338928
final_20260802-123726_augmented_spots_train_e200_b20_lr0.0001_s1,?|Ti7Al_logtif.h5|661|1643|680280,3,0.9384173353513082,0.8861986994743347,0.0428958802173535,0.9546513160069784,0.945329745610555,0.9477607210477194,0.9250075459480286
final_20260802-123726_augmented_spots_train_e200_b20_lr0.0001_s1,?|Iron_deformed_logtif.h5|65|65|262514,3,0.9463398655255636,0.8988449970881144,0.0506954292456309,0.9812265634536743,0.9809698462486267,0.9478222330411276,0.92447509765625
final_20260802-123726_augmented_spots_train_e200_b20_lr0.0001_s1,?|Iron_deformed_logtif.h5|161|441|1867701,4,0.9349825829267502,0.8818449229001999,0.03927027806639671,0.9754528254270554,0.9750725775957108,0.9478561580181122,0.9366841554641724
final_20260802-123726_augmented_spots_train_e200_b20_lr0.0001_s1,?|Al_deformed_LoG_logtif.h5|17|17|318986,16,0.9360000714659691,0.8805176131427288,0.040253198239952326,0.9877234287559986,0.987382847815752,0.9478734321892262,0.9282594621181488
final_20260802-123726_augmented_spots_train_e200_b20_lr0.0001_s1,?|Iron_deformed_logtif.h5|196|476|2048948,3,0.9322153131167094,0.8774436513582865,0.03621509609123071,0.9315201838811239,0.930977443854014,0.9480001131693522,0.9237975835800171
final_20260802-123726_augmented_spots_train_e200_b20_lr0.0001_s1,?|Ti7Al_logtif.h5|592|1574|655769,3,0.919666071732839,0.8565520842870077,0.023601050178209942,0.9756566484769186,0.9751508633295695,0.9480324983596802,0.9339185953140259
final_20260802-123726_augmented_spots_train_e200_b20_lr0.0001_s1,?|Al_deformed_LoG_logtif.h5|15|49|716420,28,0.9359468242951802,0.8800875076225826,0.03957874078436622,0.9887048474379948,0.988475290792329,0.9481840410402843,0.9308616578578949
final_20260802-123726_augmented_spots_train_e200_b20_lr0.0001_s1,?|Al_deformed_LoG_logtif.h5|9|43|572797,19,0.9369656537708483,0.8823240211135462,0.04037612603095017,0.982454892836119,0.9818253203442222,0.9482947587966919,0.9218110322952271
final_20260802-123726_augmented_spots_train_e200_b20_lr0.0001_s1,?|Iron_deformed_logtif.h5|178|458|1910882,4,0.9289237558841705,0.8686872869729996,0.031717984937131405,0.9969479739665985,0.9969461560249329,0.9486028999090195,0.9402570068836212
final_20260802-123726_augmented_spots_train_e200_b20_lr0.0001_s1,?|Al_deformed_LoG_logtif.h5|15|15|275101,28,0.9384718516043254,0.8846545389720372,0.04040045224662338,0.9920072172369275,0.9918050765991211,0.9490357020071575,0.9369667768478394
final_20260802-123726_augmented_spots_train_e200_b20_lr0.0001_s1,?|Iron_deformed_logtif.h5|17|17|67353,5,0.9326586842536926,0.8745498776435852,0.03389151692390442,0.9940556764602662,0.9939513206481934,0.9493835806846619,0.9310337781906128
final_20260802-123726_augmented_spots_train_e200_b20_lr0.0001_s1,?|Iron_deformed_logtif.h5|263|263|1188628,3,0.9321097731590271,0.8749670584996542,0.03310449297229449,0.9887981414794922,0.9886549711227417,0.9495026469230652,0.9410760164260864
final_20260802-123726_augmented_spots_train_e200_b20_lr0.0001_s1,?|Iron_deformed_logtif.h5|174|174|668440,4,0.9348815381526947,0.8787424862384796,0.03546696528792381,0.9886147826910019,0.9882680773735046,0.9497072994709015,0.9371942758560181
final_20260802-123726_augmented_spots_train_e200_b20_lr0.0001_s1,?|Iron_deformed_logtif.h5|274|554|2452789,4,0.9303827434778214,0.8722522854804993,0.030292273499071598,0.992885410785675,0.9925807416439056,0.9500452280044556,0.9344328105449676
final_20260802-123726_augmented_spots_train_e200_b20_lr0.0001_s1,?|Iron_deformed_logtif.h5|61|61|251104,6,0.9265394906202952,0.8664664924144745,0.02638419360543291,0.9823349813620249,0.9822970330715179,0.950077642997106,0.9370881617069244
final_20260802-123726_augmented_spots_train_e200_b20_lr0.0001_s1,?|Iron_deformed_logtif.h5|128|128|445774,4,0.9511578977108002,0.9073465317487717,0.05086885392665863,0.988090768456459,0.9875979721546173,0.9501445144414902,0.9327059328556061
final_20260802-123726_augmented_spots_train_e200_b20_lr0.0001_s1,?|Ti7Al_logtif.h5|936|1918|774149,3,0.9459142088890076,0.9004505276679993,0.04501055181026459,0.925979495048523,0.9211421410242716,0.9504518310228983,0.9340463399887085
final_20260802-123726_augmented_spots_train_e200_b20_lr0.0001_s1,?|Iron_deformed_logtif.h5|114|394|1643007,3,0.9483360648155212,0.9020236730575562,0.04717198386788368,0.988222599029541,0.988185981909434,0.9505820671717325,0.9437668085098266
final_20260802-123726_augmented_spots_train_e200_b20_lr0.0001_s1,?|Iron_deformed_logtif.h5|234|514|2272117,3,0.9365018407503763,0.882575253645579,0.03525611385703087,0.9911569356918335,0.9910981853802999,0.9506228566169739,0.9422306776046753
final_20260802-123726_augmented_spots_train_e200_b20_lr0.0001_s1,?|Ti7Al_logtif.h5|560|560|255019,3,0.926084041595459,0.8654953440030416,0.024833683855831623,0.9812900225321451,0.9805349310239156,0.9506251613299052,0.9415690779685975
final_20260802-123726_augmented_spots_train_e200_b20_lr0.0001_s1,?|Iron_deformed_logtif.h5|61|341|1491473,3,0.9269594351450602,0.8644533356030782,0.024208139317731064,0.9983168045679728,0.9981636206309,0.9513756632804871,0.9434433817863465
final_20260802-123726_augmented_spots_train_e200_b20_lr0.0001_s1,?|Iron_deformed_logtif.h5|11|291|1277433,3,0.938499907652537,0.8851238886515299,0.03554092223445574,0.9945353070894877,0.9944823185602824,0.9514795144399008,0.9491670608520508
final_20260802-123726_augmented_spots_train_e200_b20_lr0.0001_s1,?|Iron_deformed_logtif.h5|275|275|1215260,3,0.9401397307713827,0.8877541422843933,0.03707685445745786,0.9874420166015625,0.9873892466227213,0.951531449953715,0.9456132650375366
final_20260802-123726_augmented_spots_train_e200_b20_lr0.0001_s1,?|Iron_deformed_logtif.h5|56|56|220626,3,0.9432335694630941,0.8928675055503845,0.04008379206061363,0.9940778414408366,0.9940571586290995,0.9515748620033264,0.94754056930542
final_20260802-123726_augmented_spots_train_e200_b20_lr0.0001_s1,?|Iron_deformed_logtif.h5|41|321|1394494,4,0.9508099108934402,0.9071560055017471,0.04761056508868933,0.9901113510131836,0.9900265783071518,0.9515996724367142,0.9412314534187317
final_20260802-123726_augmented_spots_train_e200_b20_lr0.0001_s1,?|Ti7Al_logtif.h5|738|1720|711689,3,0.9387661814689636,0.886798620223999,0.03543659051259359,0.9406800866127014,0.9393845399220785,0.9516647855440775,0.9432658791542053
final_20260802-123726_augmented_spots_train_e200_b20_lr0.0001_s1,?|Al_deformed_LoG_logtif.h5|19|53|795248,19,0.9393879583007411,0.8865139358922055,0.03576186789493812,0.9926938163606744,0.9925584416640433,0.9518130453009355,0.9331110715866089
final_20260802-123726_augmented_spots_train_e200_b20_lr0.0001_s1,?|Iron_deformed_logtif.h5|228|228|1010103,3,0.9407747189203898,0.8889752626419067,0.036917749171455704,0.9927762746810913,0.9927753210067749,0.9519284963607788,0.9411949157714844
final_20260802-123726_augmented_spots_train_e200_b20_lr0.0001_s1,?|Iron_deformed_logtif.h5|195|195|807221,3,0.9495837092399597,0.9043624997138977,0.045510408778985344,0.9887868563334147,0.9886055191357931,0.9520366589228312,0.9442744731903077
final_20260802-123726_augmented_spots_train_e200_b20_lr0.0001_s1,?|Al_deformed_LoG_logtif.h5|32|64|895895,23,0.9436885455380315,0.8936977982521057,0.038708744327659195,0.9915073125258737,0.9914181362027708,0.9524898995523867,0.9401513338088989
final_20260802-123726_augmented_spots_train_e200_b20_lr0.0001_s1,?|Ti7Al_logtif.h5|317|317|115086,3,0.9388306538263956,0.8875972032546997,0.03369952986637751,0.9708000818888346,0.9670900305112203,0.9525655508041382,0.950911545753479
final_20260802-123726_augmented_spots_train_e200_b20_lr0.0001_s1,?|Ti7Al_logtif.h5|9|9|1561,4,0.9327097982168198,0.8842141330242157,0.027537086978554726,0.9733393788337708,0.9711522161960602,0.9525863528251648,0.9276685595512391
final_20260802-123726_augmented_spots_train_e200_b20_lr0.0001_s1,?|Al_deformed_LoG_logtif.h5|4|4|23047,17,0.9409354890094084,0.889289007467382,0.035701987278812075,0.9907955983105827,0.9904546632486231,0.9526167441816891,0.9340073585510253
final_20260802-123726_augmented_spots_train_e200_b20_lr0.0001_s1,?|Iron_deformed_logtif.h5|241|241|1093313,4,0.93373803794384,0.8768701255321503,0.028448027092963457,0.9920986741781235,0.9920092821121216,0.9526449888944626,0.9395384311676025
final_20260802-123726_augmented_spots_train_e200_b20_lr0.0001_s1,?|Iron_deformed_logtif.h5|9|289|1260309,3,0.9348905483881632,0.8824573953946432,0.029552302012840908,0.9923190474510193,0.9921832879384359,0.9526691238085429,0.9341395854949951
final_20260802-123726_augmented_spots_train_e200_b20_lr0.0001_s1,?|Iron_deformed_logtif.h5|34|34|111384,3,0.9327356417973837,0.8750597238540649,0.027114983027180035,0.9959681630134583,0.9954639673233032,0.9528103073438009,0.9480279684066772
final_20260802-123726_augmented_spots_train_e200_b20_lr0.0001_s1,?|Al_big_grains_logtif.h5|481|5423|169747,3,0.9717382788658142,0.9452881813049316,0.06590435126175483,0.9658727645874023,0.9636421402295431,0.9529169599215189,0.9349820256233216
final_20260802-123726_augmented_spots_train_e200_b20_lr0.0001_s1,?|Iron_deformed_logtif.h5|184|184|749244,3,0.9287440975507101,0.8695338567097982,0.022736993618309498,0.9949707388877869,0.9948511719703674,0.9530035654703776,0.9358859300613404
final_20260802-123726_augmented_spots_train_e200_b20_lr0.0001_s1,?|Ti7Al_logtif.h5|1|983|386483,3,0.9352733691533407,0.8859514594078064,0.029199172432223957,0.9376728137334188,0.936551829179128,0.9530371030171713,0.9384178876876831
final_20260802-123726_augmented_spots_train_e200_b20_lr0.0001_s1,?|Al_deformed_LoG_logtif.h5|10|44|606472,28,0.9499924778938293,0.9052773522479194,0.04352463176473975,0.9859748035669327,0.985671300973211,0.9532339232308524,0.9365715026855469
final_20260802-123726_augmented_spots_train_e200_b20_lr0.0001_s1,?|Al_deformed_LoG_logtif.h5|9|9|125856,30,0.9424121340115865,0.8916235129038493,0.03587528004621466,0.9914806544780731,0.9913542846838633,0.9532684266567231,0.9382924318313599
final_20260802-123726_augmented_spots_train_e200_b20_lr0.0001_s1,?|Ti7Al_logtif.h5|726|726|314065,4,0.9471356421709061,0.9008065015077591,0.04022936476394534,0.9823137074708939,0.9821589440107346,0.9534531384706497,0.9317580878734588
final_20260802-123726_augmented_spots_train_e200_b20_lr0.0001_s1,?|Iron_deformed_logtif.h5|194|474|2027962,3,0.9393202463785807,0.8858100175857544,0.03218812867999077,0.9944103360176086,0.9943264325459799,0.9535660545031229,0.9475851774215698
final_20260802-123726_augmented_spots_train_e200_b20_lr0.0001_s1,?|IN718_twins_logtif.h5|703|2081|178440,3,0.9585229357083639,0.9245251615842184,0.050559818744659424,0.9865875244140625,0.9643752376238505,0.9539815584818522,0.9205653667449951
final_20260802-123726_augmented_spots_train_e200_b20_lr0.0001_s1,?|Ti7Al_logtif.h5|273|273|104028,4,0.9350597858428955,0.8785922527313232,0.0260687367990613,0.9830306470394135,0.9815078973770142,0.9544955193996429,0.9440759420394897
final_20260802-123726_augmented_spots_train_e200_b20_lr0.0001_s1,?|Ti7Al_logtif.h5|900|1881|752712,3,0.940092146396637,0.8909357587496439,0.03106936750312646,0.9638595978418986,0.9610933264096578,0.9545113643010458,0.9271854639053345
final_20260802-123726_augmented_spots_train_e200_b20_lr0.0001_s1,?|Ti7Al_logtif.h5|81|1063|411051,5,0.9508312702178955,0.9101935148239135,0.04160717036575079,0.9767386317253113,0.9766513705253601,0.9546120643615723,0.9369388580322265
final_20260802-123726_augmented_spots_train_e200_b20_lr0.0001_s1,?|Al_deformed_LoG_logtif.h5|24|24|428139,22,0.9396566504781897,0.886799920688976,0.03020984095267274,0.9962732141668146,0.9962029755115509,0.9547233933752234,0.9432410061359405
final_20260802-123726_augmented_spots_train_e200_b20_lr0.0001_s1,?|Al_deformed_LoG_logtif.h5|4|38|471881,23,0.9461259997409323,0.8993436745975328,0.03657172308505877,0.9843270804571069,0.9839175084362859,0.954777137092922,0.9382890939712525
final_20260802-123726_augmented_spots_train_e200_b20_lr0.0001_s1,?|Iron_deformed_logtif.h5|131|131|446796,4,0.9543581902980804,0.9134670495986938,0.04360361583530903,0.9723901599645615,0.9720966666936874,0.9553772658109665,0.9362459063529969
final_20260802-123726_augmented_spots_train_e200_b20_lr0.0001_s1,?|Al_deformed_LoG_logtif.h5|24|58|878465,20,0.9447283893823624,0.8957010298967362,0.03356762528419495,0.9954912602901459,0.9954133301973342,0.9555803805589675,0.9450937330722808
final_20260802-123726_augmented_spots_train_e200_b20_lr0.0001_s1,?|Iron_deformed_logtif.h5|229|509|2250437,3,0.941037098566691,0.889335036277771,0.029588665813207626,0.9970476428667704,0.9968026280403137,0.9557242194811503,0.9496439337730408
final_20260802-123726_augmented_spots_train_e200_b20_lr0.0001_s1,?|Iron_deformed_logtif.h5|80|360|1553237,3,0.9407534201939901,0.8896531661351522,0.02925862247745196,0.9942950010299683,0.992156445980072,0.955747385819753,0.9427868366241455
final_20260802-123726_augmented_spots_train_e200_b20_lr0.0001_s1,?|Iron_deformed_logtif.h5|100|100|360369,4,0.9564094096422195,0.9177231788635254,0.04479821491986513,0.9892428517341614,0.9891379624605179,0.9558055847883224,0.9459336221218109
final_20260802-123726_augmented_spots_train_e200_b20_lr0.0001_s1,?|Iron_logtif.h5|1800|1800|157572,3,0.9489965041478475,0.90335480372111,0.03728090226650238,0.981834332148234,0.9818237026532491,0.9558577736218771,0.9527204871177674
final_20260802-123726_augmented_spots_train_e200_b20_lr0.0001_s1,?|Iron_deformed_logtif.h5|105|105|380792,4,0.9452935010194778,0.8987651020288467,0.03280395641922951,0.9788244217634201,0.9769176840782166,0.9562447518110275,0.9451163530349731
final_20260802-123726_augmented_spots_train_e200_b20_lr0.0001_s1,?|Al_deformed_LoG_logtif.h5|10|10|167252,17,0.9526447197970223,0.9101316017263076,0.040067912079393864,0.9880070020170773,0.9874433103729697,0.9562884078306311,0.9465096712112426
final_20260802-123726_augmented_spots_train_e200_b20_lr0.0001_s1,?|Iron_deformed_logtif.h5|242|242|1093635,4,0.942036047577858,0.8911166340112686,0.029193059541285038,0.9917216300964355,0.9914193451404572,0.9564214795827866,0.9445587038993836
final_20260802-123726_augmented_spots_train_e200_b20_lr0.0001_s1,?|Iron_deformed_logtif.h5|131|411|1687350,7,0.9528251716068813,0.9110518268176487,0.03990605766219752,0.9914368731634957,0.9913444093295506,0.9564595563071114,0.9366545677185059
final_20260802-123726_augmented_spots_train_e200_b20_lr0.0001_s1,?|Iron_deformed_logtif.h5|55|55|220305,3,0.9359143376350403,0.8800935943921407,0.022878308159609635,0.9984925389289856,0.9984686970710754,0.9565180341402689,0.95030277967453
final_20260802-123726_augmented_spots_train_e200_b20_lr0.0001_s1,?|Ti7Al_logtif.h5|134|1116|428768,3,0.9379018346468607,0.8867753148078918,0.023983313391606014,0.9953262805938721,0.9700797398885092,0.9569592475891113,0.9395747184753418
final_20260802-123726_augmented_spots_train_e200_b20_lr0.0001_s1,?|Ti7Al_logtif.h5|120|1102|427246,3,0.9502670963605245,0.9065103928248087,0.03588008383909861,0.9882198770840963,0.9880651434262594,0.9571935137112936,0.9444100379943847
final_20260802-123726_augmented_spots_train_e200_b20_lr0.0001_s1,?|Al_deformed_LoG_logtif.h5|25|25|428596,12,0.9448078721761703,0.8959415555000305,0.030392402162154514,0.9940268397331238,0.9936596502860388,0.9572077443202337,0.9392299056053162
final_20260802-123726_augmented_spots_train_e200_b20_lr0.0001_s1,?|Al_deformed_LoG_logtif.h5|3|37|469193,18,0.947481718328264,0.902119086848365,0.03287120836062564,0.9895213080777062,0.9890843133131663,0.9573052591747708,0.9396914064884185
final_20260802-123726_augmented_spots_train_e200_b20_lr0.0001_s1,?|Al_deformed_LoG_logtif.h5|11|11|167555,19,0.9459730167137949,0.89964990553103,0.0310335163223116,0.9892807540140653,0.9822777478318465,0.9574697488232663,0.9495627999305725
final_20260802-123726_augmented_spots_train_e200_b20_lr0.0001_s1,?|Iron_deformed_logtif.h5|89|89|322664,5,0.9457886576652527,0.8983537077903747,0.030817970260977746,0.9954952716827392,0.9950943112373352,0.9574853539466858,0.9495301485061646
final_20260802-123726_augmented_spots_train_e200_b20_lr0.0001_s1,?|Iron_deformed_logtif.h5|57|337|1461804,3,0.9470814863840739,0.9003820617993673,0.03163754070798556,0.995432178179423,0.9952108065287272,0.9577219684918722,0.9496509552001953
final_20260802-123726_augmented_spots_train_e200_b20_lr0.0001_s1,?|Iron_deformed_logtif.h5|101|101|361413,5,0.9501441717147827,0.9058065533638,0.03459628596901894,0.9949529647827149,0.9948069214820862,0.9577739596366882,0.9500720500946045
final_20260802-123726_augmented_spots_train_e200_b20_lr0.0001_s1,?|Ti7Al_logtif.h5|163|1144|441312,3,0.9543360074361166,0.9155277411142985,0.03739516312877337,0.9852061867713928,0.9851312041282654,0.9584704240163168,0.9410037755966186
final_20260802-123726_augmented_spots_train_e200_b20_lr0.0001_s1,?|Iron_deformed_logtif.h5|162|442|1877566,3,0.9318408966064453,0.8768015106519064,0.014799048813680807,0.995483915011088,0.9953420162200928,0.9585209290186564,0.9427331924438477
final_20260802-123726_augmented_spots_train_e200_b20_lr0.0001_s1,?|Iron_deformed_logtif.h5|144|144|528465,3,0.9434065620104471,0.8959498206774393,0.026056742295622826,0.9905076622962952,0.9892851114273071,0.9586749076843262,0.955305027961731
final_20260802-123726_augmented_spots_train_e200_b20_lr0.0001_s1,?|Iron_deformed_logtif.h5|67|67|264081,3,0.9549864927927653,0.9140159686406454,0.0368785827110211,0.9948972860972086,0.9948888222376505,0.9590539534886678,0.9520155906677246
final_20260802-123726_augmented_spots_train_e200_b20_lr0.0001_s1,?|Al_deformed_LoG_logtif.h5|16|50|760193,17,0.9432038699879366,0.8933258267009959,0.024668993811835262,0.9950908597777871,0.9950383761349846,0.9592674444703495,0.9409616708755493
final_20260802-123726_augmented_spots_train_e200_b20_lr0.0001_s1,?|Ti7Al_logtif.h5|485|485|220991,3,0.9354076385498047,0.8834097782770792,0.015465431846678257,0.9739831288655599,0.9735137025515238,0.9599710901578268,0.9539271831512451
final_20260802-123726_augmented_spots_train_e200_b20_lr0.0001_s1,?|Al_deformed_LoG_logtif.h5|12|12|167848,21,0.959395516486395,0.9223927344594683,0.03922254051126185,0.981063791683742,0.9809609169051761,0.9600864932650611,0.9476901292800903
final_20260802-123726_augmented_spots_train_e200_b20_lr0.0001_s1,?|Ti7Al_logtif.h5|244|1226|477357,3,0.9439780513445536,0.8994388779004415,0.023489769858618576,0.9790487289428711,0.9785854816436768,0.9602441589037577,0.931120765209198
final_20260802-123726_augmented_spots_train_e200_b20_lr0.0001_s1,?|Al_deformed_LoG_logtif.h5|12|46|607012,28,0.9502985647746495,0.9058673339230674,0.029741017147898674,0.9958363090242658,0.9957939471517291,0.9602787664958409,0.9536663293838501
final_20260802-123726_augmented_spots_train_e200_b20_lr0.0001_s1,?|Al_deformed_LoG_logtif.h5|11|45|606718,21,0.9543408978553045,0.9132449201175145,0.03359234244340942,0.9906992628460839,0.9906611300650097,0.960374287196568,0.9540786743164062
final_20260802-123726_augmented_spots_train_e200_b20_lr0.0001_s1,?|Iron_deformed_logtif.h5|248|530|2345952,3,0.9400667746861776,0.8881701628367106,0.01889133018751939,0.9969887932141622,0.9969386259714762,0.9605877002080282,0.9578562259674073
final_20260802-123726_augmented_spots_train_e200_b20_lr0.0001_s1,?|Iron_deformed_logtif.h5|95|95|333463,3,0.9576509992281595,0.9188372294108073,0.034424607952435814,0.9910279909769694,0.9909416834513346,0.9616131782531738,0.9581454277038575
final_20260802-123726_augmented_spots_train_e200_b20_lr0.0001_s1,?|Al_deformed_LoG_logtif.h5|16|16|316744,25,0.9481657195091248,0.9021273446083069,0.02487638983875513,0.9935588598251343,0.9934555244445801,0.9616446566581726,0.9517100572586059
final_20260802-123726_augmented_spots_train_e200_b20_lr0.0001_s1,?|Al_deformed_LoG_logtif.h5|3|3|20806,16,0.9531604088842869,0.9110459201037884,0.028179605898912996,0.9890153557062149,0.9889826327562332,0.9624903947114944,0.9490519165992737
final_20260802-123726_augmented_spots_train_e200_b20_lr0.0001_s1,?|Iron_deformed_logtif.h5|91|91|323387,3,0.9528877139091492,0.9103667338689169,0.02681768809755643,0.9920842250188192,0.9920595288276672,0.9630350271860758,0.9589292287826539
final_20260802-123726_augmented_spots_train_e200_b20_lr0.0001_s1,?|Ti7Al_logtif.h5|278|278|106292,4,0.9471598565578461,0.9020811170339584,0.020711518358439207,0.9806000888347626,0.9771615266799927,0.9632241576910019,0.9538239240646362
final_20260802-123726_augmented_spots_train_e200_b20_lr0.0001_s1,?|IN718_twins_logtif.h5|1278|1278|108160,3,0.9786503116289774,0.9588094353675842,0.051762222001949944,0.9924360116322836,0.9815001686414083,0.9634440541267395,0.9504699468612671
final_20260802-123726_augmented_spots_train_e200_b20_lr0.0001_s1,?|Ti7Al_logtif.h5|579|579|259870,3,0.9497533043225607,0.9060352444648743,0.022349222252766292,0.9880714019139608,0.9853655894597372,0.9637020428975424,0.9545853853225708
final_20260802-123726_augmented_spots_train_e200_b20_lr0.0001_s1,?|Iron_deformed_logtif.h5|123|123|415378,4,0.9548041671514511,0.9143188893795013,0.027237699832767248,0.9960038363933563,0.9959684014320374,0.9637832641601562,0.9535166621208191
final_20260802-123726_augmented_spots_train_e200_b20_lr0.0001_s1,?|Iron_deformed_logtif.h5|123|403|1657222,3,0.9483056863149008,0.9031156102816263,0.0201262425010403,0.9913185636202494,0.9912332892417908,0.9640897512435913,0.957143759727478
final_20260802-123726_augmented_spots_train_e200_b20_lr0.0001_s1,?|Ti7Al_logtif.h5|846|1828|745292,3,0.9686005910237631,0.939726730187734,0.04041185975074768,0.9891126751899719,0.9881198406219482,0.9640944004058838,0.9552064657211303
final_20260802-123726_augmented_spots_train_e200_b20_lr0.0001_s1,?|Ti7Al_logtif.h5|89|89|24821,3,0.9608328938484192,0.925424059232076,0.032246376077334084,0.985614279905955,0.9850214322408041,0.9642932613690695,0.9522903323173523
final_20260802-123726_augmented_spots_train_e200_b20_lr0.0001_s1,?|Iron_deformed_logtif.h5|193|473|2027590,3,0.959260622660319,0.9220483303070068,0.02999114617705345,0.9954884250958761,0.9954548279444376,0.9646347165107727,0.9573008298873902
final_20260802-123726_augmented_spots_train_e200_b20_lr0.0001_s1,?|Ti7Al_logtif.h5|689|689|304122,3,0.963934083779653,0.9311275283495585,0.03421692177653313,0.9666423996289571,0.966288169225057,0.964858611424764,0.9555248498916626
final_20260802-123726_augmented_spots_train_e200_b20_lr0.0001_s1,?|Al_segvol.h5|2597|2597|14315,3,0.9584268927574158,0.9206141233444214,0.028354571511348087,0.9936513900756836,0.993375321229299,0.965036153793335,0.9592728972434997
final_20260802-123726_augmented_spots_train_e200_b20_lr0.0001_s1,?|Iron_deformed_logtif.h5|105|385|1622522,3,0.9449811975161234,0.8985190788904825,0.012966144209106764,0.9959350029627482,0.9954046408335367,0.9660075306892395,0.9591624140739441
final_20260802-123726_augmented_spots_train_e200_b20_lr0.0001_s1,?|Iron_deformed_logtif.h5|167|167|658994,3,0.9495434761047363,0.9045609633127848,0.01607197631771366,0.9943501750628153,0.9941456516583761,0.9667357603708903,0.9572744369506836
final_20260802-123726_augmented_spots_train_e200_b20_lr0.0001_s1,?|Ti7Al_logtif.h5|763|1744|716641,3,0.9509538610776266,0.9074875712394714,0.016920056194067,0.9983747800191244,0.9983584880828857,0.9670169154802958,0.964067256450653
final_20260802-123726_augmented_spots_train_e200_b20_lr0.0001_s1,?|Ti7Al_logtif.h5|615|615|277544,3,0.9460415244102478,0.9031290213267008,0.009461217870314917,0.9881754517555237,0.9866299629211426,0.9682901302973429,0.9536566734313965
final_20260802-123726_augmented_spots_train_e200_b20_lr0.0001_s1,?|Al_big_grains_logtif.h5|1987|6931|214006,3,0.9613560835520426,0.9278201262156168,0.024194997424880665,0.9920469125111898,0.9916037122408549,0.9685805638631185,0.9596937894821167
final_20260802-123726_augmented_spots_train_e200_b20_lr0.0001_s1,?|Ti7Al_logtif.h5|530|1512|630809,3,0.9687678813934326,0.939668595790863,0.030368159835537274,0.994581381479899,0.9945230484008789,0.9691998561223348,0.9636813640594483
final_20260802-123726_augmented_spots_train_e200_b20_lr0.0001_s1,?|Al_deformed_LoG_logtif.h5|26|60|891702,23,0.9626448776410974,0.9286872951880746,0.023367195066226566,0.993739146253337,0.9933235852614694,0.9696388503779536,0.9633217930793763
final_20260802-123726_augmented_spots_train_e200_b20_lr0.0001_s1,?|Al_big_grains_logtif.h5|4294|9239|295394,3,0.9724047581354777,0.9483626087506613,0.03249055395523707,0.9893661936124166,0.9892659783363342,0.9699571132659912,0.9587707400321961
final_20260802-123726_augmented_spots_train_e200_b20_lr0.0001_s1,?|Ti7Al_logtif.h5|372|372|143345,3,0.9594173431396484,0.9224133491516113,0.019089858358105023,0.9909435907999674,0.9907248616218567,0.9701637228329977,0.9644776463508606
final_20260802-123726_augmented_spots_train_e200_b20_lr0.0001_s1,?|Al_deformed_LoG_logtif.h5|0|34|461737,22,0.9653067615899172,0.9337957609783519,0.023752295115793295,0.9947597303173759,0.9947507950392637,0.9707772406664762,0.961891132593155
final_20260802-123726_augmented_spots_train_e200_b20_lr0.0001_s1,?|Al_deformed_LoG_logtif.h5|26|26|441233,21,0.9605179287138439,0.9249643655050368,0.01883943458752973,0.9929439539001101,0.9929244433130536,0.9708392591703505,0.963374674320221
final_20260802-123726_augmented_spots_train_e200_b20_lr0.0001_s1,?|Ti7Al_logtif.h5|356|1338|522142,3,0.9644362926483154,0.9329065879185995,0.022184973893066246,0.992342472076416,0.9914183815320333,0.9711256424585978,0.9623496294021606
final_20260802-123726_augmented_spots_train_e200_b20_lr0.0001_s1,?|Al_deformed_LoG_logtif.h5|0|0|14345,21,0.9567547923042661,0.9182440979140145,0.01364758007583164,0.9967643987564814,0.9967311478796459,0.9715536038080851,0.9646214246749878
final_20260802-123726_augmented_spots_train_e200_b20_lr0.0001_s1,?|IN718_twins_logtif.h5|518|1895|162872,3,0.9840987920761108,0.969255785147349,0.04064718199272951,0.9916170040766398,0.9895190397898356,0.9717258214950562,0.966406774520874
final_20260802-123726_augmented_spots_train_e200_b20_lr0.0001_s1,?|IN718_twins_logtif.h5|108|1486|128639,3,0.9892738262812296,0.9788179397583008,0.045464941610892616,0.9920584360758463,0.9910086989402771,0.971904436747233,0.9636483192443848
final_20260802-123726_augmented_spots_train_e200_b20_lr0.0001_s1,?|Ti7Al_logtif.h5|458|1440|597994,4,0.9740381836891174,0.9496763497591019,0.029573344392701983,0.9860738068819046,0.9859659075737,0.9722324311733246,0.9628992676734924
final_20260802-123726_augmented_spots_train_e200_b20_lr0.0001_s1,?|IN718_twins_logtif.h5|343|1722|148837,3,0.9786704778671265,0.95859694480896,0.03308377104500929,0.994131604830424,0.9915265242258707,0.9727933605511984,0.958800733089447
final_20260802-123726_augmented_spots_train_e200_b20_lr0.0001_s1,?|Al_big_grains_logtif.h5|1823|6767|209024,3,0.9706244667371114,0.9442600806554159,0.024299078931411106,0.9945105910301208,0.9944324096043905,0.9731626907984415,0.9659640789031982
final_20260802-123726_augmented_spots_train_e200_b20_lr0.0001_s1,?|Ti7Al_logtif.h5|39|39|12402,3,0.9619396726290385,0.9272582729657491,0.013500424722830454,0.9689780871073405,0.9675124287605286,0.9742196202278137,0.9709373354911804
final_20260802-123726_augmented_spots_train_e200_b20_lr0.0001_s1,?|IN718_twins_logtif.h5|1082|2459|210603,3,0.9907687107721964,0.9817363818486532,0.04182462394237518,0.9876850048700968,0.9873665571212769,0.9744720061620077,0.968247389793396
final_20260802-123726_augmented_spots_train_e200_b20_lr0.0001_s1,?|Al_segvol.h5|4499|4499|24632,3,0.9801544348398844,0.9611497720082601,0.02812463293472926,0.9955035448074341,0.9953941106796265,0.9760149319966634,0.9689029455184937
final_20260802-123726_augmented_spots_train_e200_b20_lr0.0001_s1,?|IN718_twins_logtif.h5|483|1861|159477,3,0.9778199593226115,0.9567287564277649,0.025108385210235912,0.997906764348348,0.9978857437769572,0.976355791091919,0.9735242605209351
final_20260802-123726_augmented_spots_train_e200_b20_lr0.0001_s1,?|IN718_twins_logtif.h5|612|612|50032,3,0.9872146050135294,0.9747949838638306,0.03359135985374451,0.9896077712376913,0.9893995126088461,0.9768116275469462,0.9706554055213928
final_20260802-123726_augmented_spots_train_e200_b20_lr0.0001_s1,?|IN718_twins_logtif.h5|183|1559|134525,3,0.988483746846517,0.9772568146387736,0.03285572802027067,0.9963132540384928,0.9943763216336569,0.9778140187263489,0.9756325125694275
final_20260802-123726_augmented_spots_train_e200_b20_lr0.0001_s1,?|IN718_twins_logtif.h5|929|929|76478,3,0.9919750690460205,0.9840818444887797,0.035908726354440056,0.9923390944798788,0.9920956492424011,0.978033185005188,0.970721435546875
final_20260802-123726_augmented_spots_train_e200_b20_lr0.0001_s1,?|IN718_twins_logtif.h5|1271|2649|226498,3,0.9816335439682007,0.9640927314758301,0.020780866965651512,0.9988768696784973,0.9988751610120138,0.9804263512293497,0.9781591773033143
final_20260802-123726_augmented_spots_train_e200_b20_lr0.0001_s1,?|IN718_twins_logtif.h5|909|2288|195464,3,0.9855432311693827,0.9715503652890524,0.023155880471070606,0.9979182879130045,0.9977837999661764,0.9811937014261881,0.9793356537818909
final_20260802-123726_augmented_spots_train_e200_b20_lr0.0001_s1,?|IN718_twins_logtif.h5|885|885|73830,4,0.9842709600925446,0.9690916240215302,0.02128894766792655,0.9974880516529083,0.9972839057445526,0.9814909994602203,0.9789799451828003
final_20260802-123726_augmented_spots_train_e200_b20_lr0.0001_s1,?|IN718_twins_logtif.h5|692|692|58235,3,0.9933930039405823,0.9869188467661539,0.029624051103989284,0.9955805341402689,0.9950670003890991,0.9818844795227051,0.9785706043243408
final_20260802-123726_augmented_spots_train_e200_b20_lr0.0001_s1,?|IN718_twins_logtif.h5|216|1595|136423,3,0.990320086479187,0.980843206246694,0.026302744324008625,0.9972978432973226,0.997080941994985,0.9820086558659872,0.9787318468093872
final_20260802-123726_augmented_spots_train_e200_b20_lr0.0001_s1,?|IN718_twins_logtif.h5|425|1801|157178,3,0.9870232542355856,0.9744423429171244,0.022790092354019482,0.9985538522402445,0.9985004266103109,0.9821165998776754,0.9785033822059631
final_20260802-123726_augmented_spots_train_e200_b20_lr0.0001_s1,?|IN718_twins_logtif.h5|322|1698|147131,3,0.9888776540756226,0.9780436158180237,0.022332757090528805,0.998593250910441,0.9985360900561014,0.9832724531491598,0.9813219904899597
final_20260802-123726_augmented_spots_train_e200_b20_lr0.0001_s1,?|IN718_twins_logtif.h5|813|2190|188254,3,0.9860685666402181,0.9725969632466634,0.019474050030112267,0.9986173510551453,0.9986127217610677,0.9832972685496012,0.9816163897514343
final_20260802-123726_augmented_spots_train_e200_b20_lr0.0001_s1,?|IN718_twins_logtif.h5|333|333|29388,3,0.986990729967753,0.9743430813153585,0.018294937598208588,0.9984720746676127,0.9984221657117208,0.9843478997548422,0.9823820114135742
final_20260802-123726_augmented_spots_train_e200_b20_lr0.0001_s1,?|IN718_twins_logtif.h5|825|2202|189095,3,0.9873075485229492,0.9750957687695821,0.017265180125832558,0.9992949763933817,0.9992812077204386,0.985021193822225,0.9824536800384521
final_20260802-123726_augmented_spots_train_e200_b20_lr0.0001_s1,?|IN718_twins_logtif.h5|569|1947|167097,3,0.9931660294532776,0.9864350159962972,0.022871960575381916,0.9981184800465902,0.9980699419975281,0.9851470390955607,0.9842352747917176
final_20260802-123726_augmented_spots_train_e200_b20_lr0.0001_s1,?|IN718_twins_logtif.h5|1066|2443|209241,3,0.994568387667338,0.9891971349716187,0.020703524351119995,0.9985189636548361,0.9985109170277914,0.9869324167569479,0.9849198460578918
final_20260803-135417_augmented_spots_train_e200_b10_lr0.0001_s1,?|Iron_deformed_logtif.h5|167|447|1896154,3,0.6785153448581696,0.598818282286326,0.06772737205028534,0.8170453508694967,0.7280826469262441,0.8053940137227377,0.685813021659851
final_20260803-135417_augmented_spots_train_e200_b10_lr0.0001_s1,?|Iron_deformed_logtif.h5|168|448|1896773,3,0.7174829145272573,0.6386255919933319,0.08937294408679008,0.8000804384549459,0.7835930486520132,0.8140550057093302,0.6991665124893188
final_20260803-135417_augmented_spots_train_e200_b10_lr0.0001_s1,?|Iron_deformed_logtif.h5|141|141|523753,3,0.8187846342722574,0.7110750476519266,0.11260138948758443,0.8634524345397949,0.854080339272817,0.8530916174252828,0.7510739088058471
final_20260803-135417_augmented_spots_train_e200_b10_lr0.0001_s1,?|Ti7Al_logtif.h5|800|1782|729836,3,0.7520979146162668,0.6922144194444021,0.03236588711539904,0.8133894999821981,0.7859753668308258,0.8598660031954447,0.7400723934173584
final_20260803-135417_augmented_spots_train_e200_b10_lr0.0001_s1,?|Iron_deformed_logtif.h5|1|281|1250417,3,0.7782004773616791,0.7318767209847769,0.049178577959537506,0.8282880882422129,0.8280699849128723,0.864510973294576,0.7549576759338379
final_20260803-135417_augmented_spots_train_e200_b10_lr0.0001_s1,?|Iron_deformed_logtif.h5|20|20|68360,3,0.8444267312685648,0.7542905211448669,0.1151946410536766,0.8582127292950948,0.849002460638682,0.8646160165468851,0.7508244395256043
final_20260803-135417_augmented_spots_train_e200_b10_lr0.0001_s1,?|Ti7Al_logtif.h5|746|1728|712611,4,0.8403976708650589,0.786605067551136,0.09308642894029617,0.8098251968622208,0.8089626878499985,0.8736556172370911,0.7523620963096619
final_20260803-135417_augmented_spots_train_e200_b10_lr0.0001_s1,?|Ti7Al_logtif.h5|593|593|265156,3,0.8199712236722311,0.743751585483551,0.06797793693840504,0.8253031770388285,0.8144254485766093,0.8759966293970743,0.8201674342155456
final_20260803-135417_augmented_spots_train_e200_b10_lr0.0001_s1,?|Ti7Al_logtif.h5|951|951|378424,6,0.8398690670728683,0.7794532626867294,0.08316814961532752,0.8472286810477575,0.8386686891317368,0.8783504466215769,0.7432151436805725
final_20260803-135417_augmented_spots_train_e200_b10_lr0.0001_s1,?|Iron_deformed_logtif.h5|245|525|2343145,3,0.8665179411570231,0.7736201087633768,0.10858719050884247,0.9275859196980795,0.8986309170722961,0.8789653579394022,0.819530439376831
final_20260803-135417_augmented_spots_train_e200_b10_lr0.0001_s1,?|Iron_deformed_logtif.h5|172|172|667669,5,0.8640213727951049,0.7722224473953248,0.09576250314712524,0.9343985080718994,0.9072464942932129,0.8841294407844543,0.8164659738540649
final_20260803-135417_augmented_spots_train_e200_b10_lr0.0001_s1,?|Iron_deformed_logtif.h5|14|14|64651,3,0.8683419823646545,0.7757812341054281,0.09993557880322139,0.9469388127326965,0.9408483902613322,0.8842031757036845,0.8542214035987854
final_20260803-135417_augmented_spots_train_e200_b10_lr0.0001_s1,?|Ti7Al_logtif.h5|330|1312|505227,3,0.8556286295255026,0.7573719620704651,0.0824664452423652,0.9119277397791544,0.8696779410044352,0.8865811030069987,0.8581974864006042
final_20260803-135417_augmented_spots_train_e200_b10_lr0.0001_s1,?|Iron_deformed_logtif.h5|121|401|1655920,4,0.8650073558092117,0.7697207033634186,0.09108518250286579,0.9393098056316376,0.9344821125268936,0.8869611024856567,0.8249034941196441
final_20260803-135417_augmented_spots_train_e200_b10_lr0.0001_s1,?|Iron_deformed_logtif.h5|273|553|2451312,7,0.8605944429125104,0.7686849747385297,0.08438275674624103,0.9464623161724636,0.9279489857809884,0.8881058522633144,0.7695351362228393
final_20260803-135417_augmented_spots_train_e200_b10_lr0.0001_s1,?|Ti7Al_logtif.h5|479|1460|605758,3,0.8743330041567484,0.794502854347229,0.09699126084645589,0.8989076217015585,0.8851073582967123,0.8886708815892538,0.8093166351318359
final_20260803-135417_augmented_spots_train_e200_b10_lr0.0001_s1,?|Ti7Al_logtif.h5|740|1723|711979,3,0.8373125791549683,0.74741264184316,0.054458762208620705,0.8681498765945435,0.8668437004089355,0.8914269208908081,0.8549644351005554
final_20260803-135417_augmented_spots_train_e200_b10_lr0.0001_s1,?|Iron_deformed_logtif.h5|191|471|2026221,3,0.8672731717427572,0.7754719456036886,0.08380643712977569,0.9380129178365072,0.9331736167271932,0.8917333881060282,0.8272602319717407
final_20260803-135417_augmented_spots_train_e200_b10_lr0.0001_s1,?|Iron_deformed_logtif.h5|22|22|70041,3,0.8665278951327006,0.7788089116414388,0.08222201714913051,0.9650260011355082,0.9564579923947653,0.8921529650688171,0.8280833005905152
final_20260803-135417_augmented_spots_train_e200_b10_lr0.0001_s1,?|Iron_deformed_logtif.h5|55|334|1461026,3,0.8688507676124573,0.7825846274693807,0.08269766966501872,0.9656052589416504,0.9575701951980591,0.8930765390396118,0.8283680319786072
final_20260803-135417_augmented_spots_train_e200_b10_lr0.0001_s1,?|Ti7Al_logtif.h5|735|735|318417,3,0.8580263455708822,0.7781308690706888,0.0703451211253802,0.9453016122182211,0.9339163700739542,0.8938406109809875,0.8234036922454834
final_20260803-135417_augmented_spots_train_e200_b10_lr0.0001_s1,?|Iron_deformed_logtif.h5|62|342|1492694,5,0.876261854171753,0.7822980642318725,0.08708562254905701,0.9566083073616027,0.9515389919281005,0.8945881247520446,0.8627365827560425
final_20260803-135417_augmented_spots_train_e200_b10_lr0.0001_s1,?|Iron_deformed_logtif.h5|15|295|1305345,3,0.8720778624216715,0.7864545782407125,0.07587868968645732,0.9635235865910848,0.9568785230318705,0.8980996012687683,0.836639404296875
final_20260803-135417_augmented_spots_train_e200_b10_lr0.0001_s1,?|Iron_deformed_logtif.h5|273|273|1210178,4,0.8637134730815887,0.7706472873687744,0.06736394204199314,0.9697487652301788,0.9645823240280151,0.8981747627258301,0.8409421980381012
final_20260803-135417_augmented_spots_train_e200_b10_lr0.0001_s1,?|Ti7Al_logtif.h5|474|1457|604880,3,0.8630040486653646,0.7700751225153605,0.0633951152364413,0.9459657470385233,0.9424295028050741,0.8998044729232788,0.8504365921020508
final_20260803-135417_augmented_spots_train_e200_b10_lr0.0001_s1,?|Iron_deformed_logtif.h5|189|469|2025484,3,0.8779518405596415,0.7949480215708414,0.07412268221378326,0.935706635316213,0.9346347649892172,0.9019145766894022,0.8835484266281128
final_20260803-135417_augmented_spots_train_e200_b10_lr0.0001_s1,?|Iron_deformed_logtif.h5|15|15|66683,3,0.8888507684071859,0.8038138548533121,0.08497730394204457,0.9593551556269327,0.9524853428204855,0.9019367297490438,0.8706006169319153
final_20260803-135417_augmented_spots_train_e200_b10_lr0.0001_s1,?|Iron_deformed_logtif.h5|235|235|1039802,3,0.8714680870374044,0.7909861405690511,0.06534701026976109,0.8919469912846884,0.8909714420636495,0.9030605554580688,0.8285446882247924
final_20260803-135417_augmented_spots_train_e200_b10_lr0.0001_s1,?|Iron_deformed_logtif.h5|60|340|1491296,3,0.8786837259928385,0.7903342445691427,0.07134290474156539,0.9553081591924032,0.9518465201059977,0.9036704301834106,0.8667872667312622
final_20260803-135417_augmented_spots_train_e200_b10_lr0.0001_s1,?|Iron_deformed_logtif.h5|87|87|316193,3,0.907268226146698,0.8370728095372518,0.09916067247589429,0.8774345318476359,0.8740030924479166,0.9040537675221761,0.8317710280418396
final_20260803-135417_augmented_spots_train_e200_b10_lr0.0001_s1,?|Iron_deformed_logtif.h5|135|135|484462,3,0.9069986343383789,0.836324413617452,0.09764996605614822,0.8771288394927979,0.8736224969228109,0.9046743313471476,0.8319341659545898
final_20260803-135417_augmented_spots_train_e200_b10_lr0.0001_s1,?|Ti7Al_logtif.h5|125|125|38081,3,0.8763164679209391,0.8034784396489462,0.0647773922731479,0.929612934589386,0.8119926551977793,0.9057695468266805,0.8315580129623413
final_20260803-135417_augmented_spots_train_e200_b10_lr0.0001_s1,?|Iron_deformed_logtif.h5|117|397|1649342,3,0.8456241885821024,0.7651093304157257,0.0336536547789971,0.9872379899024963,0.8985052704811096,0.9059852759043375,0.8290440082550049
final_20260803-135417_augmented_spots_train_e200_b10_lr0.0001_s1,?|Iron_deformed_logtif.h5|42|322|1394565,3,0.9065743486086527,0.8322998285293579,0.09408518175284068,0.9395704666773478,0.9389976660410563,0.9062445759773254,0.8422513008117676
final_20260803-135417_augmented_spots_train_e200_b10_lr0.0001_s1,?|Ti7Al_logtif.h5|192|192|64402,3,0.8850525418917338,0.8093350330988566,0.0704019454618295,0.8426502545674642,0.8374740481376648,0.9073253075281779,0.878390908241272
final_20260803-135417_augmented_spots_train_e200_b10_lr0.0001_s1,?|Iron_deformed_logtif.h5|77|357|1542926,6,0.8664605071147283,0.8233317484458288,0.051590002762774624,0.9048894991477331,0.9024685025215149,0.907435268163681,0.8180633187294006
final_20260803-135417_augmented_spots_train_e200_b10_lr0.0001_s1,?|Iron_deformed_logtif.h5|164|164|645795,3,0.9002766410509745,0.8220150470733643,0.08284959942102432,0.957813044389089,0.9569799502690634,0.9087135394414266,0.8736435890197753
final_20260803-135417_augmented_spots_train_e200_b10_lr0.0001_s1,?|Iron_deformed_logtif.h5|19|298|1306721,6,0.88878133893013,0.8035976191361746,0.0693388885507981,0.9650203486283621,0.962573895851771,0.9097212354342142,0.8697468340396881
final_20260803-135417_augmented_spots_train_e200_b10_lr0.0001_s1,?|Iron_deformed_logtif.h5|183|463|1960285,3,0.8663627107938131,0.7674909830093384,0.04555355136593183,0.985056479771932,0.9836247563362122,0.9104045629501343,0.8951001167297363
final_20260803-135417_augmented_spots_train_e200_b10_lr0.0001_s1,?|Iron_deformed_logtif.h5|96|376|1581320,3,0.8827295700709025,0.8047316471735636,0.06129467238982519,0.97983717918396,0.9662066300710043,0.9107174674669901,0.8727701425552368
final_20260803-135417_augmented_spots_train_e200_b10_lr0.0001_s1,?|Iron_deformed_logtif.h5|56|336|1461382,5,0.9055681824684143,0.8279752492904663,0.08128639981150627,0.952496862411499,0.9516960620880127,0.9121408939361573,0.8670833468437195
final_20260803-135417_augmented_spots_train_e200_b10_lr0.0001_s1,?|Iron_deformed_logtif.h5|184|464|1988468,6,0.9067286948362986,0.8313779930273691,0.0799289761732022,0.9518404304981232,0.9514247377713522,0.913399855295817,0.8736270368099213
final_20260803-135417_augmented_spots_train_e200_b10_lr0.0001_s1,?|Iron_deformed_logtif.h5|39|319|1383099,3,0.8949384689331055,0.8125002185503641,0.0677335262298584,0.9546231627464294,0.9521735310554504,0.9136024514834086,0.882444417476654
final_20260803-135417_augmented_spots_train_e200_b10_lr0.0001_s1,?|Iron_deformed_logtif.h5|210|210|876585,5,0.8945410132408143,0.8116113185882569,0.0658074826002121,0.9655494093894958,0.9535534858703614,0.9143667578697204,0.8830739378929138
final_20260803-135417_augmented_spots_train_e200_b10_lr0.0001_s1,?|Iron_deformed_logtif.h5|198|478|2057750,4,0.8946719467639923,0.8185850530862808,0.06306784972548485,0.9733734577894211,0.9593100100755692,0.9158020615577698,0.8746134281158447
final_20260803-135417_augmented_spots_train_e200_b10_lr0.0001_s1,?|Iron_deformed_logtif.h5|188|468|2024649,4,0.9128444790840149,0.8423062264919281,0.08094508294016123,0.9465191066265106,0.9459633827209473,0.9159497022628784,0.8796081185340882
final_20260803-135417_augmented_spots_train_e200_b10_lr0.0001_s1,?|Iron_deformed_logtif.h5|246|526|2344537,5,0.9084288239479065,0.8341984510421753,0.07643850892782211,0.9615721940994263,0.9611444115638733,0.9159951567649841,0.8620548844337463
final_20260803-135417_augmented_spots_train_e200_b10_lr0.0001_s1,?|Al_big_grains_logtif.h5|3202|3202|103431,3,0.8757584492365519,0.7953974803288778,0.04346359272797903,0.9335048794746399,0.9313007195790609,0.9161474307378134,0.9097726464271545
final_20260803-135417_augmented_spots_train_e200_b10_lr0.0001_s1,?|Iron_deformed_logtif.h5|189|189|785586,6,0.890462209781011,0.8124462266763052,0.05809511989355087,0.9634093642234802,0.9603738784790039,0.9161835511525472,0.8545335531234741
final_20260803-135417_augmented_spots_train_e200_b10_lr0.0001_s1,?|Iron_deformed_logtif.h5|17|297|1306370,4,0.9119834452867508,0.8390977680683136,0.07867361232638359,0.956099271774292,0.9559085220098495,0.9166549146175385,0.8789503395557403
final_20260803-135417_augmented_spots_train_e200_b10_lr0.0001_s1,?|Iron_deformed_logtif.h5|23|23|70379,3,0.8982556859652201,0.818392276763916,0.0642436829706033,0.9751261075337728,0.9746871590614319,0.9170060157775879,0.8817590713500977
final_20260803-135417_augmented_spots_train_e200_b10_lr0.0001_s1,?|Ti7Al_logtif.h5|867|1849|749230,3,0.8887984156608582,0.8116814891497294,0.05242155368129412,0.9749099413553873,0.8878162304560343,0.9181884328524271,0.8708323955535888
final_20260803-135417_augmented_spots_train_e200_b10_lr0.0001_s1,?|Iron_deformed_logtif.h5|136|136|495861,4,0.9072440564632416,0.834034875035286,0.06795532815158367,0.967455267906189,0.9671221524477005,0.9196443408727646,0.8785070657730103
final_20260803-135417_augmented_spots_train_e200_b10_lr0.0001_s1,?|Ti7Al_logtif.h5|134|1116|428768,3,0.8781042098999023,0.8166299064954122,0.03857021157940229,0.9895861148834229,0.8491228024164835,0.9197670022646586,0.8581305742263794
final_20260803-135417_augmented_spots_train_e200_b10_lr0.0001_s1,?|Iron_deformed_logtif.h5|1|1|10546,5,0.8831209301948547,0.7985606551170349,0.04316600039601326,0.9564634442329407,0.9552177429199219,0.9199774622917175,0.8987087488174439
final_20260803-135417_augmented_spots_train_e200_b10_lr0.0001_s1,?|Ti7Al_logtif.h5|561|1541|646447,3,0.9132975141207377,0.8491230209668478,0.07302302246292432,0.8975232044855753,0.8945017258326212,0.9201372464497884,0.8786888837814331
final_20260803-135417_augmented_spots_train_e200_b10_lr0.0001_s1,?|Iron_deformed_logtif.h5|169|449|1897167,4,0.9010878354310989,0.8215107023715973,0.06076847482472658,0.9567364752292633,0.9557642936706543,0.9201596975326538,0.8993200778961181
final_20260803-135417_augmented_spots_train_e200_b10_lr0.0001_s1,?|Iron_deformed_logtif.h5|21|21|68698,5,0.9102667927742004,0.8377826571464538,0.06907181516289711,0.9729437947273254,0.9690522432327271,0.9205974817276001,0.8920608043670655
final_20260803-135417_augmented_spots_train_e200_b10_lr0.0001_s1,?|Iron_deformed_logtif.h5|250|250|1106997,4,0.8974503874778748,0.8217013329267502,0.05593899032101035,0.960852712392807,0.9605886042118073,0.9207556843757629,0.8952837765216828
final_20260803-135417_augmented_spots_train_e200_b10_lr0.0001_s1,?|Iron_deformed_logtif.h5|173|173|668050,4,0.9179160743951797,0.8512692153453827,0.07605307083576918,0.9546738415956497,0.9523671269416809,0.9209315031766891,0.8852424442768096
final_20260803-135417_augmented_spots_train_e200_b10_lr0.0001_s1,?|Iron_deformed_logtif.h5|229|229|1011112,4,0.906791090965271,0.8340688198804855,0.06449203565716743,0.9548504203557968,0.9539856016635895,0.9211495369672775,0.8884390413761138
final_20260803-135417_augmented_spots_train_e200_b10_lr0.0001_s1,?|Iron_deformed_logtif.h5|215|215|920107,3,0.903110941251119,0.8270408113797506,0.06047898282607397,0.9687623182932535,0.9679357012112936,0.9213159680366516,0.8970512509346008
final_20260803-135417_augmented_spots_train_e200_b10_lr0.0001_s1,?|Iron_deformed_logtif.h5|27|27|75554,4,0.8943478763103485,0.8134446144104004,0.04957225080579519,0.9786543548107147,0.9781222641468048,0.9223878085613251,0.9100340783596039
final_20260803-135417_augmented_spots_train_e200_b10_lr0.0001_s1,?|Iron_deformed_logtif.h5|0|0|1623,3,0.928779661655426,0.8674980799357096,0.08319693307081859,0.920161247253418,0.919784148534139,0.9227913816769918,0.9188204526901245
final_20260803-135417_augmented_spots_train_e200_b10_lr0.0001_s1,?|Ti7Al_logtif.h5|753|1735|715115,3,0.9276423851648966,0.8668829997380575,0.08165452877680461,0.9377804597218832,0.9362145066261292,0.9229939381281534,0.9215476512908936
final_20260803-135417_augmented_spots_train_e200_b10_lr0.0001_s1,?|Iron_deformed_logtif.h5|44|44|162956,4,0.9134371429681778,0.8424475491046906,0.06634985748678446,0.9656830728054047,0.9650757759809494,0.9235436469316483,0.8794204771518708
final_20260803-135417_augmented_spots_train_e200_b10_lr0.0001_s1,?|Iron_deformed_logtif.h5|149|149|573179,5,0.8988463282585144,0.8225617408752441,0.04974535219371319,0.9784206509590149,0.9736943125724793,0.9245504975318909,0.8827815175056457
final_20260803-135417_augmented_spots_train_e200_b10_lr0.0001_s1,?|Ti7Al_logtif.h5|878|878|356416,3,0.9033001661300659,0.8312964042027792,0.05101922154426575,0.9285250504811605,0.9232019980748495,0.9261404673258463,0.8945650219917297
final_20260803-135417_augmented_spots_train_e200_b10_lr0.0001_s1,?|Iron_deformed_logtif.h5|259|539|2410871,4,0.9127525091171265,0.8431544005870819,0.05989092355594039,0.9775528907775879,0.9743459969758987,0.926430806517601,0.8825558543205261
final_20260803-135417_augmented_spots_train_e200_b10_lr0.0001_s1,?|Iron_deformed_logtif.h5|139|420|1763892,4,0.9139368534088135,0.8487477898597717,0.06008817907422781,0.9707017838954926,0.9700329601764679,0.9269243329763412,0.8848636627197266
final_20260803-135417_augmented_spots_train_e200_b10_lr0.0001_s1,?|Iron_deformed_logtif.h5|217|497|2202296,4,0.8964331150054932,0.8193462193012238,0.04214352276176214,0.9730754941701889,0.9717344343662262,0.9271447658538818,0.9092837333679199
final_20260803-135417_augmented_spots_train_e200_b10_lr0.0001_s1,?|Iron_deformed_logtif.h5|143|143|525365,3,0.9301019310951233,0.870775063832601,0.07520425071318944,0.9620053569475809,0.9618780414263407,0.9274488290150961,0.9082841873168945
final_20260803-135417_augmented_spots_train_e200_b10_lr0.0001_s1,?|Iron_deformed_logtif.h5|81|81|313835,4,0.9106335192918777,0.8434157222509384,0.05556655582040548,0.9681861400604248,0.9678897559642792,0.9275334924459457,0.9090340375900269
final_20260803-135417_augmented_spots_train_e200_b10_lr0.0001_s1,?|Iron_deformed_logtif.h5|278|558|2479788,3,0.9169357419013977,0.8513471086819967,0.06175748879710833,0.9686654011408488,0.9679072896639506,0.9275891184806824,0.9033183336257935
final_20260803-135417_augmented_spots_train_e200_b10_lr0.0001_s1,?|Iron_deformed_logtif.h5|13|293|1302579,4,0.9068516790866852,0.8313391506671906,0.051621356047689915,0.981854572892189,0.9810180962085724,0.927615150809288,0.9085223495960235
final_20260803-135417_augmented_spots_train_e200_b10_lr0.0001_s1,?|Iron_deformed_logtif.h5|84|363|1554874,4,0.907847449183464,0.832224890589714,0.05152543168514967,0.9845091104507446,0.9844561219215393,0.928161010146141,0.9134889602661133
final_20260803-135417_augmented_spots_train_e200_b10_lr0.0001_s1,?|Ti7Al_logtif.h5|380|1363|531358,3,0.9125795761744181,0.8439868688583374,0.05591796152293682,0.9505135615666708,0.9446150660514832,0.9283307989438375,0.8902225255966186
final_20260803-135417_augmented_spots_train_e200_b10_lr0.0001_s1,?|Ti7Al_logtif.h5|317|317|115086,3,0.9181853532791138,0.8571993311246237,0.060888549933830895,0.9316456913948059,0.9277141292889913,0.9286483923594157,0.9055584907531739
final_20260803-135417_augmented_spots_train_e200_b10_lr0.0001_s1,?|Iron_deformed_logtif.h5|37|317|1382409,4,0.9157619029283524,0.8543186783790588,0.05809355806559324,0.9845336377620697,0.9832653701305389,0.9288341701030731,0.8724103450775147
final_20260803-135417_augmented_spots_train_e200_b10_lr0.0001_s1,?|Iron_deformed_logtif.h5|235|515|2278776,3,0.9257152080535889,0.8631746768951416,0.06759141013026237,0.9709008932113647,0.9707634846369425,0.9290618896484375,0.9122765064239502
final_20260803-135417_augmented_spots_train_e200_b10_lr0.0001_s1,?|Iron_deformed_logtif.h5|279|279|1239202,4,0.9118541926145554,0.8428222239017487,0.05370391486212611,0.9690778702497482,0.9687005579471588,0.9290751218795776,0.8799453377723694
final_20260803-135417_augmented_spots_train_e200_b10_lr0.0001_s1,?|Iron_logtif.h5|3842|11538|1017745,3,0.9217598040898641,0.8597608407338461,0.06332255527377129,0.9751478234926859,0.9735008080800375,0.929218610127767,0.8797079086303711
final_20260803-135417_augmented_spots_train_e200_b10_lr0.0001_s1,?|Iron_deformed_logtif.h5|95|374|1574041,5,0.930400800704956,0.8730561137199402,0.07172988653182984,0.9567437767982483,0.9561804413795472,0.9293354749679565,0.9002879023551941
final_20260803-135417_augmented_spots_train_e200_b10_lr0.0001_s1,?|Iron_deformed_logtif.h5|16|296|1305672,3,0.9213219483693441,0.8543099562327067,0.06258490433295567,0.9741873343785604,0.9738640586535136,0.9293685356775919,0.9210272669792176
final_20260803-135417_augmented_spots_train_e200_b10_lr0.0001_s1,?|Iron_deformed_logtif.h5|120|400|1655560,4,0.9110304117202759,0.8393497467041016,0.05181794986128807,0.9797406643629074,0.9790477603673935,0.9296062290668488,0.9152880489826203
final_20260803-135417_augmented_spots_train_e200_b10_lr0.0001_s1,?|Iron_deformed_logtif.h5|33|313|1349905,6,0.9153149525324503,0.8469352324803671,0.05587111165126165,0.9732588132222494,0.9708778858184814,0.9297219216823578,0.890948474407196
final_20260803-135417_augmented_spots_train_e200_b10_lr0.0001_s1,?|Iron_deformed_logtif.h5|124|404|1669194,3,0.9362701376279196,0.8817775448163351,0.07479334870974223,0.9584760069847107,0.9583238959312439,0.9307384093602499,0.9071959137916565
final_20260803-135417_augmented_spots_train_e200_b10_lr0.0001_s1,?|Al_deformed_LoG_logtif.h5|7|41|510550,15,0.9186126669247945,0.8502136747042338,0.05509713577727477,0.9833420475323995,0.9830657800038656,0.9317577679951986,0.9084935188293457
final_20260803-135417_augmented_spots_train_e200_b10_lr0.0001_s1,?|Al_deformed_LoG_logtif.h5|6|40|510321,24,0.9190223465363184,0.8521009261409441,0.05535334666880468,0.9844342942039171,0.984047976632913,0.9318344965577126,0.8994596242904663
final_20260803-135417_augmented_spots_train_e200_b10_lr0.0001_s1,?|Ti7Al_logtif.h5|331|331|117248,3,0.9165997505187988,0.8519551356633505,0.0522781057904164,0.9325394829114279,0.9299267927805582,0.9321608344713846,0.9067412853240967
final_20260803-135417_augmented_spots_train_e200_b10_lr0.0001_s1,?|Iron_deformed_logtif.h5|98|378|1584909,3,0.9088289737701416,0.8342489798863729,0.04372546200950941,0.9917873740196228,0.9917505383491516,0.9325517614682516,0.9231628894805908
final_20260803-135417_augmented_spots_train_e200_b10_lr0.0001_s1,?|Ti7Al_logtif.h5|737|737|318628,3,0.920629640420278,0.857125441233317,0.05532851815223694,0.9673603773117065,0.9657319982846578,0.9326505661010742,0.9036801815032959
final_20260803-135417_augmented_spots_train_e200_b10_lr0.0001_s1,?|Iron_deformed_logtif.h5|232|232|1020810,3,0.9196339845657349,0.8551497260729471,0.054091762751340866,0.9864257574081421,0.9861453374226888,0.932771106561025,0.9030587792396545
final_20260803-135417_augmented_spots_train_e200_b10_lr0.0001_s1,?|Iron_deformed_logtif.h5|67|347|1504401,4,0.9226278066635132,0.8608096688985825,0.05667483899742365,0.980177491903305,0.9798667430877686,0.932976484298706,0.906682813167572
final_20260803-135417_augmented_spots_train_e200_b10_lr0.0001_s1,?|Iron_deformed_logtif.h5|275|555|2456737,5,0.9173554182052612,0.84994558095932,0.05127069242298603,0.9874241828918457,0.9872953176498414,0.9330423474311829,0.9018220782279969
final_20260803-135417_augmented_spots_train_e200_b10_lr0.0001_s1,?|Iron_deformed_logtif.h5|153|433|1857995,4,0.919295534491539,0.8509342521429062,0.05295747239142656,0.988573431968689,0.9881609976291656,0.933169037103653,0.9307110905647278
final_20260803-135417_augmented_spots_train_e200_b10_lr0.0001_s1,?|Iron_deformed_logtif.h5|250|529|2345856,3,0.943995475769043,0.8944418032964071,0.07697952787081401,0.9497530062993368,0.9491781989733378,0.9335079590479533,0.9182162046432495
final_20260803-135417_augmented_spots_train_e200_b10_lr0.0001_s1,?|Iron_deformed_logtif.h5|278|278|1238536,5,0.9204876899719239,0.8559090495109558,0.05313588753342628,0.9643159747123718,0.963743245601654,0.9336758971214294,0.9004347801208497
final_20260803-135417_augmented_spots_train_e200_b10_lr0.0001_s1,?|Iron_deformed_logtif.h5|136|416|1735423,3,0.9338847001393636,0.8764413992563883,0.06622706105311711,0.9798013766606649,0.9784739216168722,0.9338288505872091,0.9328831434249878
final_20260803-135417_augmented_spots_train_e200_b10_lr0.0001_s1,?|Iron_deformed_logtif.h5|88|368|1562446,4,0.9177306741476059,0.8494812250137329,0.0497890654951334,0.9861310869455338,0.9856363534927368,0.9339707940816879,0.928769314289093
final_20260803-135417_augmented_spots_train_e200_b10_lr0.0001_s1,?|Iron_deformed_logtif.h5|103|383|1609828,5,0.9239019513130188,0.8598192930221558,0.05551711916923523,0.9883650779724121,0.988047182559967,0.934192419052124,0.9148707509040832
final_20260803-135417_augmented_spots_train_e200_b10_lr0.0001_s1,?|Ti7Al_logtif.h5|661|1643|680280,3,0.9192888736724854,0.8546474774678549,0.05084608184794585,0.9393260478973389,0.9271834890047709,0.9342213869094849,0.9036714553833007
final_20260803-135417_augmented_spots_train_e200_b10_lr0.0001_s1,?|Iron_deformed_logtif.h5|93|93|333088,3,0.9179114898045858,0.8537966012954712,0.04874524660408497,0.9854845205942789,0.9852994084358215,0.9345831274986267,0.9243025183677673
final_20260803-135417_augmented_spots_train_e200_b10_lr0.0001_s1,?|Iron_deformed_logtif.h5|102|102|368709,6,0.9173290828863779,0.8526803255081177,0.04755445880194505,0.9689895411332449,0.9685612420241038,0.9348873198032379,0.8981822729110718
final_20260803-135417_augmented_spots_train_e200_b10_lr0.0001_s1,?|Al_deformed_LoG_logtif.h5|6|6|54274,27,0.9173075402224505,0.8486688843479863,0.04730466408310113,0.99019072232423,0.9890512757831149,0.9350014373108193,0.9177536368370056
final_20260803-135417_augmented_spots_train_e200_b10_lr0.0001_s1,?|Al_deformed_LoG_logtif.h5|22|22|390231,24,0.9184229249755541,0.8553788190086683,0.04831243345203499,0.9870587065815926,0.9780755167206129,0.9350552459557852,0.9285585343837738
final_20260803-135417_augmented_spots_train_e200_b10_lr0.0001_s1,?|Ti7Al_logtif.h5|163|1144|441312,3,0.9184151887893677,0.8589403629302979,0.0480026031533877,0.9836453398068746,0.9365679423014323,0.9352062940597534,0.9022852182388306
final_20260803-135417_augmented_spots_train_e200_b10_lr0.0001_s1,?|Ti7Al_logtif.h5|230|1213|471619,3,0.9232458472251892,0.8609512249628702,0.05236904229968786,0.9673215945561727,0.9656188686688741,0.9354383945465088,0.908195161819458
final_20260803-135417_augmented_spots_train_e200_b10_lr0.0001_s1,?|Al_deformed_LoG_logtif.h5|8|8|54671,22,0.9241305616768923,0.8601378988135945,0.05294935777783394,0.9826068796894767,0.98216313123703,0.935590613972057,0.9058191895484924
final_20260803-135417_augmented_spots_train_e200_b10_lr0.0001_s1,?|Ti7Al_logtif.h5|725|1707|707156,3,0.9004977941513062,0.83488396803538,0.02902991386751334,0.9796470602353414,0.9788066347440084,0.9357339342435201,0.9213856935501099
final_20260803-135417_augmented_spots_train_e200_b10_lr0.0001_s1,?|Ti7Al_logtif.h5|291|291|107749,5,0.9195834398269653,0.856278944015503,0.04785097762942314,0.9268811106681824,0.9208733558654785,0.9358662366867065,0.8954702615737915
final_20260803-135417_augmented_spots_train_e200_b10_lr0.0001_s1,?|Ti7Al_logtif.h5|903|1882|752818,3,0.920675794283549,0.8604760766029358,0.04850696834425131,0.9367792805035909,0.9362208247184753,0.9360843896865845,0.8922069072723389
final_20260803-135417_augmented_spots_train_e200_b10_lr0.0001_s1,?|Iron_deformed_logtif.h5|108|108|396384,3,0.9204375743865967,0.8598008950551351,0.04826410114765167,0.9771928787231445,0.9766151507695516,0.9360867341359457,0.9061580300331116
final_20260803-135417_augmented_spots_train_e200_b10_lr0.0001_s1,?|Iron_deformed_logtif.h5|18|299|1307069,4,0.9242106825113297,0.8608520179986954,0.05140622239559889,0.9820661842823029,0.9815711230039597,0.9364022314548492,0.9176961183547974
final_20260803-135417_augmented_spots_train_e200_b10_lr0.0001_s1,?|Iron_deformed_logtif.h5|181|461|1951519,3,0.9247369567553202,0.860329270362854,0.05133779471119245,0.9886155327161154,0.9878493547439575,0.9366995692253113,0.9266443967819213
final_20260803-135417_augmented_spots_train_e200_b10_lr0.0001_s1,?|Iron_deformed_logtif.h5|188|188|784896,5,0.9149838566780091,0.8450970888137818,0.041555801033973695,0.9876883745193481,0.9872962474822998,0.9367140412330628,0.9202840924263
final_20260803-135417_augmented_spots_train_e200_b10_lr0.0001_s1,?|Iron_deformed_logtif.h5|102|382|1609497,3,0.9316736459732056,0.873174766699473,0.05770497769117355,0.9827978610992432,0.9817773699760437,0.9369843602180481,0.9154277801513672
final_20260803-135417_augmented_spots_train_e200_b10_lr0.0001_s1,?|Iron_deformed_logtif.h5|249|527|2345175,4,0.9234999716281891,0.858999028801918,0.049255345948040485,0.9791695922613144,0.9786238670349121,0.9371223151683807,0.9236250996589661
final_20260803-135417_augmented_spots_train_e200_b10_lr0.0001_s1,?|Iron_deformed_logtif.h5|230|510|2253954,4,0.9052322208881378,0.8353578001260757,0.030913319438695908,0.9531475454568863,0.9470974504947662,0.937159463763237,0.923691326379776
final_20260803-135417_augmented_spots_train_e200_b10_lr0.0001_s1,?|Iron_deformed_logtif.h5|70|351|1516103,3,0.9224023620287577,0.8568520744641622,0.04789849246541659,0.9821224411328634,0.980578621228536,0.9372519254684448,0.9338909745216369
final_20260803-135417_augmented_spots_train_e200_b10_lr0.0001_s1,?|Iron_deformed_logtif.h5|243|243|1093956,4,0.9236963540315628,0.8655633926391602,0.04833620600402355,0.9594995379447937,0.958034873008728,0.9376800656318665,0.8962664723396301
final_20260803-135417_augmented_spots_train_e200_b10_lr0.0001_s1,?|Iron_deformed_logtif.h5|46|46|183492,5,0.9287268280982971,0.8711583018302917,0.053078855574131015,0.9690503716468811,0.9667625308036805,0.9378239631652832,0.9082572102546692
final_20260803-135417_augmented_spots_train_e200_b10_lr0.0001_s1,?|Iron_deformed_logtif.h5|13|13|63607,3,0.9285575151443481,0.8685301542282104,0.0525775874654452,0.9840548435846964,0.9838886062304179,0.9379899700482687,0.9256734371185302
final_20260803-135417_augmented_spots_train_e200_b10_lr0.0001_s1,?|Iron_deformed_logtif.h5|210|490|2115695,3,0.9265619119008383,0.8633725245793661,0.050263673067092896,0.9848127563794454,0.9841129382451376,0.938149114449819,0.9261660695075988
final_20260803-135417_augmented_spots_train_e200_b10_lr0.0001_s1,?|Iron_deformed_logtif.h5|98|98|344511,4,0.9237411767244339,0.8587803244590759,0.046973580960184336,0.9934635162353516,0.9934418946504593,0.9383838027715683,0.9328428566455841
final_20260803-135417_augmented_spots_train_e200_b10_lr0.0001_s1,?|Iron_deformed_logtif.h5|111|111|397455,4,0.9278789162635803,0.8697329759597778,0.05063851596787572,0.9587937742471695,0.9581741988658905,0.9386201947927475,0.9011320352554322
final_20260803-135417_augmented_spots_train_e200_b10_lr0.0001_s1,?|Iron_deformed_logtif.h5|255|535|2371626,5,0.9188280582427979,0.851769232749939,0.041137656196951866,0.9853642463684082,0.9847533464431762,0.9388452053070069,0.9239820003509521
final_20260803-135417_augmented_spots_train_e200_b10_lr0.0001_s1,?|Iron_deformed_logtif.h5|166|166|647236,5,0.9235782623291016,0.8597323179244996,0.04559868648648262,0.9852295398712159,0.9841134190559387,0.938989782333374,0.9200069308280945
final_20260803-135417_augmented_spots_train_e200_b10_lr0.0001_s1,?|Al_deformed_LoG_logtif.h5|27|61|894788,23,0.9302038757697396,0.8704341131707897,0.05151767858668514,0.9861495702163033,0.9859959016675535,0.9393430948257446,0.8982621908187867
final_20260803-135417_augmented_spots_train_e200_b10_lr0.0001_s1,?|Ti7Al_logtif.h5|278|1260|494692,3,0.9133951465288798,0.8490338325500488,0.0347074419260025,0.9559129675229391,0.9551619092623392,0.9393438498179117,0.9226953983306885
final_20260803-135417_augmented_spots_train_e200_b10_lr0.0001_s1,?|Iron_deformed_logtif.h5|86|367|1556377,5,0.9332911968231201,0.8780545234680176,0.054392343014478685,0.977369487285614,0.977023434638977,0.9394494652748108,0.9129244565963746
final_20260803-135417_augmented_spots_train_e200_b10_lr0.0001_s1,?|Iron_deformed_logtif.h5|121|121|413884,3,0.9307984113693237,0.8716833194096884,0.05182612438996633,0.9666708509127299,0.9661444822947184,0.9394861459732056,0.9221135973930359
final_20260803-135417_augmented_spots_train_e200_b10_lr0.0001_s1,?|Iron_deformed_logtif.h5|191|191|786702,8,0.9329979419708252,0.8749546408653259,0.05371873639523983,0.9820118919014931,0.9811577498912811,0.9396395981311798,0.9262466669082642
final_20260803-135417_augmented_spots_train_e200_b10_lr0.0001_s1,?|Al_deformed_LoG_logtif.h5|18|52|779675,19,0.9306321269587466,0.8708925811867965,0.05090025067329407,0.9821157298590008,0.9816378668734902,0.9398659436326278,0.9195386409759522
final_20260803-135417_augmented_spots_train_e200_b10_lr0.0001_s1,?|Iron_deformed_logtif.h5|5|5|17872,5,0.9219447612762451,0.856870436668396,0.042088369652628896,0.9918102145195007,0.9918636679649353,0.9399281740188599,0.9246675133705139
final_20260803-135417_augmented_spots_train_e200_b10_lr0.0001_s1,?|Al_deformed_LoG_logtif.h5|29|63|895675,13,0.9272216420907241,0.8651804419664236,0.047232588609823815,0.9899210654772245,0.9897072361065791,0.9399945185734675,0.9249834537506103
final_20260803-135417_augmented_spots_train_e200_b10_lr0.0001_s1,?|Ti7Al_logtif.h5|120|1102|427246,3,0.9212229450543722,0.8574055830637614,0.040934378281235695,0.9862800439198812,0.9816193580627441,0.9401443004608154,0.912723696231842
final_20260803-135417_augmented_spots_train_e200_b10_lr0.0001_s1,?|Iron_deformed_logtif.h5|22|302|1309528,4,0.9242619127035141,0.8632348775863647,0.043957400135695934,0.9859836399555206,0.9821731597185135,0.9401522427797318,0.9285009562969208
final_20260803-135417_augmented_spots_train_e200_b10_lr0.0001_s1,?|Ti7Al_logtif.h5|431|1413|574457,3,0.9389423330624899,0.8916434645652771,0.0579039603471756,0.9120037953058878,0.9116033713022867,0.9405191739400228,0.9118161797523499
final_20260803-135417_augmented_spots_train_e200_b10_lr0.0001_s1,?|Iron_deformed_logtif.h5|272|272|1208818,6,0.9214033285776774,0.8546501497427622,0.04020235035568476,0.9885006248950958,0.9884955485661825,0.9406004945437113,0.9300662875175476
final_20260803-135417_augmented_spots_train_e200_b10_lr0.0001_s1,?|Iron_deformed_logtif.h5|21|300|1307410,3,0.934937596321106,0.8786222139994303,0.05277008408059677,0.9645198980967203,0.9631563226381937,0.9410837292671204,0.9112135648727417
final_20260803-135417_augmented_spots_train_e200_b10_lr0.0001_s1,?|Al_deformed_LoG_logtif.h5|20|54|805566,20,0.9319884538650512,0.8732031136751175,0.049748335313051936,0.9845420718193054,0.9843847990036011,0.9411200612783432,0.9299038052558899
final_20260803-135417_augmented_spots_train_e200_b10_lr0.0001_s1,?|Iron_deformed_logtif.h5|129|409|1686682,3,0.9249688585599264,0.8628633419672648,0.04263918846845627,0.9900808731714884,0.9897122780481974,0.9411648313204447,0.925070297718048
final_20260803-135417_augmented_spots_train_e200_b10_lr0.0001_s1,?|Al_deformed_LoG_logtif.h5|17|51|763114,23,0.9341214921163477,0.8772625715836234,0.05175993794008442,0.9841806007468182,0.9833842878756316,0.9411807734033336,0.9224016189575195
final_20260803-135417_augmented_spots_train_e200_b10_lr0.0001_s1,?|Iron_deformed_logtif.h5|224|224|1002176,3,0.9426431457201639,0.8918391068776449,0.060278505086898804,0.978771448135376,0.978065013885498,0.9411823153495789,0.9354070663452149
final_20260803-135417_augmented_spots_train_e200_b10_lr0.0001_s1,?|Iron_deformed_logtif.h5|128|408|1686356,3,0.9402644236882528,0.888038714726766,0.05785593017935753,0.9822390675544739,0.9813733100891113,0.9412042697270712,0.9275244474411011
final_20260803-135417_augmented_spots_train_e200_b10_lr0.0001_s1,?|Al_deformed_LoG_logtif.h5|8|42|510785,24,0.9263349995017052,0.8645369485020638,0.04388580999026696,0.9888583272695541,0.98862374573946,0.9412245899438858,0.9208157181739807
final_20260803-135417_augmented_spots_train_e200_b10_lr0.0001_s1,?|Iron_deformed_logtif.h5|93|373|1573666,4,0.914477989077568,0.8488465994596481,0.031972954981029034,0.9865560531616211,0.9817722737789154,0.9412525296211243,0.9088076889514923
final_20260803-135417_augmented_spots_train_e200_b10_lr0.0001_s1,?|Iron_deformed_logtif.h5|207|487|2110068,4,0.9272876381874084,0.8666827380657196,0.04468403663486242,0.9889725893735886,0.9883626103401184,0.9413017928600311,0.9239672780036926
final_20260803-135417_augmented_spots_train_e200_b10_lr0.0001_s1,?|Iron_deformed_logtif.h5|73|73|294002,3,0.9197392066319784,0.854247530301412,0.03709128747383753,0.9723438024520874,0.9722386995951334,0.9413239359855652,0.9257141947746277
final_20260803-135417_augmented_spots_train_e200_b10_lr0.0001_s1,?|Iron_deformed_logtif.h5|59|59|249552,4,0.9381211549043655,0.8844640552997589,0.055343287996947765,0.9796263426542282,0.9794753789901733,0.9413889348506927,0.9304974794387817
final_20260803-135417_augmented_spots_train_e200_b10_lr0.0001_s1,?|Iron_deformed_logtif.h5|81|362|1554017,4,0.923814669251442,0.861666664481163,0.04099094029515982,0.988102599978447,0.987964317202568,0.9414118528366089,0.930686992406845
final_20260803-135417_augmented_spots_train_e200_b10_lr0.0001_s1,?|Al_deformed_LoG_logtif.h5|30|30|444908,14,0.9321825461728233,0.8735901159899575,0.04906321143997567,0.9889849041189466,0.9885795371873038,0.9415596723556519,0.9226922512054443
final_20260803-135417_augmented_spots_train_e200_b10_lr0.0001_s1,?|Iron_deformed_logtif.h5|163|443|1881181,3,0.926702876885732,0.8648791710535685,0.04349014535546303,0.9895541866620382,0.9892368912696838,0.941606362660726,0.9282273173332214
final_20260803-135417_augmented_spots_train_e200_b10_lr0.0001_s1,?|Al_deformed_LoG_logtif.h5|22|56|838484,30,0.9305372854073842,0.8714463373025259,0.046863353066146377,0.988904211918513,0.9885456999142964,0.9418369710445404,0.9198168992996216
final_20260803-135417_augmented_spots_train_e200_b10_lr0.0001_s1,?|Ti7Al_logtif.h5|587|1569|653866,3,0.9340680837631226,0.8847122391064962,0.0503852516412735,0.9535006880760193,0.9533517559369405,0.9418414036432902,0.9133922576904296
final_20260803-135417_augmented_spots_train_e200_b10_lr0.0001_s1,?|Iron_deformed_logtif.h5|50|50|192409,3,0.934959888458252,0.8796960314114889,0.05117718502879143,0.9861224095026652,0.985807458559672,0.9418913523356119,0.9279574871063232
final_20260803-135417_augmented_spots_train_e200_b10_lr0.0001_s1,?|Iron_deformed_logtif.h5|192|472|2026576,3,0.9309077461560568,0.8738635381062826,0.04633717735608419,0.9803756475448608,0.9797023336092631,0.9422852794329325,0.9253390550613403
final_20260803-135417_augmented_spots_train_e200_b10_lr0.0001_s1,?|Iron_deformed_logtif.h5|274|554|2452789,4,0.9345328509807587,0.8780384510755539,0.049384244717657566,0.9780473560094833,0.9716914892196655,0.9425743073225021,0.9134321212768555
final_20260803-135417_augmented_spots_train_e200_b10_lr0.0001_s1,?|Al_deformed_LoG_logtif.h5|19|19|353769,17,0.9347823367399328,0.8782011270523071,0.04935249467106426,0.9852571031626534,0.9851529352805194,0.9427149190622217,0.925554096698761
final_20260803-135417_augmented_spots_train_e200_b10_lr0.0001_s1,?|Ti7Al_logtif.h5|615|615|277544,3,0.9015852610270182,0.8384828170140585,0.01593293622136116,0.9872394402821859,0.9398287336031595,0.9428261717160543,0.9097970962524414
final_20260803-135417_augmented_spots_train_e200_b10_lr0.0001_s1,?|Al_deformed_LoG_logtif.h5|32|64|895895,23,0.9347403801005819,0.8838485168374103,0.04905469262081644,0.9859967283580614,0.9778225447820581,0.9428428489228954,0.9373368859291077
final_20260803-135417_augmented_spots_train_e200_b10_lr0.0001_s1,?|Iron_deformed_logtif.h5|152|152|607331,6,0.9257625937461853,0.8673496246337891,0.0400704067821304,0.9794104297955831,0.9788559973239899,0.9428461094697317,0.9089296460151672
final_20260803-135417_augmented_spots_train_e200_b10_lr0.0001_s1,?|Iron_deformed_logtif.h5|127|407|1676778,4,0.9263649731874466,0.8637698888778687,0.040631603449583054,0.9937233626842499,0.9937140941619873,0.9428666979074478,0.9342508018016815
final_20260803-135417_augmented_spots_train_e200_b10_lr0.0001_s1,?|Ti7Al_logtif.h5|868|868|355427,3,0.929715077082316,0.8745010097821554,0.04374358678857485,0.9796342055002848,0.9793809254964193,0.9429857730865479,0.9273282051086426
final_20260803-135417_augmented_spots_train_e200_b10_lr0.0001_s1,?|Iron_deformed_logtif.h5|80|360|1553237,3,0.9363720218340555,0.8832436601320902,0.05030196408430735,0.985224703947703,0.9783379832903544,0.9430350661277771,0.924338412284851
final_20260803-135417_augmented_spots_train_e200_b10_lr0.0001_s1,?|Iron_deformed_logtif.h5|263|263|1188628,3,0.92763884862264,0.8675987521807352,0.040985165163874626,0.9867625037829081,0.9866326649983724,0.9433268706003824,0.9319638252258301
final_20260803-135417_augmented_spots_train_e200_b10_lr0.0001_s1,?|Al_deformed_LoG_logtif.h5|29|29|444632,28,0.931582184774535,0.8729267716407776,0.044667204309787066,0.9890900190387454,0.9890434805835996,0.9434574863740376,0.9190912842750549
final_20260803-135417_augmented_spots_train_e200_b10_lr0.0001_s1,?|Iron_deformed_logtif.h5|137|137|518561,5,0.9255295515060424,0.861735713481903,0.038147686421871184,0.9828149318695069,0.9825344204902648,0.9436909437179566,0.9310672283172607
final_20260803-135417_augmented_spots_train_e200_b10_lr0.0001_s1,?|Iron_deformed_logtif.h5|270|550|2449837,5,0.9416492462158204,0.8912159085273743,0.05412713885307312,0.9666764736175537,0.9664494872093201,0.9437610387802124,0.9171988487243652
final_20260803-135417_augmented_spots_train_e200_b10_lr0.0001_s1,?|Iron_deformed_logtif.h5|190|190|785959,3,0.9360336661338806,0.8816906611124674,0.048413547997673355,0.9856021006902059,0.9853886763254801,0.9438100655873617,0.9253697633743286
final_20260803-135417_augmented_spots_train_e200_b10_lr0.0001_s1,?|Ti7Al_logtif.h5|1|983|386483,3,0.9175445238749186,0.8609515229860941,0.029667644451061886,0.9425018628438314,0.9407371282577515,0.9439384341239929,0.9189327239990235
final_20260803-135417_augmented_spots_train_e200_b10_lr0.0001_s1,?|Iron_deformed_logtif.h5|127|127|436075,9,0.9295610984166464,0.8699928257200453,0.041565514687034816,0.9928045802646213,0.9926100174585978,0.9439977871047126,0.9281615972518921
final_20260803-135417_augmented_spots_train_e200_b10_lr0.0001_s1,?|Iron_deformed_logtif.h5|215|495|2158392,3,0.9349406361579895,0.8783540725708008,0.04683036978046099,0.989508310953776,0.9894167979558309,0.9440551201502482,0.9328184962272644
final_20260803-135417_augmented_spots_train_e200_b10_lr0.0001_s1,?|Iron_deformed_logtif.h5|252|532|2351102,3,0.9327854514122009,0.8751256465911865,0.04433908872306347,0.9841120839118958,0.9839738210042318,0.944223165512085,0.9260364770889282
final_20260803-135417_augmented_spots_train_e200_b10_lr0.0001_s1,?|Al_deformed_LoG_logtif.h5|7|7|54476,19,0.9284617806735792,0.8674997028551603,0.03990636579692364,0.9926436888544183,0.9925311239142167,0.9442777006249679,0.9290992259979248
final_20260803-135417_augmented_spots_train_e200_b10_lr0.0001_s1,?|Iron_deformed_logtif.h5|92|372|1572842,4,0.93628990650177,0.8820867091417313,0.04709249269217253,0.991079181432724,0.9909137040376663,0.9445987045764923,0.9263117671012878
final_20260803-135417_augmented_spots_train_e200_b10_lr0.0001_s1,?|Ti7Al_logtif.h5|306|1288|501063,4,0.9260810762643814,0.8738728761672974,0.03671871451660991,0.9815126955509186,0.9748812019824982,0.9446811825037003,0.9117848157882691
final_20260803-135417_augmented_spots_train_e200_b10_lr0.0001_s1,?|Iron_deformed_logtif.h5|176|176|671863,7,0.9372913581984383,0.8828608904566083,0.047885761463216374,0.9876793367522103,0.986947911126273,0.9447028126035418,0.9232907891273499
final_20260803-135417_augmented_spots_train_e200_b10_lr0.0001_s1,?|Al_deformed_LoG_logtif.h5|5|5|30687,25,0.9337934517860412,0.8764486479759216,0.043663063794374464,0.9910623764991761,0.9907247948646546,0.9450652003288269,0.9267125725746155
final_20260803-135417_augmented_spots_train_e200_b10_lr0.0001_s1,?|Al_deformed_LoG_logtif.h5|5|39|481387,20,0.9288270056247712,0.8679632186889649,0.03807763876393437,0.99425567984581,0.9941420137882233,0.9453746855258942,0.9319336175918579
final_20260803-135417_augmented_spots_train_e200_b10_lr0.0001_s1,?|Iron_deformed_logtif.h5|159|159|624558,4,0.931454673409462,0.8729217648506165,0.04055721964687109,0.9931317120790482,0.9930839687585831,0.945448711514473,0.9322419762611389
final_20260803-135417_augmented_spots_train_e200_b10_lr0.0001_s1,?|Iron_deformed_logtif.h5|129|129|446107,6,0.9431123634179434,0.894268661737442,0.05190059853096803,0.9748113453388214,0.9741815527280172,0.9456058740615845,0.9296249151229858
final_20260803-135417_augmented_spots_train_e200_b10_lr0.0001_s1,?|Iron_deformed_logtif.h5|197|197|812567,6,0.9313276807467142,0.8734866480032603,0.03978274421145519,0.9888323346773783,0.9887410302956899,0.9457724591096243,0.9315842092037201
final_20260803-135417_augmented_spots_train_e200_b10_lr0.0001_s1,?|Al_deformed_LoG_logtif.h5|30|65|895940,22,0.9313568012280897,0.8723130876367743,0.03974105409261855,0.9918501295826652,0.9917070025747473,0.9458078714934263,0.9304499328136444
final_20260803-135417_augmented_spots_train_e200_b10_lr0.0001_s1,?|Iron_deformed_logtif.h5|265|545|2432134,4,0.9281560927629471,0.8688815534114838,0.0364166209474206,0.981108769774437,0.9810380786657333,0.9458697438240051,0.9341827094554901
final_20260803-135417_augmented_spots_train_e200_b10_lr0.0001_s1,?|Iron_deformed_logtif.h5|58|58|242737,3,0.9303457140922546,0.8705669045448303,0.038290309409300484,0.989228626092275,0.9887618819872538,0.9460276961326599,0.9353827357292175
final_20260803-135417_augmented_spots_train_e200_b10_lr0.0001_s1,?|Iron_deformed_logtif.h5|100|100|360369,4,0.9437222927808762,0.8957795053720474,0.05148804560303688,0.9873516112565994,0.9870787560939789,0.9461171329021454,0.9382444560527802
final_20260803-135417_augmented_spots_train_e200_b10_lr0.0001_s1,?|Al_deformed_LoG_logtif.h5|4|4|23047,17,0.9407709030544057,0.8902841806411743,0.048406505299841654,0.982274756712072,0.9794350897564608,0.9461821843596065,0.8997005462646485
final_20260803-135417_augmented_spots_train_e200_b10_lr0.0001_s1,?|Iron_deformed_logtif.h5|17|17|67353,5,0.9328320622444153,0.8747564315795898,0.04032504744827747,0.9887266874313354,0.9886304616928101,0.9462535142898559,0.9261537194252014
final_20260803-135417_augmented_spots_train_e200_b10_lr0.0001_s1,?|Iron_deformed_logtif.h5|85|85|315186,5,0.9303719401359558,0.8721239805221558,0.03784081786870956,0.9794173955917358,0.9787545919418335,0.9462655544281006,0.9279654502868653
final_20260803-135417_augmented_spots_train_e200_b10_lr0.0001_s1,?|Ti7Al_logtif.h5|674|1655|690234,3,0.9260808428128561,0.8669054309527079,0.03342064842581749,0.9788205623626709,0.9784145752588908,0.9463300903638204,0.9447510123252869
final_20260803-135417_augmented_spots_train_e200_b10_lr0.0001_s1,?|Iron_deformed_logtif.h5|144|424|1768990,4,0.9472421705722809,0.9019599109888077,0.054406233597546816,0.9789513647556305,0.9789248406887054,0.946417972445488,0.9335107743740082
final_20260803-135417_augmented_spots_train_e200_b10_lr0.0001_s1,?|Al_deformed_LoG_logtif.h5|14|48|626060,26,0.9388380738405081,0.8853979683839358,0.0456515562075835,0.9846547039655539,0.9844684761304122,0.9465932593895838,0.9296109676361084
final_20260803-135417_augmented_spots_train_e200_b10_lr0.0001_s1,?|Iron_deformed_logtif.h5|2|2|12606,8,0.9305101782083511,0.8711405619978905,0.03721749549731612,0.9878965318202972,0.987480990588665,0.9466463476419449,0.9306700944900512
final_20260803-135417_augmented_spots_train_e200_b10_lr0.0001_s1,?|Iron_deformed_logtif.h5|270|270|1208200,4,0.946126401424408,0.8984495103359222,0.05268809385597706,0.9842046648263931,0.9827800393104553,0.9467191398143768,0.9329365134239197
final_20260803-135417_augmented_spots_train_e200_b10_lr0.0001_s1,?|Iron_deformed_logtif.h5|238|518|2313516,3,0.9324369430541992,0.8739610513051351,0.03886767104268074,0.9961893558502197,0.9961847265561422,0.9467846353848776,0.9374841451644897
final_20260803-135417_augmented_spots_train_e200_b10_lr0.0001_s1,?|Ti7Al_logtif.h5|605|1587|664057,3,0.9276887774467468,0.8769710262616476,0.034038813784718513,0.987806479136149,0.9876350363095602,0.9468249877293905,0.9153582215309143
final_20260803-135417_augmented_spots_train_e200_b10_lr0.0001_s1,?|Iron_deformed_logtif.h5|56|56|220626,3,0.9415072004000345,0.8900051514307658,0.047735825181007385,0.9901208678881327,0.9901164174079895,0.9468856851259867,0.9333096027374268
final_20260803-135417_augmented_spots_train_e200_b10_lr0.0001_s1,?|Al_deformed_LoG_logtif.h5|17|17|318986,16,0.9402355253696442,0.8882378675043583,0.046306780888698995,0.984426062554121,0.9842318333685398,0.946964368224144,0.9277161359786987
final_20260803-135417_augmented_spots_train_e200_b10_lr0.0001_s1,?|Iron_deformed_logtif.h5|178|458|1910882,4,0.9301415532827377,0.8709729909896851,0.03602550085633993,0.9961489140987396,0.9961483180522919,0.9470580071210861,0.9413409352302551
final_20260803-135417_augmented_spots_train_e200_b10_lr0.0001_s1,?|Iron_deformed_logtif.h5|229|509|2250437,3,0.9318770170211792,0.8745973308881124,0.0371430367231369,0.9953102866808573,0.9939704338709513,0.9473669727643331,0.9346184492111206
final_20260803-135417_augmented_spots_train_e200_b10_lr0.0001_s1,?|Iron_deformed_logtif.h5|128|128|445774,4,0.9494670927524567,0.9045180231332779,0.05453546065837145,0.9853315353393555,0.9848352074623108,0.9474658221006393,0.9273419678211212
final_20260803-135417_augmented_spots_train_e200_b10_lr0.0001_s1,?|Al_deformed_LoG_logtif.h5|9|43|572797,19,0.9406948905242117,0.889034694746921,0.045737194877706076,0.9811270487935919,0.9805727789276525,0.9474788464997944,0.9204007625579834
final_20260803-135417_augmented_spots_train_e200_b10_lr0.0001_s1,?|Iron_deformed_logtif.h5|241|521|2332675,5,0.9343120098114014,0.8786612987518311,0.039271313697099686,0.9815747499465942,0.9813247561454773,0.9475203394889832,0.9314618468284607
final_20260803-135417_augmented_spots_train_e200_b10_lr0.0001_s1,?|Al_deformed_LoG_logtif.h5|20|20|362924,19,0.93976103318365,0.8872024950228239,0.04449293095814554,0.9885386573640924,0.9884097576141357,0.9476340475835299,0.9286976337432862
final_20260803-135417_augmented_spots_train_e200_b10_lr0.0001_s1,?|Iron_deformed_logtif.h5|53|333|1458032,4,0.94070965051651,0.8884881436824799,0.045366990845650434,0.9847712814807892,0.984653040766716,0.9476713240146637,0.944148576259613
final_20260803-135417_augmented_spots_train_e200_b10_lr0.0001_s1,?|Iron_deformed_logtif.h5|216|496|2201946,4,0.9384317696094513,0.8845710009336472,0.04300581105053425,0.9926028400659561,0.9925346970558167,0.9477129727602005,0.9370729148387908
final_20260803-135417_augmented_spots_train_e200_b10_lr0.0001_s1,?|Iron_deformed_logtif.h5|272|552|2450634,7,0.9350921085902623,0.8790163823536464,0.03934751929981368,0.9929282069206238,0.9928844741412571,0.9478722895894732,0.939385461807251
final_20260803-135417_augmented_spots_train_e200_b10_lr0.0001_s1,?|Al_deformed_LoG_logtif.h5|15|49|716420,28,0.9375350198575428,0.8835217718567167,0.04178436339965889,0.987547965986388,0.9859755848135267,0.9478753294263568,0.9344992399215698
final_20260803-135417_augmented_spots_train_e200_b10_lr0.0001_s1,?|Al_deformed_LoG_logtif.h5|33|67|896466,26,0.9346851523105915,0.8779548016878275,0.03870907576324848,0.9937376792614276,0.9936540195575128,0.9479880401721368,0.9350895583629608
final_20260803-135417_augmented_spots_train_e200_b10_lr0.0001_s1,?|Iron_deformed_logtif.h5|187|467|2022761,4,0.9452831000089645,0.8972766399383545,0.04915392026305199,0.9824142307043076,0.9820756912231445,0.9480645954608917,0.9271631121635437
final_20260803-135417_augmented_spots_train_e200_b10_lr0.0001_s1,?|Al_deformed_LoG_logtif.h5|18|18|337193,18,0.9353443947103288,0.879465768734614,0.03902063984423876,0.9920588168832991,0.9919647110833062,0.9481618801752726,0.9252487897872925
final_20260803-135417_augmented_spots_train_e200_b10_lr0.0001_s1,?|Al_deformed_LoG_logtif.h5|14|14|188210,20,0.9347736775875092,0.8785337895154953,0.0384222730062902,0.9923552125692368,0.9921773225069046,0.9481757014989853,0.9310184955596924
final_20260803-135417_augmented_spots_train_e200_b10_lr0.0001_s1,?|Iron_deformed_logtif.h5|257|537|2399113,3,0.9417467912038168,0.8920756578445435,0.0452965230991443,0.9838927984237671,0.9755370020866394,0.9482251405715942,0.9319703340530395
final_20260803-135417_augmented_spots_train_e200_b10_lr0.0001_s1,?|Iron_deformed_logtif.h5|174|174|668440,4,0.9355754852294922,0.8799804449081421,0.03902715491130948,0.982241615653038,0.9817966967821121,0.9482741802930832,0.9387440800666809
final_20260803-135417_augmented_spots_train_e200_b10_lr0.0001_s1,?|Iron_deformed_logtif.h5|39|39|143519,5,0.9411632061004639,0.889482069015503,0.04400434773415327,0.983272123336792,0.9830602407455444,0.9485794305801392,0.9306687593460083
final_20260803-135417_augmented_spots_train_e200_b10_lr0.0001_s1,?|Iron_deformed_logtif.h5|138|138|519077,4,0.9346995651721954,0.8790833950042725,0.03747732564806938,0.9937811195850372,0.9936622977256775,0.9486110955476761,0.9355292737483978
final_20260803-135417_augmented_spots_train_e200_b10_lr0.0001_s1,?|Iron_deformed_logtif.h5|184|184|749244,3,0.929119348526001,0.8697125911712646,0.03189146394530932,0.9924147725105286,0.9919281800587972,0.9486139218012491,0.9290815830230713
final_20260803-135417_augmented_spots_train_e200_b10_lr0.0001_s1,?|Iron_deformed_logtif.h5|196|476|2048948,3,0.9235188563664755,0.8671789964040121,0.026038425664107006,0.9776923060417175,0.977184017499288,0.9487401843070984,0.9249398469924927
final_20260803-135417_augmented_spots_train_e200_b10_lr0.0001_s1,?|Iron_deformed_logtif.h5|152|432|1846281,3,0.9411453008651733,0.8897034724553426,0.04366070901354154,0.9822110931078593,0.981752852598826,0.9487423102060953,0.9425722122192383
final_20260803-135417_augmented_spots_train_e200_b10_lr0.0001_s1,?|Iron_deformed_logtif.h5|57|337|1461804,3,0.9387952287991842,0.8863501946131388,0.04113244637846947,0.9906061490376791,0.9901112119356791,0.9488313992818197,0.9363424420356751
final_20260803-135417_augmented_spots_train_e200_b10_lr0.0001_s1,?|Al_deformed_LoG_logtif.h5|15|15|275101,28,0.9412101017577308,0.8897143517221723,0.04354022303596139,0.9912970002208438,0.9906882558550153,0.9488349407911301,0.9393796265125275
final_20260803-135417_augmented_spots_train_e200_b10_lr0.0001_s1,?|Iron_deformed_logtif.h5|274|274|1211311,3,0.9367144703865051,0.8816136916478475,0.03902556374669075,0.990077277024587,0.9900304079055786,0.9488444526990255,0.9386044859886169
final_20260803-135417_augmented_spots_train_e200_b10_lr0.0001_s1,?|Ti7Al_logtif.h5|738|1720|711689,3,0.9366215268770853,0.8837839365005493,0.03849795584877332,0.9308632810910543,0.9292042454083761,0.9490617911020914,0.9352333068847656
final_20260803-135417_augmented_spots_train_e200_b10_lr0.0001_s1,?|Iron_deformed_logtif.h5|187|187|782942,3,0.9443856477737427,0.8949093222618103,0.04625377431511879,0.9897642532984415,0.9896280169487,0.9490659435590109,0.942639422416687
final_20260803-135417_augmented_spots_train_e200_b10_lr0.0001_s1,?|Iron_deformed_logtif.h5|34|34|111384,3,0.92860347032547,0.8680925567944845,0.030357605467240017,0.9951160748799642,0.9949087897936503,0.9491229255994161,0.9390958070755004
final_20260803-135417_augmented_spots_train_e200_b10_lr0.0001_s1,?|Al_deformed_LoG_logtif.h5|32|32|445244,19,0.9453718160328112,0.897362094176443,0.0466033554586925,0.9853892859659696,0.9843834230774328,0.9493842219051561,0.9379164099693298
final_20260803-135417_augmented_spots_train_e200_b10_lr0.0001_s1,?|Iron_deformed_logtif.h5|276|556|2461082,3,0.9300061464309692,0.8710195620854696,0.030954929689566296,0.9935649037361145,0.9935487707455953,0.9495256145795187,0.9444725155830384
final_20260803-135417_augmented_spots_train_e200_b10_lr0.0001_s1,?|Iron_deformed_logtif.h5|41|321|1394494,4,0.9555039405822754,0.9153518080711365,0.05631378851830959,0.9858882129192352,0.9855210483074188,0.9495950937271118,0.9432194709777832
final_20260803-135417_augmented_spots_train_e200_b10_lr0.0001_s1,?|Iron_deformed_logtif.h5|116|396|1643737,4,0.9452560693025589,0.8968317657709122,0.04593878611922264,0.9898771345615387,0.9897898733615875,0.9496586322784424,0.945391833782196
final_20260803-135417_augmented_spots_train_e200_b10_lr0.0001_s1,?|Al_deformed_LoG_logtif.h5|27|27|443830,20,0.9358863294124603,0.8808096557855606,0.036566300736740234,0.9938662141561508,0.9937610566616059,0.9496600091457367,0.9340397834777832
final_20260803-135417_augmented_spots_train_e200_b10_lr0.0001_s1,?|Ti7Al_logtif.h5|502|502|226160,3,0.9419185717900594,0.8918697039286295,0.042325216035048165,0.9744372963905334,0.9733465909957886,0.9497966965039571,0.9415685415267945
final_20260803-135417_augmented_spots_train_e200_b10_lr0.0001_s1,?|Ti7Al_logtif.h5|726|726|314065,4,0.9438177794218063,0.8945829570293427,0.04413734283298254,0.9791914224624634,0.9784450083971024,0.9498402029275894,0.9315078616142273
final_20260803-135417_augmented_spots_train_e200_b10_lr0.0001_s1,?|Iron_deformed_logtif.h5|248|248|1106248,3,0.9277841448783875,0.8701061407725016,0.028041469554106396,0.989324947198232,0.9890095790227255,0.9498713413874308,0.9396337985992431
final_20260803-135417_augmented_spots_train_e200_b10_lr0.0001_s1,?|Al_deformed_LoG_logtif.h5|25|59|878905,16,0.9397053420543671,0.8866664879024029,0.03995064599439502,0.9926153682172298,0.9925451055169106,0.9498773477971554,0.942034512758255
final_20260803-135417_augmented_spots_train_e200_b10_lr0.0001_s1,?|Ti7Al_logtif.h5|592|1574|655769,3,0.9323710401852926,0.8770924607912699,0.032344515745838485,0.976673424243927,0.9757170875867208,0.950013279914856,0.9455054998397827
final_20260803-135417_augmented_spots_train_e200_b10_lr0.0001_s1,?|Iron_deformed_logtif.h5|11|291|1277433,3,0.9381711085637411,0.8842486341794332,0.03679011637965838,0.9949605862299601,0.9949523607889811,0.9506905277570089,0.9437601327896118
final_20260803-135417_augmented_spots_train_e200_b10_lr0.0001_s1,?|Iron_deformed_logtif.h5|27|307|1314638,3,0.9336068431536356,0.8762523333231608,0.0321106743067503,0.9936496814092001,0.9935879111289978,0.950748066107432,0.944671368598938
final_20260803-135417_augmented_spots_train_e200_b10_lr0.0001_s1,?|Iron_deformed_logtif.h5|125|405|1675921,3,0.9365254243214926,0.8812191287676493,0.03450907704730829,0.9926193753878275,0.992429256439209,0.9510082006454468,0.9426311254501343
final_20260803-135417_augmented_spots_train_e200_b10_lr0.0001_s1,?|Iron_deformed_logtif.h5|30|310|1320109,5,0.9334915041923523,0.8793021440505981,0.03122831992805004,0.9631793618202209,0.962798798084259,0.9511315941810607,0.9405649185180665
final_20260803-135417_augmented_spots_train_e200_b10_lr0.0001_s1,?|Iron_deformed_logtif.h5|61|61|251104,6,0.9369748334089915,0.8828152318795522,0.03434620425105095,0.9752269784609476,0.9717554648717245,0.9513143102327982,0.9416167140007019
final_20260803-135417_augmented_spots_train_e200_b10_lr0.0001_s1,?|Iron_deformed_logtif.h5|275|275|1215260,3,0.9466799894968668,0.8992758989334106,0.04335171232620875,0.9871692856152853,0.9870551427205404,0.951664129892985,0.9460374474525451
final_20260803-135417_augmented_spots_train_e200_b10_lr0.0001_s1,?|Iron_deformed_logtif.h5|194|474|2027962,3,0.9374818007151285,0.8827140132586161,0.03395608067512512,0.9935650825500488,0.9934284687042236,0.951762855052948,0.9466036200523377
final_20260803-135417_augmented_spots_train_e200_b10_lr0.0001_s1,?|Iron_deformed_logtif.h5|234|514|2272117,3,0.9407233993212382,0.8900402585665385,0.03642433633406957,0.990606407324473,0.9905763268470764,0.9521495302518209,0.9452991485595703
final_20260803-135417_augmented_spots_train_e200_b10_lr0.0001_s1,?|Iron_deformed_logtif.h5|65|65|262514,3,0.9459337790807089,0.8981094559033712,0.04094931607445081,0.9894869128863016,0.9889477690060934,0.9524922370910645,0.9414721250534057
final_20260803-135417_augmented_spots_train_e200_b10_lr0.0001_s1,?|Iron_deformed_logtif.h5|242|242|1093635,4,0.9411344975233078,0.8897936642169952,0.036137018352746964,0.9891284108161926,0.9890033453702927,0.952498733997345,0.9407098293304443
final_20260803-135417_augmented_spots_train_e200_b10_lr0.0001_s1,?|Iron_deformed_logtif.h5|61|341|1491473,3,0.9325228929519653,0.8739200035730997,0.027447599917650223,0.9975730776786804,0.9974451661109924,0.9525376359621683,0.9437929511070251
final_20260803-135417_augmented_spots_train_e200_b10_lr0.0001_s1,?|Al_deformed_LoG_logtif.h5|33|33|445437,25,0.9416820979118348,0.8907926082611084,0.03613079883158207,0.9924933767318725,0.9923196768760681,0.9527756524085998,0.9349888563156128
final_20260803-135417_augmented_spots_train_e200_b10_lr0.0001_s1,?|Iron_deformed_logtif.h5|9|289|1260309,3,0.9423513611157736,0.8932856718699137,0.036630529910326004,0.9900907874107361,0.9896820584932963,0.952860414981842,0.9475975275039673
final_20260803-135417_augmented_spots_train_e200_b10_lr0.0001_s1,?|Al_deformed_LoG_logtif.h5|19|53|795248,19,0.9438139200210571,0.8944244227911297,0.03792982553376963,0.993588736182765,0.9935371750279477,0.9529420545226649,0.9401829242706299
final_20260803-135417_augmented_spots_train_e200_b10_lr0.0001_s1,?|Iron_deformed_logtif.h5|101|101|361413,5,0.9466938376426697,0.899963116645813,0.04069301262497902,0.9925292372703552,0.9917891144752502,0.9530004143714905,0.9382423162460327
final_20260803-135417_augmented_spots_train_e200_b10_lr0.0001_s1,?|Ti7Al_logtif.h5|81|1063|411051,5,0.9507232785224915,0.9101230025291442,0.044622980803251264,0.9750383734703064,0.9747478127479553,0.953050148487091,0.9350975275039672
final_20260803-135417_augmented_spots_train_e200_b10_lr0.0001_s1,?|Iron_deformed_logtif.h5|228|228|1010103,3,0.9411253730456034,0.8898331920305887,0.034187166641155876,0.9943010807037354,0.9942430853843689,0.9534690777460734,0.9392503023147583
final_20260803-135417_augmented_spots_train_e200_b10_lr0.0001_s1,?|Iron_deformed_logtif.h5|241|241|1093313,4,0.9435928761959076,0.8936625719070435,0.036528163589537144,0.987937331199646,0.9877614378929138,0.9535323679447174,0.9447147011756897
final_20260803-135417_augmented_spots_train_e200_b10_lr0.0001_s1,?|Iron_deformed_logtif.h5|162|442|1877566,3,0.9268086751302084,0.8690747817357382,0.019603298356135685,0.9929202000300089,0.9927748839060465,0.9536026914914449,0.9371939182281495
final_20260803-135417_augmented_spots_train_e200_b10_lr0.0001_s1,?|Iron_deformed_logtif.h5|161|441|1867701,4,0.9454310685396194,0.9002271145582199,0.038012152537703514,0.9801969528198242,0.9798378795385361,0.9537094682455063,0.9394457817077637
final_20260803-135417_augmented_spots_train_e200_b10_lr0.0001_s1,?|Ti7Al_logtif.h5|765|1748|716846,3,0.9363724788029989,0.8829694787661234,0.028563362856705982,0.9539292852083842,0.9507121841112772,0.9539045691490173,0.9457245111465454
final_20260803-135417_augmented_spots_train_e200_b10_lr0.0001_s1,?|Iron_deformed_logtif.h5|248|530|2345952,3,0.9341645836830139,0.8790231744448344,0.02631585548321406,0.995383083820343,0.9953440427780151,0.9539243777592977,0.9421655893325805
final_20260803-135417_augmented_spots_train_e200_b10_lr0.0001_s1,?|Ti7Al_logtif.h5|9|9|1561,4,0.9459144622087479,0.9009543806314468,0.037692413199692965,0.9582377970218658,0.9564690887928009,0.9541110247373581,0.9439938068389893
final_20260803-135417_augmented_spots_train_e200_b10_lr0.0001_s1,?|Iron_deformed_logtif.h5|114|394|1643007,3,0.9476481874783834,0.9007822076479594,0.03877764567732811,0.9924492438634237,0.9923895994822184,0.9544352690378824,0.9485901594161987
final_20260803-135417_augmented_spots_train_e200_b10_lr0.0001_s1,?|Ti7Al_logtif.h5|936|1918|774149,3,0.9498088359832764,0.9070526758829752,0.040883940955003105,0.9423539837201437,0.9407774806022644,0.9544624288876852,0.9407501697540284
final_20260803-135417_augmented_spots_train_e200_b10_lr0.0001_s1,?|Al_deformed_LoG_logtif.h5|10|44|606472,28,0.9542297359023776,0.9132166100399834,0.04525668127462268,0.9868915911231723,0.9865007379225322,0.954486533999443,0.9401855349540711
final_20260803-135417_augmented_spots_train_e200_b10_lr0.0001_s1,?|Iron_deformed_logtif.h5|55|55|220305,3,0.9362512230873108,0.8807335297266642,0.02721344617505868,0.9978700876235962,0.9977928598721822,0.9545188744862875,0.9481864929199219
final_20260803-135417_augmented_spots_train_e200_b10_lr0.0001_s1,?|Al_deformed_LoG_logtif.h5|24|24|428139,22,0.9450985247438605,0.896677778525786,0.03592319041490555,0.9946355792609128,0.9945116151462902,0.9545876681804657,0.9436483025550843
final_20260803-135417_augmented_spots_train_e200_b10_lr0.0001_s1,?|Ti7Al_logtif.h5|711|711|309821,3,0.945333460966746,0.9002630313237509,0.03603419785698255,0.9861887693405151,0.9857160250345866,0.9546496272087097,0.9269695401191711
final_20260803-135417_augmented_spots_train_e200_b10_lr0.0001_s1,?|Al_deformed_LoG_logtif.h5|24|58|878465,20,0.9485630303621292,0.9027299165725708,0.038945245649665595,0.9949854463338852,0.9949287205934525,0.9548088937997818,0.9464600920677185
final_20260803-135417_augmented_spots_train_e200_b10_lr0.0001_s1,?|Iron_deformed_logtif.h5|89|89|322664,5,0.9479137778282165,0.9020859718322753,0.03821748755872249,0.9937999844551086,0.9935070991516113,0.9548481345176697,0.9432623624801636
final_20260803-135417_augmented_spots_train_e200_b10_lr0.0001_s1,?|Al_deformed_LoG_logtif.h5|10|10|167252,17,0.9571882205850938,0.9185986343552085,0.04721158370375633,0.9846760244930491,0.9846391958348891,0.9549883358618793,0.9392273783683777
final_20260803-135417_augmented_spots_train_e200_b10_lr0.0001_s1,?|IN718_twins_logtif.h5|183|1559|134525,3,0.9583881497383118,0.9242780605951945,0.04827270656824112,0.9863778750101725,0.9806151390075684,0.9550577203432719,0.9191053748130799
final_20260803-135417_augmented_spots_train_e200_b10_lr0.0001_s1,?|Iron_deformed_logtif.h5|195|195|807221,3,0.9454832275708517,0.8975587685902914,0.0343332135428985,0.9935789704322815,0.9934641321500143,0.9555750091870626,0.9456375122070313
final_20260803-135417_augmented_spots_train_e200_b10_lr0.0001_s1,?|Iron_deformed_logtif.h5|105|105|380792,4,0.9417196959257126,0.8951466530561447,0.030295399017632008,0.9817210584878922,0.9812771826982498,0.9557121694087982,0.9364566326141357
final_20260803-135417_augmented_spots_train_e200_b10_lr0.0001_s1,?|Iron_deformed_logtif.h5|131|131|446796,4,0.9537717700004578,0.912246823310852,0.04228324443101883,0.9745642840862274,0.9742994159460068,0.955744281411171,0.9337474584579468
final_20260803-135417_augmented_spots_train_e200_b10_lr0.0001_s1,?|Ti7Al_logtif.h5|110|110|32103,5,0.9495151042938232,0.9079955220222473,0.03792354315519333,0.9753246426582336,0.9701111793518067,0.9557957768440246,0.9488604903221131
final_20260803-135417_augmented_spots_train_e200_b10_lr0.0001_s1,?|Al_deformed_LoG_logtif.h5|9|9|125856,30,0.9469069878260294,0.8997836271921794,0.03517164106791218,0.9935995558897655,0.9934924364089965,0.9558676699797313,0.9412038445472717
final_20260803-135417_augmented_spots_train_e200_b10_lr0.0001_s1,?|Iron_deformed_logtif.h5|123|403|1657222,3,0.94367516040802,0.8955002625783285,0.03169004122416178,0.9795861641565958,0.9795117179552714,0.9559925397237142,0.9489644527435303
final_20260803-135417_augmented_spots_train_e200_b10_lr0.0001_s1,?|Iron_deformed_logtif.h5|131|411|1687350,7,0.9567468336650303,0.9173926029886518,0.04471606681389468,0.9871600014822823,0.9870561020714896,0.9560153569493975,0.9456568479537963
final_20260803-135417_augmented_spots_train_e200_b10_lr0.0001_s1,?|Al_big_grains_logtif.h5|4294|9239|295394,3,0.9544127583503723,0.9150043725967407,0.04186480554441611,0.988294760386149,0.9807477593421936,0.9562739729881287,0.9403750181198121
final_20260803-135417_augmented_spots_train_e200_b10_lr0.0001_s1,?|Iron_deformed_logtif.h5|144|144|528465,3,0.9409570495287577,0.8916086753209432,0.02815834681193034,0.9902407129605612,0.9895192583401998,0.9563993414243063,0.9483866095542908
final_20260803-135417_augmented_spots_train_e200_b10_lr0.0001_s1,?|Ti7Al_logtif.h5|153|153|50619,3,0.9537432988484701,0.9128478368123373,0.04036275359491507,0.9582544763882955,0.9576907952626547,0.956690271695455,0.941808533668518
final_20260803-135417_augmented_spots_train_e200_b10_lr0.0001_s1,?|Al_deformed_LoG_logtif.h5|25|25|428596,12,0.9486684948205948,0.9029917965332667,0.03443580757205685,0.9938741674025854,0.993752067287763,0.9571163554986318,0.9388574898242951
final_20260803-135417_augmented_spots_train_e200_b10_lr0.0001_s1,?|Ti7Al_logtif.h5|273|273|104028,4,0.9433701485395432,0.8938537687063217,0.025707061402499676,0.992061048746109,0.9920106381177902,0.9588315486907959,0.9561910629272461
final_20260803-135417_augmented_spots_train_e200_b10_lr0.0001_s1,?|Ti7Al_logtif.h5|763|1744|716641,3,0.943019966284434,0.8932788372039795,0.024851493537425995,0.9968133966128031,0.9967219233512878,0.9590842326482137,0.954986572265625
final_20260803-135417_augmented_spots_train_e200_b10_lr0.0001_s1,?|Ti7Al_logtif.h5|89|89|24821,3,0.9542122681935629,0.9140874346097311,0.03594364474217097,0.9769128759702047,0.9765220681826273,0.9591343204180399,0.9403876543045044
final_20260803-135417_augmented_spots_train_e200_b10_lr0.0001_s1,?|Iron_deformed_logtif.h5|95|95|333463,3,0.9601165056228638,0.9233967860539755,0.04124977129201094,0.9813903570175171,0.9813233812650045,0.959433376789093,0.9478036880493164
final_20260803-135417_augmented_spots_train_e200_b10_lr0.0001_s1,?|Ti7Al_logtif.h5|560|560|255019,3,0.9432678818702698,0.8949220776557922,0.02393342461436987,0.9829949935277303,0.9827403426170349,0.9596672256787618,0.9532705903053283
final_20260803-135417_augmented_spots_train_e200_b10_lr0.0001_s1,?|Iron_deformed_logtif.h5|123|123|415378,4,0.953865185379982,0.9126539528369904,0.034472986590117216,0.9946902245283127,0.9946271777153015,0.9596960842609406,0.9523073077201843
final_20260803-135417_augmented_spots_train_e200_b10_lr0.0001_s1,?|Ti7Al_logtif.h5|907|907|360786,3,0.9534735679626465,0.9121560454368591,0.0338917002081871,0.9694700837135315,0.9676481882731119,0.9597909251848856,0.9476786136627198
final_20260803-135417_augmented_spots_train_e200_b10_lr0.0001_s1,?|Al_big_grains_logtif.h5|481|5423|169747,3,0.9682286381721497,0.9387016097704569,0.04833475686609745,0.982416053613027,0.9809432625770569,0.9599469502766927,0.9492600560188293
final_20260803-135417_augmented_spots_train_e200_b10_lr0.0001_s1,?|Al_deformed_LoG_logtif.h5|11|45|606718,21,0.9605234974906558,0.9245804491497222,0.04055334139792692,0.9893954594930013,0.9893820484479269,0.9599850887343997,0.9510565400123596
final_20260803-135417_augmented_spots_train_e200_b10_lr0.0001_s1,?|Ti7Al_logtif.h5|846|1828|745292,3,0.9713159799575806,0.9445026516914368,0.05125552167495092,0.982542892297109,0.9799791773160299,0.960030217965444,0.95012286901474
final_20260803-135417_augmented_spots_train_e200_b10_lr0.0001_s1,?|Al_deformed_LoG_logtif.h5|16|50|760193,17,0.9499887648750754,0.9056402830516591,0.029798545929438928,0.994012176990509,0.9939464365734774,0.9600951215800118,0.9426940679550171
final_20260803-135417_augmented_spots_train_e200_b10_lr0.0001_s1,?|Al_deformed_LoG_logtif.h5|16|16|316744,25,0.9538037252426147,0.912725613117218,0.03345779225230217,0.9910613870620728,0.9907367324829102,0.9601729559898377,0.9469422340393067
final_20260803-135417_augmented_spots_train_e200_b10_lr0.0001_s1,?|Ti7Al_logtif.h5|900|1881|752712,3,0.9528610308965048,0.9130408962567648,0.032191493238011994,0.9708089033762614,0.9704417785008749,0.9603347579638163,0.943173599243164
final_20260803-135417_augmented_spots_train_e200_b10_lr0.0001_s1,?|Al_deformed_LoG_logtif.h5|12|46|607012,28,0.9535367148263114,0.911847689322063,0.03243206940325243,0.9955233122621264,0.9954713370118823,0.9605523156268256,0.953624963760376
final_20260803-135417_augmented_spots_train_e200_b10_lr0.0001_s1,?|Al_deformed_LoG_logtif.h5|12|12|167848,21,0.9633807426407224,0.9299164755003793,0.04215449059293384,0.982826516741798,0.9827234801791963,0.9606131286848159,0.9439679384231567
final_20260803-135417_augmented_spots_train_e200_b10_lr0.0001_s1,?|Iron_deformed_logtif.h5|91|91|323387,3,0.9530355930328369,0.910605768362681,0.030994805196921032,0.9864590565363566,0.9864176710446676,0.9610204100608826,0.9565173625946045
final_20260803-135417_augmented_spots_train_e200_b10_lr0.0001_s1,?|Al_deformed_LoG_logtif.h5|4|38|471881,23,0.9588873930599379,0.9216963571050892,0.03566342835193095,0.9880447905996571,0.9880008930745332,0.9616119809772657,0.9498037099838257
final_20260803-135417_augmented_spots_train_e200_b10_lr0.0001_s1,?|Ti7Al_logtif.h5|485|485|220991,3,0.9418869018554688,0.8935155868530273,0.01835213756809632,0.970994770526886,0.9706838925679525,0.9617673754692078,0.9565069437026977
final_20260803-135417_augmented_spots_train_e200_b10_lr0.0001_s1,?|Al_deformed_LoG_logtif.h5|3|37|469193,18,0.9603081544240316,0.9243440959188673,0.03567661272568835,0.9905302226543427,0.9904185831546783,0.9623157746262021,0.951109117269516
final_20260803-135417_augmented_spots_train_e200_b10_lr0.0001_s1,?|Ti7Al_logtif.h5|67|67|19272,4,0.9624205231666565,0.9283533990383148,0.03717369446530938,0.9800790250301361,0.9795095026493073,0.9626234471797943,0.9511282503604889
final_20260803-135417_augmented_spots_train_e200_b10_lr0.0001_s1,?|Iron_logtif.h5|1800|1800|157572,3,0.9565369486808777,0.917036215464274,0.030194908380508423,0.9879540602366129,0.9879305561383566,0.9631710052490234,0.9618750929832458
final_20260803-135417_augmented_spots_train_e200_b10_lr0.0001_s1,?|Al_deformed_LoG_logtif.h5|3|3|20806,16,0.9549335092306137,0.9149619229137897,0.027975852077361196,0.9923963509500027,0.9920014441013336,0.9634788297116756,0.9555096328258514
final_20260803-135417_augmented_spots_train_e200_b10_lr0.0001_s1,?|Iron_deformed_logtif.h5|67|67|264081,3,0.9603831966718038,0.9240700999895731,0.03314214820663134,0.9960107405980428,0.9959496855735779,0.9636205434799194,0.9577285885810852
final_20260803-135417_augmented_spots_train_e200_b10_lr0.0001_s1,?|Al_deformed_LoG_logtif.h5|11|11|167555,19,0.9599301752291227,0.9235741056894001,0.029389065445253725,0.9940431682687056,0.9940161454050165,0.9652705474903709,0.955856728553772
final_20260803-135417_augmented_spots_train_e200_b10_lr0.0001_s1,?|Iron_deformed_logtif.h5|167|167|658994,3,0.9504854083061218,0.9060924053192139,0.018678816345830757,0.9934032956759135,0.9926896293958029,0.9659032821655273,0.9597856163978576
final_20260803-135417_augmented_spots_train_e200_b10_lr0.0001_s1,?|Ti7Al_logtif.h5|372|372|143345,3,0.9562256932258606,0.9166825612386068,0.02301822726925214,0.9898280700047811,0.9895962476730347,0.9666037360827128,0.9593645691871643
final_20260803-135417_augmented_spots_train_e200_b10_lr0.0001_s1,?|Ti7Al_logtif.h5|579|579|259870,3,0.9540895620981852,0.9132927258809408,0.02067571071286996,0.9943334062894186,0.9937615990638733,0.9667069315910339,0.9608844161033631
final_20260803-135417_augmented_spots_train_e200_b10_lr0.0001_s1,?|Ti7Al_logtif.h5|244|1226|477357,3,0.9585782488187155,0.9218694170316061,0.025010726414620876,0.9863839149475098,0.9859549403190613,0.9667837619781494,0.9499857902526856
final_20260803-135417_augmented_spots_train_e200_b10_lr0.0001_s1,?|Ti7Al_logtif.h5|278|278|106292,4,0.9556084871292114,0.9168024957180023,0.022025467129424214,0.9835405349731445,0.9832824468612671,0.9667915254831314,0.9579623878002167
final_20260803-135417_augmented_spots_train_e200_b10_lr0.0001_s1,?|Iron_deformed_logtif.h5|193|473|2027590,3,0.9627530177434286,0.9286650617917379,0.029046108325322468,0.9965242743492126,0.9964607159296671,0.9668534398078918,0.9619999170303345
final_20260803-135417_augmented_spots_train_e200_b10_lr0.0001_s1,?|Iron_deformed_logtif.h5|105|385|1622522,3,0.9502073725064596,0.9066924651463827,0.016366466879844666,0.9953898390134176,0.9952468276023865,0.9669204552968343,0.9605209112167359
final_20260803-135417_augmented_spots_train_e200_b10_lr0.0001_s1,?|Ti7Al_logtif.h5|458|1440|597994,4,0.9696066081523895,0.9415078908205032,0.034629674861207604,0.9799002110958099,0.97976453602314,0.9674884676933289,0.9587503552436829
final_20260803-135417_augmented_spots_train_e200_b10_lr0.0001_s1,?|Al_segvol.h5|2597|2597|14315,3,0.9693730076154073,0.9408529798189799,0.03432335083683332,0.9945383667945862,0.994491716225942,0.9675248265266418,0.9663451194763184
final_20260803-135417_augmented_spots_train_e200_b10_lr0.0001_s1,?|Ti7Al_logtif.h5|689|689|304122,3,0.967441976070404,0.9375669757525126,0.03179568983614445,0.971297562122345,0.9711970090866089,0.9678231279055277,0.9576900482177735
final_20260803-135417_augmented_spots_train_e200_b10_lr0.0001_s1,?|IN718_twins_logtif.h5|692|692|58235,3,0.9863787293434143,0.9734172622362772,0.04799808685978254,0.9922860463460287,0.9787872234980265,0.9691903193791708,0.9513780117034912
final_20260803-135417_augmented_spots_train_e200_b10_lr0.0001_s1,?|Ti7Al_logtif.h5|785|1767|720185,3,0.9632687568664551,0.9299074411392212,0.024549448241790135,0.9695115288098654,0.9681707223256429,0.9693596561749777,0.9676572322845459
final_20260803-135417_augmented_spots_train_e200_b10_lr0.0001_s1,?|Al_big_grains_logtif.h5|1987|6931|214006,3,0.9684480826059977,0.9406065742174784,0.029429930572708447,0.9922794500986735,0.992248515288035,0.9695090850194296,0.9664512634277344
final_20260803-135417_augmented_spots_train_e200_b10_lr0.0001_s1,?|Ti7Al_logtif.h5|530|1512|630809,3,0.9703583916028341,0.9426310062408447,0.031156533087293308,0.99434894323349,0.9943025310834249,0.9696009357770284,0.965793514251709
final_20260803-135417_augmented_spots_train_e200_b10_lr0.0001_s1,?|Al_deformed_LoG_logtif.h5|0|34|461737,22,0.9689035307277333,0.940827255899256,0.027839883653955025,0.9935071739283475,0.9934992356733843,0.9705318212509155,0.9575312554836273
final_20260803-135417_augmented_spots_train_e200_b10_lr0.0001_s1,?|Al_deformed_LoG_logtif.h5|26|60|891702,23,0.9674278497695923,0.9377287237540536,0.025751546187245327,0.9939264992009038,0.9938983087954314,0.9708381528439729,0.9645240545272827
final_20260803-135417_augmented_spots_train_e200_b10_lr0.0001_s1,?|Al_segvol.h5|4499|4499|24632,3,0.9804861942927042,0.9619949062665304,0.0379144661128521,0.9927940567334493,0.9926625887552897,0.971285859743754,0.9645435452461243
final_20260803-135417_augmented_spots_train_e200_b10_lr0.0001_s1,?|Ti7Al_logtif.h5|356|1338|522142,3,0.9633254806200663,0.9307019511858622,0.02027286651233832,0.9957142472267151,0.9955185453097025,0.971526304880778,0.9633479356765747
final_20260803-135417_augmented_spots_train_e200_b10_lr0.0001_s1,?|Al_deformed_LoG_logtif.h5|0|0|14345,21,0.9624223822639102,0.9286531805992126,0.018006583498347373,0.9958293579873585,0.9958101227169945,0.972207906700316,0.9656226634979248
final_20260803-135417_augmented_spots_train_e200_b10_lr0.0001_s1,?|Al_big_grains_logtif.h5|1823|6767|209024,3,0.972523053487142,0.9478853344917297,0.027921488508582115,0.9920932451883951,0.9920483032862345,0.9723007877667745,0.9652247905731202
final_20260803-135417_augmented_spots_train_e200_b10_lr0.0001_s1,?|Al_deformed_LoG_logtif.h5|26|26|441233,21,0.9660761611802238,0.9353417413575309,0.021058904894051097,0.9938391901197887,0.9938166907855442,0.9725086291631063,0.9661928415298462
final_20260803-135417_augmented_spots_train_e200_b10_lr0.0001_s1,?|IN718_twins_logtif.h5|483|1861|159477,3,0.9781189958254496,0.9573467969894409,0.032624940077463783,0.9968221386273702,0.9967850645383199,0.9727470477422079,0.9686108708381653
final_20260803-135417_augmented_spots_train_e200_b10_lr0.0001_s1,?|Ti7Al_logtif.h5|39|39|12402,3,0.9649445215861002,0.9327702124913534,0.01796446678539117,0.9687827428181967,0.9661759932835897,0.9734900196393331,0.9720964908599854
final_20260803-135417_augmented_spots_train_e200_b10_lr0.0001_s1,?|IN718_twins_logtif.h5|1082|2459|210603,3,0.989871621131897,0.9800124565760294,0.04093467320005099,0.9927745858828226,0.9922123750050863,0.9744684894879659,0.9661555051803589
final_20260803-135417_augmented_spots_train_e200_b10_lr0.0001_s1,?|IN718_twins_logtif.h5|343|1722|148837,3,0.9866252938906351,0.9736305475234985,0.03628538300593694,0.9954736630121866,0.9954071243604025,0.9751699765523275,0.9710422635078431
final_20260803-135417_augmented_spots_train_e200_b10_lr0.0001_s1,?|IN718_twins_logtif.h5|909|2288|195464,3,0.9860412279764811,0.97249835729599,0.0353904931495587,0.9928155938784281,0.9926902453104655,0.975325365861257,0.9662275433540344
final_20260803-135417_augmented_spots_train_e200_b10_lr0.0001_s1,?|IN718_twins_logtif.h5|1278|1278|108160,3,0.9937742749849955,0.9876903891563416,0.04210376056532065,0.9940784573554993,0.9926533500353495,0.9758352438608805,0.9687173366546631
final_20260803-135417_augmented_spots_train_e200_b10_lr0.0001_s1,?|IN718_twins_logtif.h5|929|929|76478,3,0.990558922290802,0.9813380440076193,0.038599698493878044,0.9941815733909607,0.9932157397270203,0.9759796063105265,0.9726614832878113
final_20260803-135417_augmented_spots_train_e200_b10_lr0.0001_s1,?|IN718_twins_logtif.h5|1271|2649|226498,3,0.9832232395807902,0.9670908451080322,0.03104836990435918,0.9975665807723999,0.9975525538126627,0.9760874112447103,0.9748845815658569
final_20260803-135417_augmented_spots_train_e200_b10_lr0.0001_s1,?|IN718_twins_logtif.h5|825|2202|189095,3,0.9842169086138407,0.9693867166837057,0.03193599730730057,0.9976709485054016,0.9972922404607137,0.9761404395103455,0.971434760093689
final_20260803-135417_augmented_spots_train_e200_b10_lr0.0001_s1,?|IN718_twins_logtif.h5|108|1486|128639,3,0.9923161864280701,0.9847755233446757,0.0386062723894914,0.9946187535921732,0.9944794774055481,0.976854940255483,0.9732122898101807
final_20260803-135417_augmented_spots_train_e200_b10_lr0.0001_s1,?|IN718_twins_logtif.h5|322|1698|147131,3,0.9899507562319437,0.9801547129948934,0.034948705385128655,0.996394157409668,0.9963116447130839,0.9775010148684183,0.9745428562164307
final_20260803-135417_augmented_spots_train_e200_b10_lr0.0001_s1,?|IN718_twins_logtif.h5|1224|1224|103276,3,0.991604765256246,0.9833805958429972,0.036368963619073234,0.9863008062044779,0.9861848553021749,0.9776178995768229,0.9729496717453003
final_20260803-135417_augmented_spots_train_e200_b10_lr0.0001_s1,?|IN718_twins_logtif.h5|813|2190|188254,3,0.9873539408047994,0.9750828345616659,0.03204635282357534,0.9966261386871338,0.9966179728507996,0.9776538014411926,0.9751266002655029
final_20260803-135417_augmented_spots_train_e200_b10_lr0.0001_s1,?|IN718_twins_logtif.h5|216|1595|136423,3,0.9914088646570841,0.9829858144124349,0.034915452202161155,0.9952560067176819,0.9952383438746134,0.9782466888427734,0.977666711807251
final_20260803-135417_augmented_spots_train_e200_b10_lr0.0001_s1,?|IN718_twins_logtif.h5|703|2081|178440,3,0.9933447440465292,0.9867805441220602,0.03604712958137194,0.9944636623064677,0.9944105943044027,0.9786487817764282,0.9779705166816711
final_20260803-135417_augmented_spots_train_e200_b10_lr0.0001_s1,?|IN718_twins_logtif.h5|425|1801|157178,3,0.9883706569671631,0.9770826697349548,0.030681649843851726,0.9975236256917318,0.9975211222966512,0.9788444836934408,0.9752385377883911
final_20260803-135417_augmented_spots_train_e200_b10_lr0.0001_s1,?|IN718_twins_logtif.h5|612|612|50032,3,0.9888317386309305,0.9779344797134399,0.030825639764467876,0.9958662788073221,0.995704710483551,0.9790030519167582,0.9777974247932434
final_20260803-135417_augmented_spots_train_e200_b10_lr0.0001_s1,?|IN718_twins_logtif.h5|885|885|73830,4,0.9869756698608398,0.9743766635656357,0.028599724639207125,0.9970590770244598,0.9970580637454987,0.9791879504919052,0.975980544090271
final_20260803-135417_augmented_spots_train_e200_b10_lr0.0001_s1,?|IN718_twins_logtif.h5|333|333|29388,3,0.9878444274266561,0.9760080575942993,0.028225844105084736,0.9969148437182108,0.9967370430628458,0.9798092643419901,0.9774059295654297
final_20260803-135417_augmented_spots_train_e200_b10_lr0.0001_s1,?|IN718_twins_logtif.h5|569|1947|167097,3,0.9935828248659769,0.9872660636901855,0.03209333804746469,0.9962714910507202,0.9962612787882487,0.9807447195053101,0.9782879829406739
final_20260803-135417_augmented_spots_train_e200_b10_lr0.0001_s1,?|IN718_twins_logtif.h5|518|1895|162872,3,0.9929763674736023,0.986069937547048,0.028922284642855327,0.9958990613619486,0.9958549340566,0.9820270339647929,0.9784180283546448
final_20260803-135417_augmented_spots_train_e200_b10_lr0.0001_s1,?|IN718_twins_logtif.h5|1066|2443|209241,3,0.9947121938069662,0.9894810517628988,0.028220664709806442,0.9979694485664368,0.9979534943898519,0.9832457701365153,0.982643723487854
final_20260804-224906_augmented_spots_train_e200_b20_lr0.0002_s1,?|Ti7Al_logtif.h5|330|1312|505227,3,0.7380437254905701,0.6238389809926351,0.1397275427977244,0.7727198799451193,0.7087468604246775,0.7991580963134766,0.6473996639251709
final_20260804-224906_augmented_spots_train_e200_b20_lr0.0002_s1,?|Iron_deformed_logtif.h5|96|376|1581320,3,0.7707525889078776,0.7102921108404795,0.11223224053780238,0.8110694487889608,0.8068931798140208,0.8292601704597473,0.7070186376571655
final_20260804-224906_augmented_spots_train_e200_b20_lr0.0002_s1,?|Iron_deformed_logtif.h5|1|281|1250417,3,0.7746789952119192,0.7216697335243225,0.06607399756709735,0.8205021123091379,0.8190529545148214,0.8543025056521097,0.7426918983459473
final_20260804-224906_augmented_spots_train_e200_b20_lr0.0002_s1,?|Ti7Al_logtif.h5|800|1782|729836,3,0.7529248396555582,0.6866565545399984,0.0343837042649587,0.7561450997988383,0.7405484914779663,0.8592705527941386,0.7885534644126893
final_20260804-224906_augmented_spots_train_e200_b20_lr0.0002_s1,?|Iron_deformed_logtif.h5|245|525|2343145,3,0.8824704686800638,0.7925023039182028,0.1350939671198527,0.933759868144989,0.928248922030131,0.8736882209777832,0.8456904411315918
final_20260804-224906_augmented_spots_train_e200_b20_lr0.0002_s1,?|Iron_deformed_logtif.h5|189|469|2025484,3,0.844131608804067,0.7444496154785156,0.09522019823392232,0.904676596323649,0.901858925819397,0.8744556705156962,0.8681413173675537
final_20260804-224906_augmented_spots_train_e200_b20_lr0.0002_s1,?|Ti7Al_logtif.h5|951|951|378424,6,0.8361020634571711,0.7697497457265854,0.0665690911312898,0.8902274469534556,0.8836290736993154,0.8847664892673492,0.7711049318313599
final_20260804-224906_augmented_spots_train_e200_b20_lr0.0002_s1,?|Iron_deformed_logtif.h5|168|448|1896773,3,0.8488815824190775,0.7512116034825643,0.07777985682090123,0.9542965888977051,0.9423858523368835,0.885550876458486,0.8768152832984925
final_20260804-224906_augmented_spots_train_e200_b20_lr0.0002_s1,?|Ti7Al_logtif.h5|230|1213|471619,3,0.8685055375099182,0.7745288610458374,0.09584590544303258,0.9179123640060425,0.8097598155339559,0.8863298296928406,0.8531639695167541
final_20260804-224906_augmented_spots_train_e200_b20_lr0.0002_s1,?|Iron_deformed_logtif.h5|102|382|1609497,3,0.8605965971946716,0.7715016603469849,0.08774276450276375,0.9216486811637878,0.9070970416069031,0.8864269256591797,0.7915243029594421
final_20260804-224906_augmented_spots_train_e200_b20_lr0.0002_s1,?|Iron_deformed_logtif.h5|60|340|1491296,3,0.8544514576594034,0.7576566934585571,0.07588402306040128,0.9479661385218302,0.9444135824839274,0.8892837166786194,0.8484480142593384
final_20260804-224906_augmented_spots_train_e200_b20_lr0.0002_s1,?|Iron_deformed_logtif.h5|62|342|1492694,5,0.8621548295021058,0.7598536133766174,0.07965943664312362,0.9626109600067139,0.9583957552909851,0.8912477016448974,0.8668749094009399
final_20260804-224906_augmented_spots_train_e200_b20_lr0.0002_s1,?|Iron_deformed_logtif.h5|39|319|1383099,3,0.8701125383377075,0.7831593751907349,0.08442720646659534,0.9029910961786906,0.9010397791862488,0.892842690149943,0.8469499945640564
final_20260804-224906_augmented_spots_train_e200_b20_lr0.0002_s1,?|Ti7Al_logtif.h5|479|1460|605758,3,0.8749037583669027,0.7955358425776163,0.0890553134183089,0.9054410656293234,0.8918111324310303,0.8929242293039957,0.8062432289123536
final_20260804-224906_augmented_spots_train_e200_b20_lr0.0002_s1,?|Iron_deformed_logtif.h5|183|463|1960285,3,0.8492345213890076,0.7489615082740784,0.058819363514582314,0.9683423638343811,0.9673275152842203,0.8952075640360514,0.8711479187011719
final_20260804-224906_augmented_spots_train_e200_b20_lr0.0002_s1,?|Iron_deformed_logtif.h5|141|141|523753,3,0.8764634728431702,0.7836771806081136,0.07679678748051326,0.9641647338867188,0.9628267288208008,0.8998333414395651,0.8685932040214539
final_20260804-224906_augmented_spots_train_e200_b20_lr0.0002_s1,?|Iron_deformed_logtif.h5|135|135|484462,3,0.8976343870162964,0.8194700082143148,0.0964749703804652,0.8929055333137512,0.8904411991437277,0.9005797306696574,0.8313024759292602
final_20260804-224906_augmented_spots_train_e200_b20_lr0.0002_s1,?|Iron_deformed_logtif.h5|77|357|1542926,6,0.8603722403446833,0.8135770757993063,0.0547007933879892,0.8961677104234695,0.8954346279303232,0.9028357366720835,0.7951551377773285
final_20260804-224906_augmented_spots_train_e200_b20_lr0.0002_s1,?|Iron_deformed_logtif.h5|191|471|2026221,3,0.8728627562522888,0.7847147981325785,0.06687812755505244,0.9473328987757365,0.9419121344884237,0.902992328008016,0.8312201976776123
final_20260804-224906_augmented_spots_train_e200_b20_lr0.0002_s1,?|Ti7Al_logtif.h5|593|593|265156,3,0.867374579111735,0.7806908885637919,0.06118182837963104,0.9055291811625162,0.8615700602531433,0.9030963778495789,0.8740818858146667
final_20260804-224906_augmented_spots_train_e200_b20_lr0.0002_s1,?|Ti7Al_logtif.h5|474|1457|604880,3,0.8609485030174255,0.765437642733256,0.054123759269714355,0.9488602876663208,0.9457036455472311,0.9034123619397482,0.8769637227058411
final_20260804-224906_augmented_spots_train_e200_b20_lr0.0002_s1,?|Ti7Al_logtif.h5|380|1363|531358,3,0.8611932396888733,0.7652941743532816,0.053516753017902374,0.9732334017753601,0.9686992963155111,0.9038382371266683,0.8736746668815613
final_20260804-224906_augmented_spots_train_e200_b20_lr0.0002_s1,?|Iron_deformed_logtif.h5|19|298|1306721,6,0.88731649518013,0.8011233111222585,0.07960216359545787,0.9551285107930502,0.9516971508661906,0.9038571715354919,0.8579887449741364
final_20260804-224906_augmented_spots_train_e200_b20_lr0.0002_s1,?|Iron_deformed_logtif.h5|14|14|64651,3,0.9069643020629883,0.8310623168945312,0.0957876443862915,0.9562673966089884,0.954477588335673,0.9055883487065634,0.8952619791030884
final_20260804-224906_augmented_spots_train_e200_b20_lr0.0002_s1,?|Iron_deformed_logtif.h5|87|87|316193,3,0.9078592856725057,0.8375176191329956,0.0950662437826395,0.8939326405525208,0.8915742039680481,0.9063965280850729,0.8333662152290344
final_20260804-224906_augmented_spots_train_e200_b20_lr0.0002_s1,?|Iron_deformed_logtif.h5|103|383|1609828,5,0.8846965074539185,0.8046524405479432,0.07138944901525975,0.9513505816459655,0.9426289677619935,0.9066535115242005,0.8260319352149963
final_20260804-224906_augmented_spots_train_e200_b20_lr0.0002_s1,?|Iron_deformed_logtif.h5|273|553|2451312,7,0.8875246644020081,0.8073470677648272,0.07203787831323487,0.9628017715045384,0.9566796166556222,0.9077434028897967,0.8511089444160461
final_20260804-224906_augmented_spots_train_e200_b20_lr0.0002_s1,?|Iron_deformed_logtif.h5|20|20|68360,3,0.898551325003306,0.8200246493021647,0.07926408077279727,0.9614054361979166,0.9592060645421346,0.9096436103185018,0.87003413438797
final_20260804-224906_augmented_spots_train_e200_b20_lr0.0002_s1,?|Iron_deformed_logtif.h5|44|44|162956,4,0.8985704630613327,0.8204670697450638,0.07897809101268649,0.956344410777092,0.9536414295434952,0.9097961932420731,0.8547551035881042
final_20260804-224906_augmented_spots_train_e200_b20_lr0.0002_s1,?|Iron_deformed_logtif.h5|56|336|1461382,5,0.9123560070991517,0.8391754865646363,0.0925556518137455,0.9528657793998718,0.9524280309677124,0.909900176525116,0.8848981857299805
final_20260804-224906_augmented_spots_train_e200_b20_lr0.0002_s1,?|Iron_deformed_logtif.h5|84|363|1554874,4,0.9006611555814743,0.8206382989883423,0.07769688498228788,0.9609625339508057,0.9607893824577332,0.911482110619545,0.8970746040344239
final_20260804-224906_augmented_spots_train_e200_b20_lr0.0002_s1,?|Iron_deformed_logtif.h5|136|136|495861,4,0.8961380869150162,0.8155336529016495,0.07137528900057077,0.9570770412683487,0.956752136349678,0.9123813956975937,0.8644280791282654
final_20260804-224906_augmented_spots_train_e200_b20_lr0.0002_s1,?|Iron_deformed_logtif.h5|88|368|1562446,4,0.8988773077726364,0.8187301009893417,0.07280648965388536,0.9656526446342468,0.9634710103273392,0.9130354076623917,0.871594887971878
final_20260804-224906_augmented_spots_train_e200_b20_lr0.0002_s1,?|Iron_deformed_logtif.h5|164|164|645795,3,0.9090400139490763,0.835674782594045,0.08151488999525706,0.9631720781326294,0.9631330370903015,0.9137625694274902,0.890017318725586
final_20260804-224906_augmented_spots_train_e200_b20_lr0.0002_s1,?|Iron_deformed_logtif.h5|189|189|785586,6,0.8875384628772736,0.805843194325765,0.05599779884020487,0.9658882319927216,0.9630141655604044,0.9157703121503195,0.8576058149337769
final_20260804-224906_augmented_spots_train_e200_b20_lr0.0002_s1,?|Iron_deformed_logtif.h5|173|173|668050,4,0.9163264036178589,0.8504016995429993,0.08460949454456568,0.9427624940872192,0.9408074766397476,0.9158584475517273,0.8687790393829345
final_20260804-224906_augmented_spots_train_e200_b20_lr0.0002_s1,?|Iron_deformed_logtif.h5|188|468|2024649,4,0.9124849736690521,0.8420567959547043,0.07957708043977618,0.9533040076494217,0.952422097325325,0.9164539575576782,0.8827728927135468
final_20260804-224906_augmented_spots_train_e200_b20_lr0.0002_s1,?|Iron_deformed_logtif.h5|13|13|63607,3,0.9059489766756693,0.8333157300949097,0.07181793451309204,0.9682506322860718,0.9655652840932211,0.9170655409495035,0.874926221370697
final_20260804-224906_augmented_spots_train_e200_b20_lr0.0002_s1,?|Ti7Al_logtif.h5|765|1748|716846,3,0.8632892767588297,0.7912893493970236,0.029135430852572124,0.8799935380617777,0.87703009446462,0.9170769453048706,0.8599636316299438
final_20260804-224906_augmented_spots_train_e200_b20_lr0.0002_s1,?|Iron_deformed_logtif.h5|55|334|1461026,3,0.9109884103139242,0.8368353843688965,0.07630660260717075,0.9800830483436584,0.9793083667755127,0.917340894540151,0.9035117149353027
final_20260804-224906_augmented_spots_train_e200_b20_lr0.0002_s1,?|Iron_deformed_logtif.h5|210|210|876585,5,0.899657130241394,0.8200749039649964,0.06468462832272052,0.9710401892662048,0.960840892791748,0.9174862384796143,0.8846822738647461
final_20260804-224906_augmented_spots_train_e200_b20_lr0.0002_s1,?|Iron_deformed_logtif.h5|18|299|1307069,4,0.9147527813911438,0.8457567989826202,0.07945044804364443,0.958451896905899,0.956034928560257,0.9176511764526367,0.8673952579498291
final_20260804-224906_augmented_spots_train_e200_b20_lr0.0002_s1,?|Iron_deformed_logtif.h5|22|302|1309528,4,0.8965469002723694,0.8213896155357361,0.06093247048556805,0.9668011665344238,0.9652202278375626,0.9178072065114975,0.8964227437973022
final_20260804-224906_augmented_spots_train_e200_b20_lr0.0002_s1,?|Iron_deformed_logtif.h5|23|23|70379,3,0.8981469472249349,0.8168931802113851,0.05963503569364548,0.9799322883288065,0.9793893496195475,0.9192559321721395,0.8876595735549927
final_20260804-224906_augmented_spots_train_e200_b20_lr0.0002_s1,?|Al_big_grains_logtif.h5|3202|3202|103431,3,0.871096114317576,0.7938001354535421,0.03222718400259813,0.9403742949167887,0.9388666947682699,0.9194344679514567,0.9125199794769288
final_20260804-224906_augmented_spots_train_e200_b20_lr0.0002_s1,?|Ti7Al_logtif.h5|431|1413|574457,3,0.9021412134170532,0.8445363640785217,0.061952371460696064,0.8482277989387512,0.8480071226755778,0.9200944304466248,0.8603106498718261
final_20260804-224906_augmented_spots_train_e200_b20_lr0.0002_s1,?|Iron_deformed_logtif.h5|172|172|667669,5,0.9135814547538758,0.8433951497077942,0.07339115515351295,0.9717896223068238,0.9622482538223267,0.9200951457023621,0.889934778213501
final_20260804-224906_augmented_spots_train_e200_b20_lr0.0002_s1,?|Ti7Al_logtif.h5|740|1723|711979,3,0.8828811049461365,0.8136381308237711,0.04146889721353849,0.8911557992299398,0.8875157833099365,0.9207061131795248,0.8841642618179322
final_20260804-224906_augmented_spots_train_e200_b20_lr0.0002_s1,?|Iron_deformed_logtif.h5|27|27|75554,4,0.8998075276613235,0.819942906498909,0.05703354347497225,0.960470512509346,0.9573534429073334,0.9213869720697403,0.9031964421272278
final_20260804-224906_augmented_spots_train_e200_b20_lr0.0002_s1,?|Iron_deformed_logtif.h5|259|539|2410871,4,0.920494869351387,0.8541016578674316,0.0773893790319562,0.952622190117836,0.9489881098270416,0.921552762389183,0.8851402580738068
final_20260804-224906_augmented_spots_train_e200_b20_lr0.0002_s1,?|Iron_deformed_logtif.h5|279|279|1239202,4,0.907214343547821,0.835031196475029,0.06227174075320363,0.9563194513320923,0.9559920430183411,0.9224713295698166,0.8677561640739441
final_20260804-224906_augmented_spots_train_e200_b20_lr0.0002_s1,?|Iron_deformed_logtif.h5|21|21|68698,5,0.91462721824646,0.8444923996925354,0.06963834911584854,0.9732314944267273,0.9725692510604859,0.9224944353103638,0.9051597833633422
final_20260804-224906_augmented_spots_train_e200_b20_lr0.0002_s1,?|Iron_deformed_logtif.h5|16|296|1305672,3,0.9109252293904623,0.8372159202893575,0.06507248928149541,0.9756069978078207,0.9745182394981384,0.9229263861974081,0.9128894448280335
final_20260804-224906_augmented_spots_train_e200_b20_lr0.0002_s1,?|Iron_deformed_logtif.h5|33|313|1349905,6,0.9083989957968394,0.835639754931132,0.061893634498119354,0.9696225225925446,0.9680384000142416,0.923252671957016,0.8873367309570312
final_20260804-224906_augmented_spots_train_e200_b20_lr0.0002_s1,?|Iron_deformed_logtif.h5|184|464|1988468,6,0.9140357275803884,0.8432694872220358,0.0670213329916199,0.9671895404656728,0.9668567776679993,0.9235071937243143,0.8969859480857849
final_20260804-224906_augmented_spots_train_e200_b20_lr0.0002_s1,?|Iron_deformed_logtif.h5|250|250|1106997,4,0.8966414034366608,0.8193342238664627,0.049419292248785496,0.9697738140821457,0.9692578464746475,0.9236110746860504,0.9019737780094147
final_20260804-224906_augmented_spots_train_e200_b20_lr0.0002_s1,?|Iron_deformed_logtif.h5|121|401|1655920,4,0.9073420166969299,0.8333055377006531,0.059834790881723166,0.9758400470018387,0.9731515049934387,0.9237535893917084,0.8855331718921662
final_20260804-224906_augmented_spots_train_e200_b20_lr0.0002_s1,?|Iron_deformed_logtif.h5|192|472|2026576,3,0.9033484061559042,0.8313146233558655,0.05545993894338608,0.9671748081843058,0.9670483072598776,0.9239442348480225,0.8992637038230896
final_20260804-224906_augmented_spots_train_e200_b20_lr0.0002_s1,?|Ti7Al_logtif.h5|291|291|107749,5,0.900583803653717,0.8288800477981567,0.052183134481310844,0.9060023188591003,0.8989726543426514,0.9242003560066223,0.8715522527694702
final_20260804-224906_augmented_spots_train_e200_b20_lr0.0002_s1,?|Iron_deformed_logtif.h5|232|232|1020810,3,0.9180186788241068,0.8538608948389689,0.0694057084619999,0.9751294056574503,0.9748461246490479,0.9243064721425375,0.8873886823654175
final_20260804-224906_augmented_spots_train_e200_b20_lr0.0002_s1,?|Iron_deformed_logtif.h5|93|93|333088,3,0.9077518979708353,0.8383754094441732,0.05893317610025406,0.9802687962849935,0.9801738063494364,0.9244093298912048,0.9023625135421753
final_20260804-224906_augmented_spots_train_e200_b20_lr0.0002_s1,?|Iron_deformed_logtif.h5|139|420|1763892,4,0.9108142107725143,0.8423120677471161,0.061536308377981186,0.9669387340545654,0.966042697429657,0.9246389418840408,0.8867266535758972
final_20260804-224906_augmented_spots_train_e200_b20_lr0.0002_s1,?|Iron_deformed_logtif.h5|143|143|525365,3,0.9197200338045756,0.8540400862693787,0.07022818674643834,0.9573831558227539,0.9562804897626241,0.9247459173202515,0.8965111374855042
final_20260804-224906_augmented_spots_train_e200_b20_lr0.0002_s1,?|Iron_deformed_logtif.h5|1|1|10546,5,0.8870152592658996,0.8078035950660706,0.03696726523339748,0.959078562259674,0.957851767539978,0.9250239968299866,0.8880396008491516
final_20260804-224906_augmented_spots_train_e200_b20_lr0.0002_s1,?|Ti7Al_logtif.h5|561|1541|646447,3,0.8907513419787089,0.812710682551066,0.04069106963773569,0.9699934720993042,0.9684177041053772,0.9250301520029703,0.8864151239395142
final_20260804-224906_augmented_spots_train_e200_b20_lr0.0002_s1,?|Iron_deformed_logtif.h5|273|273|1210178,4,0.9034745842218399,0.8262919783592224,0.05225211102515459,0.9817672520875931,0.9812025725841522,0.9256112575531006,0.9103418290615082
final_20260804-224906_augmented_spots_train_e200_b20_lr0.0002_s1,?|Iron_deformed_logtif.h5|42|322|1394565,3,0.9126951098442078,0.8407345612843832,0.06093914185961088,0.9735163450241089,0.9733388821283976,0.9258779684702555,0.8890177011489868
final_20260804-224906_augmented_spots_train_e200_b20_lr0.0002_s1,?|Iron_deformed_logtif.h5|124|404|1669194,3,0.9231602152188619,0.8602272272109985,0.07080078621705373,0.9553050398826599,0.9541893005371094,0.9261797070503235,0.8946313977241516
final_20260804-224906_augmented_spots_train_e200_b20_lr0.0002_s1,?|Iron_deformed_logtif.h5|22|22|70041,3,0.92046719789505,0.8531880776087443,0.06775743141770363,0.9842513600985209,0.9832577109336853,0.9263548652331034,0.9094436883926391
final_20260804-224906_augmented_spots_train_e200_b20_lr0.0002_s1,?|Iron_deformed_logtif.h5|17|297|1306370,4,0.908918485045433,0.833071380853653,0.055722350254654884,0.9802188575267792,0.9799626022577286,0.926598072052002,0.9078315973281861
final_20260804-224906_augmented_spots_train_e200_b20_lr0.0002_s1,?|Iron_deformed_logtif.h5|15|295|1305345,3,0.907802402973175,0.8335675001144409,0.05452712376912435,0.9823339382807413,0.9816522200902303,0.9266376296679179,0.9073709845542908
final_20260804-224906_augmented_spots_train_e200_b20_lr0.0002_s1,?|Al_deformed_LoG_logtif.h5|7|41|510550,15,0.9140714287757874,0.8425317843755086,0.060680794964234036,0.9775593042373657,0.9772123098373413,0.9266953110694885,0.9061757326126099
final_20260804-224906_augmented_spots_train_e200_b20_lr0.0002_s1,?|Iron_deformed_logtif.h5|169|449|1897167,4,0.9069517850875854,0.8320750594139099,0.053401130717247725,0.9752215445041656,0.9747232645750046,0.9267753213644028,0.9110161185264587
final_20260804-224906_augmented_spots_train_e200_b20_lr0.0002_s1,?|Iron_deformed_logtif.h5|229|229|1011112,4,0.909361258149147,0.8358095288276672,0.055724358186125755,0.9731965065002441,0.9723050594329834,0.926818460226059,0.9054189682006836
final_20260804-224906_augmented_spots_train_e200_b20_lr0.0002_s1,?|Iron_deformed_logtif.h5|163|443|1881181,3,0.9197514454523722,0.8522193431854248,0.06591209024190903,0.9711844325065613,0.9706367055575053,0.926919678846995,0.909025776386261
final_20260804-224906_augmented_spots_train_e200_b20_lr0.0002_s1,?|Iron_deformed_logtif.h5|217|497|2202296,4,0.8940775245428085,0.813876286149025,0.040134879760444164,0.9660772681236267,0.9655650109052658,0.9269713312387466,0.9069930374622345
final_20260804-224906_augmented_spots_train_e200_b20_lr0.0002_s1,?|Iron_deformed_logtif.h5|215|215|920107,3,0.9170386791229248,0.8477682073911031,0.06309312333663304,0.9796262979507446,0.979227602481842,0.9269727865854899,0.9160874485969543
final_20260804-224906_augmented_spots_train_e200_b20_lr0.0002_s1,?|Iron_deformed_logtif.h5|198|478|2057750,4,0.9083927124738693,0.8354571163654327,0.054271018132567406,0.9774943888187408,0.9740757644176483,0.9270608425140381,0.8993802547454834
final_20260804-224906_augmented_spots_train_e200_b20_lr0.0002_s1,?|Iron_deformed_logtif.h5|149|149|573179,5,0.8992963194847107,0.8223527908325196,0.0443452388048172,0.9837050318717957,0.9830698728561401,0.9274755477905273,0.8858638048171997
final_20260804-224906_augmented_spots_train_e200_b20_lr0.0002_s1,?|Iron_deformed_logtif.h5|120|400|1655560,4,0.9042323380708694,0.8274657875299454,0.049202353693544865,0.9825689196586609,0.9824751913547516,0.9275150001049042,0.9159973740577698
final_20260804-224906_augmented_spots_train_e200_b20_lr0.0002_s1,?|Iron_deformed_logtif.h5|46|46|183492,5,0.9131358027458191,0.8441379189491272,0.05808306783437729,0.958751118183136,0.9559349060058594,0.9275263786315918,0.8944984436035156
final_20260804-224906_augmented_spots_train_e200_b20_lr0.0002_s1,?|Iron_deformed_logtif.h5|181|461|1951519,3,0.9199544787406921,0.8518750667572021,0.06468804428974788,0.9804694056510925,0.979338804880778,0.9276332259178162,0.9182041645050049
final_20260804-224906_augmented_spots_train_e200_b20_lr0.0002_s1,?|Ti7Al_logtif.h5|753|1735|715115,3,0.9378549257914225,0.8837830026944479,0.08256430427233379,0.9327579935391744,0.9308623671531677,0.9276452859242758,0.9097508311271667
final_20260804-224906_augmented_spots_train_e200_b20_lr0.0002_s1,?|Iron_deformed_logtif.h5|95|374|1574041,5,0.9196959853172302,0.8533530354499816,0.06393246501684188,0.9616199851036071,0.9597855806350708,0.9278817415237427,0.8912791728973388
final_20260804-224906_augmented_spots_train_e200_b20_lr0.0002_s1,?|Iron_deformed_logtif.h5|15|15|66683,3,0.9289259513219198,0.8675126036008199,0.07266601671775182,0.9736471772193909,0.973473866780599,0.9281299511591593,0.9216515898704529
final_20260804-224906_augmented_spots_train_e200_b20_lr0.0002_s1,?|Iron_deformed_logtif.h5|188|188|784896,5,0.9099353909492492,0.8368384003639221,0.05309536419808865,0.9775676608085633,0.9772088050842285,0.9284200191497802,0.9075912952423095
final_20260804-224906_augmented_spots_train_e200_b20_lr0.0002_s1,?|Iron_deformed_logtif.h5|98|98|344511,4,0.9099034518003464,0.8359201550483704,0.05240522511303425,0.9894765764474869,0.9894091486930847,0.9287490993738174,0.9059366881847382
final_20260804-224906_augmented_spots_train_e200_b20_lr0.0002_s1,?|Iron_deformed_logtif.h5|249|527|2345175,4,0.9130740165710449,0.841584175825119,0.05544487480074167,0.9715141803026199,0.970776379108429,0.928814560174942,0.9134403705596924
final_20260804-224906_augmented_spots_train_e200_b20_lr0.0002_s1,?|Ti7Al_logtif.h5|331|331|117248,3,0.9117771784464518,0.8507539828618368,0.05377563958366712,0.9136682947476705,0.9130837122599283,0.9290007750193278,0.8953178882598877
final_20260804-224906_augmented_spots_train_e200_b20_lr0.0002_s1,?|Iron_deformed_logtif.h5|275|555|2456737,5,0.9126965403556824,0.8418056249618531,0.05404299572110176,0.9836577653884888,0.9819173812866211,0.9293267607688904,0.8925902605056762
final_20260804-224906_augmented_spots_train_e200_b20_lr0.0002_s1,?|Iron_deformed_logtif.h5|246|526|2344537,5,0.9124873995780944,0.8400217533111572,0.05358207523822785,0.9825387239456177,0.9824352860450745,0.9294526696205139,0.899872612953186
final_20260804-224906_augmented_spots_train_e200_b20_lr0.0002_s1,?|Iron_deformed_logtif.h5|13|293|1302579,4,0.9150926172733307,0.8448210656642914,0.05423337314277887,0.9705032110214233,0.9702241569757462,0.9304296225309372,0.91355402469635
final_20260804-224906_augmented_spots_train_e200_b20_lr0.0002_s1,?|Ti7Al_logtif.h5|192|192|64402,3,0.9034958084424337,0.8357874552408854,0.04107525820533434,0.9143336216608683,0.9115588863690695,0.9312102794647217,0.9063867807388306
final_20260804-224906_augmented_spots_train_e200_b20_lr0.0002_s1,?|Ti7Al_logtif.h5|502|502|226160,3,0.9040534893671671,0.8304821848869324,0.040161767353614174,0.9688954552014669,0.9670010209083557,0.9319458405176798,0.908574390411377
final_20260804-224906_augmented_spots_train_e200_b20_lr0.0002_s1,?|Iron_deformed_logtif.h5|167|447|1896154,3,0.8883111874262491,0.8131997585296631,0.023044406436383724,0.9912898540496826,0.9795118570327759,0.9326333800951639,0.8900274753570556
final_20260804-224906_augmented_spots_train_e200_b20_lr0.0002_s1,?|Al_deformed_LoG_logtif.h5|6|6|54274,27,0.9158923714249222,0.8459293422875581,0.050337129513974545,0.9877211098317746,0.9875597070764612,0.9327776189203616,0.9100275278091431
final_20260804-224906_augmented_spots_train_e200_b20_lr0.0002_s1,?|Iron_deformed_logtif.h5|272|272|1208818,6,0.9171027739842733,0.8473679025967916,0.05148489959537983,0.9740021725495657,0.9737662573655447,0.9328089455763499,0.9054031372070312
final_20260804-224906_augmented_spots_train_e200_b20_lr0.0002_s1,?|Iron_deformed_logtif.h5|58|58|242737,3,0.9190152088801066,0.8517681360244751,0.05270684386293093,0.9749436577161154,0.9746790130933126,0.9331541856129965,0.9141226410865784
final_20260804-224906_augmented_spots_train_e200_b20_lr0.0002_s1,?|Iron_deformed_logtif.h5|191|191|786702,8,0.9247444421052933,0.8608268424868584,0.05770738096907735,0.9826191440224648,0.9820810854434967,0.9335185289382935,0.9207463026046753
final_20260804-224906_augmented_spots_train_e200_b20_lr0.0002_s1,?|Iron_deformed_logtif.h5|111|111|397455,4,0.9165273010730743,0.8505330830812454,0.049233815632760525,0.9630502760410309,0.9624561816453934,0.9336467385292053,0.8885211944580078
final_20260804-224906_augmented_spots_train_e200_b20_lr0.0002_s1,?|Ti7Al_logtif.h5|1|983|386483,3,0.8938504457473755,0.8265732129414877,0.02615532837808132,0.9390444159507751,0.9383841355641683,0.9338475465774536,0.9086658716201782
final_20260804-224906_augmented_spots_train_e200_b20_lr0.0002_s1,?|Ti7Al_logtif.h5|674|1655|690234,3,0.8972971439361572,0.823697586854299,0.028964960326751072,0.9772957762082418,0.9770018855730692,0.9341660936673483,0.928752064704895
final_20260804-224906_augmented_spots_train_e200_b20_lr0.0002_s1,?|Al_deformed_LoG_logtif.h5|17|51|763114,23,0.93025585361149,0.8704682329426641,0.060958084852799126,0.9786399369654448,0.9780590508295142,0.934648871421814,0.9095376133918762
final_20260804-224906_augmented_spots_train_e200_b20_lr0.0002_s1,?|Al_deformed_LoG_logtif.h5|6|40|510321,24,0.9215787053108215,0.8554844707250595,0.05175410828087479,0.9856749127308527,0.9854649156332016,0.9349122991164526,0.9065203011035919
final_20260804-224906_augmented_spots_train_e200_b20_lr0.0002_s1,?|Iron_deformed_logtif.h5|98|378|1584909,3,0.9058260321617126,0.829782764116923,0.03595365025103092,0.9944843649864197,0.9944430589675903,0.9349361856778463,0.9190417528152466
final_20260804-224906_augmented_spots_train_e200_b20_lr0.0002_s1,?|Ti7Al_logtif.h5|746|1728|712611,4,0.9293141961097717,0.8698624670505524,0.05926969647407532,0.9498476386070251,0.9484759569168091,0.935022234916687,0.907892644405365
final_20260804-224906_augmented_spots_train_e200_b20_lr0.0002_s1,?|Iron_deformed_logtif.h5|278|278|1238536,5,0.9166602969169617,0.8496450781822205,0.0462885107845068,0.9704055428504944,0.9698655843734741,0.9351858735084534,0.892371940612793
final_20260804-224906_augmented_spots_train_e200_b20_lr0.0002_s1,?|Iron_deformed_logtif.h5|153|433|1857995,4,0.9103211015462875,0.8364673405885696,0.03899494186043739,0.992928072810173,0.9927704632282257,0.9356630742549896,0.9199954748153687
final_20260804-224906_augmented_spots_train_e200_b20_lr0.0002_s1,?|Al_deformed_LoG_logtif.h5|29|63|895675,13,0.9225369783548208,0.8569737214308518,0.05103176760558899,0.9857690013371981,0.9853517688237704,0.9357526027239286,0.9113351464271545
final_20260804-224906_augmented_spots_train_e200_b20_lr0.0002_s1,?|Iron_deformed_logtif.h5|102|102|368709,6,0.9152571459611257,0.8475199540456136,0.042656486853957176,0.9789239565531412,0.978262335062027,0.9363003174463908,0.9070785641670227
final_20260804-224906_augmented_spots_train_e200_b20_lr0.0002_s1,?|Al_deformed_LoG_logtif.h5|27|61|894788,23,0.9262035955553469,0.8636466497960298,0.053178353316110115,0.98213079182998,0.9815295571866243,0.9365126205527264,0.900778615474701
final_20260804-224906_augmented_spots_train_e200_b20_lr0.0002_s1,?|Al_deformed_LoG_logtif.h5|19|19|353769,17,0.927061939940733,0.8650616442455965,0.05398112130077446,0.9818223259028267,0.9809340764494503,0.9365404107991386,0.9182468891143799
final_20260804-224906_augmented_spots_train_e200_b20_lr0.0002_s1,?|Iron_deformed_logtif.h5|230|510|2253954,4,0.9032126367092133,0.8327048420906067,0.02979751443490386,0.9524870812892914,0.9493005126714706,0.9367075562477112,0.9179261803627015
final_20260804-224906_augmented_spots_train_e200_b20_lr0.0002_s1,?|Iron_deformed_logtif.h5|210|490|2115695,3,0.9246496359507242,0.8601168195406595,0.05123140662908554,0.9855814774831136,0.9852534333864847,0.9367091059684753,0.9268702864646912
final_20260804-224906_augmented_spots_train_e200_b20_lr0.0002_s1,?|Iron_deformed_logtif.h5|70|351|1516103,3,0.9197308818499247,0.8524238467216492,0.04613222802678744,0.9823730190594991,0.9787408113479614,0.9367993275324503,0.9297006607055665
final_20260804-224906_augmented_spots_train_e200_b20_lr0.0002_s1,?|Ti7Al_logtif.h5|725|1707|707156,3,0.8964431484540304,0.8269888559977213,0.022683069730798405,0.9865105152130127,0.9862480560938517,0.9368800719579061,0.9246499061584472
final_20260804-224906_augmented_spots_train_e200_b20_lr0.0002_s1,?|Iron_deformed_logtif.h5|195|195|807221,3,0.9195636709531149,0.8541246255238851,0.045369043946266174,0.987671951452891,0.9866018692652384,0.9370973110198975,0.9105451822280883
final_20260804-224906_augmented_spots_train_e200_b20_lr0.0002_s1,?|Iron_deformed_logtif.h5|274|274|1211311,3,0.9164467255274454,0.8474633892377218,0.04157135138909022,0.9882804950078329,0.987864096959432,0.9374376932779948,0.9265748143196106
final_20260804-224906_augmented_spots_train_e200_b20_lr0.0002_s1,?|Iron_deformed_logtif.h5|92|372|1572842,4,0.9308276176452637,0.872187077999115,0.055532000958919525,0.9860217869281769,0.9849597811698914,0.9376478046178818,0.9233004450798035
final_20260804-224906_augmented_spots_train_e200_b20_lr0.0002_s1,?|Iron_deformed_logtif.h5|39|39|143519,5,0.9351271390914917,0.8791911363601684,0.05954808536916971,0.9743649363517761,0.9726399183273315,0.937789511680603,0.913757586479187
final_20260804-224906_augmented_spots_train_e200_b20_lr0.0002_s1,?|Iron_deformed_logtif.h5|224|224|1002176,3,0.9377397894859314,0.8831188281377157,0.062159691005945206,0.9747130870819092,0.9745119015375773,0.937790036201477,0.9296899318695069
final_20260804-224906_augmented_spots_train_e200_b20_lr0.0002_s1,?|Ti7Al_logtif.h5|587|1569|653866,3,0.9293098847071329,0.8762560685475668,0.053445967535177864,0.9505821863810221,0.9504629373550415,0.9379319349924723,0.9101367235183716
final_20260804-224906_augmented_spots_train_e200_b20_lr0.0002_s1,?|Iron_deformed_logtif.h5|129|129|446107,6,0.9300063749154409,0.8760302166144053,0.05397985099504391,0.9665095806121826,0.9651057521502177,0.9380132655302683,0.9130039811134338
final_20260804-224906_augmented_spots_train_e200_b20_lr0.0002_s1,?|Iron_deformed_logtif.h5|121|121|413884,3,0.9201404054959615,0.8538445631663004,0.04406830730537573,0.9724120497703552,0.971675177415212,0.9380360245704651,0.9176325321197509
final_20260804-224906_augmented_spots_train_e200_b20_lr0.0002_s1,?|Ti7Al_logtif.h5|868|868|355427,3,0.9265653491020203,0.8673844536145529,0.05037445450822512,0.9756660262743632,0.9751811226209005,0.9380954702695211,0.9150877952575683
final_20260804-224906_augmented_spots_train_e200_b20_lr0.0002_s1,?|Iron_deformed_logtif.h5|30|310|1320109,5,0.9063807606697083,0.8393062472343444,0.02998851239681244,0.9556464076042175,0.9535211205482483,0.9381961226463318,0.9101659774780273
final_20260804-224906_augmented_spots_train_e200_b20_lr0.0002_s1,?|Iron_deformed_logtif.h5|255|535|2371626,5,0.9125224471092224,0.8413756132125855,0.03612223230302334,0.9883199214935303,0.9881640434265136,0.9382001161575317,0.9155302286148072
final_20260804-224906_augmented_spots_train_e200_b20_lr0.0002_s1,?|Iron_deformed_logtif.h5|81|81|313835,4,0.9184148013591766,0.8549129962921143,0.04195255832746625,0.9816890954971313,0.9815893769264221,0.9382311254739761,0.9181377828121186
final_20260804-224906_augmented_spots_train_e200_b20_lr0.0002_s1,?|Ti7Al_logtif.h5|903|1882|752818,3,0.9120416243871053,0.8442940910657247,0.03555714742590984,0.9645538926124573,0.9630112648010254,0.9382422566413879,0.902816891670227
final_20260804-224906_augmented_spots_train_e200_b20_lr0.0002_s1,?|Iron_deformed_logtif.h5|278|558|2479788,3,0.9296413064002991,0.8695589303970337,0.052973534911870956,0.9757709900538126,0.974766751130422,0.9383338888486227,0.923718786239624
final_20260804-224906_augmented_spots_train_e200_b20_lr0.0002_s1,?|Iron_deformed_logtif.h5|137|137|518561,5,0.915856146812439,0.8451260685920715,0.03905912078917027,0.9815444707870483,0.9811082363128663,0.9383984923362731,0.9322357654571534
final_20260804-224906_augmented_spots_train_e200_b20_lr0.0002_s1,?|Iron_deformed_logtif.h5|93|373|1573666,4,0.9117077142000198,0.8431168049573898,0.03487725299783051,0.9829306751489639,0.9777671545743942,0.9384152442216873,0.9070527911186218
final_20260804-224906_augmented_spots_train_e200_b20_lr0.0002_s1,?|Al_deformed_LoG_logtif.h5|20|54|805566,20,0.9289100974798202,0.8678082019090653,0.051860883738845585,0.9810847729444504,0.9808455765247345,0.9385246098041534,0.9202499389648438
final_20260804-224906_augmented_spots_train_e200_b20_lr0.0002_s1,?|Al_deformed_LoG_logtif.h5|8|8|54671,22,0.92179044268348,0.8564888997511431,0.04463200601325794,0.9856458875265989,0.9854049032384699,0.9385792206634175,0.9146210134029389
final_20260804-224906_augmented_spots_train_e200_b20_lr0.0002_s1,?|Iron_deformed_logtif.h5|125|405|1675921,3,0.9268832206726074,0.8645246028900146,0.04972017121811708,0.9835191369056702,0.9821449716885885,0.9385815262794495,0.9165255308151246
final_20260804-224906_augmented_spots_train_e200_b20_lr0.0002_s1,?|Iron_deformed_logtif.h5|265|545|2432134,4,0.9108298569917679,0.8411538749933243,0.03331431886181235,0.9822305142879486,0.9817874282598495,0.9387577623128891,0.928293091058731
final_20260804-224906_augmented_spots_train_e200_b20_lr0.0002_s1,?|Ti7Al_logtif.h5|737|737|318628,3,0.9458736975987753,0.8978286584218343,0.06816403940320015,0.9346326986948649,0.9341904123624166,0.9388548135757446,0.913698697090149
final_20260804-224906_augmented_spots_train_e200_b20_lr0.0002_s1,?|Iron_deformed_logtif.h5|166|166|647236,5,0.9275103569030761,0.8666272759437561,0.04979036226868629,0.9817049741744995,0.9814871549606323,0.9388599872589112,0.9203559398651123
final_20260804-224906_augmented_spots_train_e200_b20_lr0.0002_s1,?|Iron_deformed_logtif.h5|129|409|1686682,3,0.9215072592099508,0.856321394443512,0.04371674358844757,0.9903333187103271,0.9897690812746683,0.9388952652613322,0.9256701111793518
final_20260804-224906_augmented_spots_train_e200_b20_lr0.0002_s1,?|Ti7Al_logtif.h5|661|1643|680280,3,0.927596906820933,0.8696245352427164,0.04933933292826017,0.9090766112009684,0.9053659041722616,0.9391287962595621,0.9082579374313354
final_20260804-224906_augmented_spots_train_e200_b20_lr0.0002_s1,?|Iron_deformed_logtif.h5|174|174|668440,4,0.9248097836971283,0.8622360676527023,0.04592088144272566,0.9824759066104889,0.9818031489849091,0.9394444525241852,0.9152308464050293
final_20260804-224906_augmented_spots_train_e200_b20_lr0.0002_s1,?|Ti7Al_logtif.h5|878|878|356416,3,0.9362718462944031,0.8816271821657816,0.057357512414455414,0.9320405920346578,0.9310980041821798,0.9394571781158447,0.9191168427467347
final_20260804-224906_augmented_spots_train_e200_b20_lr0.0002_s1,?|Ti7Al_logtif.h5|278|1260|494692,3,0.9254341522852579,0.866955041885376,0.04614361313482126,0.9542615612347921,0.9540681640307108,0.9396452705065409,0.9213940620422363
final_20260804-224906_augmented_spots_train_e200_b20_lr0.0002_s1,?|Iron_deformed_logtif.h5|5|5|17872,5,0.9213390946388245,0.8552622079849244,0.04183981455862522,0.9923757910728455,0.9921422481536866,0.9397496461868287,0.921683406829834
final_20260804-224906_augmented_spots_train_e200_b20_lr0.0002_s1,?|Ti7Al_logtif.h5|785|1767|720185,3,0.9077063401540121,0.8498311440149943,0.027734840288758278,0.9585929115613302,0.9570199251174927,0.9399857521057129,0.9107473254203796
final_20260804-224906_augmented_spots_train_e200_b20_lr0.0002_s1,?|Iron_deformed_logtif.h5|250|529|2345856,3,0.9370008905728658,0.8823262453079224,0.05662619757155577,0.9713168740272522,0.9710211952527364,0.9401873548825582,0.9224915266036987
final_20260804-224906_augmented_spots_train_e200_b20_lr0.0002_s1,?|Iron_deformed_logtif.h5|73|73|294002,3,0.9156760573387146,0.8480177521705627,0.035081168015797935,0.9788482387860616,0.9783783157666525,0.9402974645296732,0.9225464582443237
final_20260804-224906_augmented_spots_train_e200_b20_lr0.0002_s1,?|Iron_deformed_logtif.h5|235|515|2278776,3,0.936492383480072,0.8811349670092264,0.055819722513357796,0.9796851476033529,0.9790876309076945,0.9403363068898519,0.9254410028457641
final_20260804-224906_augmented_spots_train_e200_b20_lr0.0002_s1,?|Ti7Al_logtif.h5|605|1587|664057,3,0.9200259248415629,0.8642915884653727,0.03910179932912191,0.9817273418108622,0.9816136161486307,0.940462072690328,0.91279456615448
final_20260804-224906_augmented_spots_train_e200_b20_lr0.0002_s1,?|Al_deformed_LoG_logtif.h5|25|59|878905,16,0.9256810806691647,0.8627247847616673,0.0447322751278989,0.9873306341469288,0.9854904189705849,0.9404744207859039,0.9244448244571686
final_20260804-224906_augmented_spots_train_e200_b20_lr0.0002_s1,?|Iron_deformed_logtif.h5|21|300|1307410,3,0.9341164827346802,0.8770336310068766,0.05311960726976395,0.9647096792856852,0.9640540281931559,0.940498431523641,0.9140438914299012
final_20260804-224906_augmented_spots_train_e200_b20_lr0.0002_s1,?|Iron_deformed_logtif.h5|243|243|1093956,4,0.9315343350172043,0.8742375671863556,0.04981466941535473,0.9680263698101044,0.9676886945962906,0.940859854221344,0.9102389812469482
final_20260804-224906_augmented_spots_train_e200_b20_lr0.0002_s1,?|Iron_deformed_logtif.h5|0|0|1623,3,0.9288191596666971,0.8682512839635214,0.046814541021982826,0.9638388156890869,0.9637683828671774,0.9410022894541422,0.9322825193405151
final_20260804-224906_augmented_spots_train_e200_b20_lr0.0002_s1,?|Iron_deformed_logtif.h5|241|241|1093313,4,0.9225044399499893,0.8598578870296478,0.040147587191313505,0.9796438366174698,0.9792759567499161,0.9411784112453461,0.9129404723644257
final_20260804-224906_augmented_spots_train_e200_b20_lr0.0002_s1,?|Iron_deformed_logtif.h5|127|127|436075,9,0.9232832392056783,0.8596980505519443,0.04050546822448572,0.9919468495580885,0.9904925889439053,0.9413888785574172,0.9210732460021973
final_20260804-224906_augmented_spots_train_e200_b20_lr0.0002_s1,?|Iron_deformed_logtif.h5|2|2|12606,8,0.9243582040071487,0.8606360703706741,0.04150437645148486,0.9808946847915649,0.9804013893008232,0.9414269179105759,0.9166322112083435
final_20260804-224906_augmented_spots_train_e200_b20_lr0.0002_s1,?|Al_deformed_LoG_logtif.h5|8|42|510785,24,0.9270732303460439,0.8650000840425491,0.043673219780127205,0.9869346842169762,0.9865808660785357,0.9417000065247217,0.9203701257705689
final_20260804-224906_augmented_spots_train_e200_b20_lr0.0002_s1,?|Iron_deformed_logtif.h5|197|197|812567,6,0.9248346785704294,0.8621791104475657,0.04074864803502957,0.9855911433696747,0.9848802586396536,0.9420429964860281,0.9231632351875305
final_20260804-224906_augmented_spots_train_e200_b20_lr0.0002_s1,?|Iron_deformed_logtif.h5|86|367|1556377,5,0.9312087655067444,0.8724973201751709,0.04659040346741676,0.9843083024024963,0.9837963819503784,0.9423091888427735,0.9302311778068543
final_20260804-224906_augmented_spots_train_e200_b20_lr0.0002_s1,?|Iron_deformed_logtif.h5|238|518|2313516,3,0.9304250478744507,0.8707438111305237,0.045757983500758805,0.9939963022867838,0.9938260912895203,0.9423335194587708,0.9183649897575379
final_20260804-224906_augmented_spots_train_e200_b20_lr0.0002_s1,?|Iron_deformed_logtif.h5|127|407|1676778,4,0.9238623827695847,0.8591272234916687,0.03894878178834915,0.994976818561554,0.99490587413311,0.9424568116664886,0.9380647659301757
final_20260804-224906_augmented_spots_train_e200_b20_lr0.0002_s1,?|Iron_deformed_logtif.h5|235|235|1039802,3,0.9212724963823954,0.8571198185284933,0.03635585494339466,0.9861527681350708,0.9856565197308859,0.9424583315849304,0.919643783569336
final_20260804-224906_augmented_spots_train_e200_b20_lr0.0002_s1,?|Iron_deformed_logtif.h5|67|347|1504401,4,0.9322598725557327,0.8741165846586227,0.04733079392462969,0.9900210648775101,0.9895462989807129,0.9424645155668259,0.9303513526916504
final_20260804-224906_augmented_spots_train_e200_b20_lr0.0002_s1,?|Iron_deformed_logtif.h5|128|408|1686356,3,0.9448560873667399,0.8956576585769653,0.05969911068677902,0.9796103835105896,0.979149341583252,0.9425785144170126,0.9374855875968933
final_20260804-224906_augmented_spots_train_e200_b20_lr0.0002_s1,?|Al_deformed_LoG_logtif.h5|7|7|54476,19,0.9250308996752689,0.8615186245817887,0.03938884209645422,0.9912652059605247,0.9909819176322535,0.9428210321225619,0.9175736308097839
final_20260804-224906_augmented_spots_train_e200_b20_lr0.0002_s1,?|Al_deformed_LoG_logtif.h5|30|30|444908,14,0.931377500295639,0.8722294398716518,0.045621944192264764,0.9909885312829699,0.9909188789980752,0.9428777609552655,0.9231411099433899
final_20260804-224906_augmented_spots_train_e200_b20_lr0.0002_s1,?|Al_deformed_LoG_logtif.h5|18|52|779675,19,0.9315022983049092,0.8722304858659443,0.04548959394818858,0.9834402830977189,0.9832328714822468,0.9430063492373416,0.9312138557434082
final_20260804-224906_augmented_spots_train_e200_b20_lr0.0002_s1,?|Iron_deformed_logtif.h5|59|59|249552,4,0.9333949834108353,0.8763424605131149,0.04727198136970401,0.984538733959198,0.9844145625829697,0.943061500787735,0.9255944728851319
final_20260804-224906_augmented_spots_train_e200_b20_lr0.0002_s1,?|Iron_deformed_logtif.h5|241|521|2332675,5,0.9215062260627747,0.8580234766006469,0.03516152165830135,0.9783352971076965,0.9780855178833008,0.9431723713874817,0.9199266076087952
final_20260804-224906_augmented_spots_train_e200_b20_lr0.0002_s1,?|Iron_deformed_logtif.h5|159|159|624558,4,0.9306809157133102,0.8715658336877823,0.044044440146535635,0.9902614057064056,0.9901961982250214,0.9433182328939438,0.9287601470947265
final_20260804-224906_augmented_spots_train_e200_b20_lr0.0002_s1,?|Iron_deformed_logtif.h5|108|108|396384,3,0.9322891235351562,0.8762165904045105,0.04541406283775965,0.977773110071818,0.976978063583374,0.9434375365575155,0.9254957675933838
final_20260804-224906_augmented_spots_train_e200_b20_lr0.0002_s1,?|Al_deformed_LoG_logtif.h5|17|17|318986,16,0.9303300082683563,0.8715992458164692,0.04337167274206877,0.9862697534263134,0.9843238554894924,0.9434791691601276,0.9128994047641754
final_20260804-224906_augmented_spots_train_e200_b20_lr0.0002_s1,?|Iron_deformed_logtif.h5|176|176|671863,7,0.9328931229455131,0.8750478795596531,0.045875173062086105,0.9898154394967216,0.9896563972745623,0.9435089826583862,0.9306617736816406
final_20260804-224906_augmented_spots_train_e200_b20_lr0.0002_s1,?|Iron_deformed_logtif.h5|270|550|2449837,5,0.9374839305877686,0.8832608342170716,0.05044609792530537,0.9685972690582275,0.9681210041046142,0.9435189366340637,0.9181664466857911
final_20260804-224906_augmented_spots_train_e200_b20_lr0.0002_s1,?|Iron_deformed_logtif.h5|215|495|2158392,3,0.9311065077781677,0.8719136317571005,0.04373027260104815,0.9908294876416525,0.9906721115112305,0.9436880946159363,0.9288407683372497
final_20260804-224906_augmented_spots_train_e200_b20_lr0.0002_s1,?|Al_deformed_LoG_logtif.h5|22|56|838484,30,0.9286499241987864,0.8676442285378774,0.041098583458612364,0.9920869052410126,0.9919497450192769,0.9437756737073263,0.9222830891609192
final_20260804-224906_augmented_spots_train_e200_b20_lr0.0002_s1,?|Al_deformed_LoG_logtif.h5|20|20|362924,19,0.9348426178881997,0.8785479570689955,0.04688428420769541,0.9858250774835285,0.9855445090093111,0.9439791723301536,0.9261965990066529
final_20260804-224906_augmented_spots_train_e200_b20_lr0.0002_s1,?|Iron_deformed_logtif.h5|136|416|1735423,3,0.9334729909896851,0.8762022654215494,0.04541194811463356,0.9890016913414001,0.9888263543446859,0.9440305233001709,0.9418506145477294
final_20260804-224906_augmented_spots_train_e200_b20_lr0.0002_s1,?|Iron_deformed_logtif.h5|37|317|1382409,4,0.9316525161266327,0.8732153326272964,0.043537153862416744,0.9922919422388077,0.992152750492096,0.9440576881170273,0.9227500140666962
final_20260804-224906_augmented_spots_train_e200_b20_lr0.0002_s1,?|Iron_deformed_logtif.h5|27|307|1314638,3,0.9216639002164205,0.8558571934700012,0.03327429542938868,0.9822518626848856,0.9820122520128886,0.9441948135693868,0.9325898289680481
final_20260804-224906_augmented_spots_train_e200_b20_lr0.0002_s1,?|Al_deformed_LoG_logtif.h5|29|29|444632,28,0.929957492010934,0.8699899592569896,0.041507460409775376,0.9898431450128555,0.9897975921630859,0.9442250153848103,0.9178674101829529
final_20260804-224906_augmented_spots_train_e200_b20_lr0.0002_s1,?|Iron_deformed_logtif.h5|207|487|2110068,4,0.9274758845567703,0.8662685602903366,0.03868358861654997,0.9909524023532867,0.9907002747058868,0.9443961530923843,0.9258044719696045
final_20260804-224906_augmented_spots_train_e200_b20_lr0.0002_s1,?|Al_deformed_LoG_logtif.h5|18|18|337193,18,0.9326630996333228,0.8746288021405538,0.04378782186864151,0.9849484165509542,0.9847838646835751,0.9444376428922018,0.92299103140831
final_20260804-224906_augmented_spots_train_e200_b20_lr0.0002_s1,?|Iron_deformed_logtif.h5|114|394|1643007,3,0.9416375756263733,0.890014111995697,0.05254252627491951,0.9823265671730042,0.9822064638137817,0.9445475339889526,0.9314793586730957
final_20260804-224906_augmented_spots_train_e200_b20_lr0.0002_s1,?|Iron_deformed_logtif.h5|50|50|192409,3,0.935908317565918,0.8803084492683411,0.04680864016215006,0.989456315835317,0.9888200958569845,0.9445498387018839,0.9386887550354004
final_20260804-224906_augmented_spots_train_e200_b20_lr0.0002_s1,?|Al_deformed_LoG_logtif.h5|14|48|626060,26,0.9346548158388871,0.8778924598143651,0.04547849648560469,0.9812001563035525,0.9809326919225546,0.9445881614318261,0.9262219071388245
final_20260804-224906_augmented_spots_train_e200_b20_lr0.0002_s1,?|Iron_deformed_logtif.h5|81|362|1554017,4,0.9211714416742325,0.856927365064621,0.03191006276756525,0.9917555898427963,0.991300955414772,0.9446306973695755,0.9336936056613923
final_20260804-224906_augmented_spots_train_e200_b20_lr0.0002_s1,?|Iron_deformed_logtif.h5|187|187|782942,3,0.9391900300979614,0.8856481313705444,0.04983821635444959,0.9871035814285278,0.9866766532262167,0.9446759223937988,0.9383641600608825
final_20260804-224906_augmented_spots_train_e200_b20_lr0.0002_s1,?|Al_deformed_LoG_logtif.h5|5|39|481387,20,0.9244842618703842,0.8602824598550797,0.035124900937080386,0.9940139055252075,0.9939671337604523,0.9446796923875809,0.9304807484149933
final_20260804-224906_augmented_spots_train_e200_b20_lr0.0002_s1,?|Iron_deformed_logtif.h5|17|17|67353,5,0.9218283295631409,0.856090247631073,0.03226370103657246,0.9936448931694031,0.9929527878761292,0.9447823286056518,0.9235185742378235
final_20260804-224906_augmented_spots_train_e200_b20_lr0.0002_s1,?|Iron_deformed_logtif.h5|152|152|607331,6,0.9264847238858541,0.8681862354278564,0.036035394916931786,0.9831613202889761,0.9830592771371206,0.945224662621816,0.9120643734931946
final_20260804-224906_augmented_spots_train_e200_b20_lr0.0002_s1,?|Al_deformed_LoG_logtif.h5|30|65|895940,22,0.9284360192038796,0.8671039911833677,0.03785397137769244,0.9912237958474592,0.9911218177188527,0.9452910179441626,0.9271259307861328
final_20260804-224906_augmented_spots_train_e200_b20_lr0.0002_s1,?|Al_deformed_LoG_logtif.h5|5|5|30687,25,0.931675853729248,0.8725569748878479,0.040412641577422616,0.9916304135322571,0.9915794110298157,0.9456316065788269,0.9265889644622802
final_20260804-224906_augmented_spots_train_e200_b20_lr0.0002_s1,?|Iron_deformed_logtif.h5|85|85|315186,5,0.926001000404358,0.8639808535575867,0.034683240577578545,0.9816749215126037,0.9816301822662353,0.9456588745117187,0.932295823097229
final_20260804-224906_augmented_spots_train_e200_b20_lr0.0002_s1,?|Al_deformed_LoG_logtif.h5|22|22|390231,24,0.9319440697630247,0.8731790284315745,0.040557065047323704,0.9914630974332491,0.9913895924886068,0.9456934978564581,0.9272976279258728
final_20260804-224906_augmented_spots_train_e200_b20_lr0.0002_s1,?|Iron_deformed_logtif.h5|216|496|2201946,4,0.937187910079956,0.8825432807207108,0.04544703755527735,0.9897247701883316,0.9895957857370377,0.9458704143762589,0.9303616046905517
final_20260804-224906_augmented_spots_train_e200_b20_lr0.0002_s1,?|Al_deformed_LoG_logtif.h5|9|43|572797,19,0.9362237233864633,0.88164862833525,0.0444210937834884,0.9790159212915521,0.9786962333478426,0.9459013091890436,0.9240612387657166
final_20260804-224906_augmented_spots_train_e200_b20_lr0.0002_s1,?|Iron_deformed_logtif.h5|61|61|251104,6,0.9167360365390778,0.8516127069791158,0.02487512615819772,0.9873735010623932,0.9871163864930471,0.9459304610888163,0.9283566474914551
final_20260804-224906_augmented_spots_train_e200_b20_lr0.0002_s1,?|Iron_deformed_logtif.h5|272|552|2450634,7,0.9291989036968776,0.8687754188265119,0.037070427888206074,0.9928300721304757,0.9927826268332345,0.9460642508098057,0.9368398070335389
final_20260804-224906_augmented_spots_train_e200_b20_lr0.0002_s1,?|Iron_deformed_logtif.h5|11|291|1277433,3,0.9363848567008972,0.8807117342948914,0.04377922912438711,0.9915499289830526,0.9915440678596497,0.9463027914365133,0.9407037019729614
final_20260804-224906_augmented_spots_train_e200_b20_lr0.0002_s1,?|Iron_deformed_logtif.h5|263|263|1188628,3,0.928966244061788,0.8698570728302002,0.036199780801932015,0.987686038017273,0.9875686566034952,0.9463832179705302,0.9362470865249634
final_20260804-224906_augmented_spots_train_e200_b20_lr0.0002_s1,?|Al_deformed_LoG_logtif.h5|27|27|443830,20,0.930109041929245,0.870573079586029,0.03729593148455024,0.9932478070259094,0.9930570811033249,0.946406552195549,0.9172324895858764
final_20260804-224906_augmented_spots_train_e200_b20_lr0.0002_s1,?|Iron_deformed_logtif.h5|274|554|2452789,4,0.9262028932571411,0.8650624752044678,0.03290942497551441,0.9920268803834915,0.991799384355545,0.9466467350721359,0.9296850562095642
final_20260804-224906_augmented_spots_train_e200_b20_lr0.0002_s1,?|Al_deformed_LoG_logtif.h5|15|49|716420,28,0.9327818517174039,0.8750523307493755,0.03933659771324268,0.9891071532453809,0.9878792443445751,0.9467226309435708,0.9255115628242493
final_20260804-224906_augmented_spots_train_e200_b20_lr0.0002_s1,?|Iron_deformed_logtif.h5|275|275|1215260,3,0.9313388466835022,0.8729202151298523,0.037630842377742134,0.9877830743789673,0.9874388972918192,0.9468539953231812,0.941425359249115
final_20260804-224906_augmented_spots_train_e200_b20_lr0.0002_s1,?|Al_deformed_LoG_logtif.h5|33|67|896466,26,0.9315276925380414,0.8723231760355142,0.03778198766163909,0.9935199549564948,0.9932864950253413,0.9468728487308209,0.9300451576709747
final_20260804-224906_augmented_spots_train_e200_b20_lr0.0002_s1,?|Ti7Al_logtif.h5|110|110|32103,5,0.9334476947784424,0.8847331881523133,0.03875070139765739,0.9738669037818909,0.9480531096458436,0.9473484873771667,0.9283435821533204
final_20260804-224906_augmented_spots_train_e200_b20_lr0.0002_s1,?|Iron_deformed_logtif.h5|234|514|2272117,3,0.9288117090861002,0.8691352208455404,0.0339170607427756,0.9911842346191406,0.9911356369654337,0.9474473396937052,0.9398608088493348
final_20260804-224906_augmented_spots_train_e200_b20_lr0.0002_s1,?|Iron_deformed_logtif.h5|138|138|519077,4,0.9338427484035492,0.8774221241474152,0.03885937528684735,0.9913568496704102,0.9913087040185928,0.9474916905164719,0.9241411566734314
final_20260804-224906_augmented_spots_train_e200_b20_lr0.0002_s1,?|Iron_deformed_logtif.h5|252|532|2351102,3,0.9339586496353149,0.8769516746203104,0.038600887482364975,0.9821818669637045,0.9820565978686014,0.9476788838704427,0.9369083642959595
final_20260804-224906_augmented_spots_train_e200_b20_lr0.0002_s1,?|Ti7Al_logtif.h5|726|726|314065,4,0.9426990747451782,0.8926981687545776,0.04732655733823776,0.9751740992069244,0.9746021032333374,0.9476862400770187,0.926674199104309
final_20260804-224906_augmented_spots_train_e200_b20_lr0.0002_s1,?|Ti7Al_logtif.h5|738|1720|711689,3,0.9305964310963949,0.8737536668777466,0.03469035215675831,0.9577139019966125,0.9562092423439026,0.9479530453681946,0.9380815267562866
final_20260804-224906_augmented_spots_train_e200_b20_lr0.0002_s1,?|Al_deformed_LoG_logtif.h5|32|64|895895,23,0.9375827260639357,0.8834514281024104,0.041477045368241226,0.9895820669505907,0.9884368518124456,0.9480528339095737,0.936315381526947
final_20260804-224906_augmented_spots_train_e200_b20_lr0.0002_s1,?|Ti7Al_logtif.h5|125|125|38081,3,0.9311858216921488,0.8766231338183085,0.03502194583415985,0.9742724498112997,0.9740363756815592,0.9480819503466288,0.9349368572235107
final_20260804-224906_augmented_spots_train_e200_b20_lr0.0002_s1,?|Ti7Al_logtif.h5|711|711|309821,3,0.9318262934684753,0.8793405890464783,0.03556632933517297,0.9859949747721354,0.9858271280924479,0.9481299916903178,0.9186245322227478
final_20260804-224906_augmented_spots_train_e200_b20_lr0.0002_s1,?|Al_deformed_LoG_logtif.h5|14|14|188210,20,0.9318867504596711,0.8731678009033204,0.03561949282884598,0.9919935315847397,0.991845092177391,0.9481336325407028,0.9245486080646514
final_20260804-224906_augmented_spots_train_e200_b20_lr0.0002_s1,?|Iron_deformed_logtif.h5|178|458|1910882,4,0.9333989024162292,0.8762880861759186,0.03690968453884125,0.9947061538696289,0.9947042614221573,0.9482446312904358,0.9404084801673889
final_20260804-224906_augmented_spots_train_e200_b20_lr0.0002_s1,?|Iron_deformed_logtif.h5|190|190|785959,3,0.9402900338172913,0.8879454135894775,0.04359756410121918,0.9905838171641032,0.9904792110125223,0.9483462373415629,0.9413138628005981
final_20260804-224906_augmented_spots_train_e200_b20_lr0.0002_s1,?|Iron_deformed_logtif.h5|270|270|1208200,4,0.9459962844848633,0.8980358093976974,0.04895868990570307,0.9859080910682678,0.9842186868190765,0.9485187977552414,0.9373428583145141
final_20260804-224906_augmented_spots_train_e200_b20_lr0.0002_s1,?|Iron_deformed_logtif.h5|152|432|1846281,3,0.937920888264974,0.8838304678599039,0.04078123097618421,0.9812111457188925,0.9808423519134521,0.9485698342323303,0.9386982440948486
final_20260804-224906_augmented_spots_train_e200_b20_lr0.0002_s1,?|Ti7Al_logtif.h5|317|317|115086,3,0.9427648584047953,0.8949625293413798,0.04521077126264572,0.9709656834602356,0.9707077344258627,0.9487770597139994,0.9435654759407044
final_20260804-224906_augmented_spots_train_e200_b20_lr0.0002_s1,?|Iron_deformed_logtif.h5|248|248|1106248,3,0.9225963354110718,0.8599293231964111,0.024503635863463085,0.9864998658498129,0.9853235681851705,0.9490463336308798,0.9392467975616455
final_20260804-224906_augmented_spots_train_e200_b20_lr0.0002_s1,?|Ti7Al_logtif.h5|735|735|318417,3,0.9406623442967733,0.889809230963389,0.040834459165732064,0.9905512928962708,0.9902621308962504,0.9499139388402303,0.9454548120498657
final_20260804-224906_augmented_spots_train_e200_b20_lr0.0002_s1,?|Iron_deformed_logtif.h5|144|424|1768990,4,0.9500804841518402,0.906810387969017,0.04981581214815378,0.9770780354738235,0.9770413041114807,0.950132355093956,0.9283191680908203
final_20260804-224906_augmented_spots_train_e200_b20_lr0.0002_s1,?|Iron_deformed_logtif.h5|56|56|220626,3,0.9435900847117106,0.8934090336163839,0.043028209979335465,0.9919544657071432,0.9919198354085287,0.9502809246381124,0.9371224880218506
final_20260804-224906_augmented_spots_train_e200_b20_lr0.0002_s1,?|Al_deformed_LoG_logtif.h5|15|15|275101,28,0.940274144921984,0.8878188069377627,0.039497046531843286,0.9921761495726449,0.992028249161584,0.9503885507583618,0.9365022957324982
final_20260804-224906_augmented_spots_train_e200_b20_lr0.0002_s1,?|Iron_deformed_logtif.h5|61|341|1491473,3,0.925823430220286,0.862131675084432,0.024803777535756428,0.9981476465861002,0.9980639616648356,0.9505098462104797,0.9441217184066772
final_20260804-224906_augmented_spots_train_e200_b20_lr0.0002_s1,?|Al_deformed_LoG_logtif.h5|32|32|445244,19,0.9432616798501265,0.8931439267961603,0.0420524066706237,0.9854005575180054,0.9852247363642642,0.9506046332811054,0.9345135807991027
final_20260804-224906_augmented_spots_train_e200_b20_lr0.0002_s1,?|Iron_deformed_logtif.h5|184|184|749244,3,0.9257311622301737,0.8639845053354899,0.024301726060609024,0.9940932790438334,0.993987242380778,0.9507147471110026,0.9316750288009643
final_20260804-224906_augmented_spots_train_e200_b20_lr0.0002_s1,?|Ti7Al_logtif.h5|163|1144|441312,3,0.9475108782450358,0.9047347704569498,0.04566257974753777,0.9784727096557617,0.9783645470937093,0.9509241382280985,0.9295560359954834
final_20260804-224906_augmented_spots_train_e200_b20_lr0.0002_s1,?|Al_deformed_LoG_logtif.h5|4|4|23047,17,0.9408212128807517,0.8891414754530963,0.038920317831284856,0.9897104010862463,0.9891928399310392,0.9509504367323482,0.9287045717239379
final_20260804-224906_augmented_spots_train_e200_b20_lr0.0002_s1,?|Iron_logtif.h5|3842|11538|1017745,3,0.9460991819699606,0.8987413247426351,0.04392196238040924,0.9912770787874857,0.9912404219309489,0.9510886073112488,0.9304332852363586
final_20260804-224906_augmented_spots_train_e200_b20_lr0.0002_s1,?|Iron_deformed_logtif.h5|128|128|445774,4,0.9464712738990784,0.8988663405179977,0.0442067738622427,0.9916366338729858,0.9909942150115967,0.9511322528123856,0.9383329927921296
final_20260804-224906_augmented_spots_train_e200_b20_lr0.0002_s1,?|Iron_deformed_logtif.h5|229|509|2250437,3,0.9338776270548502,0.8767874240875244,0.03158333214620749,0.996416449546814,0.9961525797843933,0.9511471589406332,0.9438918113708497
final_20260804-224906_augmented_spots_train_e200_b20_lr0.0002_s1,?|Iron_deformed_logtif.h5|196|476|2048948,3,0.9406965176264445,0.8900429010391235,0.0381732905904452,0.9271626671155294,0.9266971349716187,0.951261579990387,0.9341952800750732
final_20260804-224906_augmented_spots_train_e200_b20_lr0.0002_s1,?|Iron_deformed_logtif.h5|242|242|1093635,4,0.9386151880025864,0.885044276714325,0.03566452953964472,0.9883840680122375,0.9881435185670853,0.9514753222465515,0.9346255898475647
final_20260804-224906_augmented_spots_train_e200_b20_lr0.0002_s1,?|Iron_deformed_logtif.h5|187|467|2022761,4,0.9440743327140808,0.8952885866165161,0.04081649240106344,0.9914232790470123,0.9911963194608688,0.9516289532184601,0.9387638807296753
final_20260804-224906_augmented_spots_train_e200_b20_lr0.0002_s1,?|Iron_deformed_logtif.h5|53|333|1458032,4,0.9439630210399628,0.8941264748573303,0.040671574883162975,0.9857194721698761,0.9854926466941833,0.9516457468271255,0.9487890660762787
final_20260804-224906_augmented_spots_train_e200_b20_lr0.0002_s1,?|Ti7Al_logtif.h5|306|1288|501063,4,0.9304019957780838,0.8821986764669418,0.027009634766727686,0.9892300069332123,0.989125445485115,0.9516961723566055,0.9137087285518646
final_20260804-224906_augmented_spots_train_e200_b20_lr0.0002_s1,?|Iron_deformed_logtif.h5|100|100|360369,4,0.9492402970790863,0.9047419279813766,0.045666067861020565,0.9895282536745071,0.9893747717142105,0.9517871290445328,0.9448635995388031
final_20260804-224906_augmented_spots_train_e200_b20_lr0.0002_s1,?|Ti7Al_logtif.h5|81|1063|411051,5,0.9496362566947937,0.9069199085235595,0.04580664783716202,0.9705672264099121,0.970098078250885,0.9519148111343384,0.9392569303512573
final_20260804-224906_augmented_spots_train_e200_b20_lr0.0002_s1,?|Ti7Al_logtif.h5|907|907|360786,3,0.9349784851074219,0.8813866575558981,0.030923121919234593,0.9543152650197347,0.9527614116668701,0.9520277182261149,0.9387085437774658
final_20260804-224906_augmented_spots_train_e200_b20_lr0.0002_s1,?|Iron_deformed_logtif.h5|41|321|1394494,4,0.9512621015310287,0.9074598997831345,0.047002775594592094,0.9905915409326553,0.9904430508613586,0.952129676938057,0.9451652705669403
final_20260804-224906_augmented_spots_train_e200_b20_lr0.0002_s1,?|Al_deformed_LoG_logtif.h5|33|33|445437,25,0.9388277196884155,0.8855818629264831,0.03444422036409378,0.9930746722221374,0.9929891419410706,0.952191743850708,0.9324076890945434
final_20260804-224906_augmented_spots_train_e200_b20_lr0.0002_s1,?|Ti7Al_logtif.h5|936|1918|774149,3,0.9466379284858704,0.9017031192779541,0.0420968992014726,0.9318466186523438,0.9280235171318054,0.952270487944285,0.9368174314498902
final_20260804-224906_augmented_spots_train_e200_b20_lr0.0002_s1,?|Iron_deformed_logtif.h5|34|34|111384,3,0.9313005407651266,0.872318704922994,0.026606544852256775,0.9965673883756002,0.9963720838228861,0.9523470004399618,0.9460026264190674
final_20260804-224906_augmented_spots_train_e200_b20_lr0.0002_s1,?|Iron_deformed_logtif.h5|9|289|1260309,3,0.9450232982635498,0.8979017535845438,0.04014692083001137,0.9866805275281271,0.9855645696322123,0.952438215414683,0.9377136826515198
final_20260804-224906_augmented_spots_train_e200_b20_lr0.0002_s1,?|Ti7Al_logtif.h5|153|153|50619,3,0.9458867311477661,0.8992547591527303,0.0409926554809014,0.9595309297243754,0.958863894144694,0.9524470567703247,0.9322060108184814
final_20260804-224906_augmented_spots_train_e200_b20_lr0.0002_s1,?|Iron_deformed_logtif.h5|116|396|1643737,4,0.945927768945694,0.897695317864418,0.039981184527277946,0.9918856769800186,0.991576761007309,0.9529732763767242,0.9461799263954163
final_20260804-224906_augmented_spots_train_e200_b20_lr0.0002_s1,?|Iron_deformed_logtif.h5|276|556|2461082,3,0.9287447532018026,0.8683509031931559,0.02276893767217795,0.9963968396186829,0.9963236649831136,0.9529879093170166,0.9467384099960328
final_20260804-224906_augmented_spots_train_e200_b20_lr0.0002_s1,?|Iron_deformed_logtif.h5|55|55|220305,3,0.9321091771125793,0.8735077579816183,0.025666965171694756,0.9980251789093018,0.9979972839355469,0.9532210826873779,0.945057725906372
final_20260804-224906_augmented_spots_train_e200_b20_lr0.0002_s1,?|Iron_deformed_logtif.h5|228|228|1010103,3,0.9352902372678121,0.8797788619995117,0.02844008772323529,0.9956260522206625,0.995529313882192,0.9534250895182291,0.9381366014480591
final_20260804-224906_augmented_spots_train_e200_b20_lr0.0002_s1,?|Al_deformed_LoG_logtif.h5|9|9|125856,30,0.942424762248993,0.8916198352972666,0.03539972460518281,0.9922559062639872,0.9921667774518331,0.9535125195980072,0.935679817199707
final_20260804-224906_augmented_spots_train_e200_b20_lr0.0002_s1,?|Al_deformed_LoG_logtif.h5|19|53|795248,19,0.9386953146834123,0.8852386913801494,0.031237039617017695,0.9947854531438727,0.9946508031142386,0.9537291432681837,0.9396071791648865
final_20260804-224906_augmented_spots_train_e200_b20_lr0.0002_s1,?|Iron_deformed_logtif.h5|65|65|262514,3,0.9436858296394348,0.8940820693969727,0.03614923978845278,0.992205282052358,0.9919028282165527,0.9537682930628458,0.9395353317260742
final_20260804-224906_augmented_spots_train_e200_b20_lr0.0002_s1,?|Iron_deformed_logtif.h5|131|411|1687350,7,0.9501464792660305,0.9053613117762974,0.042437292369348664,0.9874805382319859,0.9871349334716797,0.9538545863968986,0.9361581444740296
final_20260804-224906_augmented_spots_train_e200_b20_lr0.0002_s1,?|Iron_deformed_logtif.h5|194|474|2027962,3,0.9387273987134298,0.8848268389701843,0.030902931466698647,0.9946210583051046,0.9944793979326884,0.9539122382799784,0.9476662755012513
final_20260804-224906_augmented_spots_train_e200_b20_lr0.0002_s1,?|Iron_deformed_logtif.h5|105|105|380792,4,0.9383067190647125,0.889115571975708,0.029529552906751633,0.9766360819339752,0.9761089384555817,0.9543886035680771,0.9285907447338104
final_20260804-224906_augmented_spots_train_e200_b20_lr0.0002_s1,?|Al_deformed_LoG_logtif.h5|10|44|606472,28,0.9501401484012604,0.9056715986558369,0.04098011792770454,0.9869815494332995,0.9865145129816872,0.9545800132410867,0.9341989278793335
final_20260804-224906_augmented_spots_train_e200_b20_lr0.0002_s1,?|Iron_logtif.h5|1800|1800|157572,3,0.9434953927993774,0.8937567869822184,0.03431829561789831,0.983540674050649,0.9834524989128113,0.9545885721842448,0.9453609228134155
final_20260804-224906_augmented_spots_train_e200_b20_lr0.0002_s1,?|Iron_deformed_logtif.h5|161|441|1867701,4,0.9444317668676376,0.8968446850776672,0.03506727144122124,0.9851463288068771,0.9850863814353943,0.9546822607517242,0.9482418298721313
final_20260804-224906_augmented_spots_train_e200_b20_lr0.0002_s1,?|Al_deformed_LoG_logtif.h5|24|58|878465,20,0.9427751630544663,0.8922432839870453,0.03339124796912074,0.9953929543495178,0.9953014343976975,0.9546919643878937,0.9421772241592408
final_20260804-224906_augmented_spots_train_e200_b20_lr0.0002_s1,?|Ti7Al_logtif.h5|244|1226|477357,3,0.9344359040260315,0.8821879029273987,0.024574598607917626,0.9818923473358154,0.9786187012990316,0.9549306631088257,0.9326467990875245
final_20260804-224906_augmented_spots_train_e200_b20_lr0.0002_s1,?|Iron_deformed_logtif.h5|257|537|2399113,3,0.9490263064702352,0.9040217995643616,0.039061435808738075,0.9854963223139445,0.9853706359863281,0.9549824396769205,0.9409254789352417
final_20260804-224906_augmented_spots_train_e200_b20_lr0.0002_s1,?|Ti7Al_logtif.h5|867|1849|749230,3,0.9497605164845785,0.9083492954572042,0.0397899200518926,0.9875167608261108,0.9873894651730856,0.9549853006998698,0.9439732074737549
final_20260804-224906_augmented_spots_train_e200_b20_lr0.0002_s1,?|Iron_deformed_logtif.h5|89|89|322664,5,0.945438814163208,0.8973133206367493,0.03528076410293579,0.993657898902893,0.993246603012085,0.9550790071487427,0.9460592269897461
final_20260804-224906_augmented_spots_train_e200_b20_lr0.0002_s1,?|Al_deformed_LoG_logtif.h5|24|24|428139,22,0.9393938021226362,0.8862445164810527,0.029105810448527336,0.9962952407923612,0.9961950941519304,0.9551439962603829,0.9461824893951416
final_20260804-224906_augmented_spots_train_e200_b20_lr0.0002_s1,?|Al_deformed_LoG_logtif.h5|10|10|167252,17,0.9539096355438232,0.9124380770851584,0.043354619130053944,0.9862708238994374,0.9862294302267187,0.9552775060429293,0.944265604019165
final_20260804-224906_augmented_spots_train_e200_b20_lr0.0002_s1,?|Iron_deformed_logtif.h5|144|144|528465,3,0.9357764919598898,0.8833969235420227,0.024954052331546944,0.9894689122835795,0.9893137613932291,0.9554112354914347,0.9465564012527465
final_20260804-224906_augmented_spots_train_e200_b20_lr0.0002_s1,?|Ti7Al_logtif.h5|560|560|255019,3,0.9363389611244202,0.8826793233553568,0.023306380957365036,0.9833000302314758,0.9825642506281534,0.9565162658691406,0.9483409404754639
final_20260804-224906_augmented_spots_train_e200_b20_lr0.0002_s1,?|Al_deformed_LoG_logtif.h5|25|25|428596,12,0.9435577640930811,0.8938680390516917,0.030357171082869172,0.9934903681278229,0.9932408531506857,0.9566003084182739,0.9449054360389709
final_20260804-224906_augmented_spots_train_e200_b20_lr0.0002_s1,?|Iron_deformed_logtif.h5|101|101|361413,5,0.9452751278877258,0.8971542596817017,0.031969272345304486,0.9955859899520874,0.9952427864074707,0.9566529273986817,0.9508554339408875
final_20260804-224906_augmented_spots_train_e200_b20_lr0.0002_s1,?|Iron_deformed_logtif.h5|131|131|446796,4,0.9512197971343994,0.9078238308429718,0.03733607893809676,0.982655867934227,0.9821306467056274,0.9569418579339981,0.9441175103187561
final_20260804-224906_augmented_spots_train_e200_b20_lr0.0002_s1,?|Iron_deformed_logtif.h5|162|442|1877566,3,0.9285477598508199,0.8703582882881165,0.013745941842595736,0.9955249428749084,0.9955224593480428,0.9574008782704672,0.9460500836372375
final_20260804-224906_augmented_spots_train_e200_b20_lr0.0002_s1,?|Iron_deformed_logtif.h5|95|95|333463,3,0.9510336120923361,0.9069226781527201,0.03610743209719658,0.9851781527201334,0.9850402673085531,0.9574630657831827,0.9447273492813111
final_20260804-224906_augmented_spots_train_e200_b20_lr0.0002_s1,?|Al_deformed_LoG_logtif.h5|3|37|469193,18,0.9507219791412354,0.9068770541085137,0.034845193227132164,0.9876943926016489,0.9873510036203597,0.9579383995797899,0.9311628401279449
final_20260804-224906_augmented_spots_train_e200_b20_lr0.0002_s1,?|Iron_deformed_logtif.h5|80|360|1553237,3,0.9457610448201498,0.8983396887779236,0.029879461353023846,0.99332594871521,0.9882776737213135,0.9579407970110575,0.9465564966201783
final_20260804-224906_augmented_spots_train_e200_b20_lr0.0002_s1,?|Ti7Al_logtif.h5|9|9|1561,4,0.9495838582515717,0.9068587422370911,0.03336418932303786,0.9580583572387695,0.9536289423704147,0.9581098258495331,0.9463589608669281
final_20260804-224906_augmented_spots_train_e200_b20_lr0.0002_s1,?|Iron_deformed_logtif.h5|67|67|264081,3,0.9528175393740336,0.9103206396102905,0.03556370735168457,0.9955971240997314,0.9955285986264547,0.958626945813497,0.9449601888656616
final_20260804-224906_augmented_spots_train_e200_b20_lr0.0002_s1,?|Iron_deformed_logtif.h5|57|337|1461804,3,0.9462134838104248,0.8986769119898478,0.028842272857824963,0.996317724386851,0.996225893497467,0.9586856166521708,0.9505053639411927
final_20260804-224906_augmented_spots_train_e200_b20_lr0.0002_s1,?|Ti7Al_logtif.h5|120|1102|427246,3,0.9438825845718384,0.8957690000534058,0.026336096227169037,0.9945689837137858,0.9940489331881205,0.9587732553482056,0.94923837184906
final_20260804-224906_augmented_spots_train_e200_b20_lr0.0002_s1,?|Al_deformed_LoG_logtif.h5|4|38|471881,23,0.9511168806449227,0.9073340840961622,0.03335028222721556,0.9876683406207872,0.9874180373938187,0.958883303663005,0.9471417903900147
final_20260804-224906_augmented_spots_train_e200_b20_lr0.0002_s1,?|Al_deformed_LoG_logtif.h5|12|12|167848,21,0.9578730634280613,0.9196614793368748,0.03909953883183854,0.9805112594649905,0.9802734284173875,0.9593867659568787,0.9362963438034058
final_20260804-224906_augmented_spots_train_e200_b20_lr0.0002_s1,?|Ti7Al_logtif.h5|273|273|104028,4,0.9470779299736023,0.9005146026611328,0.027925370261073112,0.98078653216362,0.9806364625692368,0.959576278924942,0.9555404305458068
final_20260804-224906_augmented_spots_train_e200_b20_lr0.0002_s1,?|Al_deformed_LoG_logtif.h5|16|50|760193,17,0.9438846426851609,0.8944597735124475,0.024569023948381927,0.994771817151238,0.9946959719938391,0.9596578058074502,0.9462125062942505
final_20260804-224906_augmented_spots_train_e200_b20_lr0.0002_s1,?|Al_deformed_LoG_logtif.h5|11|45|606718,21,0.9545332023075649,0.9134942009335473,0.03439026898039239,0.991421659787496,0.9913437480018252,0.9600714785712106,0.9451059103012085
final_20260804-224906_augmented_spots_train_e200_b20_lr0.0002_s1,?|Iron_deformed_logtif.h5|248|530|2345952,3,0.9407351811726888,0.8889511426289877,0.019917672500014305,0.9966275294621786,0.9966043631235758,0.9604087471961975,0.9560307502746582
final_20260804-224906_augmented_spots_train_e200_b20_lr0.0002_s1,?|Iron_deformed_logtif.h5|123|123|415378,4,0.9528207033872604,0.9103686511516571,0.03166785789653659,0.9934751242399216,0.9934093654155731,0.9605764150619507,0.9500865340232849
final_20260804-224906_augmented_spots_train_e200_b20_lr0.0002_s1,?|Al_deformed_LoG_logtif.h5|12|46|607012,28,0.9499779748065131,0.9052887644086566,0.028720610442438295,0.9958943447896412,0.9958680825574058,0.9606286755629948,0.9549481749534607
final_20260804-224906_augmented_spots_train_e200_b20_lr0.0002_s1,?|Ti7Al_logtif.h5|372|372|143345,3,0.9457307457923889,0.897905707359314,0.024403216317296028,0.9854830900828043,0.9844624201456705,0.9606637557347616,0.9482362508773804
final_20260804-224906_augmented_spots_train_e200_b20_lr0.0002_s1,?|Al_big_grains_logtif.h5|481|5423|169747,3,0.9749985933303833,0.9513874451319376,0.052618145321806274,0.9762244621912638,0.9755825599034628,0.9611902236938477,0.9418815612792969
final_20260804-224906_augmented_spots_train_e200_b20_lr0.0002_s1,?|Al_deformed_LoG_logtif.h5|3|3|20806,16,0.9496856667101383,0.904938355088234,0.026788063056301326,0.991430040448904,0.9912396036088467,0.9614487998187542,0.9558272957801819
final_20260804-224906_augmented_spots_train_e200_b20_lr0.0002_s1,?|Al_deformed_LoG_logtif.h5|16|16|316744,25,0.9496564292907714,0.9047690463066101,0.0261631316319108,0.9922261047363281,0.9922001504898071,0.9617466521263123,0.9517570853233337
final_20260804-224906_augmented_spots_train_e200_b20_lr0.0002_s1,?|Ti7Al_logtif.h5|89|89|24821,3,0.9603480100631714,0.925762931505839,0.03631377344330152,0.9716525475184122,0.9715227683385214,0.9620170990626017,0.9495298862457275
final_20260804-224906_augmented_spots_train_e200_b20_lr0.0002_s1,?|Iron_deformed_logtif.h5|91|91|323387,3,0.9514832496643066,0.9075994690259298,0.026358963300784428,0.9914343357086182,0.9913935859998068,0.9625621636708578,0.9577709674835205
final_20260804-224906_augmented_spots_train_e200_b20_lr0.0002_s1,?|Ti7Al_logtif.h5|592|1574|655769,3,0.9444863001505533,0.8963946104049683,0.019153956323862076,0.9910230040550232,0.9901648759841919,0.9626661737759908,0.9580376267433166
final_20260804-224906_augmented_spots_train_e200_b20_lr0.0002_s1,?|Ti7Al_logtif.h5|900|1881|752712,3,0.9524373809496561,0.9108052253723145,0.026964661354819935,0.9763680497805277,0.9754534165064493,0.9627363681793213,0.9509613990783692
final_20260804-224906_augmented_spots_train_e200_b20_lr0.0002_s1,?|Al_deformed_LoG_logtif.h5|11|11|167555,19,0.9508154800063685,0.9068912800989652,0.024417287228923095,0.9943445858202482,0.9941943381962023,0.9631990947221455,0.9540945529937744
final_20260804-224906_augmented_spots_train_e200_b20_lr0.0002_s1,?|Ti7Al_logtif.h5|530|1512|630809,3,0.9604727029800415,0.9249302546183268,0.032255059108138084,0.9944555560747782,0.9943645397822062,0.9641088247299194,0.9585309982299804
final_20260804-224906_augmented_spots_train_e200_b20_lr0.0002_s1,?|Iron_deformed_logtif.h5|167|167|658994,3,0.9448373317718506,0.8961050311724345,0.016283920034766197,0.9942811727523804,0.9941242535909017,0.9642766912778219,0.9633428931236268
final_20260804-224906_augmented_spots_train_e200_b20_lr0.0002_s1,?|Ti7Al_logtif.h5|67|67|19272,4,0.9568259716033936,0.9183589965105057,0.027813761960715055,0.9902517795562744,0.989506721496582,0.9645061045885086,0.9576440036296845
final_20260804-224906_augmented_spots_train_e200_b20_lr0.0002_s1,?|Ti7Al_logtif.h5|615|615|277544,3,0.9406936963399252,0.8954877853393555,0.01017056405544281,0.9892615477244059,0.9886239767074585,0.9652615586916605,0.948532783985138
final_20260804-224906_augmented_spots_train_e200_b20_lr0.0002_s1,?|Iron_deformed_logtif.h5|123|403|1657222,3,0.9498029748598734,0.9058130780855814,0.018473597864309948,0.9930068055788676,0.9929144779841105,0.9656646847724915,0.9648149847984314
final_20260804-224906_augmented_spots_train_e200_b20_lr0.0002_s1,?|Iron_deformed_logtif.h5|117|397|1649342,3,0.9491561651229858,0.9034629066785177,0.0170902277653416,0.9957831700642904,0.9957644542058309,0.9660329421361288,0.9637091398239136
final_20260804-224906_augmented_spots_train_e200_b20_lr0.0002_s1,?|Ti7Al_logtif.h5|763|1744|716641,3,0.9494965076446533,0.9048073291778564,0.017194159949819248,0.9984710415204366,0.9984391729036967,0.9661511977513632,0.9605632185935974
final_20260804-224906_augmented_spots_train_e200_b20_lr0.0002_s1,?|Ti7Al_logtif.h5|485|485|220991,3,0.9450341463088989,0.8997066219647726,0.012012262207766375,0.9821751912434896,0.9821000893910726,0.9665109316507975,0.9600998401641846
final_20260804-224906_augmented_spots_train_e200_b20_lr0.0002_s1,?|Al_segvol.h5|2597|2597|14315,3,0.9648552139600118,0.9323791662851969,0.030465375011165936,0.9942337870597839,0.9940217534701029,0.9671949148178101,0.9640379071235656
final_20260804-224906_augmented_spots_train_e200_b20_lr0.0002_s1,?|Iron_deformed_logtif.h5|105|385|1622522,3,0.9486474593480428,0.9041608572006226,0.013805238840480646,0.9948292374610901,0.9945223927497864,0.9674210945765177,0.9602158784866333
final_20260804-224906_augmented_spots_train_e200_b20_lr0.0002_s1,?|Ti7Al_logtif.h5|458|1440|597994,4,0.9679672122001648,0.9383732974529266,0.032902028411626816,0.9805916249752045,0.9804343283176422,0.9675325900316238,0.9553750932216645
final_20260804-224906_augmented_spots_train_e200_b20_lr0.0002_s1,?|Iron_deformed_logtif.h5|193|473|2027590,3,0.9572505553563436,0.9186556537946066,0.0215431855370601,0.9976383248964945,0.9975356856981913,0.9678536852200826,0.9616866111755371
final_20260804-224906_augmented_spots_train_e200_b20_lr0.0002_s1,?|Al_big_grains_logtif.h5|1823|6767|209024,3,0.9656121532122294,0.9344309568405151,0.029774671730895836,0.9911638895670573,0.9910160899162292,0.9679187337557474,0.9629886388778687
final_20260804-224906_augmented_spots_train_e200_b20_lr0.0002_s1,?|Ti7Al_logtif.h5|278|278|106292,4,0.9543872177600861,0.9148496091365814,0.01778503623791039,0.9897948205471039,0.9896319359540939,0.968301072716713,0.9578416407108307
final_20260804-224906_augmented_spots_train_e200_b20_lr0.0002_s1,?|Ti7Al_logtif.h5|846|1828|745292,3,0.9639559984207153,0.9316619634628296,0.027026056001583736,0.9945063789685568,0.9944753646850586,0.9684649705886841,0.9546324491500855
final_20260804-224906_augmented_spots_train_e200_b20_lr0.0002_s1,?|Ti7Al_logtif.h5|579|579|259870,3,0.9558926026026408,0.916722814242045,0.018841395775477093,0.9916703701019287,0.9910294810930887,0.9685256282488505,0.9648155450820923
final_20260804-224906_augmented_spots_train_e200_b20_lr0.0002_s1,?|Ti7Al_logtif.h5|134|1116|428768,3,0.9565017024676005,0.9177229801813761,0.0177573390925924,0.996876577536265,0.9968176285425822,0.9693721930185953,0.9624455451965332
final_20260804-224906_augmented_spots_train_e200_b20_lr0.0002_s1,?|Al_segvol.h5|4499|4499|24632,3,0.9779101212819418,0.9568686882654825,0.0372449147204558,0.9904477596282959,0.9903659621874491,0.9703325827916464,0.9560846805572509
final_20260804-224906_augmented_spots_train_e200_b20_lr0.0002_s1,?|Al_deformed_LoG_logtif.h5|26|60|891702,23,0.9629561434621396,0.9292815509049789,0.021573074890867523,0.9949620780737504,0.9949507842893186,0.9706915357838506,0.9635318636894226
final_20260804-224906_augmented_spots_train_e200_b20_lr0.0002_s1,?|Al_big_grains_logtif.h5|1987|6931|214006,3,0.9661783377329508,0.9370715618133545,0.024769886086384457,0.9926236073176066,0.9927016894022623,0.9707042574882507,0.9647538781166076
final_20260804-224906_augmented_spots_train_e200_b20_lr0.0002_s1,?|Al_deformed_LoG_logtif.h5|0|0|14345,21,0.9555314438683646,0.916051603498913,0.014021740206295536,0.9965995124408177,0.9965833709353492,0.9707548448017665,0.9639471769332886
final_20260804-224906_augmented_spots_train_e200_b20_lr0.0002_s1,?|Al_deformed_LoG_logtif.h5|26|26|441233,21,0.9592088943436032,0.9225497047106425,0.01669627915890444,0.9947907527287801,0.9947362939516703,0.9712563071932111,0.9658067226409912
final_20260804-224906_augmented_spots_train_e200_b20_lr0.0002_s1,?|Al_deformed_LoG_logtif.h5|0|34|461737,22,0.9652352170510725,0.9337022629651156,0.02162885306064378,0.9962357092987407,0.996228429404172,0.9718031774867665,0.9628508925437927
final_20260804-224906_augmented_spots_train_e200_b20_lr0.0002_s1,?|Ti7Al_logtif.h5|689|689|304122,3,0.9695194164911906,0.9413232803344727,0.025519832968711853,0.9797791441281637,0.97964479525884,0.9719997644424438,0.9619617342948914
final_20260804-224906_augmented_spots_train_e200_b20_lr0.0002_s1,?|Al_big_grains_logtif.h5|4294|9239|295394,3,0.9710926413536072,0.9462453722953796,0.02590206762154897,0.9899879296620687,0.9897939960161845,0.9725952744483948,0.9578605771064759
final_20260804-224906_augmented_spots_train_e200_b20_lr0.0002_s1,?|Ti7Al_logtif.h5|356|1338|522142,3,0.9613418181737264,0.9273511370023092,0.014816672851641973,0.9973707993825277,0.9970829685529073,0.9732625881830851,0.9648533344268799
final_20260804-224906_augmented_spots_train_e200_b20_lr0.0002_s1,?|Ti7Al_logtif.h5|39|39|12402,3,0.963051438331604,0.9293076594670614,0.013394718679289023,0.9696145256360372,0.9686012069384257,0.9748283624649048,0.9738924503326416
final_20260804-224906_augmented_spots_train_e200_b20_lr0.0002_s1,?|IN718_twins_logtif.h5|483|1861|159477,3,0.9766526023546854,0.9545463720957438,0.024915012220541637,0.9978727698326111,0.9978339274724325,0.975868801275889,0.9705620646476746
final_20260804-224906_augmented_spots_train_e200_b20_lr0.0002_s1,?|IN718_twins_logtif.h5|703|2081|178440,3,0.9915754993756613,0.9832954009373983,0.03864236858983835,0.9927288293838501,0.9926170309384664,0.9764665762583414,0.9687703609466553
final_20260804-224906_augmented_spots_train_e200_b20_lr0.0002_s1,?|IN718_twins_logtif.h5|518|1895|162872,3,0.990808884302775,0.9818182388941447,0.03775478402773539,0.9923491676648458,0.9922607739766439,0.9765270551045736,0.9685789704322815
final_20260804-224906_augmented_spots_train_e200_b20_lr0.0002_s1,?|IN718_twins_logtif.h5|1278|1278|108160,3,0.9854686260223389,0.9720656871795654,0.03148905125757059,0.9958095550537109,0.9922587076822916,0.9769897858301798,0.962187385559082
final_20260804-224906_augmented_spots_train_e200_b20_lr0.0002_s1,?|IN718_twins_logtif.h5|909|2288|195464,3,0.9840452671051025,0.96864120165507,0.029264571145176888,0.9959016640981039,0.9956633845965067,0.9773903290430704,0.9714152336120605
final_20260804-224906_augmented_spots_train_e200_b20_lr0.0002_s1,?|IN718_twins_logtif.h5|612|612|50032,3,0.9844717582066854,0.9694782495498657,0.02904219428698222,0.9948414365450541,0.9926632245381674,0.9777147968610128,0.9724581360816955
final_20260804-224906_augmented_spots_train_e200_b20_lr0.0002_s1,?|IN718_twins_logtif.h5|343|1722|148837,3,0.9839298327763876,0.9684053659439087,0.026668860266606014,0.9969135920206705,0.9967349171638489,0.9786304831504822,0.9716577768325806
final_20260804-224906_augmented_spots_train_e200_b20_lr0.0002_s1,?|IN718_twins_logtif.h5|929|929|76478,3,0.9911190867424011,0.9824220339457194,0.03246976559360822,0.9951355457305908,0.9947074055671692,0.9793246587117513,0.9715002179145813
final_20260804-224906_augmented_spots_train_e200_b20_lr0.0002_s1,?|IN718_twins_logtif.h5|108|1486|128639,3,0.9914781451225281,0.9831271370251974,0.030470677341024082,0.9963565071423849,0.9962570071220398,0.9805037379264832,0.9761220932006835
final_20260804-224906_augmented_spots_train_e200_b20_lr0.0002_s1,?|IN718_twins_logtif.h5|322|1698|147131,3,0.9882404804229736,0.9768212636311849,0.025909621889392536,0.9970995982487997,0.9969700773557028,0.9811654289563497,0.975557017326355
final_20260804-224906_augmented_spots_train_e200_b20_lr0.0002_s1,?|IN718_twins_logtif.h5|216|1595|136423,3,0.9907747705777487,0.9817469120025635,0.027193941175937653,0.9968371192614237,0.9968144098917643,0.9817904035250345,0.9781864523887634
final_20260804-224906_augmented_spots_train_e200_b20_lr0.0002_s1,?|IN718_twins_logtif.h5|1271|2649|226498,3,0.9819979270299276,0.9647615949312845,0.018395009140173595,0.9991733829180399,0.9991625547409058,0.981801450252533,0.9803619861602784
final_20260804-224906_augmented_spots_train_e200_b20_lr0.0002_s1,?|IN718_twins_logtif.h5|569|1947|167097,3,0.9924722909927368,0.9850790500640869,0.02861311969657739,0.9968443910280863,0.9968316555023193,0.9819295803705851,0.9798456430435181
final_20260804-224906_augmented_spots_train_e200_b20_lr0.0002_s1,?|IN718_twins_logtif.h5|885|885|73830,4,0.985247328877449,0.9710128158330917,0.02023181552067399,0.9975727945566177,0.9975481927394867,0.9825077652931213,0.9793324649333954
final_20260804-224906_augmented_spots_train_e200_b20_lr0.0002_s1,?|IN718_twins_logtif.h5|1082|2459|210603,3,0.991523543993632,0.9832256436347961,0.025933084388573963,0.9959996938705444,0.9959628582000732,0.9827951987584432,0.9826418161392212
final_20260804-224906_augmented_spots_train_e200_b20_lr0.0002_s1,?|IN718_twins_logtif.h5|813|2190|188254,3,0.9850542942682902,0.970626711845398,0.01880967306594054,0.9986836314201355,0.9986623525619507,0.9831223289171854,0.9804567098617554
final_20260804-224906_augmented_spots_train_e200_b20_lr0.0002_s1,?|IN718_twins_logtif.h5|425|1801|157178,3,0.9880174795786539,0.9763760566711426,0.020589397599299748,0.9987190961837769,0.9987177848815918,0.9837140440940857,0.9814940214157104
final_20260804-224906_augmented_spots_train_e200_b20_lr0.0002_s1,?|IN718_twins_logtif.h5|333|333|29388,3,0.9871997435887655,0.9747560818990072,0.01893291249871254,0.998468259970347,0.9984342853228251,0.9841334025065104,0.9813767433166504
final_20260804-224906_augmented_spots_train_e200_b20_lr0.0002_s1,?|IN718_twins_logtif.h5|692|692|58235,3,0.9959461490313212,0.9919519225756327,0.026333138346672058,0.9965549906094869,0.9965487122535706,0.984806497891744,0.9830909729003906
final_20260804-224906_augmented_spots_train_e200_b20_lr0.0002_s1,?|IN718_twins_logtif.h5|1224|1224|103276,3,0.9912687540054321,0.9827419718106588,0.020767285178105038,0.9941644271214803,0.993990421295166,0.985250731309255,0.9823084354400635
final_20260804-224906_augmented_spots_train_e200_b20_lr0.0002_s1,?|IN718_twins_logtif.h5|825|2202|189095,3,0.9880207777023315,0.9764372507731119,0.017072243615984917,0.9993531505266825,0.9993453820546468,0.9854742487271627,0.9834390997886657
final_20260804-224906_augmented_spots_train_e200_b20_lr0.0002_s1,?|IN718_twins_logtif.h5|183|1559|134525,3,0.9910453160603842,0.9822687109311422,0.01891327587266763,0.9987275203069051,0.9987228711446127,0.9860660235087076,0.9837798595428466
final_20260804-224906_augmented_spots_train_e200_b20_lr0.0002_s1,?|IN718_twins_logtif.h5|1066|2443|209241,3,0.9936907092730204,0.9874634742736816,0.021162742748856544,0.9984492858250936,0.9981347918510437,0.9862639705340067,0.9857700586318969
