model,donor_key,n,dice_mean,iou_mean,rmse_mean,soft_intensity_dice_mean,soft_intensity_dice_whole_mean,spot_recognition_mean,spot_recognition_p10
final_20260702-145153_augmented_spots_train_e200_b10_lr0.0001_s1,?|Al_deformed_LoG_logtif.h5|0|0|14345,21,0.3608681715670086,0.23043174970717656,0.08091095976886295,0.9356615656898135,0.7042894618851798,0.6399785989806765,0.6172889471054077
final_20260702-145153_augmented_spots_train_e200_b10_lr0.0001_s1,?|Ti7Al_logtif.h5|800|1782|729836,3,0.39235058426856995,0.25856107970078784,0.1048493708173434,0.6568232377370199,0.5276753703753153,0.6437505880991617,0.611703610420227
final_20260702-145153_augmented_spots_train_e200_b10_lr0.0001_s1,?|Iron_deformed_logtif.h5|167|447|1896154,3,0.4083378215630849,0.2612040042877197,0.12017125015457471,0.776116410891215,0.6478402614593506,0.644083301226298,0.6264829635620117
final_20260702-145153_augmented_spots_train_e200_b10_lr0.0001_s1,?|Ti7Al_logtif.h5|192|192|64402,3,0.4684869945049286,0.3175243188937505,0.17949481308460236,0.5248026847839355,0.45961283644040424,0.6444960633913676,0.6148170471191406
final_20260702-145153_augmented_spots_train_e200_b10_lr0.0001_s1,?|Iron_deformed_logtif.h5|230|510|2253954,4,0.3948167711496353,0.2529728040099144,0.08886399865150452,0.8226450532674789,0.5965660363435745,0.6529763638973236,0.6185550391674042
final_20260702-145153_augmented_spots_train_e200_b10_lr0.0001_s1,?|Iron_deformed_logtif.h5|14|14|64651,3,0.5901962717374166,0.4322446485360463,0.2830999195575714,0.6473071575164795,0.5810539722442627,0.6535481611887614,0.6115307092666626
final_20260702-145153_augmented_spots_train_e200_b10_lr0.0001_s1,?|Ti7Al_logtif.h5|479|1460|605758,3,0.4817356963952382,0.3566719541947047,0.1744433989127477,0.6507120728492737,0.6320712467034658,0.6536461313565572,0.5660715460777282
final_20260702-145153_augmented_spots_train_e200_b10_lr0.0001_s1,?|Ti7Al_logtif.h5|615|615|277544,3,0.37453892827033997,0.2594960778951645,0.061082467436790466,0.8090723752975464,0.5344817737738291,0.6567282478014628,0.6297999620437622
final_20260702-145153_augmented_spots_train_e200_b10_lr0.0001_s1,?|Ti7Al_logtif.h5|725|1707|707156,3,0.4238848090171814,0.27383895715077716,0.10472967972358067,0.7513615687688192,0.6382292906443278,0.6595775485038757,0.6341277122497558
final_20260702-145153_augmented_spots_train_e200_b10_lr0.0001_s1,?|Ti7Al_logtif.h5|278|1260|494692,3,0.4346928795178731,0.28937646746635437,0.11044783890247345,0.7676456173261007,0.5802103877067566,0.6621225277582804,0.6516929626464844
final_20260702-145153_augmented_spots_train_e200_b10_lr0.0001_s1,?|Ti7Al_logtif.h5|740|1723|711979,3,0.41705767313639325,0.27644342680772144,0.09030461808045705,0.8200353781382242,0.7353901465733846,0.66337651014328,0.6305059671401978
final_20260702-145153_augmented_spots_train_e200_b10_lr0.0001_s1,?|Iron_deformed_logtif.h5|167|167|658994,3,0.402763972679774,0.255455881357193,0.07338003814220428,0.9311675628026327,0.7207726637522379,0.6646919647852579,0.6458868622779846
final_20260702-145153_augmented_spots_train_e200_b10_lr0.0001_s1,?|Iron_deformed_logtif.h5|188|188|784896,5,0.5343191504478455,0.3751386284828186,0.20002744793891908,0.7237566232681274,0.6626322150230408,0.6671458601951599,0.6199266791343689
final_20260702-145153_augmented_spots_train_e200_b10_lr0.0001_s1,?|Al_deformed_LoG_logtif.h5|26|26|441233,21,0.42104987303415936,0.27712935351190116,0.07852164443050112,0.938618174621037,0.7498044939268202,0.671264111995697,0.6313844919204712
final_20260702-145153_augmented_spots_train_e200_b10_lr0.0001_s1,?|Iron_deformed_logtif.h5|123|403|1657222,3,0.45764005184173584,0.3212994734446208,0.11054646968841553,0.8274323145548502,0.5708307027816772,0.6735467910766602,0.6525810718536377
final_20260702-145153_augmented_spots_train_e200_b10_lr0.0001_s1,?|Iron_deformed_logtif.h5|164|164|645795,3,0.5653445919354757,0.4161449571450551,0.21744309862454733,0.7525140245755514,0.7111751039822897,0.6739507516225179,0.6287540197372437
final_20260702-145153_augmented_spots_train_e200_b10_lr0.0001_s1,?|Ti7Al_logtif.h5|674|1655|690234,3,0.43622344732284546,0.30827263991038006,0.087110901872317,0.8651447494824728,0.6420591672261556,0.6745562354723612,0.6404811143875122
final_20260702-145153_augmented_spots_train_e200_b10_lr0.0001_s1,?|Ti7Al_logtif.h5|561|1541|646447,3,0.46042153239250183,0.3036024769147237,0.10711185137430827,0.7888748745123545,0.5943505465984344,0.6766548554102579,0.6505120277404786
final_20260702-145153_augmented_spots_train_e200_b10_lr0.0001_s1,?|Ti7Al_logtif.h5|9|9|1561,4,0.4567968398332596,0.31904273480176926,0.10251401364803314,0.80979984998703,0.6787459850311279,0.677141398191452,0.6241457760334015
final_20260702-145153_augmented_spots_train_e200_b10_lr0.0001_s1,?|Iron_deformed_logtif.h5|252|532|2351102,3,0.5047335922718048,0.3421039779980977,0.13651826232671738,0.8730463782946268,0.7748174667358398,0.6841077009836832,0.648566198348999
final_20260702-145153_augmented_spots_train_e200_b10_lr0.0001_s1,?|Iron_deformed_logtif.h5|96|376|1581320,3,0.566140353679657,0.43657878041267395,0.19684356451034546,0.6780794064203898,0.6619995435078939,0.6846483747164408,0.5883589386940002
final_20260702-145153_augmented_spots_train_e200_b10_lr0.0001_s1,?|Ti7Al_logtif.h5|331|331|117248,3,0.4721713364124298,0.32081320881843567,0.10226379334926605,0.73243381579717,0.6523409485816956,0.6849537889162699,0.6389909744262695
final_20260702-145153_augmented_spots_train_e200_b10_lr0.0001_s1,?|Iron_deformed_logtif.h5|245|525|2343145,3,0.5802691578865051,0.42125336329142254,0.20935475329558054,0.7956553300221761,0.7741860548655192,0.685457189877828,0.6307252168655395
final_20260702-145153_augmented_spots_train_e200_b10_lr0.0001_s1,?|Iron_deformed_logtif.h5|44|44|162956,4,0.553865373134613,0.39495304971933365,0.18080035224556923,0.7866820693016052,0.6705157160758972,0.6865325421094894,0.6265025436878204
final_20260702-145153_augmented_spots_train_e200_b10_lr0.0001_s1,?|Iron_deformed_logtif.h5|176|176|671863,7,0.547664395400456,0.3891217197690691,0.17333717324904033,0.845244186265128,0.7797585725784302,0.6871636254446847,0.6386167645454407
final_20260702-145153_augmented_spots_train_e200_b10_lr0.0001_s1,?|Ti7Al_logtif.h5|474|1457|604880,3,0.5396512746810913,0.38016700744628906,0.1648787036538124,0.6970793207486471,0.6573794881502787,0.6873862942059835,0.652338171005249
final_20260702-145153_augmented_spots_train_e200_b10_lr0.0001_s1,?|Iron_deformed_logtif.h5|274|274|1211311,3,0.5369380315144857,0.3921751578648885,0.15790132184823355,0.7859753568967184,0.7638801336288452,0.6895183722178141,0.5919712662696839
final_20260702-145153_augmented_spots_train_e200_b10_lr0.0001_s1,?|Iron_deformed_logtif.h5|30|310|1320109,5,0.4865571022033691,0.3464174270629883,0.10729298293590546,0.753689169883728,0.5875030875205993,0.6896320700645446,0.651263415813446
final_20260702-145153_augmented_spots_train_e200_b10_lr0.0001_s1,?|Iron_deformed_logtif.h5|88|368|1562446,4,0.5433119088411331,0.38137469440698624,0.16252602264285088,0.844452977180481,0.7784394770860672,0.6903929263353348,0.6433934032917022
final_20260702-145153_augmented_spots_train_e200_b10_lr0.0001_s1,?|Ti7Al_logtif.h5|1|983|386483,3,0.462328573067983,0.3138858874638875,0.08092654496431351,0.7889765501022339,0.6400988101959229,0.6907010277112325,0.6506885886192322
final_20260702-145153_augmented_spots_train_e200_b10_lr0.0001_s1,?|Iron_deformed_logtif.h5|228|228|1010103,3,0.5214618245760599,0.36783065398534137,0.13960968454678854,0.9196088115374247,0.8371649980545044,0.6909260551134745,0.6428997874259949
final_20260702-145153_augmented_spots_train_e200_b10_lr0.0001_s1,?|Iron_deformed_logtif.h5|127|127|436075,9,0.5680840015411377,0.4279618627495236,0.18389655939406818,0.8504232101970248,0.783918258216646,0.6920937167273628,0.6013014435768127
final_20260702-145153_augmented_spots_train_e200_b10_lr0.0001_s1,?|Iron_deformed_logtif.h5|168|448|1896773,3,0.5577499866485596,0.39936524629592896,0.17140582700570425,0.7511690060297648,0.7183157006899515,0.6931720972061157,0.6445227026939392
final_20260702-145153_augmented_spots_train_e200_b10_lr0.0001_s1,?|Iron_deformed_logtif.h5|77|357|1542926,6,0.5080361018578211,0.35994959870974225,0.12073725586136182,0.8779266873995463,0.7648143817981085,0.693649431069692,0.6467043161392212
final_20260702-145153_augmented_spots_train_e200_b10_lr0.0001_s1,?|Iron_deformed_logtif.h5|184|184|749244,3,0.5129847725232443,0.37417180339495343,0.1240453024705251,0.8775132497151693,0.6518641114234924,0.6944697300593058,0.6706884860992431
final_20260702-145153_augmented_spots_train_e200_b10_lr0.0001_s1,?|Iron_deformed_logtif.h5|172|172|667669,5,0.5834570407867432,0.43512955904006956,0.19418704360723496,0.7463975548744202,0.6853467583656311,0.6946349978446961,0.5947525858879089
final_20260702-145153_augmented_spots_train_e200_b10_lr0.0001_s1,?|Ti7Al_logtif.h5|746|1728|712611,4,0.5390625596046448,0.3971926048398018,0.14909857511520386,0.7223693132400513,0.7045867443084717,0.6949819773435593,0.6031988561153412
final_20260702-145153_augmented_spots_train_e200_b10_lr0.0001_s1,?|Al_deformed_LoG_logtif.h5|26|60|891702,23,0.49115531470464624,0.3536149043103923,0.09729140705388525,0.9143802186717158,0.7603659837142281,0.6969319607900537,0.6510734796524048
final_20260702-145153_augmented_spots_train_e200_b10_lr0.0001_s1,?|Iron_deformed_logtif.h5|89|89|322664,5,0.504577249288559,0.3519201219081879,0.10990292280912399,0.956191611289978,0.8686462879180908,0.6973371505737305,0.6572439193725585
final_20260702-145153_augmented_spots_train_e200_b10_lr0.0001_s1,?|Ti7Al_logtif.h5|278|278|106292,4,0.47710493952035904,0.3424760028719902,0.07711501978337765,0.8860708177089691,0.6083482056856155,0.6999949812889099,0.6754501819610595
final_20260702-145153_augmented_spots_train_e200_b10_lr0.0001_s1,?|Iron_deformed_logtif.h5|84|363|1554874,4,0.5799659639596939,0.41653701663017273,0.17754671350121498,0.823219895362854,0.7618137747049332,0.7012096345424652,0.6498862087726593
final_20260702-145153_augmented_spots_train_e200_b10_lr0.0001_s1,?|Iron_deformed_logtif.h5|235|235|1039802,3,0.5278447965780894,0.3728862802187602,0.12535793582598367,0.8289804458618164,0.7348080476125082,0.7012433807055155,0.6524805068969727
final_20260702-145153_augmented_spots_train_e200_b10_lr0.0001_s1,?|Iron_deformed_logtif.h5|50|50|192409,3,0.5960561633110046,0.4398689965407054,0.19302700459957123,0.8506184418996176,0.8164625565210978,0.7015146017074585,0.6721203804016114
final_20260702-145153_augmented_spots_train_e200_b10_lr0.0001_s1,?|Iron_deformed_logtif.h5|173|173|668050,4,0.5877067819237709,0.4291633367538452,0.18249814957380295,0.8154274076223373,0.7768721133470535,0.7026042938232422,0.6665048956871032
final_20260702-145153_augmented_spots_train_e200_b10_lr0.0001_s1,?|Iron_deformed_logtif.h5|105|105|380792,4,0.5206385552883148,0.36006736755371094,0.11242490634322166,0.8631303757429123,0.7161711901426315,0.7041068226099014,0.6551525056362152
final_20260702-145153_augmented_spots_train_e200_b10_lr0.0001_s1,?|Ti7Al_logtif.h5|737|737|318628,3,0.5659982562065125,0.39831528067588806,0.15771428247292837,0.7091558774312338,0.6899593472480774,0.7041419744491577,0.6809102058410644
final_20260702-145153_augmented_spots_train_e200_b10_lr0.0001_s1,?|Ti7Al_logtif.h5|330|1312|505227,3,0.5334235429763794,0.3841422100861867,0.1234759787718455,0.7964703639348348,0.68988170226415,0.7049737970034281,0.6658125162124634
final_20260702-145153_augmented_spots_train_e200_b10_lr0.0001_s1,?|Iron_deformed_logtif.h5|65|65|262514,3,0.5590114891529083,0.40632102886835736,0.14820894102255502,0.8797420660654703,0.7996945381164551,0.7054012616475424,0.6720126152038575
final_20260702-145153_augmented_spots_train_e200_b10_lr0.0001_s1,?|Iron_deformed_logtif.h5|144|144|528465,3,0.4879004458586375,0.34889169534047443,0.07672903438409169,0.9337231516838074,0.7084499597549438,0.7055856982866923,0.676967191696167
final_20260702-145153_augmented_spots_train_e200_b10_lr0.0001_s1,?|Iron_deformed_logtif.h5|108|108|396384,3,0.5506720145543417,0.39670848846435547,0.13867960373560587,0.8681835929552714,0.8060677448908488,0.7059961756070455,0.6739002108573914
final_20260702-145153_augmented_spots_train_e200_b10_lr0.0001_s1,?|Ti7Al_logtif.h5|735|735|318417,3,0.5318461457888285,0.36416421333948773,0.11693585415681203,0.9001397490501404,0.8781848748524984,0.7074551582336426,0.6723779916763306
final_20260702-145153_augmented_spots_train_e200_b10_lr0.0001_s1,?|Al_deformed_LoG_logtif.h5|0|34|461737,22,0.5140628327022899,0.3799084709449248,0.09803452783010223,0.9404387961734425,0.809644653038545,0.7080141576853666,0.6686530947685242
final_20260702-145153_augmented_spots_train_e200_b10_lr0.0001_s1,?|Iron_deformed_logtif.h5|273|553|2451312,7,0.6020811200141907,0.445089191198349,0.18449157263551438,0.8192420686994281,0.7845672198704311,0.7087947811399188,0.6072139263153076
final_20260702-145153_augmented_spots_train_e200_b10_lr0.0001_s1,?|Al_deformed_LoG_logtif.h5|10|10|167252,17,0.5808432207388037,0.4198096973054549,0.16242204299744437,0.8434063546797809,0.7831012045635897,0.7092105781330782,0.6711146593093872
final_20260702-145153_augmented_spots_train_e200_b10_lr0.0001_s1,?|Ti7Al_logtif.h5|244|1226|477357,3,0.5111846526463827,0.3592510720094045,0.09239231795072556,0.8069310784339905,0.640704353650411,0.7093961636225382,0.6851065993309021
final_20260702-145153_augmented_spots_train_e200_b10_lr0.0001_s1,?|Iron_deformed_logtif.h5|20|20|68360,3,0.6272341012954712,0.47129250566164654,0.2083633840084076,0.7641268571217855,0.7250776886940002,0.7094353437423706,0.6488343477249146
final_20260702-145153_augmented_spots_train_e200_b10_lr0.0001_s1,?|Iron_deformed_logtif.h5|21|300|1307410,3,0.5424337983131409,0.3963683446248372,0.12319709360599518,0.8380448818206787,0.708525021870931,0.709618349870046,0.6475894093513489
final_20260702-145153_augmented_spots_train_e200_b10_lr0.0001_s1,?|Ti7Al_logtif.h5|431|1413|574457,3,0.5292772650718689,0.39246201515197754,0.10968475788831711,0.7148052255312601,0.6808754404385885,0.7097962299982706,0.6500845909118652
final_20260702-145153_augmented_spots_train_e200_b10_lr0.0001_s1,?|Iron_deformed_logtif.h5|210|210|876585,5,0.5826528549194336,0.42006967067718504,0.16148517057299613,0.80126873254776,0.7474346280097961,0.7105838537216187,0.6513657569885254
final_20260702-145153_augmented_spots_train_e200_b10_lr0.0001_s1,?|Iron_deformed_logtif.h5|144|424|1768990,4,0.5634331479668617,0.43395843356847763,0.14217187650501728,0.8485819548368454,0.7287213206291199,0.7106306254863739,0.6655948996543884
final_20260702-145153_augmented_spots_train_e200_b10_lr0.0001_s1,?|Ti7Al_logtif.h5|951|951|378424,6,0.5424852967262268,0.40068962673346203,0.12082004795471828,0.7541145533323288,0.6630910634994507,0.7108326057593027,0.6208548545837402
final_20260702-145153_augmented_spots_train_e200_b10_lr0.0001_s1,?|Iron_deformed_logtif.h5|128|408|1686356,3,0.628817617893219,0.46600066622098285,0.2014267841974894,0.7390709122021993,0.7198291023572286,0.7136954069137573,0.6888645887374878
final_20260702-145153_augmented_spots_train_e200_b10_lr0.0001_s1,?|Iron_deformed_logtif.h5|5|5|17872,5,0.5668281614780426,0.4288275182247162,0.1389378696680069,0.9265021562576294,0.7703549981117248,0.7139451384544373,0.666175901889801
final_20260702-145153_augmented_spots_train_e200_b10_lr0.0001_s1,?|Ti7Al_logtif.h5|291|291|107749,5,0.5406367540359497,0.3867133021354675,0.1104618787765503,0.776585865020752,0.686478316783905,0.7150874257087707,0.6538671970367431
final_20260702-145153_augmented_spots_train_e200_b10_lr0.0001_s1,?|Ti7Al_logtif.h5|738|1720|711689,3,0.5123704075813293,0.3594973087310791,0.08179273828864098,0.8451703389485677,0.7674037416776022,0.7152888178825378,0.6959170341491699
final_20260702-145153_augmented_spots_train_e200_b10_lr0.0001_s1,?|Iron_deformed_logtif.h5|234|514|2272117,3,0.5789025823275248,0.42055222392082214,0.1478619078795115,0.8500860929489136,0.8026134967803955,0.7155203421910604,0.6481831789016723
final_20260702-145153_augmented_spots_train_e200_b10_lr0.0001_s1,?|Iron_deformed_logtif.h5|22|302|1309528,4,0.5861746519804001,0.432407483458519,0.15433299914002419,0.8886654078960419,0.8250751495361328,0.7159208208322525,0.6430384993553162
final_20260702-145153_augmented_spots_train_e200_b10_lr0.0001_s1,?|Iron_deformed_logtif.h5|105|385|1622522,3,0.5130098462104797,0.35972567399342853,0.08091116448243459,0.9156927863756815,0.7206195990244547,0.7160493532816569,0.6718066692352295
final_20260702-145153_augmented_spots_train_e200_b10_lr0.0001_s1,?|Iron_deformed_logtif.h5|197|197|812567,6,0.5770385364691416,0.433346226811409,0.1436885173122088,0.8857547640800476,0.7633625666300455,0.7166749835014343,0.6395364105701447
final_20260702-145153_augmented_spots_train_e200_b10_lr0.0001_s1,?|Ti7Al_logtif.h5|110|110|32103,5,0.5453620612621307,0.4216132879257202,0.11026141718029976,0.8196448922157288,0.6618498802185059,0.7175503373146057,0.6837767004966736
final_20260702-145153_augmented_spots_train_e200_b10_lr0.0001_s1,?|Iron_deformed_logtif.h5|60|340|1491296,3,0.5666769544283549,0.3980364998181661,0.13126121958096823,0.8560484250386556,0.8354519804318746,0.7177078723907471,0.6757860064506531
final_20260702-145153_augmented_spots_train_e200_b10_lr0.0001_s1,?|Iron_deformed_logtif.h5|1|281|1250417,3,0.5583256085713705,0.4057728747526805,0.12216780334711075,0.8390593727429708,0.7501171330610911,0.7180788715680441,0.6517531991004943
final_20260702-145153_augmented_spots_train_e200_b10_lr0.0001_s1,?|Ti7Al_logtif.h5|605|1587|664057,3,0.5474724769592285,0.388380507628123,0.111127653469642,0.8731522162755331,0.7640291452407837,0.7181723912556967,0.6633333683013916
final_20260702-145153_augmented_spots_train_e200_b10_lr0.0001_s1,?|Ti7Al_logtif.h5|592|1574|655769,3,0.5196330746014913,0.35781362652778625,0.0825329100092252,0.8656435410181681,0.6663076480229696,0.7185500860214233,0.6967902541160583
final_20260702-145153_augmented_spots_train_e200_b10_lr0.0001_s1,?|Iron_deformed_logtif.h5|184|464|1988468,6,0.604675700267156,0.44038331011931103,0.16655804589390755,0.8056355317433676,0.7650987207889557,0.7190588315327963,0.6615560948848724
final_20260702-145153_augmented_spots_train_e200_b10_lr0.0001_s1,?|Iron_deformed_logtif.h5|143|143|525365,3,0.6234104633331299,0.4587252040704091,0.18524660418430963,0.755206565062205,0.7091434995333353,0.7190819382667542,0.6935593008995056
final_20260702-145153_augmented_spots_train_e200_b10_lr0.0001_s1,?|Iron_deformed_logtif.h5|276|556|2461082,3,0.5388131936391195,0.37826884786287945,0.09990620613098145,0.9507352908452352,0.8510260979334513,0.719453493754069,0.6702026963233948
final_20260702-145153_augmented_spots_train_e200_b10_lr0.0001_s1,?|Iron_deformed_logtif.h5|21|21|68698,5,0.6220012128353118,0.4697288811206818,0.18214488476514817,0.8688675880432128,0.7914540290832519,0.7199281454086304,0.6889639377593995
final_20260702-145153_augmented_spots_train_e200_b10_lr0.0001_s1,?|Al_deformed_LoG_logtif.h5|3|3|20806,16,0.5581113696098328,0.39360414259135723,0.1166400876827538,0.8973818346858025,0.800203088670969,0.7207356430590153,0.6767184138298035
final_20260702-145153_augmented_spots_train_e200_b10_lr0.0001_s1,?|Iron_deformed_logtif.h5|169|449|1897167,4,0.6003375053405762,0.4314774349331856,0.1572735384106636,0.8207058012485504,0.7880921214818954,0.7215319871902466,0.6825133085250854
final_20260702-145153_augmented_spots_train_e200_b10_lr0.0001_s1,?|Iron_deformed_logtif.h5|241|241|1093313,4,0.5746564194560051,0.41548339277505875,0.1313805766403675,0.866989403963089,0.8011084198951721,0.7216379046440125,0.6638035655021668
final_20260702-145153_augmented_spots_train_e200_b10_lr0.0001_s1,?|Iron_deformed_logtif.h5|162|442|1877566,3,0.5239104529221853,0.3645811478296916,0.07833497226238251,0.943758487701416,0.6693405707677206,0.7227877378463745,0.6838118076324463
final_20260702-145153_augmented_spots_train_e200_b10_lr0.0001_s1,?|Iron_deformed_logtif.h5|19|298|1306721,6,0.632097860177358,0.4717833548784256,0.18539138014117876,0.7733186880747477,0.7406626840432485,0.723353256781896,0.6388498246669769
final_20260702-145153_augmented_spots_train_e200_b10_lr0.0001_s1,?|Ti7Al_logtif.h5|89|89|24821,3,0.5475046435991923,0.3792143662770589,0.10006443535288174,0.8317211270332336,0.7627095182736715,0.7237200935681661,0.7120115637779236
final_20260702-145153_augmented_spots_train_e200_b10_lr0.0001_s1,?|Iron_deformed_logtif.h5|95|374|1574041,5,0.6278131365776062,0.46570364236831663,0.17911524325609207,0.7145747423171998,0.7036741495132446,0.7243489384651184,0.6377936363220215
final_20260702-145153_augmented_spots_train_e200_b10_lr0.0001_s1,?|Al_deformed_LoG_logtif.h5|33|33|445437,25,0.6127408993244171,0.4625554919242859,0.16331024795770646,0.8748906230926514,0.790793297290802,0.7247153234481811,0.6486988425254822
final_20260702-145153_augmented_spots_train_e200_b10_lr0.0001_s1,?|Iron_deformed_logtif.h5|196|476|2048948,3,0.5360895792643229,0.3846900860468547,0.08626926938692729,0.8524237275123596,0.7252122759819031,0.7249101400375366,0.6834937572479248
final_20260702-145153_augmented_spots_train_e200_b10_lr0.0001_s1,?|Iron_deformed_logtif.h5|39|319|1383099,3,0.649021565914154,0.496883620818456,0.1987011432647705,0.7081016898155212,0.6857415437698364,0.7251602212587992,0.6772670149803162
final_20260702-145153_augmented_spots_train_e200_b10_lr0.0001_s1,?|Iron_deformed_logtif.h5|188|468|2024649,4,0.624411404132843,0.459532730281353,0.1739457007497549,0.7863861545920372,0.7357645928859711,0.7252328544855118,0.6530587673187256
final_20260702-145153_augmented_spots_train_e200_b10_lr0.0001_s1,?|Ti7Al_logtif.h5|846|1828|745292,3,0.5754468639691671,0.4209876259167989,0.12415047238270442,0.8008310397466024,0.7581504185994467,0.7256482044855753,0.6157576203346252
final_20260702-145153_augmented_spots_train_e200_b10_lr0.0001_s1,?|Ti7Al_logtif.h5|587|1569|653866,3,0.5668807625770569,0.40616485476493835,0.11547242601712544,0.8581409454345703,0.8058461944262186,0.7257041533788046,0.6791642904281616
final_20260702-145153_augmented_spots_train_e200_b10_lr0.0001_s1,?|Iron_deformed_logtif.h5|250|529|2345856,3,0.6072068810462952,0.44673656423886615,0.15559439361095428,0.8014477888743082,0.7862945596377054,0.7258062362670898,0.6473172426223754
final_20260702-145153_augmented_spots_train_e200_b10_lr0.0001_s1,?|Al_deformed_LoG_logtif.h5|4|38|471881,23,0.6059488187665525,0.4421687113202136,0.15302839616070624,0.8460850819297459,0.7918449199717977,0.7264602158380591,0.6645227432250976
final_20260702-145153_augmented_spots_train_e200_b10_lr0.0001_s1,?|Iron_deformed_logtif.h5|163|443|1881181,3,0.6528060038884481,0.5043600996335348,0.19968855877717337,0.8241667747497559,0.7968530654907227,0.7265587250391642,0.7039669036865235
final_20260702-145153_augmented_spots_train_e200_b10_lr0.0001_s1,?|Iron_deformed_logtif.h5|138|138|519077,4,0.5973247215151787,0.45131195336580276,0.14397202618420124,0.8720110803842545,0.7973468154668808,0.7266763299703598,0.6623250603675842
final_20260702-145153_augmented_spots_train_e200_b10_lr0.0001_s1,?|Iron_deformed_logtif.h5|0|0|1623,3,0.5883576273918152,0.4321679671605428,0.13397914171218872,0.8076423605283102,0.7239600419998169,0.7271892428398132,0.6798363089561462
final_20260702-145153_augmented_spots_train_e200_b10_lr0.0001_s1,?|Iron_deformed_logtif.h5|215|215|920107,3,0.6697606245676676,0.5083960394064585,0.2136125365893046,0.6981220444043478,0.6842273076375326,0.7280740340550741,0.6743631362915039
final_20260702-145153_augmented_spots_train_e200_b10_lr0.0001_s1,?|Iron_deformed_logtif.h5|117|397|1649342,3,0.5275057852268219,0.3866629401842753,0.07106305782993634,0.9493194421132406,0.7856324116388956,0.7282213568687439,0.6503280401229858
final_20260702-145153_augmented_spots_train_e200_b10_lr0.0001_s1,?|Iron_deformed_logtif.h5|33|313|1349905,6,0.6369427939256033,0.47716766595840454,0.1802122655014197,0.7513274451096853,0.720353901386261,0.7283652722835541,0.6564657986164093
final_20260702-145153_augmented_spots_train_e200_b10_lr0.0001_s1,?|Al_deformed_LoG_logtif.h5|17|17|318986,16,0.6120521482080221,0.45569540373981,0.15477100666612387,0.8673806115984917,0.8192010708153248,0.7286405749619007,0.6452543139457703
final_20260702-145153_augmented_spots_train_e200_b10_lr0.0001_s1,?|Iron_deformed_logtif.h5|189|469|2025484,3,0.6390069325764974,0.474216361840566,0.18047132094701132,0.7277177969614664,0.6870549122492472,0.7292677958806356,0.7154501676559448
final_20260702-145153_augmented_spots_train_e200_b10_lr0.0001_s1,?|Iron_deformed_logtif.h5|42|322|1394565,3,0.6622954408327738,0.5040765802065531,0.2037308613459269,0.8446306586265564,0.8219743967056274,0.7292822996775309,0.696877384185791
final_20260702-145153_augmented_spots_train_e200_b10_lr0.0001_s1,?|Iron_deformed_logtif.h5|121|401|1655920,4,0.5897747278213501,0.42912523448467255,0.13113165460526943,0.8989636301994324,0.794625461101532,0.7293215394020081,0.6981805384159088
final_20260702-145153_augmented_spots_train_e200_b10_lr0.0001_s1,?|Iron_deformed_logtif.h5|18|299|1307069,4,0.6299076825380325,0.4663523882627487,0.17032093927264214,0.7798245698213577,0.7072976529598236,0.7297933548688889,0.6916399419307708
final_20260702-145153_augmented_spots_train_e200_b10_lr0.0001_s1,?|Al_deformed_LoG_logtif.h5|29|63|895675,13,0.6699147682923537,0.5151692514236157,0.21008475583333236,0.8279540859735929,0.8008960210360013,0.7299150045101459,0.6480099201202393
final_20260702-145153_augmented_spots_train_e200_b10_lr0.0001_s1,?|Ti7Al_logtif.h5|765|1748|716846,3,0.5289321144421896,0.37359293301900226,0.06896519164244334,0.8204724192619324,0.6045533021291097,0.7299834688504537,0.6854307174682617
final_20260702-145153_augmented_spots_train_e200_b10_lr0.0001_s1,?|Iron_deformed_logtif.h5|137|137|518561,5,0.5677150845527649,0.3982298970222473,0.10552957653999329,0.8848475933074951,0.8161106944084168,0.7310927391052247,0.7016584873199463
final_20260702-145153_augmented_spots_train_e200_b10_lr0.0001_s1,?|Al_deformed_LoG_logtif.h5|3|37|469193,18,0.5908087872796588,0.4304945402675205,0.12851840547389454,0.8830155895815955,0.8345681230227152,0.731145183245341,0.6637372970581055
final_20260702-145153_augmented_spots_train_e200_b10_lr0.0001_s1,?|Iron_deformed_logtif.h5|124|404|1669194,3,0.6022154092788696,0.43600351611773175,0.13980446507533392,0.8506612380345663,0.8272932171821594,0.731205423672994,0.7013422250747681
final_20260702-145153_augmented_spots_train_e200_b10_lr0.0001_s1,?|Ti7Al_logtif.h5|134|1116|428768,3,0.5283137857913971,0.40332908431688946,0.06527540336052577,0.9680819908777872,0.7412142157554626,0.7315192023913065,0.6690849542617798
final_20260702-145153_augmented_spots_train_e200_b10_lr0.0001_s1,?|Iron_deformed_logtif.h5|161|441|1867701,4,0.5785384327173233,0.4172847494482994,0.11542559042572975,0.8669173270463943,0.8024790436029434,0.7315564304590225,0.7116087973117828
final_20260702-145153_augmented_spots_train_e200_b10_lr0.0001_s1,?|Iron_deformed_logtif.h5|270|550|2449837,5,0.6005467653274537,0.4342899560928345,0.13672600835561752,0.850776195526123,0.8130134105682373,0.7319103717803955,0.6930576086044311
final_20260702-145153_augmented_spots_train_e200_b10_lr0.0001_s1,?|Iron_deformed_logtif.h5|207|487|2110068,4,0.5961052626371384,0.4403391256928444,0.13227898068726063,0.923975795507431,0.8815043866634369,0.731913149356842,0.6979266822338104
final_20260702-145153_augmented_spots_train_e200_b10_lr0.0001_s1,?|Ti7Al_logtif.h5|306|1288|501063,4,0.5573955625295639,0.39715906977653503,0.09308024402707815,0.88337142765522,0.7711712419986725,0.7321576327085495,0.7126773655414581
final_20260702-145153_augmented_spots_train_e200_b10_lr0.0001_s1,?|Al_deformed_LoG_logtif.h5|17|51|763114,23,0.6569234638110452,0.503240844477778,0.1917305368444194,0.816262934518897,0.7926313099653824,0.7325964621875597,0.6418136358261108
final_20260702-145153_augmented_spots_train_e200_b10_lr0.0001_s1,?|Iron_deformed_logtif.h5|15|15|66683,3,0.6983921925226847,0.5421541730562845,0.23259075482686362,0.7514391740163168,0.7439278960227966,0.7329006989796957,0.7009144186973572
final_20260702-145153_augmented_spots_train_e200_b10_lr0.0001_s1,?|Ti7Al_logtif.h5|867|1849|749230,3,0.5909014542897543,0.4418846567471822,0.1243865117430687,0.8803608814875284,0.8266100486119589,0.7332574923833212,0.709257173538208
final_20260702-145153_augmented_spots_train_e200_b10_lr0.0001_s1,?|Iron_deformed_logtif.h5|62|342|1492694,5,0.6149725079536438,0.45925583839416506,0.14842425286769867,0.8275881171226501,0.8028987646102905,0.7332741260528565,0.6479958057403564
final_20260702-145153_augmented_spots_train_e200_b10_lr0.0001_s1,?|Ti7Al_logtif.h5|936|1918|774149,3,0.5476111272970835,0.38709022601445514,0.08076919242739677,0.8851328293482462,0.6461579998334249,0.7334209481875101,0.6901853442192077
final_20260702-145153_augmented_spots_train_e200_b10_lr0.0001_s1,?|Al_deformed_LoG_logtif.h5|6|40|510321,24,0.6501348304251829,0.5004136034597954,0.18082112275684872,0.8605128154158592,0.8198470671971639,0.7346568554639816,0.6531665325164795
final_20260702-145153_augmented_spots_train_e200_b10_lr0.0001_s1,?|Iron_deformed_logtif.h5|279|279|1239202,4,0.6124984547495842,0.4539358839392662,0.14252099581062794,0.8514950424432755,0.7379143983125687,0.734988734126091,0.6993087351322174
final_20260702-145153_augmented_spots_train_e200_b10_lr0.0001_s1,?|Al_deformed_LoG_logtif.h5|20|54|805566,20,0.6414681509137153,0.4801220953464508,0.17141134068369865,0.844363808631897,0.8165421664714814,0.735028401017189,0.6788776338100433
final_20260702-145153_augmented_spots_train_e200_b10_lr0.0001_s1,?|Iron_deformed_logtif.h5|217|497|2202296,4,0.5940892100334167,0.4283260256052017,0.12401380203664303,0.8296428471803665,0.7485373765230179,0.735037699341774,0.7035937964916229
final_20260702-145153_augmented_spots_train_e200_b10_lr0.0001_s1,?|Ti7Al_logtif.h5|579|579|259870,3,0.5337707797686259,0.379260778427124,0.06287911906838417,0.9562394618988037,0.7503583431243896,0.7354458173116049,0.7136081576347351
final_20260702-145153_augmented_spots_train_e200_b10_lr0.0001_s1,?|Iron_deformed_logtif.h5|27|27|75554,4,0.5849022418260574,0.4258067309856415,0.11381551250815392,0.895579606294632,0.8090810179710388,0.735543355345726,0.6728041291236877
final_20260702-145153_augmented_spots_train_e200_b10_lr0.0001_s1,?|Al_deformed_LoG_logtif.h5|20|20|362924,19,0.6440068420610929,0.4925597325751656,0.1715903425295102,0.8646601595376667,0.8152258835340801,0.7362082412368373,0.6485911011695862
final_20260702-145153_augmented_spots_train_e200_b10_lr0.0001_s1,?|Ti7Al_logtif.h5|39|39|12402,3,0.5361083348592123,0.36931245525677997,0.06279363979895909,0.8435011506080627,0.6553550362586975,0.7366573611895243,0.7113688707351684
final_20260702-145153_augmented_spots_train_e200_b10_lr0.0001_s1,?|Iron_deformed_logtif.h5|92|372|1572842,4,0.6351340413093567,0.4869042634963989,0.16180390678346157,0.8503374755382538,0.8181569501757622,0.7366650551557541,0.6251831710338592
final_20260702-145153_augmented_spots_train_e200_b10_lr0.0001_s1,?|Al_deformed_LoG_logtif.h5|22|22|390231,24,0.6587925441563129,0.5122226911286513,0.18488645957161984,0.8746563692887624,0.826163354019324,0.7369530449310938,0.6576289176940918
final_20260702-145153_augmented_spots_train_e200_b10_lr0.0001_s1,?|Ti7Al_logtif.h5|878|878|356416,3,0.586955746014913,0.41673452655474347,0.1125933180252711,0.7808758417765299,0.7079783280690511,0.7371812065442404,0.7059800624847412
final_20260702-145153_augmented_spots_train_e200_b10_lr0.0001_s1,?|Iron_deformed_logtif.h5|120|400|1655560,4,0.603961244225502,0.4420047625899315,0.12883145734667778,0.8729327172040939,0.8249254673719406,0.7375648766756058,0.7009365320205688
final_20260702-145153_augmented_spots_train_e200_b10_lr0.0001_s1,?|Ti7Al_logtif.h5|593|593|265156,3,0.5731395284334818,0.42600149909655255,0.09774488459030788,0.8157239158948263,0.7356332937876383,0.7376973231633505,0.6814880609512329
final_20260702-145153_augmented_spots_train_e200_b10_lr0.0001_s1,?|Iron_deformed_logtif.h5|39|39|143519,5,0.6283375978469848,0.4655986189842224,0.15262157768011092,0.8298910737037659,0.7656940460205078,0.7378580212593079,0.6632125616073609
final_20260702-145153_augmented_spots_train_e200_b10_lr0.0001_s1,?|Iron_deformed_logtif.h5|265|545|2432134,4,0.5726577118039131,0.43417348712682724,0.0962523091584444,0.8806203901767731,0.7824573665857315,0.7382027059793472,0.6656011879444123
final_20260702-145153_augmented_spots_train_e200_b10_lr0.0001_s1,?|Ti7Al_logtif.h5|900|1881|752712,3,0.5633649826049805,0.40812067190806073,0.08610971520344417,0.7950490315755209,0.7005051970481873,0.7386276324590048,0.7197218298912048
final_20260702-145153_augmented_spots_train_e200_b10_lr0.0001_s1,?|Iron_deformed_logtif.h5|193|473|2027590,3,0.591735859711965,0.4382318357626597,0.11436898012955983,0.9406960805257162,0.8953161438306173,0.7386834422747294,0.6566925883293152
final_20260702-145153_augmented_spots_train_e200_b10_lr0.0001_s1,?|Iron_deformed_logtif.h5|255|535|2371626,5,0.5970651745796204,0.43280222415924074,0.11965879499912262,0.897519314289093,0.7702154278755188,0.7387032032012939,0.7107112169265747
final_20260702-145153_augmented_spots_train_e200_b10_lr0.0001_s1,?|Iron_deformed_logtif.h5|139|420|1763892,4,0.6513346135616302,0.5093481838703156,0.17333891801536083,0.8112147450447083,0.7713415026664734,0.7389978617429733,0.6509686350822449
final_20260702-145153_augmented_spots_train_e200_b10_lr0.0001_s1,?|Ti7Al_logtif.h5|153|153|50619,3,0.5957370201746622,0.4559960862000783,0.11740499238173167,0.7379745443662008,0.6180623769760132,0.7391659816106161,0.6956510782241822
final_20260702-145153_augmented_spots_train_e200_b10_lr0.0001_s1,?|Al_deformed_LoG_logtif.h5|27|61|894788,23,0.6584398694660353,0.5043475848177205,0.1793089998157128,0.8645335124886554,0.8177681824435359,0.7395654268886732,0.6727549791336059
final_20260702-145153_augmented_spots_train_e200_b10_lr0.0001_s1,?|Al_deformed_LoG_logtif.h5|18|18|337193,18,0.6462212320831087,0.4961734546555413,0.1667342550224728,0.8744979335202111,0.7946683698230319,0.7397434877024757,0.6690617084503174
final_20260702-145153_augmented_spots_train_e200_b10_lr0.0001_s1,?|Al_deformed_LoG_logtif.h5|27|27|443830,20,0.6441976457834244,0.5141179725527764,0.1647082805633545,0.8935735672712326,0.794911366701126,0.7397446811199189,0.6186273694038391
final_20260702-145153_augmented_spots_train_e200_b10_lr0.0001_s1,?|Iron_deformed_logtif.h5|15|295|1305345,3,0.6607393225034078,0.5048495233058929,0.18032322824001312,0.8334315617879232,0.8014120062192281,0.7402080297470093,0.6937405586242675
final_20260702-145153_augmented_spots_train_e200_b10_lr0.0001_s1,?|Iron_deformed_logtif.h5|91|91|323387,3,0.5725271105766296,0.4165971080462138,0.09188470492760341,0.9167924125989279,0.8763388991355896,0.7403211792310079,0.6939411878585815
final_20260702-145153_augmented_spots_train_e200_b10_lr0.0001_s1,?|Iron_deformed_logtif.h5|183|463|1960285,3,0.5937691728274027,0.42679064472516376,0.11301404982805252,0.8815296490987142,0.8501397371292114,0.7403775652249655,0.7056130290031433
final_20260702-145153_augmented_spots_train_e200_b10_lr0.0001_s1,?|Al_deformed_LoG_logtif.h5|11|11|167555,19,0.5933578359453302,0.430215270895707,0.11248229287172619,0.9185771001012701,0.8396299920584026,0.7404377774188393,0.7058070063591003
final_20260702-145153_augmented_spots_train_e200_b10_lr0.0001_s1,?|Al_deformed_LoG_logtif.h5|19|19|353769,17,0.6745792592273039,0.5177624769070569,0.19315419389921076,0.7879437523729661,0.7662256780792686,0.7407125444973216,0.6669977188110352
final_20260702-145153_augmented_spots_train_e200_b10_lr0.0001_s1,?|Iron_deformed_logtif.h5|249|527|2345175,4,0.6091368198394775,0.452737033367157,0.12770182266831398,0.835262805223465,0.797553226351738,0.7407175004482269,0.6645804524421692
final_20260702-145153_augmented_spots_train_e200_b10_lr0.0001_s1,?|Ti7Al_logtif.h5|67|67|19272,4,0.5754579305648804,0.4204336330294609,0.09292607940733433,0.8331865072250366,0.7547577023506165,0.7412659227848053,0.6822095692157746
final_20260702-145153_augmented_spots_train_e200_b10_lr0.0001_s1,?|Al_deformed_LoG_logtif.h5|30|30|444908,14,0.6629346013069153,0.5154880519424166,0.180064500442573,0.8811513483524323,0.8311851450375148,0.7414350552218301,0.6652236223220825
final_20260702-145153_augmented_spots_train_e200_b10_lr0.0001_s1,?|Iron_deformed_logtif.h5|13|13|63607,3,0.6504113078117371,0.5025214155515035,0.16730269292990366,0.8297709226608276,0.8043895165125529,0.7415542801221212,0.6946280598640442
final_20260702-145153_augmented_spots_train_e200_b10_lr0.0001_s1,?|Iron_deformed_logtif.h5|70|351|1516103,3,0.6212910811106364,0.4611169497172038,0.13718125969171524,0.8897410233815511,0.8327954212824503,0.7420548995335897,0.7016663312911987
final_20260702-145153_augmented_spots_train_e200_b10_lr0.0001_s1,?|Iron_deformed_logtif.h5|11|291|1277433,3,0.6328508853912354,0.48342861731847125,0.14809032281239828,0.9316761692365011,0.888301432132721,0.7423802812894186,0.6866450548171997
final_20260702-145153_augmented_spots_train_e200_b10_lr0.0001_s1,?|Ti7Al_logtif.h5|868|868|355427,3,0.620019793510437,0.4654107987880707,0.13436546425024667,0.7994608283042908,0.7537010908126831,0.7428271770477295,0.7129199266433716
final_20260702-145153_augmented_spots_train_e200_b10_lr0.0001_s1,?|Al_deformed_LoG_logtif.h5|29|29|444632,28,0.6565478561179978,0.5093734301626682,0.17025442368217877,0.8829491415194103,0.8284123518637249,0.7431467132908958,0.6668041825294495
final_20260702-145153_augmented_spots_train_e200_b10_lr0.0001_s1,?|Iron_deformed_logtif.h5|27|307|1314638,3,0.5939472317695618,0.43379948536554974,0.10744154204924901,0.8940656582514445,0.826559821764628,0.7432528734207153,0.6982743382453919
final_20260702-145153_augmented_spots_train_e200_b10_lr0.0001_s1,?|Iron_deformed_logtif.h5|278|278|1238536,5,0.6271809816360474,0.4795769929885864,0.1395565688610077,0.8748423337936402,0.8421842813491821,0.7438121795654297,0.6833500623703003
final_20260702-145153_augmented_spots_train_e200_b10_lr0.0001_s1,?|Al_deformed_LoG_logtif.h5|19|53|795248,19,0.6655208515493494,0.5169554964492196,0.177773643481104,0.857069056285055,0.8144775283964056,0.7438736118768391,0.6641531944274902
final_20260702-145153_augmented_spots_train_e200_b10_lr0.0001_s1,?|Iron_deformed_logtif.h5|229|229|1011112,4,0.6408935785293579,0.4749913066625595,0.1528441235423088,0.8665677905082703,0.8218288272619247,0.7440247237682343,0.7076837182044983
final_20260702-145153_augmented_spots_train_e200_b10_lr0.0001_s1,?|Ti7Al_logtif.h5|125|125|38081,3,0.5971678694089254,0.45395636558532715,0.10891172538201015,0.861057718594869,0.7856314182281494,0.7441280881563822,0.7207923293113708
final_20260702-145153_augmented_spots_train_e200_b10_lr0.0001_s1,?|Iron_deformed_logtif.h5|198|478|2057750,4,0.6501368284225464,0.4932955652475357,0.16168880835175514,0.8714673966169357,0.8415837287902832,0.7442239969968796,0.6885137736797333
final_20260702-145153_augmented_spots_train_e200_b10_lr0.0001_s1,?|Iron_deformed_logtif.h5|131|131|446796,4,0.5996502339839935,0.4296892061829567,0.11025538854300976,0.869864210486412,0.8037517964839935,0.7446974068880081,0.7236639022827148
final_20260702-145153_augmented_spots_train_e200_b10_lr0.0001_s1,?|Al_deformed_LoG_logtif.h5|5|5|30687,25,0.6848567688465118,0.5335919767618179,0.19341371774673463,0.8576457476615906,0.8128720831871032,0.7457215118408204,0.6751880407333374
final_20260702-145153_augmented_spots_train_e200_b10_lr0.0001_s1,?|Iron_deformed_logtif.h5|275|555|2456737,5,0.6474527239799499,0.4906256139278412,0.15526424795389177,0.8687017321586609,0.8459818243980408,0.7460942268371582,0.6613925099372864
final_20260702-145153_augmented_spots_train_e200_b10_lr0.0001_s1,?|Al_deformed_LoG_logtif.h5|12|12|167848,21,0.6188225930645352,0.4577843930040087,0.1265503086504482,0.8673801876249767,0.8105796660695758,0.7461361459323338,0.6891284584999084
final_20260702-145153_augmented_spots_train_e200_b10_lr0.0001_s1,?|Iron_deformed_logtif.h5|273|273|1210178,4,0.6641682684421539,0.5135525912046432,0.171405591070652,0.830214649438858,0.7842988669872284,0.7463813424110413,0.6926541328430176
final_20260702-145153_augmented_spots_train_e200_b10_lr0.0001_s1,?|Al_deformed_LoG_logtif.h5|14|48|626060,26,0.6630629988817068,0.5117239516514999,0.16956531944183204,0.8307835528483758,0.7802635110341586,0.746748841725863,0.6817347705364227
final_20260702-145153_augmented_spots_train_e200_b10_lr0.0001_s1,?|Ti7Al_logtif.h5|661|1643|680280,3,0.582864781220754,0.42007996638615924,0.08927614738543828,0.7878752748171488,0.7155766487121582,0.7467943032582601,0.7017422914505005
final_20260702-145153_augmented_spots_train_e200_b10_lr0.0001_s1,?|Iron_deformed_logtif.h5|1|1|10546,5,0.6030487060546875,0.43770493268966676,0.10849631577730179,0.8380945444107055,0.7261542439460754,0.7472761869430542,0.7280052423477172
final_20260702-145153_augmented_spots_train_e200_b10_lr0.0001_s1,?|Iron_deformed_logtif.h5|235|515|2278776,3,0.6700215538342794,0.516230841477712,0.17517779767513275,0.8616520365079244,0.8485425313313802,0.7474218805631002,0.7070524454116821
final_20260702-145153_augmented_spots_train_e200_b10_lr0.0001_s1,?|Iron_deformed_logtif.h5|127|407|1676778,4,0.6257218271493912,0.47880177199840546,0.13003041595220566,0.9470039010047913,0.8841494023799896,0.7478456944227219,0.6762353837490082
final_20260702-145153_augmented_spots_train_e200_b10_lr0.0001_s1,?|Iron_logtif.h5|1800|1800|157572,3,0.626804530620575,0.4629621009031932,0.1304926003019015,0.8218133846918741,0.7565637230873108,0.748155951499939,0.6964218258857727
final_20260702-145153_augmented_spots_train_e200_b10_lr0.0001_s1,?|Ti7Al_logtif.h5|317|317|115086,3,0.607157289981842,0.4399601221084595,0.11072341601053874,0.7865131696065267,0.7133681972821554,0.7482169469197592,0.7220071673393249
final_20260702-145153_augmented_spots_train_e200_b10_lr0.0001_s1,?|Iron_deformed_logtif.h5|116|396|1643737,4,0.638866201043129,0.47673194110393524,0.14148231968283653,0.9124919325113297,0.8877080082893372,0.7486919611692429,0.7284002184867859
final_20260702-145153_augmented_spots_train_e200_b10_lr0.0001_s1,?|Al_deformed_LoG_logtif.h5|18|52|779675,19,0.6892499296288741,0.5411190751351809,0.19177652071965368,0.8290022078313326,0.7916580720951683,0.7487367046506781,0.6784733176231384
final_20260702-145153_augmented_spots_train_e200_b10_lr0.0001_s1,?|Iron_deformed_logtif.h5|141|141|523753,3,0.6752920548121134,0.5219854513804117,0.1778073012828827,0.8091062704722086,0.7921109398206075,0.7487423817316691,0.683980667591095
final_20260702-145153_augmented_spots_train_e200_b10_lr0.0001_s1,?|Al_deformed_LoG_logtif.h5|9|43|572797,19,0.6519573393620943,0.5038114064618161,0.1543487051599904,0.8446203187892312,0.7658244089076394,0.7488043182774594,0.6884599924087524
final_20260702-145153_augmented_spots_train_e200_b10_lr0.0001_s1,?|Al_deformed_LoG_logtif.h5|32|64|895895,23,0.6746039584926937,0.5241744194341742,0.17583695183629575,0.8570365698441215,0.8239740936652474,0.749383498793063,0.6744401335716248
final_20260702-145153_augmented_spots_train_e200_b10_lr0.0001_s1,?|Al_deformed_LoG_logtif.h5|4|4|23047,17,0.6476071441874784,0.4955458325498244,0.14685776566757874,0.872506650055156,0.8341866170658785,0.7503746923278359,0.6639922380447387
final_20260702-145153_augmented_spots_train_e200_b10_lr0.0001_s1,?|Iron_deformed_logtif.h5|58|58|242737,3,0.661255677541097,0.5132011870543162,0.15935774147510529,0.812242865562439,0.7945266167322794,0.750948945681254,0.6692742824554443
final_20260702-145153_augmented_spots_train_e200_b10_lr0.0001_s1,?|Iron_deformed_logtif.h5|125|405|1675921,3,0.6521180868148804,0.48909536997477215,0.14962243537108103,0.8447714845339457,0.7975443204243978,0.7512478431065878,0.6787704467773438
final_20260702-145153_augmented_spots_train_e200_b10_lr0.0001_s1,?|Iron_deformed_logtif.h5|191|191|786702,8,0.6756276600062847,0.5375900156795979,0.17207897827029228,0.8012752532958984,0.7882045023143291,0.7517743408679962,0.6624937534332276
final_20260702-145153_augmented_spots_train_e200_b10_lr0.0001_s1,?|Iron_deformed_logtif.h5|61|61|251104,6,0.5925542960564295,0.4381910413503647,0.0888461023569107,0.9192051986853281,0.8096487820148468,0.7518541018168131,0.6689437627792358
final_20260702-145153_augmented_spots_train_e200_b10_lr0.0001_s1,?|Al_deformed_LoG_logtif.h5|15|15|275101,28,0.7086735410349709,0.5682475630726133,0.20493337139487267,0.8435654384749276,0.8069164199488503,0.7518700723137174,0.6799881815910339
final_20260702-145153_augmented_spots_train_e200_b10_lr0.0001_s1,?|Iron_deformed_logtif.h5|152|152|607331,6,0.6166650752226511,0.4549181709686915,0.11271575217445691,0.9066144227981567,0.8337622781594595,0.7519746522108713,0.7068854570388794
final_20260702-145153_augmented_spots_train_e200_b10_lr0.0001_s1,?|Iron_deformed_logtif.h5|9|289|1260309,3,0.6266721884409586,0.47300727168718976,0.1222764402627945,0.9060748020807902,0.7850639820098877,0.7521978616714478,0.7230996131896973
final_20260702-145153_augmented_spots_train_e200_b10_lr0.0001_s1,?|Iron_deformed_logtif.h5|123|123|415378,4,0.6181624829769135,0.47292234748601913,0.11252823285758495,0.919360339641571,0.8702867180109024,0.7528171092271805,0.6886386692523956
final_20260702-145153_augmented_spots_train_e200_b10_lr0.0001_s1,?|Al_deformed_LoG_logtif.h5|30|65|895940,22,0.6732272790236906,0.518252509561452,0.1658045615662228,0.8848470259796489,0.8401123258200559,0.7537113536487926,0.6834732949733734
final_20260702-145153_augmented_spots_train_e200_b10_lr0.0001_s1,?|Ti7Al_logtif.h5|273|273|104028,4,0.5920271500945091,0.45826293155550957,0.08357564732432365,0.9440768510103226,0.8326782286167145,0.7542257606983185,0.6438298642635345
final_20260702-145153_augmented_spots_train_e200_b10_lr0.0001_s1,?|Iron_deformed_logtif.h5|56|336|1461382,5,0.6855992794036865,0.5352928102016449,0.1769981786608696,0.7998132109642029,0.7804443597793579,0.7543005466461181,0.6742149233818054
final_20260702-145153_augmented_spots_train_e200_b10_lr0.0001_s1,?|Al_deformed_LoG_logtif.h5|22|56|838484,30,0.6806511829296747,0.5296934028466542,0.17187960197528204,0.8808894693851471,0.8408638596534729,0.754385789235433,0.6873588383197784
final_20260702-145153_augmented_spots_train_e200_b10_lr0.0001_s1,?|Iron_deformed_logtif.h5|248|530|2345952,3,0.6002218921979269,0.43639956911404926,0.09142896036307017,0.9412062366803488,0.8020247419675192,0.7543964385986328,0.740448260307312
final_20260702-145153_augmented_spots_train_e200_b10_lr0.0001_s1,?|Iron_deformed_logtif.h5|274|554|2452789,4,0.6218499690294266,0.47009601444005966,0.11300596408545971,0.9142247587442398,0.8820094913244247,0.7544220089912415,0.6980714559555053
final_20260702-145153_augmented_spots_train_e200_b10_lr0.0001_s1,?|Ti7Al_logtif.h5|485|485|220991,3,0.5748706062634786,0.4173224965731303,0.06569066395362218,0.7399969299634298,0.5632999936739603,0.7545899550120035,0.6993548154830933
final_20260702-145153_augmented_spots_train_e200_b10_lr0.0001_s1,?|Iron_deformed_logtif.h5|189|189|785586,6,0.6272071202596029,0.4601740539073944,0.11785580093661945,0.8999717235565186,0.8519449830055237,0.7546756466229757,0.7218939065933228
final_20260702-145153_augmented_spots_train_e200_b10_lr0.0001_s1,?|Iron_deformed_logtif.h5|257|537|2399113,3,0.6447285413742065,0.48241321245829266,0.13518894215424856,0.8581950068473816,0.819226861000061,0.7547697822252909,0.7051313638687133
final_20260702-145153_augmented_spots_train_e200_b10_lr0.0001_s1,?|Iron_deformed_logtif.h5|67|67|264081,3,0.6254787842432658,0.4791930913925171,0.11576998482147853,0.9553449352582296,0.8994036912918091,0.7548544009526571,0.6916569828987121
final_20260702-145153_augmented_spots_train_e200_b10_lr0.0001_s1,?|Iron_deformed_logtif.h5|232|232|1020810,3,0.6420868039131165,0.4794068932533264,0.13218009223540625,0.9022984306017557,0.8475809494654337,0.7549533446629842,0.731829571723938
final_20260702-145153_augmented_spots_train_e200_b10_lr0.0001_s1,?|Al_deformed_LoG_logtif.h5|8|42|510785,24,0.6542031442125639,0.5042756659289201,0.14381035324186087,0.8957763090729713,0.8626655514041582,0.7551963950196902,0.6743056654930115
final_20260702-145153_augmented_spots_train_e200_b10_lr0.0001_s1,?|Iron_deformed_logtif.h5|56|56|220626,3,0.6434693733851115,0.4890826940536499,0.1330569659670194,0.9441118240356445,0.8991209268569946,0.7552062074343363,0.7340812683105469
final_20260702-145153_augmented_spots_train_e200_b10_lr0.0001_s1,?|Iron_logtif.h5|3842|11538|1017745,3,0.6514227489630381,0.5189474920431772,0.1404328023393949,0.9282650947570801,0.8939080834388733,0.7554949720700582,0.6963860034942627
final_20260702-145153_augmented_spots_train_e200_b10_lr0.0001_s1,?|Iron_deformed_logtif.h5|81|81|313835,4,0.6473364382982254,0.49986473470926285,0.13574565388262272,0.8338498622179031,0.7894694954156876,0.7557953894138336,0.6854303538799286
final_20260702-145153_augmented_spots_train_e200_b10_lr0.0001_s1,?|Iron_deformed_logtif.h5|129|129|446107,6,0.6671244998772939,0.5204500406980515,0.15520675232013068,0.8390117685000101,0.8012944757938385,0.7559588750203451,0.6810764670372009
final_20260702-145153_augmented_spots_train_e200_b10_lr0.0001_s1,?|Al_deformed_LoG_logtif.h5|11|45|606718,21,0.6692860296794346,0.5163320146855854,0.156079324228423,0.8747667329651969,0.8314187214488075,0.75660335733777,0.6647862195968628
final_20260702-145153_augmented_spots_train_e200_b10_lr0.0001_s1,?|Ti7Al_logtif.h5|711|711|309821,3,0.6031078100204468,0.4359632134437561,0.08825469017028809,0.9419053792953491,0.91110893090566,0.7574265400568644,0.7252925395965576
final_20260702-145153_augmented_spots_train_e200_b10_lr0.0001_s1,?|Ti7Al_logtif.h5|726|726|314065,4,0.5961146503686905,0.4359855353832245,0.08110371138900518,0.9506101310253143,0.9033036828041077,0.757505476474762,0.742421007156372
final_20260702-145153_augmented_spots_train_e200_b10_lr0.0001_s1,?|Iron_deformed_logtif.h5|195|195|807221,3,0.6628974477450053,0.5205355087916056,0.14736230919758478,0.8902618090311686,0.865598738193512,0.7577675978342692,0.6655198097229004
final_20260702-145153_augmented_spots_train_e200_b10_lr0.0001_s1,?|Iron_deformed_logtif.h5|194|474|2027962,3,0.6105569005012512,0.45372746388117474,0.09500895937283833,0.963081161181132,0.911959727605184,0.7577739953994751,0.7163761377334594
final_20260702-145153_augmented_spots_train_e200_b10_lr0.0001_s1,?|Al_big_grains_logtif.h5|1987|6931|214006,3,0.6194072067737579,0.517245759566625,0.10365966459115346,0.9061419169108073,0.664144496122996,0.7578737735748291,0.7180777788162231
final_20260702-145153_augmented_spots_train_e200_b10_lr0.0001_s1,?|Al_deformed_LoG_logtif.h5|7|41|510550,15,0.6956016977628072,0.542969936132431,0.17746133357286453,0.8538270632425944,0.8357841769854227,0.7590701778729757,0.6745561122894287
final_20260702-145153_augmented_spots_train_e200_b10_lr0.0001_s1,?|Iron_deformed_logtif.h5|93|373|1573666,4,0.6177988350391388,0.4623144641518593,0.09845753572881222,0.8863330781459808,0.8245406150817871,0.7596706300973892,0.7095002412796021
final_20260702-145153_augmented_spots_train_e200_b10_lr0.0001_s1,?|Al_deformed_LoG_logtif.h5|10|44|606472,28,0.6882684826850891,0.5390294290014676,0.16845042072236538,0.8472032525709697,0.8180624331746783,0.7599090337753296,0.6966122984886169
final_20260702-145153_augmented_spots_train_e200_b10_lr0.0001_s1,?|Al_deformed_LoG_logtif.h5|16|16|316744,25,0.6387025558948517,0.478328994512558,0.11879305809736251,0.9034544801712037,0.8452132105827331,0.759954752922058,0.6985442161560058
final_20260702-145153_augmented_spots_train_e200_b10_lr0.0001_s1,?|Al_deformed_LoG_logtif.h5|25|25|428596,12,0.6644834950566292,0.517629170169433,0.14435317677756151,0.9023759514093399,0.8269317398468653,0.7600651582082113,0.661822509765625
final_20260702-145153_augmented_spots_train_e200_b10_lr0.0001_s1,?|Iron_deformed_logtif.h5|238|518|2313516,3,0.6289854248364767,0.4774479766686757,0.1084599643945694,0.9724453886349996,0.9409944216410319,0.7602627277374268,0.7238300561904907
final_20260702-145153_augmented_spots_train_e200_b10_lr0.0001_s1,?|Iron_deformed_logtif.h5|16|296|1305672,3,0.7229355374972025,0.5729241768519083,0.20212046802043915,0.7947714328765869,0.7857936422030131,0.7604075074195862,0.7189547061920166
final_20260702-145153_augmented_spots_train_e200_b10_lr0.0001_s1,?|Ti7Al_logtif.h5|458|1440|597994,4,0.6343376785516739,0.4763251319527626,0.11297624837607145,0.7569962441921234,0.6309005990624428,0.7606807053089142,0.7035815834999084
final_20260702-145153_augmented_spots_train_e200_b10_lr0.0001_s1,?|Iron_deformed_logtif.h5|111|111|397455,4,0.6455122381448746,0.4958049952983856,0.1234869658946991,0.8704282194375992,0.8278146982192993,0.7610126286745071,0.713702815771103
final_20260702-145153_augmented_spots_train_e200_b10_lr0.0001_s1,?|Iron_deformed_logtif.h5|229|509|2250437,3,0.6403099298477173,0.4772451917330424,0.11774383982022603,0.9503486752510071,0.9152501821517944,0.7612830201784769,0.7154657244682312
final_20260702-145153_augmented_spots_train_e200_b10_lr0.0001_s1,?|Iron_deformed_logtif.h5|59|59|249552,4,0.6427160799503326,0.4882024675607681,0.1200011745095253,0.9219975918531418,0.886105015873909,0.761357456445694,0.7260846674442292
final_20260702-145153_augmented_spots_train_e200_b10_lr0.0001_s1,?|Iron_deformed_logtif.h5|87|87|316193,3,0.670460065205892,0.5192312002182007,0.14770275602738062,0.8505069812138876,0.8240802884101868,0.7613786657651266,0.7161685109138489
final_20260702-145153_augmented_spots_train_e200_b10_lr0.0001_s1,?|Iron_deformed_logtif.h5|241|521|2332675,5,0.6449565768241883,0.47917895317077636,0.1216989278793335,0.8567529678344726,0.8127119541168213,0.7616288304328919,0.7312116980552673
final_20260702-145153_augmented_spots_train_e200_b10_lr0.0001_s1,?|Iron_deformed_logtif.h5|191|471|2026221,3,0.6817118724187216,0.5248506665229797,0.15775364637374878,0.8289144237836202,0.7869855165481567,0.7619791229565939,0.717643141746521
final_20260702-145153_augmented_spots_train_e200_b10_lr0.0001_s1,?|Iron_deformed_logtif.h5|121|121|413884,3,0.6289756099383036,0.4621158838272095,0.10457241535186768,0.9256314436594645,0.8421059250831604,0.7622015674908956,0.7503171801567078
final_20260702-145153_augmented_spots_train_e200_b10_lr0.0001_s1,?|Al_deformed_LoG_logtif.h5|8|8|54671,22,0.6750892048532312,0.5293894802982156,0.15031409026546913,0.9075682217424567,0.8859077854589983,0.7623875628818165,0.6696021556854248
final_20260702-145153_augmented_spots_train_e200_b10_lr0.0001_s1,?|Iron_deformed_logtif.h5|17|297|1306370,4,0.6911077499389648,0.5399972274899483,0.16609287448227406,0.8331391215324402,0.812959298491478,0.7625074237585068,0.6759437143802642
final_20260702-145153_augmented_spots_train_e200_b10_lr0.0001_s1,?|Al_deformed_LoG_logtif.h5|15|49|716420,28,0.6923138265098844,0.5470660222428185,0.16729466457452094,0.8652491186346326,0.8132311935935702,0.7625095865556172,0.6914589285850525
final_20260702-145153_augmented_spots_train_e200_b10_lr0.0001_s1,?|Iron_deformed_logtif.h5|210|490|2115695,3,0.706510047117869,0.5508233706156412,0.18142103155454,0.8381001154581705,0.7984251777331034,0.7625445127487183,0.7262302875518799
final_20260702-145153_augmented_spots_train_e200_b10_lr0.0001_s1,?|Iron_deformed_logtif.h5|101|101|361413,5,0.6427258014678955,0.49878011345863343,0.117488594353199,0.9512495517730712,0.89763845205307,0.7626186013221741,0.7133312702178956
final_20260702-145153_augmented_spots_train_e200_b10_lr0.0001_s1,?|Iron_deformed_logtif.h5|55|334|1461026,3,0.749187966187795,0.6063300768534342,0.22346582263708115,0.853879471619924,0.8452869455019633,0.7628610531489054,0.7050699353218078
final_20260702-145153_augmented_spots_train_e200_b10_lr0.0001_s1,?|Al_deformed_LoG_logtif.h5|25|59|878905,16,0.704011294990778,0.5579246748238802,0.17756223818287253,0.8481921814382076,0.8196749091148376,0.7632245235145092,0.7037741839885712
final_20260702-145153_augmented_spots_train_e200_b10_lr0.0001_s1,?|Iron_deformed_logtif.h5|187|187|782942,3,0.6904653310775757,0.5455504258473715,0.1637153079112371,0.8514712254206339,0.8220280408859253,0.7633750041325887,0.7090114116668701
final_20260702-145153_augmented_spots_train_e200_b10_lr0.0001_s1,?|Ti7Al_logtif.h5|230|1213|471619,3,0.6967121760050455,0.5374973813692728,0.16988522311051688,0.7166204452514648,0.6666899919509888,0.7634134689966837,0.7161339282989502
final_20260702-145153_augmented_spots_train_e200_b10_lr0.0001_s1,?|Iron_deformed_logtif.h5|259|539|2410871,4,0.6522704511880875,0.5018354132771492,0.1239563599228859,0.9012066423892975,0.8383848518133163,0.7641570568084717,0.7101422786712647
final_20260702-145153_augmented_spots_train_e200_b10_lr0.0001_s1,?|IN718_twins_logtif.h5|518|1895|162872,3,0.7652938365936279,0.6793738802274069,0.236687699953715,0.6845899621645609,0.6738598148028055,0.7643030484517416,0.7045794486999511
final_20260702-145153_augmented_spots_train_e200_b10_lr0.0001_s1,?|Al_deformed_LoG_logtif.h5|33|67|896466,26,0.7014383536118728,0.5483474536583974,0.172254404769494,0.8896480088050549,0.8601899261658008,0.7645919758539933,0.7090752422809601
final_20260702-145153_augmented_spots_train_e200_b10_lr0.0001_s1,?|Ti7Al_logtif.h5|903|1882|752818,3,0.6224342385927836,0.45946528514226276,0.09180365254481633,0.8355159560839335,0.7534662485122681,0.7653152942657471,0.7470978736877442
final_20260702-145153_augmented_spots_train_e200_b10_lr0.0001_s1,?|Iron_deformed_logtif.h5|129|409|1686682,3,0.6718520522117615,0.5071839392185211,0.14077235261599222,0.8796960115432739,0.8616227110226949,0.7655398646990458,0.7266172289848327
final_20260702-145153_augmented_spots_train_e200_b10_lr0.0001_s1,?|Iron_deformed_logtif.h5|159|159|624558,4,0.6666928976774216,0.5092279389500618,0.13470044173300266,0.9220324605703354,0.8974098712205887,0.7659962326288223,0.7016940653324127
final_20260702-145153_augmented_spots_train_e200_b10_lr0.0001_s1,?|Al_deformed_LoG_logtif.h5|16|50|760193,17,0.6334184671149534,0.47961656486286836,0.10114906092776972,0.9459962774725521,0.8982056554626016,0.7661347038605634,0.6939989328384399
final_20260702-145153_augmented_spots_train_e200_b10_lr0.0001_s1,?|Al_deformed_LoG_logtif.h5|32|32|445244,19,0.7056168976582979,0.5673076290833322,0.17296747628011203,0.8519709674935592,0.8041253434984308,0.7663246989250183,0.6801399469375611
final_20260702-145153_augmented_spots_train_e200_b10_lr0.0001_s1,?|Iron_deformed_logtif.h5|178|458|1910882,4,0.6552959755063057,0.5132334306836128,0.12244801223278046,0.9595628976821899,0.888866052031517,0.7664239704608917,0.693554025888443
final_20260702-145153_augmented_spots_train_e200_b10_lr0.0001_s1,?|Iron_deformed_logtif.h5|216|496|2201946,4,0.6774239838123322,0.527331531047821,0.14265910163521767,0.9340778142213821,0.9177040904760361,0.7673824280500412,0.7281239449977874
final_20260702-145153_augmented_spots_train_e200_b10_lr0.0001_s1,?|Iron_deformed_logtif.h5|192|472|2026576,3,0.6711917718251547,0.5140445828437805,0.13552172482013702,0.8900255560874939,0.8361147244771322,0.767835001150767,0.7421449065208435
final_20260702-145153_augmented_spots_train_e200_b10_lr0.0001_s1,?|Iron_deformed_logtif.h5|278|558|2479788,3,0.7046165466308594,0.5616039832433065,0.1686033383011818,0.8203621308008829,0.8069501717885336,0.7680066227912903,0.7035291910171508
final_20260702-145153_augmented_spots_train_e200_b10_lr0.0001_s1,?|Al_deformed_LoG_logtif.h5|6|6|54274,27,0.6926392239552958,0.5537941240602069,0.15634502015180057,0.9191811769096939,0.8865820544737356,0.7681471043162875,0.6516250967979431
final_20260702-145153_augmented_spots_train_e200_b10_lr0.0001_s1,?|Iron_deformed_logtif.h5|135|135|484462,3,0.7038091023763021,0.5614761114120483,0.16588715463876724,0.8326401114463806,0.8168111642201742,0.768960972627004,0.7252749443054199
final_20260702-145153_augmented_spots_train_e200_b10_lr0.0001_s1,?|Iron_deformed_logtif.h5|190|190|785959,3,0.6533493399620056,0.493485430876414,0.11494278411070506,0.9488333264986674,0.9158569176991781,0.7692033052444458,0.7325982093811035
final_20260702-145153_augmented_spots_train_e200_b10_lr0.0001_s1,?|Iron_deformed_logtif.h5|174|174|668440,4,0.6620446890592575,0.49770401418209076,0.123506560921669,0.8682391792535782,0.8212768137454987,0.7692690789699554,0.7472474813461304
final_20260702-145153_augmented_spots_train_e200_b10_lr0.0001_s1,?|Iron_deformed_logtif.h5|149|149|573179,5,0.6483224987983703,0.4902109861373901,0.10921981483697892,0.918376624584198,0.8218577861785888,0.7695513248443604,0.7365396738052368
final_20260702-145153_augmented_spots_train_e200_b10_lr0.0001_s1,?|Iron_deformed_logtif.h5|2|2|12606,8,0.6732287183403969,0.5179342702031136,0.1335597587749362,0.8547416031360626,0.8002061173319817,0.7698344886302948,0.7015187859535217
final_20260702-145153_augmented_spots_train_e200_b10_lr0.0001_s1,?|Iron_deformed_logtif.h5|248|248|1106248,3,0.6389961242675781,0.4767654538154602,0.09819114208221436,0.8922786315282186,0.8151939312616984,0.7704024910926819,0.7406915426254272
final_20260702-145153_augmented_spots_train_e200_b10_lr0.0001_s1,?|Ti7Al_logtif.h5|356|1338|522142,3,0.6026787956555685,0.43413738409678143,0.06164820119738579,0.9685954650243124,0.8845977385838827,0.7705153028170267,0.7429251790046691
final_20260702-145153_augmented_spots_train_e200_b10_lr0.0001_s1,?|Iron_deformed_logtif.h5|86|367|1556377,5,0.6806973099708558,0.5207754671573639,0.13919230848550795,0.870154869556427,0.835886824131012,0.7707525134086609,0.7275361061096192
final_20260702-145153_augmented_spots_train_e200_b10_lr0.0001_s1,?|Iron_deformed_logtif.h5|166|166|647236,5,0.6595555305480957,0.5069378256797791,0.11767403930425643,0.8896101117134094,0.8550659060478211,0.7709407448768616,0.7110558748245239
final_20260702-145153_augmented_spots_train_e200_b10_lr0.0001_s1,?|Iron_deformed_logtif.h5|100|100|360369,4,0.6521563082933426,0.5046355798840523,0.11019653081893921,0.9544037729501724,0.9200959205627441,0.7709799259901047,0.6961733520030975
final_20260702-145153_augmented_spots_train_e200_b10_lr0.0001_s1,?|Iron_deformed_logtif.h5|80|360|1553237,3,0.6400532126426697,0.4786594708760579,0.09739792843659718,0.9505307277043661,0.8949183424313863,0.7713276346524557,0.7406336665153503
final_20260702-145153_augmented_spots_train_e200_b10_lr0.0001_s1,?|Iron_deformed_logtif.h5|153|433|1857995,4,0.6688685715198517,0.5151586681604385,0.12614262104034424,0.9496326446533203,0.9230490028858185,0.7713629752397537,0.713217806816101
final_20260702-145153_augmented_spots_train_e200_b10_lr0.0001_s1,?|Iron_deformed_logtif.h5|275|275|1215260,3,0.6472656925519308,0.4990667998790741,0.10285488764444987,0.9413472414016724,0.9064086079597473,0.7722053925196329,0.7239955067634583
final_20260702-145153_augmented_spots_train_e200_b10_lr0.0001_s1,?|Iron_deformed_logtif.h5|114|394|1643007,3,0.6815529664357504,0.5277019242445627,0.13699345290660858,0.9219672083854675,0.900168220202128,0.7722797592480978,0.7331954598426819
final_20260702-145153_augmented_spots_train_e200_b10_lr0.0001_s1,?|Iron_deformed_logtif.h5|13|293|1302579,4,0.6811728477478027,0.5336650758981705,0.13460388965904713,0.8481729328632355,0.830898180603981,0.7732844799757004,0.7104347467422485
final_20260702-145153_augmented_spots_train_e200_b10_lr0.0001_s1,?|Iron_deformed_logtif.h5|270|270|1208200,4,0.6641847640275955,0.5124696269631386,0.11712377890944481,0.9390997737646103,0.8818871080875397,0.7735304981470108,0.7196395397186279
final_20260702-145153_augmented_spots_train_e200_b10_lr0.0001_s1,?|Ti7Al_logtif.h5|785|1767|720185,3,0.6071637670199076,0.4487541119257609,0.05971533805131912,0.919868012269338,0.8191524147987366,0.7737242182095846,0.7524748563766479
final_20260702-145153_augmented_spots_train_e200_b10_lr0.0001_s1,?|Iron_deformed_logtif.h5|242|242|1093635,4,0.675044447183609,0.51242795586586,0.12429914996027946,0.9006489217281342,0.854256272315979,0.775372639298439,0.7465590953826904
final_20260702-145153_augmented_spots_train_e200_b10_lr0.0001_s1,?|Iron_deformed_logtif.h5|243|243|1093956,4,0.6871750503778458,0.528770923614502,0.13576996326446533,0.8283828794956207,0.801334872841835,0.7757025510072708,0.7152809083461762
final_20260702-145153_augmented_spots_train_e200_b10_lr0.0001_s1,?|Iron_deformed_logtif.h5|250|250|1106997,4,0.6888983249664307,0.5350344255566597,0.13479183986783028,0.7846338152885437,0.7582026422023773,0.7770532667636871,0.761472761631012
final_20260702-145153_augmented_spots_train_e200_b10_lr0.0001_s1,?|Iron_deformed_logtif.h5|93|93|333088,3,0.6952556769053141,0.5420342683792114,0.14045235266288122,0.9080902934074402,0.8846847613652548,0.7774016459782919,0.7317190289497375
final_20260702-145153_augmented_spots_train_e200_b10_lr0.0001_s1,?|Al_deformed_LoG_logtif.h5|7|7|54476,19,0.6863628923892975,0.5510086519153494,0.1312799183161635,0.928484929235358,0.8979065418243408,0.7775414899775857,0.6357508182525635
final_20260702-145153_augmented_spots_train_e200_b10_lr0.0001_s1,?|Iron_deformed_logtif.h5|22|22|70041,3,0.7372108101844788,0.591626356045405,0.1812342827518781,0.9019074440002441,0.8888161977132162,0.7779882351557413,0.7342337369918823
final_20260702-145153_augmented_spots_train_e200_b10_lr0.0001_s1,?|Iron_deformed_logtif.h5|136|416|1735423,3,0.7264277935028076,0.5785471796989441,0.16805396974086761,0.9020765026410421,0.8762643933296204,0.7791869242986044,0.7367165327072144
final_20260702-145153_augmented_spots_train_e200_b10_lr0.0001_s1,?|Iron_deformed_logtif.h5|46|46|183492,5,0.6964384078979492,0.5542766273021698,0.13793765604496003,0.8838263988494873,0.8619322180747986,0.7792503833770752,0.6800204992294312
final_20260702-145153_augmented_spots_train_e200_b10_lr0.0001_s1,?|Ti7Al_logtif.h5|380|1363|531358,3,0.6623385945955912,0.5125358502070109,0.10236535221338272,0.902673621972402,0.8828128377596537,0.7799866199493408,0.7233123660087586
final_20260702-145153_augmented_spots_train_e200_b10_lr0.0001_s1,?|Al_deformed_LoG_logtif.h5|14|14|188210,20,0.7124476432800293,0.5643098205327988,0.1520069010555744,0.8985505819320678,0.8638020038604737,0.7802203744649887,0.7072065055370331
final_20260702-145153_augmented_spots_train_e200_b10_lr0.0001_s1,?|Ti7Al_logtif.h5|81|1063|411051,5,0.6437636613845825,0.497638064622879,0.08206737190485,0.9285505294799805,0.8493098258972168,0.7808481574058532,0.7320052146911621
final_20260702-145153_augmented_spots_train_e200_b10_lr0.0001_s1,?|Iron_deformed_logtif.h5|152|432|1846281,3,0.6943861047426859,0.5441339810689291,0.13262941936651865,0.8440964818000793,0.8156259258588155,0.7808783451716105,0.7258971214294434
final_20260702-145153_augmented_spots_train_e200_b10_lr0.0001_s1,?|Iron_deformed_logtif.h5|224|224|1002176,3,0.7224059502283732,0.5762539108594259,0.16049595673878989,0.8578606049219767,0.8424806594848633,0.7809549967447916,0.7574258327484131
final_20260702-145153_augmented_spots_train_e200_b10_lr0.0001_s1,?|Iron_deformed_logtif.h5|23|23|70379,3,0.7295502026875814,0.5826323429743449,0.16761976977189383,0.8510212898254395,0.8392430941263834,0.7809652090072632,0.69997136592865
final_20260702-145153_augmented_spots_train_e200_b10_lr0.0001_s1,?|Al_deformed_LoG_logtif.h5|12|46|607012,28,0.7046800000326974,0.5611993468233517,0.14202497606830938,0.9126708060503006,0.8760033185992923,0.7813275179692677,0.7192287385463715
final_20260702-145153_augmented_spots_train_e200_b10_lr0.0001_s1,?|Iron_deformed_logtif.h5|41|321|1394494,4,0.7199693024158478,0.6012803688645363,0.15498915500938892,0.8901429325342178,0.8784094452857971,0.7824900597333908,0.6724541783332825
final_20260702-145153_augmented_spots_train_e200_b10_lr0.0001_s1,?|Al_deformed_LoG_logtif.h5|9|9|125856,30,0.7296462506055832,0.590601169069608,0.16203934848308563,0.8811212837696075,0.8411991159121196,0.7838034510612488,0.7219487488269806
final_20260702-145153_augmented_spots_train_e200_b10_lr0.0001_s1,?|Iron_deformed_logtif.h5|246|526|2344537,5,0.7364430546760559,0.5981212735176087,0.16859787106513976,0.899135971069336,0.8857834696769714,0.7839226126670837,0.7131349563598632
final_20260702-145153_augmented_spots_train_e200_b10_lr0.0001_s1,?|Iron_deformed_logtif.h5|181|461|1951519,3,0.7299913366635641,0.5855803688367208,0.1575933868686358,0.9046138127644857,0.8813130060831705,0.7861989736557007,0.7703020572662354
final_20260702-145153_augmented_spots_train_e200_b10_lr0.0001_s1,?|Iron_deformed_logtif.h5|128|128|445774,4,0.7258345782756805,0.5953231006860733,0.15311186388134956,0.9010971486568451,0.8807777017354965,0.7863613367080688,0.7048304736614227
final_20260702-145153_augmented_spots_train_e200_b10_lr0.0001_s1,?|Ti7Al_logtif.h5|120|1102|427246,3,0.6655890146891276,0.5174229343732198,0.09274118890364964,0.951711376508077,0.9004847606023153,0.786423921585083,0.7666651725769043
final_20260702-145153_augmented_spots_train_e200_b10_lr0.0001_s1,?|Al_deformed_LoG_logtif.h5|5|39|481387,20,0.7246651157736779,0.5852523922920227,0.15156351663172246,0.9255082547664643,0.8811600923538208,0.7865508019924163,0.7271984696388245
final_20260702-145153_augmented_spots_train_e200_b10_lr0.0001_s1,?|Iron_deformed_logtif.h5|81|362|1554017,4,0.6969592273235321,0.5416341722011566,0.1214031595736742,0.8838430196046829,0.8394739776849747,0.7877780199050903,0.7253836393356323
final_20260702-145153_augmented_spots_train_e200_b10_lr0.0001_s1,?|Ti7Al_logtif.h5|530|1512|630809,3,0.6864173611005148,0.5356072584788004,0.11075503627459209,0.9367265701293945,0.9216460386912028,0.787831167380015,0.7626653671264648
final_20260702-145153_augmented_spots_train_e200_b10_lr0.0001_s1,?|Iron_deformed_logtif.h5|136|136|495861,4,0.7361435294151306,0.5882975161075592,0.15996753796935081,0.8551302254199982,0.8319362998008728,0.788088008761406,0.728633975982666
final_20260702-145153_augmented_spots_train_e200_b10_lr0.0001_s1,?|Iron_deformed_logtif.h5|17|17|67353,5,0.6988402485847474,0.5454284250736237,0.12210597544908523,0.9228888750076294,0.9002621293067932,0.7883671045303344,0.7266118049621582
final_20260702-145153_augmented_spots_train_e200_b10_lr0.0001_s1,?|Iron_deformed_logtif.h5|85|85|315186,5,0.6876635551452637,0.5368202745914459,0.11066581010818481,0.8628538608551025,0.8016899704933167,0.7884988784790039,0.7241385698318481
final_20260702-145153_augmented_spots_train_e200_b10_lr0.0001_s1,?|Iron_deformed_logtif.h5|67|347|1504401,4,0.7208555936813354,0.5765937492251396,0.14053726941347122,0.895530104637146,0.8729071766138077,0.7901591360569,0.7270933985710144
final_20260702-145153_augmented_spots_train_e200_b10_lr0.0001_s1,?|Iron_deformed_logtif.h5|37|317|1382409,4,0.6916692852973938,0.5397863611578941,0.11101182550191879,0.958583876490593,0.9300528466701508,0.790328711271286,0.7611966609954834
final_20260702-145153_augmented_spots_train_e200_b10_lr0.0001_s1,?|Iron_deformed_logtif.h5|102|382|1609497,3,0.7402792970339457,0.5958852767944336,0.15876695017019907,0.8827502330144247,0.8546570539474487,0.7907561461130778,0.731992769241333
final_20260702-145153_augmented_spots_train_e200_b10_lr0.0001_s1,?|Al_deformed_LoG_logtif.h5|24|58|878465,20,0.7392658472061158,0.6034744992852211,0.15670775063335896,0.9082159727811814,0.8813264340162277,0.7912790387868881,0.7381427824497223
final_20260702-145153_augmented_spots_train_e200_b10_lr0.0001_s1,?|Iron_deformed_logtif.h5|103|383|1609828,5,0.7271145582199097,0.5847828567028046,0.1410272866487503,0.9259053468704224,0.908490264415741,0.7930436491966247,0.7335603713989258
final_20260702-145153_augmented_spots_train_e200_b10_lr0.0001_s1,?|Ti7Al_logtif.h5|372|372|143345,3,0.6694959799448649,0.5141777594884237,0.08248946319023769,0.9040050903956095,0.7921105821927389,0.7935032447179159,0.7622887372970581
final_20260702-145153_augmented_spots_train_e200_b10_lr0.0001_s1,?|Iron_deformed_logtif.h5|57|337|1461804,3,0.6947265962759653,0.574831505616506,0.10663748780886333,0.9447935422261556,0.9181831280390421,0.794044554233551,0.7252867698669434
final_20260702-145153_augmented_spots_train_e200_b10_lr0.0001_s1,?|Iron_deformed_logtif.h5|98|98|344511,4,0.7279251962900162,0.5729979425668716,0.13918486982584,0.9408010393381119,0.9207415133714676,0.794370174407959,0.7557081878185272
final_20260702-145153_augmented_spots_train_e200_b10_lr0.0001_s1,?|Al_big_grains_logtif.h5|4294|9239|295394,3,0.6886018514633179,0.5608892440795898,0.09776035696268082,0.9172300100326538,0.8501304586728414,0.7954207460085551,0.7278512477874756
final_20260702-145153_augmented_spots_train_e200_b10_lr0.0001_s1,?|Ti7Al_logtif.h5|560|560|255019,3,0.6538488864898682,0.4934978683789571,0.06297808637221654,0.8644838134447733,0.7539230783780416,0.7954354286193848,0.7832039833068848
final_20260702-145153_augmented_spots_train_e200_b10_lr0.0001_s1,?|Al_segvol.h5|2597|2597|14315,3,0.7097962101300558,0.5697385668754578,0.11591715117295583,0.9127379854520162,0.8534182707468668,0.7969395518302917,0.7661619901657104
final_20260702-145153_augmented_spots_train_e200_b10_lr0.0001_s1,?|Iron_deformed_logtif.h5|215|495|2158392,3,0.7283284862836202,0.5837450623512268,0.13440980265537897,0.9311122099558512,0.9075935482978821,0.7969593405723572,0.7878849864006042
final_20260702-145153_augmented_spots_train_e200_b10_lr0.0001_s1,?|Al_big_grains_logtif.h5|481|5423|169747,3,0.7293114066123962,0.6073633134365082,0.13419095426797867,0.8079925775527954,0.7922926743825277,0.7975602547327677,0.6921932458877563
final_20260702-145153_augmented_spots_train_e200_b10_lr0.0001_s1,?|Iron_deformed_logtif.h5|98|378|1584909,3,0.7326292196909586,0.5830417275428772,0.13599504282077154,0.9385104775428772,0.9189110000928243,0.7983170549074808,0.7737487077713012
final_20260702-145153_augmented_spots_train_e200_b10_lr0.0001_s1,?|Ti7Al_logtif.h5|502|502|226160,3,0.6825392842292786,0.5256783167521158,0.08488219976425171,0.8918579816818237,0.8270848989486694,0.7988285422325134,0.7791869759559631
final_20260702-145153_augmented_spots_train_e200_b10_lr0.0001_s1,?|IN718_twins_logtif.h5|703|2081|178440,3,0.7968171040217081,0.7092716495196024,0.19883372883001962,0.7529016931851705,0.7514157692591349,0.7989917000134786,0.778858232498169
final_20260702-145153_augmented_spots_train_e200_b10_lr0.0001_s1,?|Ti7Al_logtif.h5|163|1144|441312,3,0.6960866649945577,0.5463785330454508,0.09765110537409782,0.8572499752044678,0.8022923866907755,0.7992177804311117,0.7719528436660766
final_20260702-145153_augmented_spots_train_e200_b10_lr0.0001_s1,?|Ti7Al_logtif.h5|753|1735|715115,3,0.7373201449712118,0.5853001872698466,0.1388127530614535,0.8316262364387512,0.8083304564158121,0.7992537021636963,0.7875792980194092
final_20260702-145153_augmented_spots_train_e200_b10_lr0.0001_s1,?|Iron_deformed_logtif.h5|102|102|368709,6,0.7233982582887014,0.5813395430644354,0.12116508682568868,0.8991786539554596,0.871217260758082,0.8011165857315063,0.7380065321922302
final_20260702-145153_augmented_spots_train_e200_b10_lr0.0001_s1,?|Al_big_grains_logtif.h5|3202|3202|103431,3,0.6810312072436014,0.5568554004033407,0.07213641827305158,0.8668306469917297,0.7307386994361877,0.8044474124908447,0.787752342224121
final_20260702-145153_augmented_spots_train_e200_b10_lr0.0001_s1,?|Al_deformed_LoG_logtif.h5|24|24|428139,22,0.7576841061765497,0.6264536028558557,0.14758515527302568,0.9075579480691389,0.8785740353844382,0.8050494735891168,0.7332285404205322
final_20260702-145153_augmented_spots_train_e200_b10_lr0.0001_s1,?|Ti7Al_logtif.h5|763|1744|716641,3,0.6675327817598978,0.543319582939148,0.0544330378373464,0.9851095080375671,0.9590307474136353,0.806549866994222,0.7207399606704712
final_20260702-145153_augmented_spots_train_e200_b10_lr0.0001_s1,?|Iron_deformed_logtif.h5|187|467|2022761,4,0.7223693132400513,0.5798990577459335,0.10840574465692043,0.9452558159828186,0.9295441508293152,0.806981772184372,0.7629172325134277
final_20260702-145153_augmented_spots_train_e200_b10_lr0.0001_s1,?|Iron_deformed_logtif.h5|131|411|1687350,7,0.7337688718523298,0.587685900075095,0.11834233147757393,0.9372033817427499,0.909989961556026,0.8077132701873779,0.7806942701339722
final_20260702-145153_augmented_spots_train_e200_b10_lr0.0001_s1,?|Ti7Al_logtif.h5|689|689|304122,3,0.6807495852311453,0.5748515327771505,0.060183155039946236,0.9220944046974182,0.7859532634417216,0.8102832436561584,0.7120858192443847
final_20260702-145153_augmented_spots_train_e200_b10_lr0.0001_s1,?|Al_segvol.h5|4499|4499|24632,3,0.7890035112698873,0.6648506919542948,0.1669217844804128,0.8138537406921387,0.8026572863260905,0.8110408584276835,0.7644547104835511
final_20260702-145153_augmented_spots_train_e200_b10_lr0.0001_s1,?|Iron_deformed_logtif.h5|272|272|1208818,6,0.7582521041234335,0.6281691590944926,0.13166330506404242,0.8888915479183197,0.8720830579598745,0.813294400771459,0.7394712567329407
final_20260702-145153_augmented_spots_train_e200_b10_lr0.0001_s1,?|Al_big_grains_logtif.h5|1823|6767|209024,3,0.734032948811849,0.5814650058746338,0.10707099239031474,0.9086474378903707,0.8495112458864847,0.8134809931119283,0.8093410015106202
final_20260702-145153_augmented_spots_train_e200_b10_lr0.0001_s1,?|IN718_twins_logtif.h5|1224|1224|103276,3,0.7441210349400839,0.6676439245541891,0.11679032941659291,0.7966861724853516,0.7440695563952128,0.8136653502782186,0.7772731304168701
final_20260702-145153_augmented_spots_train_e200_b10_lr0.0001_s1,?|Iron_deformed_logtif.h5|34|34|111384,3,0.7217538952827454,0.5856270492076874,0.09253718455632527,0.952612300713857,0.9172618786493937,0.8146083354949951,0.7772209644317627
final_20260702-145153_augmented_spots_train_e200_b10_lr0.0001_s1,?|IN718_twins_logtif.h5|569|1947|167097,3,0.8453996777534485,0.765065332253774,0.21560065944989523,0.795619269212087,0.7934526403745016,0.8148995240529379,0.7546266436576843
final_20260702-145153_augmented_spots_train_e200_b10_lr0.0001_s1,?|Iron_deformed_logtif.h5|272|552|2450634,7,0.745445157800402,0.613117481981005,0.11530134188277381,0.9490711774144854,0.9327253443854195,0.8150718893323626,0.7836147785186768
final_20260702-145153_augmented_spots_train_e200_b10_lr0.0001_s1,?|Iron_deformed_logtif.h5|263|263|1188628,3,0.7340940833091736,0.58439040184021,0.10188267876704533,0.9276613593101501,0.9076186815897623,0.8161057035128275,0.8048216223716735
final_20260702-145153_augmented_spots_train_e200_b10_lr0.0001_s1,?|Iron_deformed_logtif.h5|73|73|294002,3,0.7474398612976074,0.5998288790384928,0.10723298788070679,0.8618559837341309,0.8231794238090515,0.8201034466425577,0.7873530864715577
final_20260702-145153_augmented_spots_train_e200_b10_lr0.0001_s1,?|Iron_deformed_logtif.h5|53|333|1458032,4,0.7639007270336151,0.6249382048845291,0.11972961574792862,0.8934830129146576,0.8814782947301865,0.8220855593681335,0.8014977991580963
final_20260702-145153_augmented_spots_train_e200_b10_lr0.0001_s1,?|Iron_deformed_logtif.h5|55|55|220305,3,0.7259759604930878,0.6046667794386545,0.0678744912147522,0.9857266545295715,0.9346568385759989,0.8290507197380066,0.7482318639755249
final_20260702-145153_augmented_spots_train_e200_b10_lr0.0001_s1,?|IN718_twins_logtif.h5|108|1486|128639,3,0.8630134661992391,0.7858870625495911,0.20289231091737747,0.8105393449465433,0.8082684675852457,0.8300605813662211,0.7666367173194886
final_20260702-145153_augmented_spots_train_e200_b10_lr0.0001_s1,?|Iron_deformed_logtif.h5|61|341|1491473,3,0.7507292032241821,0.6139664053916931,0.08462707946697871,0.979326089223226,0.9566910068194071,0.833051065603892,0.8109877943992615
final_20260702-145153_augmented_spots_train_e200_b10_lr0.0001_s1,?|Iron_deformed_logtif.h5|95|95|333463,3,0.7951843738555908,0.6632820963859558,0.11087824155886968,0.9275134404500326,0.9046730796496073,0.8421530723571777,0.824847960472107
final_20260702-145153_augmented_spots_train_e200_b10_lr0.0001_s1,?|IN718_twins_logtif.h5|909|2288|195464,3,0.9078624844551086,0.8422316511472067,0.21234955390294394,0.8379509846369425,0.8344959020614624,0.8477564652760824,0.7928836822509766
final_20260702-145153_augmented_spots_train_e200_b10_lr0.0001_s1,?|Ti7Al_logtif.h5|907|907|360786,3,0.7709127267201742,0.6574469208717346,0.06495681529243787,0.9031479358673096,0.8661057750384012,0.852977971235911,0.823182487487793
final_20260702-145153_augmented_spots_train_e200_b10_lr0.0001_s1,?|IN718_twins_logtif.h5|692|692|58235,3,0.8578372399012247,0.7786184748013815,0.14651301006476083,0.866306205590566,0.8625468611717224,0.8556621273358663,0.8323775053024292
final_20260702-145153_augmented_spots_train_e200_b10_lr0.0001_s1,?|IN718_twins_logtif.h5|929|929|76478,3,0.9005361398061117,0.8425341447194418,0.18461199601491293,0.841899553934733,0.8416514794031779,0.8579620917638143,0.8055888772010803
final_20260702-145153_augmented_spots_train_e200_b10_lr0.0001_s1,?|IN718_twins_logtif.h5|343|1722|148837,3,0.90065069993337,0.8462140162785848,0.16777471701304117,0.841714878877004,0.8395278652509054,0.8664379914601644,0.7692273616790771
final_20260702-145153_augmented_spots_train_e200_b10_lr0.0001_s1,?|IN718_twins_logtif.h5|1082|2459|210603,3,0.8699091275533041,0.8076157172520956,0.1200392519434293,0.8514774640401205,0.8479990363121033,0.8749349117279053,0.8247762441635131
final_20260702-145153_augmented_spots_train_e200_b10_lr0.0001_s1,?|IN718_twins_logtif.h5|885|885|73830,4,0.8499905467033386,0.7785979956388474,0.08967301808297634,0.940638929605484,0.9083300679922104,0.8801587522029877,0.8295581579208374
final_20260702-145153_augmented_spots_train_e200_b10_lr0.0001_s1,?|IN718_twins_logtif.h5|612|612|50032,3,0.9074657559394836,0.8515551487604777,0.14174760381380716,0.8933653831481934,0.8884589870770773,0.8828590710957845,0.8600390076637268
final_20260702-145153_augmented_spots_train_e200_b10_lr0.0001_s1,?|IN718_twins_logtif.h5|216|1595|136423,3,0.9129707415898641,0.8599967757860819,0.1437955896059672,0.8884996573130289,0.8873903354008993,0.8845876057942709,0.8164690971374512
final_20260702-145153_augmented_spots_train_e200_b10_lr0.0001_s1,?|IN718_twins_logtif.h5|813|2190|188254,3,0.9047046502431234,0.8357542157173157,0.12251480668783188,0.953404446442922,0.936998168627421,0.8910949230194092,0.8738235831260681
final_20260702-145153_augmented_spots_train_e200_b10_lr0.0001_s1,?|IN718_twins_logtif.h5|1278|1278|108160,3,0.916852076848348,0.859410564104716,0.1328797476987044,0.9131703774134318,0.9115851322809855,0.8919861714045206,0.8456686019897461
final_20260702-145153_augmented_spots_train_e200_b10_lr0.0001_s1,?|IN718_twins_logtif.h5|333|333|29388,3,0.9068334102630615,0.8481439550717672,0.1224747287730376,0.9070285360018412,0.9040197730064392,0.8921793301900228,0.8392603158950805
final_20260702-145153_augmented_spots_train_e200_b10_lr0.0001_s1,?|IN718_twins_logtif.h5|483|1861|159477,3,0.9381473461786906,0.8896510203679403,0.1410490224758784,0.9230795502662659,0.9221001664797465,0.8985491394996643,0.8603357076644897
final_20260702-145153_augmented_spots_train_e200_b10_lr0.0001_s1,?|IN718_twins_logtif.h5|425|1801|157178,3,0.9314475258191427,0.885896106561025,0.12291976312796275,0.9228591521581014,0.9219409028689066,0.9042638738950094,0.864640188217163
final_20260702-145153_augmented_spots_train_e200_b10_lr0.0001_s1,?|IN718_twins_logtif.h5|322|1698|147131,3,0.9400086204210917,0.8950888911883036,0.10388221095005672,0.9566802779833475,0.9551724791526794,0.918063203493754,0.8906633257865906
final_20260702-145153_augmented_spots_train_e200_b10_lr0.0001_s1,?|IN718_twins_logtif.h5|1066|2443|209241,3,0.9622083504994711,0.9295658866564432,0.11337962001562119,0.9582681655883789,0.9578878283500671,0.9244143565495809,0.9116919040679932
final_20260702-145153_augmented_spots_train_e200_b10_lr0.0001_s1,?|IN718_twins_logtif.h5|1271|2649|226498,3,0.9650410016377767,0.9332634210586548,0.1066196138660113,0.9673128525416056,0.9667433500289917,0.9292107025782267,0.9094907402992248
final_20260702-145153_augmented_spots_train_e200_b10_lr0.0001_s1,?|IN718_twins_logtif.h5|183|1559|134525,3,0.9675689339637756,0.9381489952405294,0.09995900591214497,0.9636509021123251,0.962307075659434,0.933804968992869,0.9174710035324096
final_20260702-145153_augmented_spots_train_e200_b10_lr0.0001_s1,?|IN718_twins_logtif.h5|825|2202|189095,3,0.9846666057904562,0.96993488073349,0.08526413391033809,0.9839901129404703,0.9838197231292725,0.9497012297312418,0.9345442056655884
final_20260727-152943_oneoutput_augmented_spots_train_e2000_b10_lr0.0001_s1,?|Iron_deformed_logtif.h5|22|22|70041,3,0.4243033031622569,0.35977107286453247,0.302531103293101,0.4502824346224467,0.41018398602803546,0.5608860850334167,0.5357476949691773
final_20260727-152943_oneoutput_augmented_spots_train_e2000_b10_lr0.0001_s1,?|Iron_deformed_logtif.h5|60|340|1491296,3,0.40902193387349445,0.34861592948436737,0.27501145998636883,0.4513860543568929,0.39143901069959003,0.5670052369435629,0.5368119478225708
final_20260727-152943_oneoutput_augmented_spots_train_e2000_b10_lr0.0001_s1,?|Ti7Al_logtif.h5|763|1744|716641,3,0.31309014558792114,0.261237437526385,0.1734905168414116,0.4901682138442993,0.39624279737472534,0.5697998106479645,0.5150712609291077
final_20260727-152943_oneoutput_augmented_spots_train_e2000_b10_lr0.0001_s1,?|Iron_deformed_logtif.h5|50|50|192409,3,0.43357788523038227,0.3835801879564921,0.2825848162174225,0.43146053949991864,0.4212019642194112,0.5754965543746948,0.5591469764709472
final_20260727-152943_oneoutput_augmented_spots_train_e2000_b10_lr0.0001_s1,?|Iron_deformed_logtif.h5|245|525|2343145,3,0.4398208757241567,0.3956243594487508,0.28488557537396747,0.44283052285512287,0.42279134194056195,0.577467660109202,0.5406109452247619
final_20260727-152943_oneoutput_augmented_spots_train_e2000_b10_lr0.0001_s1,?|Iron_deformed_logtif.h5|164|164|645795,3,0.4682215750217438,0.41596806049346924,0.3074041207631429,0.39616332451502484,0.39104113976160687,0.5804087320963541,0.5514530658721923
final_20260727-152943_oneoutput_augmented_spots_train_e2000_b10_lr0.0001_s1,?|Iron_deformed_logtif.h5|163|443|1881181,3,0.43036391337712604,0.35783875981966656,0.260182057817777,0.4323011835416158,0.42135313153266907,0.5850909352302551,0.5685546159744262
final_20260727-152943_oneoutput_augmented_spots_train_e2000_b10_lr0.0001_s1,?|Iron_deformed_logtif.h5|143|143|525365,3,0.41733306646347046,0.36559902628262836,0.2429475039243698,0.4706159333388011,0.4389227827390035,0.5871927936871847,0.5554106831550598
final_20260727-152943_oneoutput_augmented_spots_train_e2000_b10_lr0.0001_s1,?|Ti7Al_logtif.h5|737|737|318628,3,0.41885265707969666,0.3653621971607208,0.23305623730023703,0.4194046954313914,0.39013445377349854,0.5928982098897299,0.5822838306427002
final_20260727-152943_oneoutput_augmented_spots_train_e2000_b10_lr0.0001_s1,?|Iron_deformed_logtif.h5|193|473|2027590,3,0.40307889382044476,0.3504937142133713,0.21702746053536734,0.4823569754759471,0.4170718590418498,0.5930257240931193,0.5680913329124451
final_20260727-152943_oneoutput_augmented_spots_train_e2000_b10_lr0.0001_s1,?|Iron_deformed_logtif.h5|124|404|1669194,3,0.453107347091039,0.41445061564445496,0.2614977111419042,0.4549177587032318,0.43291970094045,0.5958048502604166,0.5677640914916993
final_20260727-152943_oneoutput_augmented_spots_train_e2000_b10_lr0.0001_s1,?|Iron_deformed_logtif.h5|56|336|1461382,5,0.4442734718322754,0.36255375742912294,0.24957010447978972,0.473179417848587,0.4172491908073425,0.5973516821861267,0.5398530483245849
final_20260727-152943_oneoutput_augmented_spots_train_e2000_b10_lr0.0001_s1,?|Iron_deformed_logtif.h5|169|449|1897167,4,0.43356864899396896,0.38171035051345825,0.23719802871346474,0.44501589983701706,0.4281463325023651,0.5981853157281876,0.565052205324173
final_20260727-152943_oneoutput_augmented_spots_train_e2000_b10_lr0.0001_s1,?|Iron_deformed_logtif.h5|125|405|1675921,3,0.4135429263114929,0.35258203744888306,0.21636988470951715,0.4698517620563507,0.43350300192832947,0.5985865195592245,0.5672014117240906
final_20260727-152943_oneoutput_augmented_spots_train_e2000_b10_lr0.0001_s1,?|Iron_deformed_logtif.h5|215|215|920107,3,0.4747223158677419,0.3910806477069855,0.27580610911051434,0.46276519695917767,0.4284159541130066,0.5994580785433451,0.5636780738830567
final_20260727-152943_oneoutput_augmented_spots_train_e2000_b10_lr0.0001_s1,?|Iron_deformed_logtif.h5|172|172|667669,5,0.4377118647098541,0.3955847382545471,0.23839790523052215,0.4638687551021576,0.43339232802391053,0.5996569752693176,0.5567517757415772
final_20260727-152943_oneoutput_augmented_spots_train_e2000_b10_lr0.0001_s1,?|Iron_deformed_logtif.h5|176|176|671863,7,0.4453690264906202,0.4075849439416613,0.24601352214813232,0.4552106090954372,0.4400646388530731,0.5996777330126081,0.5372918367385864
final_20260727-152943_oneoutput_augmented_spots_train_e2000_b10_lr0.0001_s1,?|Iron_deformed_logtif.h5|273|553|2451312,7,0.4617731102875301,0.38747293182781767,0.2523444635527475,0.48631704279354643,0.46052690914699007,0.6047143169811794,0.5593703985214233
final_20260727-152943_oneoutput_augmented_spots_train_e2000_b10_lr0.0001_s1,?|Iron_deformed_logtif.h5|128|408|1686356,3,0.4623811940352122,0.43007079760233563,0.2519637495279312,0.4515739579995473,0.445427805185318,0.6052087148030599,0.5991155862808227
final_20260727-152943_oneoutput_augmented_spots_train_e2000_b10_lr0.0001_s1,?|Iron_deformed_logtif.h5|16|296|1305672,3,0.47713878750801086,0.3867850402990977,0.2666031966606776,0.4789808491865794,0.4504343767960866,0.6052678028742472,0.543554711341858
final_20260727-152943_oneoutput_augmented_spots_train_e2000_b10_lr0.0001_s1,?|Iron_deformed_logtif.h5|108|108|396384,3,0.46155030528704327,0.42239734530448914,0.24736163516839346,0.4254714747269948,0.41708695888519287,0.6070943474769592,0.5602824687957764
final_20260727-152943_oneoutput_augmented_spots_train_e2000_b10_lr0.0001_s1,?|Ti7Al_logtif.h5|380|1363|531358,3,0.38394038875897724,0.32145150502522785,0.16919240603844324,0.46859854459762573,0.4137341280778249,0.6073739926020304,0.5800845980644226
final_20260727-152943_oneoutput_augmented_spots_train_e2000_b10_lr0.0001_s1,?|Iron_deformed_logtif.h5|15|15|66683,3,0.49393927057584125,0.3713955581188202,0.2786757250626882,0.4857230285803477,0.4579079747200012,0.6076317429542542,0.5794001579284668
final_20260727-152943_oneoutput_augmented_spots_train_e2000_b10_lr0.0001_s1,?|Iron_deformed_logtif.h5|207|487|2110068,4,0.44245049357414246,0.3985161706805229,0.2271076925098896,0.4699292853474617,0.43005797266960144,0.607671394944191,0.5861966907978058
final_20260727-152943_oneoutput_augmented_spots_train_e2000_b10_lr0.0001_s1,?|Iron_deformed_logtif.h5|183|463|1960285,3,0.40898183981577557,0.33312949041525525,0.1924502874414126,0.4593358337879181,0.424070805311203,0.6082657774289449,0.5500851631164551
final_20260727-152943_oneoutput_augmented_spots_train_e2000_b10_lr0.0001_s1,?|Iron_deformed_logtif.h5|55|334|1461026,3,0.5247687995433807,0.42815635601679486,0.30582205454508465,0.501361628373464,0.4548333485921224,0.6094733675320944,0.5330984354019165
final_20260727-152943_oneoutput_augmented_spots_train_e2000_b10_lr0.0001_s1,?|Iron_deformed_logtif.h5|98|378|1584909,3,0.47262999415397644,0.37179048856099445,0.2511770526568095,0.5498797396818796,0.5065138141314188,0.6107264757156372,0.5190656781196594
final_20260727-152943_oneoutput_augmented_spots_train_e2000_b10_lr0.0001_s1,?|Iron_deformed_logtif.h5|152|432|1846281,3,0.37866414586702984,0.3022547662258148,0.15510264039039612,0.4812372326850891,0.44891435901323956,0.6117807428042094,0.5999759912490845
final_20260727-152943_oneoutput_augmented_spots_train_e2000_b10_lr0.0001_s1,?|Iron_deformed_logtif.h5|80|360|1553237,3,0.3986462652683258,0.3403008629878362,0.1734294593334198,0.4855588773886363,0.4381973445415497,0.6126084327697754,0.578280234336853
final_20260727-152943_oneoutput_augmented_spots_train_e2000_b10_lr0.0001_s1,?|Ti7Al_logtif.h5|735|735|318417,3,0.44230908155441284,0.39780836304028827,0.21502084036668143,0.4612617293993632,0.3982248604297638,0.6136441230773926,0.6047348856925965
final_20260727-152943_oneoutput_augmented_spots_train_e2000_b10_lr0.0001_s1,?|Iron_deformed_logtif.h5|232|232|1020810,3,0.44822243849436444,0.40144140521685284,0.22080419957637787,0.475915789604187,0.4417151212692261,0.6137091318766276,0.5709415078163147
final_20260727-152943_oneoutput_augmented_spots_train_e2000_b10_lr0.0001_s1,?|Iron_deformed_logtif.h5|184|464|1988468,6,0.4549596458673477,0.4161321719487508,0.2217851976553599,0.4805011252562205,0.4616369952758153,0.616587221622467,0.6032948195934296
final_20260727-152943_oneoutput_augmented_spots_train_e2000_b10_lr0.0001_s1,?|Ti7Al_logtif.h5|726|726|314065,4,0.39443161338567734,0.3263377547264099,0.16093818470835686,0.46338994055986404,0.4252794086933136,0.6167466938495636,0.5743548393249511
final_20260727-152943_oneoutput_augmented_spots_train_e2000_b10_lr0.0001_s1,?|Iron_deformed_logtif.h5|191|191|786702,8,0.4909134954214096,0.40259950421750546,0.2573328781872988,0.5087869204580784,0.4590158052742481,0.6167903244495392,0.5515913188457489
final_20260727-152943_oneoutput_augmented_spots_train_e2000_b10_lr0.0001_s1,?|Ti7Al_logtif.h5|753|1735|715115,3,0.409219096104304,0.3262779116630554,0.17391762137413025,0.4687199592590332,0.44975335399309796,0.6176507274309794,0.5911632657051087
final_20260727-152943_oneoutput_augmented_spots_train_e2000_b10_lr0.0001_s1,?|Iron_deformed_logtif.h5|141|141|523753,3,0.508675883213679,0.39691712458928424,0.26659059524536133,0.49140090743700665,0.4462288022041321,0.6210426489512125,0.6185219168663025
final_20260727-152943_oneoutput_augmented_spots_train_e2000_b10_lr0.0001_s1,?|Iron_deformed_logtif.h5|228|228|1010103,3,0.4644434650739034,0.4359482725461324,0.22190591196219125,0.47646549344062805,0.4662909011046092,0.6212687691052755,0.583739721775055
final_20260727-152943_oneoutput_augmented_spots_train_e2000_b10_lr0.0001_s1,?|Ti7Al_logtif.h5|163|1144|441312,3,0.38898449142773944,0.3249047299226125,0.14254090934991837,0.48064034183820087,0.4300483266512553,0.623221774895986,0.5780514240264892
final_20260727-152943_oneoutput_augmented_spots_train_e2000_b10_lr0.0001_s1,?|Iron_deformed_logtif.h5|168|448|1896773,3,0.45410118500391644,0.41761863231658936,0.2057549605766932,0.4555754562218984,0.44607289632161456,0.624173104763031,0.5765682935714722
final_20260727-152943_oneoutput_augmented_spots_train_e2000_b10_lr0.0001_s1,?|Iron_deformed_logtif.h5|88|368|1562446,4,0.45853064209222794,0.424718476831913,0.20921199396252632,0.47223351150751114,0.45997481048107147,0.6246593296527863,0.5910189509391784
final_20260727-152943_oneoutput_augmented_spots_train_e2000_b10_lr0.0001_s1,?|Iron_deformed_logtif.h5|129|409|1686682,3,0.4881361822287242,0.39628084500630695,0.23820640643437704,0.5984331568082174,0.5452623764673868,0.6249648729960123,0.5636038780212402
final_20260727-152943_oneoutput_augmented_spots_train_e2000_b10_lr0.0001_s1,?|Iron_deformed_logtif.h5|22|302|1309528,4,0.461118146777153,0.41708771884441376,0.210794348269701,0.4743811935186386,0.45482997596263885,0.6251619160175323,0.5886222124099731
final_20260727-152943_oneoutput_augmented_spots_train_e2000_b10_lr0.0001_s1,?|Iron_deformed_logtif.h5|234|514|2272117,3,0.4581260581811269,0.4248058597246806,0.2063315212726593,0.4793265660603841,0.4622729520003001,0.6258972485860189,0.5892443656921387
final_20260727-152943_oneoutput_augmented_spots_train_e2000_b10_lr0.0001_s1,?|Ti7Al_logtif.h5|230|1213|471619,3,0.41915525992711383,0.334611972173055,0.16720597197612128,0.4513164560000102,0.4440542161464691,0.6259746352831522,0.5841217994689941
final_20260727-152943_oneoutput_augmented_spots_train_e2000_b10_lr0.0001_s1,?|Iron_deformed_logtif.h5|20|20|68360,3,0.48823030789693195,0.4118543167908986,0.23520071307818094,0.4715890685717265,0.45664603511492413,0.6265147924423218,0.6050541758537292
final_20260727-152943_oneoutput_augmented_spots_train_e2000_b10_lr0.0001_s1,?|Iron_deformed_logtif.h5|44|44|162956,4,0.4594813585281372,0.42637360095977783,0.2060792464762926,0.46763698011636734,0.45971983671188354,0.6267010420560837,0.5706688523292541
final_20260727-152943_oneoutput_augmented_spots_train_e2000_b10_lr0.0001_s1,?|Ti7Al_logtif.h5|846|1828|745292,3,0.42674832542737323,0.3742130200068156,0.17319141328334808,0.4783629576365153,0.4299647609392802,0.6267784436543783,0.6130887985229492
final_20260727-152943_oneoutput_augmented_spots_train_e2000_b10_lr0.0001_s1,?|Iron_deformed_logtif.h5|188|188|784896,5,0.46100168228149413,0.4205145359039307,0.20425934195518494,0.4795996189117432,0.4721107304096222,0.6283711791038513,0.595746374130249
final_20260727-152943_oneoutput_augmented_spots_train_e2000_b10_lr0.0001_s1,?|Iron_deformed_logtif.h5|86|367|1556377,5,0.49187812209129333,0.42546672821044923,0.23296302258968354,0.4829859554767609,0.4627388834953308,0.6294575572013855,0.5732460737228393
final_20260727-152943_oneoutput_augmented_spots_train_e2000_b10_lr0.0001_s1,?|Iron_deformed_logtif.h5|46|46|183492,5,0.48641414046287534,0.4191999137401581,0.22639631628990173,0.5172676920890809,0.47733105421066285,0.6300089001655579,0.546553635597229
final_20260727-152943_oneoutput_augmented_spots_train_e2000_b10_lr0.0001_s1,?|Iron_deformed_logtif.h5|189|469|2025484,3,0.4486924707889557,0.3836932380994161,0.18851286669572195,0.458198219537735,0.4498491883277893,0.6300898194313049,0.5915476560592652
final_20260727-152943_oneoutput_augmented_spots_train_e2000_b10_lr0.0001_s1,?|Iron_deformed_logtif.h5|121|401|1655920,4,0.443828709423542,0.40327338129282,0.18236841447651386,0.4818602204322815,0.45265859365463257,0.6307301819324493,0.5522703289985657
final_20260727-152943_oneoutput_augmented_spots_train_e2000_b10_lr0.0001_s1,?|Al_deformed_LoG_logtif.h5|29|63|895675,13,0.5407868371560023,0.46578344244223374,0.27850198172605956,0.5669305622577667,0.5377494830351609,0.6311424237031203,0.5265284538269043
final_20260727-152943_oneoutput_augmented_spots_train_e2000_b10_lr0.0001_s1,?|Iron_deformed_logtif.h5|235|235|1039802,3,0.4580144186814626,0.41409730911254883,0.19453933338324228,0.4786681830883026,0.4476754367351532,0.6317375103632609,0.5827118158340454
final_20260727-152943_oneoutput_augmented_spots_train_e2000_b10_lr0.0001_s1,?|Iron_deformed_logtif.h5|250|529|2345856,3,0.47468523184458417,0.38779278596242267,0.20998607575893402,0.48574474453926086,0.4481271704037984,0.6323495705922445,0.5915955185890198
final_20260727-152943_oneoutput_augmented_spots_train_e2000_b10_lr0.0001_s1,?|Iron_deformed_logtif.h5|1|281|1250417,3,0.43929214278856915,0.3967519799868266,0.17383151253064474,0.4848104218641917,0.45307090878486633,0.6327303250630697,0.5536126017570495
final_20260727-152943_oneoutput_augmented_spots_train_e2000_b10_lr0.0001_s1,?|Iron_deformed_logtif.h5|241|521|2332675,5,0.4529777467250824,0.3919000506401062,0.18598545342683792,0.48194114565849305,0.4535234272480011,0.6334961652755737,0.586692500114441
final_20260727-152943_oneoutput_augmented_spots_train_e2000_b10_lr0.0001_s1,?|Iron_deformed_logtif.h5|18|299|1307069,4,0.4723205119371414,0.41262100636959076,0.20477057062089443,0.4716539829969406,0.46211695671081543,0.6337749660015106,0.5688702702522278
final_20260727-152943_oneoutput_augmented_spots_train_e2000_b10_lr0.0001_s1,?|Iron_deformed_logtif.h5|15|295|1305345,3,0.49745602409044903,0.4049547811349233,0.22950794299443564,0.509443610906601,0.4852091670036316,0.633974035580953,0.6036132454872132
final_20260727-152943_oneoutput_augmented_spots_train_e2000_b10_lr0.0001_s1,?|Iron_deformed_logtif.h5|249|527|2345175,4,0.44412417709827423,0.39988887310028076,0.17614862509071827,0.47218383848667145,0.44938819110393524,0.6339877843856812,0.5922347724437713
final_20260727-152943_oneoutput_augmented_spots_train_e2000_b10_lr0.0001_s1,?|Ti7Al_logtif.h5|458|1440|597994,4,0.3881140723824501,0.3223658502101898,0.1177075132727623,0.47430072724819183,0.43345101922750473,0.6352032721042633,0.5836090385913849
final_20260727-152943_oneoutput_augmented_spots_train_e2000_b10_lr0.0001_s1,?|Iron_deformed_logtif.h5|42|322|1394565,3,0.5270972847938538,0.44881604115168255,0.25574401021003723,0.5001013775666555,0.49086223045984906,0.635676642258962,0.5237404584884644
final_20260727-152943_oneoutput_augmented_spots_train_e2000_b10_lr0.0001_s1,?|Ti7Al_logtif.h5|711|711|309821,3,0.4270780086517334,0.37610437472661334,0.15535022815068564,0.48876742521921795,0.44015225768089294,0.6358639001846313,0.6271985292434692
final_20260727-152943_oneoutput_augmented_spots_train_e2000_b10_lr0.0001_s1,?|Iron_deformed_logtif.h5|229|509|2250437,3,0.49837712446848553,0.4119850695133209,0.22661255796750387,0.6110575397809347,0.5678829650084177,0.6358822782834371,0.5935756206512451
final_20260727-152943_oneoutput_augmented_spots_train_e2000_b10_lr0.0001_s1,?|Iron_deformed_logtif.h5|98|98|344511,4,0.533013254404068,0.436271321028471,0.2611469980329275,0.5706576406955719,0.508348636329174,0.6359331458806992,0.5233550786972045
final_20260727-152943_oneoutput_augmented_spots_train_e2000_b10_lr0.0001_s1,?|Ti7Al_logtif.h5|867|1849|749230,3,0.4451809922854106,0.40432467063268024,0.17319455991188684,0.4801916182041168,0.4336480995019277,0.6359932025273641,0.6082971334457398
final_20260727-152943_oneoutput_augmented_spots_train_e2000_b10_lr0.0001_s1,?|Al_deformed_LoG_logtif.h5|18|52|779675,19,0.5224895147900832,0.43777880307875183,0.25006137043237686,0.5585336936147589,0.536270449036046,0.6362140727670569,0.4907565176486969
final_20260727-152943_oneoutput_augmented_spots_train_e2000_b10_lr0.0001_s1,?|Ti7Al_logtif.h5|125|125|38081,3,0.4054576555887858,0.34308215975761414,0.13223256170749664,0.4767933984597524,0.43272073070208233,0.6366125345230103,0.589259934425354
final_20260727-152943_oneoutput_augmented_spots_train_e2000_b10_lr0.0001_s1,?|Ti7Al_logtif.h5|587|1569|653866,3,0.45379342635472614,0.4156939685344696,0.1801916311184565,0.4733000099658966,0.4500595231850942,0.6368009050687155,0.6063307642936706
final_20260727-152943_oneoutput_augmented_spots_train_e2000_b10_lr0.0001_s1,?|Iron_deformed_logtif.h5|84|363|1554874,4,0.4848841726779938,0.4402918592095375,0.2094820737838745,0.4793420657515526,0.47653863579034805,0.6377010345458984,0.6027047276496887
final_20260727-152943_oneoutput_augmented_spots_train_e2000_b10_lr0.0001_s1,?|Al_deformed_LoG_logtif.h5|27|61|894788,23,0.5304140215334685,0.4726414848928866,0.25467023091471713,0.5526018648043923,0.5364345350991124,0.6378718925559003,0.5287222862243652
final_20260727-152943_oneoutput_augmented_spots_train_e2000_b10_lr0.0001_s1,?|Ti7Al_logtif.h5|81|1063|411051,5,0.4054645597934723,0.34021166563034055,0.12939999997615814,0.4925115406513214,0.44994226694107053,0.6380322694778442,0.577320909500122
final_20260727-152943_oneoutput_augmented_spots_train_e2000_b10_lr0.0001_s1,?|Iron_deformed_logtif.h5|65|65|262514,3,0.4818304379781087,0.4260680178801219,0.2051984667778015,0.47780585289001465,0.46478164196014404,0.6383159756660461,0.6225641965866089
final_20260727-152943_oneoutput_augmented_spots_train_e2000_b10_lr0.0001_s1,?|Al_deformed_LoG_logtif.h5|18|18|337193,18,0.49574684103329975,0.44550322327348924,0.21845940169360903,0.5189141150977876,0.5027394195397695,0.6386437283621894,0.5513533174991607
final_20260727-152943_oneoutput_augmented_spots_train_e2000_b10_lr0.0001_s1,?|Ti7Al_logtif.h5|530|1512|630809,3,0.48575523495674133,0.358679860830307,0.20845815539360046,0.5337079664071401,0.4377095699310303,0.638648529847463,0.5774492621421814
final_20260727-152943_oneoutput_augmented_spots_train_e2000_b10_lr0.0001_s1,?|Iron_deformed_logtif.h5|116|396|1643737,4,0.5061637386679649,0.4350213184952736,0.22429059445858002,0.5781281515955925,0.5295182093977928,0.6409365683794022,0.600727516412735
final_20260727-152943_oneoutput_augmented_spots_train_e2000_b10_lr0.0001_s1,?|Iron_deformed_logtif.h5|276|556|2461082,3,0.456586350997289,0.42176945010821026,0.171341210603714,0.4969717562198639,0.4659029146035512,0.6426225503285726,0.6203094959259033
final_20260727-152943_oneoutput_augmented_spots_train_e2000_b10_lr0.0001_s1,?|Al_deformed_LoG_logtif.h5|30|65|895940,22,0.5269097008488395,0.458940561522137,0.24092712625861168,0.5645161555571989,0.5384587889367883,0.6429912881417708,0.5028673112392426
final_20260727-152943_oneoutput_augmented_spots_train_e2000_b10_lr0.0001_s1,?|Iron_deformed_logtif.h5|252|532|2351102,3,0.47343339522679645,0.4499693810939789,0.1863801529010137,0.46547528107961017,0.458177109559377,0.6435265938440958,0.583724570274353
final_20260727-152943_oneoutput_augmented_spots_train_e2000_b10_lr0.0001_s1,?|Iron_deformed_logtif.h5|235|515|2278776,3,0.5524158775806427,0.4735301931699117,0.2650104761123657,0.5307668745517731,0.5044828951358795,0.6437027057011923,0.5725202202796936
final_20260727-152943_oneoutput_augmented_spots_train_e2000_b10_lr0.0001_s1,?|Ti7Al_logtif.h5|868|868|355427,3,0.45773545900980633,0.42260950803756714,0.16747015714645386,0.4759594202041626,0.46254001061121625,0.6451326409975687,0.635585343837738
final_20260727-152943_oneoutput_augmented_spots_train_e2000_b10_lr0.0001_s1,?|Ti7Al_logtif.h5|746|1728|712611,4,0.44384630769491196,0.40500327944755554,0.15352044999599457,0.46031714975833893,0.44212112575769424,0.6451629251241684,0.6412856459617615
final_20260727-152943_oneoutput_augmented_spots_train_e2000_b10_lr0.0001_s1,?|Ti7Al_logtif.h5|479|1460|605758,3,0.48180745045344037,0.4649820228417714,0.1910633941491445,0.46098361412684125,0.458255797624588,0.6453720331192017,0.6396217346191406
final_20260727-152943_oneoutput_augmented_spots_train_e2000_b10_lr0.0001_s1,?|Iron_deformed_logtif.h5|121|121|413884,3,0.44261955221494037,0.39740214745203656,0.15174532681703568,0.48948948582013446,0.4801495472590129,0.6454371213912964,0.6259914636611938
final_20260727-152943_oneoutput_augmented_spots_train_e2000_b10_lr0.0001_s1,?|Iron_deformed_logtif.h5|95|374|1574041,5,0.501276558637619,0.4358602374792099,0.21009507328271865,0.5457255959510803,0.5127810776233673,0.6455907344818115,0.5503631114959717
final_20260727-152943_oneoutput_augmented_spots_train_e2000_b10_lr0.0001_s1,?|Iron_deformed_logtif.h5|21|21|68698,5,0.5070893406867981,0.4322181761264801,0.2158239394426346,0.5556467592716217,0.5278142154216766,0.6456326961517334,0.542868971824646
final_20260727-152943_oneoutput_augmented_spots_train_e2000_b10_lr0.0001_s1,?|Iron_deformed_logtif.h5|270|550|2449837,5,0.5235119462013245,0.4712086796760559,0.2306439012289047,0.5054235637187958,0.49698264598846437,0.6464340209960937,0.569105327129364
final_20260727-152943_oneoutput_augmented_spots_train_e2000_b10_lr0.0001_s1,?|Ti7Al_logtif.h5|372|372|143345,3,0.3843246301015218,0.3094844917456309,0.09087625642617543,0.4885059992472331,0.47441484530766803,0.6467241843541464,0.6132264852523803
final_20260727-152943_oneoutput_augmented_spots_train_e2000_b10_lr0.0001_s1,?|Iron_deformed_logtif.h5|137|137|518561,5,0.4467546701431274,0.3954080879688263,0.15219559371471406,0.48881085515022277,0.4661317110061646,0.6472795248031616,0.6299993395805359
final_20260727-152943_oneoutput_augmented_spots_train_e2000_b10_lr0.0001_s1,?|Iron_deformed_logtif.h5|59|59|249552,4,0.4878831058740616,0.41290757805109024,0.19237937778234482,0.5325027704238892,0.4947217255830765,0.6477518528699875,0.6132183134555816
final_20260727-152943_oneoutput_augmented_spots_train_e2000_b10_lr0.0001_s1,?|Iron_deformed_logtif.h5|77|357|1542926,6,0.45848846932252246,0.43077153464158374,0.159305519113938,0.49006464580694836,0.45083538194497425,0.649591475725174,0.5785588026046753
final_20260727-152943_oneoutput_augmented_spots_train_e2000_b10_lr0.0001_s1,?|Al_deformed_LoG_logtif.h5|33|33|445437,25,0.5188384830951691,0.45783084630966187,0.21953048691153526,0.5430181348323821,0.5207565104961396,0.6496539974212646,0.5149168848991394
final_20260727-152943_oneoutput_augmented_spots_train_e2000_b10_lr0.0001_s1,?|Ti7Al_logtif.h5|474|1457|604880,3,0.4690927465756734,0.44205331802368164,0.16834264248609543,0.46476321419080097,0.4550790290037791,0.6503750483194987,0.6048375010490418
final_20260727-152943_oneoutput_augmented_spots_train_e2000_b10_lr0.0001_s1,?|Iron_deformed_logtif.h5|187|187|782942,3,0.5379121899604797,0.4543246328830719,0.23641248047351837,0.5348282953103384,0.5095311800638834,0.6507498621940613,0.6143232703208923
final_20260727-152943_oneoutput_augmented_spots_train_e2000_b10_lr0.0001_s1,?|Ti7Al_logtif.h5|740|1723|711979,3,0.43456469972928363,0.3896271387736003,0.1317389483253161,0.4549456636110942,0.43924038608868915,0.6514128645261129,0.5920787334442139
final_20260727-152943_oneoutput_augmented_spots_train_e2000_b10_lr0.0001_s1,?|Ti7Al_logtif.h5|502|502|226160,3,0.43510772784550983,0.38538700342178345,0.13183948149283728,0.4757617910703023,0.4616092840830485,0.6516341169675192,0.6152931809425354
final_20260727-152943_oneoutput_augmented_spots_train_e2000_b10_lr0.0001_s1,?|Iron_deformed_logtif.h5|13|13|63607,3,0.5286852618058523,0.45342670877774555,0.2251094082991282,0.5492047170797983,0.5320881903171539,0.6517879366874695,0.6128462553024292
final_20260727-152943_oneoutput_augmented_spots_train_e2000_b10_lr0.0001_s1,?|Ti7Al_logtif.h5|120|1102|427246,3,0.4799286623795827,0.434518963098526,0.17532662550608316,0.4823411206404368,0.46965543429056805,0.6523009936014811,0.6205917835235596
final_20260727-152943_oneoutput_augmented_spots_train_e2000_b10_lr0.0001_s1,?|Iron_deformed_logtif.h5|189|189|785586,6,0.5132400641838709,0.43371432026227313,0.20831768463055292,0.5524778813123703,0.49599139392375946,0.6524611910184225,0.5797775983810425
final_20260727-152943_oneoutput_augmented_spots_train_e2000_b10_lr0.0001_s1,?|Ti7Al_logtif.h5|153|153|50619,3,0.4290143350760142,0.3776044348875682,0.12387510885794957,0.46569562951723736,0.44764510790507,0.6525696317354838,0.6214317679405212
final_20260727-152943_oneoutput_augmented_spots_train_e2000_b10_lr0.0001_s1,?|Iron_deformed_logtif.h5|210|490|2115695,3,0.5225585500399271,0.40715118249257404,0.21728385239839554,0.48862941066424054,0.4719576934973399,0.6526373227437338,0.5537412166595459
final_20260727-152943_oneoutput_augmented_spots_train_e2000_b10_lr0.0001_s1,?|Iron_deformed_logtif.h5|128|128|445774,4,0.5638412162661552,0.48369817435741425,0.2583121173083782,0.5802363529801369,0.5491865649819374,0.6527645736932755,0.5775186419487
final_20260727-152943_oneoutput_augmented_spots_train_e2000_b10_lr0.0001_s1,?|Iron_deformed_logtif.h5|9|289|1260309,3,0.4522332549095154,0.4161836902300517,0.14606211086114249,0.4905931254227956,0.48015440503756207,0.6530855695406595,0.619833517074585
final_20260727-152943_oneoutput_augmented_spots_train_e2000_b10_lr0.0001_s1,?|Ti7Al_logtif.h5|661|1643|680280,3,0.40824132164319354,0.3536343475182851,0.09962483743826549,0.487101415793101,0.46348204215367633,0.6543082197507223,0.6152999877929688
final_20260727-152943_oneoutput_augmented_spots_train_e2000_b10_lr0.0001_s1,?|Al_deformed_LoG_logtif.h5|4|38|471881,23,0.5084844840609509,0.4494215250015259,0.1990027349928151,0.5218197431253351,0.49602516708166705,0.6547408725904382,0.569982898235321
final_20260727-152943_oneoutput_augmented_spots_train_e2000_b10_lr0.0001_s1,?|Iron_deformed_logtif.h5|19|298|1306721,6,0.5279178520043691,0.4756744255622228,0.2177357499798139,0.5338496267795563,0.5214355538288752,0.6550910572210947,0.5754231810569763
final_20260727-152943_oneoutput_augmented_spots_train_e2000_b10_lr0.0001_s1,?|Iron_deformed_logtif.h5|136|416|1735423,3,0.5369584759076437,0.4552842974662781,0.22652276357014975,0.6121990382671356,0.5823465983072916,0.6552178661028544,0.5215443015098572
final_20260727-152943_oneoutput_augmented_spots_train_e2000_b10_lr0.0001_s1,?|Ti7Al_logtif.h5|330|1312|505227,3,0.436216135819753,0.3910127381483714,0.12489678710699081,0.4780274232228597,0.4672047297159831,0.6556596755981445,0.6139941453933716
final_20260727-152943_oneoutput_augmented_spots_train_e2000_b10_lr0.0001_s1,?|Iron_deformed_logtif.h5|100|100|360369,4,0.512029767036438,0.4367571473121643,0.2003934420645237,0.5956832468509674,0.5353338271379471,0.6558181792497635,0.577531760931015
final_20260727-152943_oneoutput_augmented_spots_train_e2000_b10_lr0.0001_s1,?|Iron_deformed_logtif.h5|67|347|1504401,4,0.5194434151053429,0.44104036316275597,0.20755013450980186,0.5794100686907768,0.532849133014679,0.6559466570615768,0.5660765469074249
final_20260727-152943_oneoutput_augmented_spots_train_e2000_b10_lr0.0001_s1,?|Iron_deformed_logtif.h5|39|39|143519,5,0.5147709548473358,0.4297149538993835,0.20131988376379012,0.5462131261825561,0.5178549945354461,0.6567255258560181,0.5644349813461303
final_20260727-152943_oneoutput_augmented_spots_train_e2000_b10_lr0.0001_s1,?|Iron_deformed_logtif.h5|144|424|1768990,4,0.4861752763390541,0.47334790229797363,0.17225541919469833,0.48588135838508606,0.48046641796827316,0.6569599360227585,0.6285498976707459
final_20260727-152943_oneoutput_augmented_spots_train_e2000_b10_lr0.0001_s1,?|Ti7Al_logtif.h5|689|689|304122,3,0.4229646722475688,0.3869430720806122,0.10900029788414638,0.47720778981844586,0.46180857221285504,0.6569822033246359,0.6109800100326538
final_20260727-152943_oneoutput_augmented_spots_train_e2000_b10_lr0.0001_s1,?|Iron_deformed_logtif.h5|131|131|446796,4,0.4441162049770355,0.39174172282218933,0.12854869663715363,0.48972658067941666,0.47016477584838867,0.6577837616205215,0.6449487268924713
final_20260727-152943_oneoutput_augmented_spots_train_e2000_b10_lr0.0001_s1,?|Al_deformed_LoG_logtif.h5|20|20|362924,19,0.5533946407468695,0.47521859721133586,0.23207255884220726,0.5729716153521287,0.5497125606787833,0.6606610448736894,0.5712616205215454
final_20260727-152943_oneoutput_augmented_spots_train_e2000_b10_lr0.0001_s1,?|Iron_deformed_logtif.h5|242|242|1093635,4,0.5165782049298286,0.42605458945035934,0.19475521333515644,0.559507928788662,0.5481709465384483,0.660911500453949,0.5299233496189117
final_20260727-152943_oneoutput_augmented_spots_train_e2000_b10_lr0.0001_s1,?|Iron_deformed_logtif.h5|17|17|67353,5,0.5371460437774658,0.4583679437637329,0.2147032767534256,0.5954470157623291,0.5493689119815827,0.6612213969230651,0.5286420702934265
final_20260727-152943_oneoutput_augmented_spots_train_e2000_b10_lr0.0001_s1,?|Iron_deformed_logtif.h5|159|159|624558,4,0.5400932803750038,0.4763582646846771,0.21607772633433342,0.5921522602438927,0.5747922286391258,0.662007749080658,0.5641704678535462
final_20260727-152943_oneoutput_augmented_spots_train_e2000_b10_lr0.0001_s1,?|Iron_deformed_logtif.h5|93|373|1573666,4,0.483859159052372,0.4042709916830063,0.15979496203362942,0.5150901228189468,0.48011956363916397,0.6620321124792099,0.5946767032146454
final_20260727-152943_oneoutput_augmented_spots_train_e2000_b10_lr0.0001_s1,?|Al_deformed_LoG_logtif.h5|30|30|444908,14,0.5975522079638073,0.5027708836964199,0.27249856506075176,0.6100653260946274,0.5791500338486263,0.6625268331595829,0.5561506271362304
final_20260727-152943_oneoutput_augmented_spots_train_e2000_b10_lr0.0001_s1,?|Al_deformed_LoG_logtif.h5|3|37|469193,18,0.510409477684233,0.4583335452609592,0.18493647190431753,0.5538187523682913,0.5302337441179488,0.6627365019586351,0.5700408935546875
final_20260727-152943_oneoutput_augmented_spots_train_e2000_b10_lr0.0001_s1,?|Ti7Al_logtif.h5|738|1720|711689,3,0.4296941856543223,0.37843814492225647,0.10388002917170525,0.49161160985628766,0.4539276460806529,0.662907063961029,0.629710590839386
final_20260727-152943_oneoutput_augmented_spots_train_e2000_b10_lr0.0001_s1,?|Iron_deformed_logtif.h5|27|27|75554,4,0.4820076748728752,0.4307949095964432,0.15574180614203215,0.5011872947216034,0.488644614815712,0.663132905960083,0.6093801558017731
final_20260727-152943_oneoutput_augmented_spots_train_e2000_b10_lr0.0001_s1,?|Iron_deformed_logtif.h5|70|351|1516103,3,0.48574428757031757,0.3875213960806529,0.15936276813348135,0.6187093953291575,0.5717691481113434,0.663190762201945,0.6446634531021118
final_20260727-152943_oneoutput_augmented_spots_train_e2000_b10_lr0.0001_s1,?|Ti7Al_logtif.h5|356|1338|522142,3,0.46282070875167847,0.37961651881535846,0.1363853452106317,0.5035909612973531,0.4504568576812744,0.6632176637649536,0.6146162271499633
final_20260727-152943_oneoutput_augmented_spots_train_e2000_b10_lr0.0001_s1,?|Iron_deformed_logtif.h5|184|184|749244,3,0.47160552938779193,0.4484709103902181,0.14352963864803314,0.4829734265804291,0.47275398174921673,0.6640379428863525,0.5810311317443848
final_20260727-152943_oneoutput_augmented_spots_train_e2000_b10_lr0.0001_s1,?|Iron_deformed_logtif.h5|149|149|573179,5,0.4818210780620575,0.4172500342130661,0.15233939737081528,0.49656609892845155,0.4605785071849823,0.6647408366203308,0.5636210441589355
final_20260727-152943_oneoutput_augmented_spots_train_e2000_b10_lr0.0001_s1,?|Ti7Al_logtif.h5|110|110|32103,5,0.4577555775642395,0.4293609023094177,0.12771062403917313,0.48176491260528564,0.4588403105735779,0.6650224804878235,0.6069402933120728
final_20260727-152943_oneoutput_augmented_spots_train_e2000_b10_lr0.0001_s1,?|Ti7Al_logtif.h5|67|67|19272,4,0.45085395872592926,0.41173093020915985,0.12047303467988968,0.4945405125617981,0.48264311254024506,0.6651904582977295,0.6560228407382965
final_20260727-152943_oneoutput_augmented_spots_train_e2000_b10_lr0.0001_s1,?|Ti7Al_logtif.h5|878|878|356416,3,0.450186828772227,0.41221460700035095,0.11919721215963364,0.47972352306048077,0.47655091683069867,0.6654948194821676,0.648607587814331
final_20260727-152943_oneoutput_augmented_spots_train_e2000_b10_lr0.0001_s1,?|Ti7Al_logtif.h5|192|192|64402,3,0.4743991196155548,0.452162762482961,0.14335784067710242,0.4661395053068797,0.4483938018480937,0.6655206481615702,0.6153820037841797
final_20260727-152943_oneoutput_augmented_spots_train_e2000_b10_lr0.0001_s1,?|Iron_deformed_logtif.h5|135|135|484462,3,0.5550563335418701,0.448281188805898,0.2226330836613973,0.6459873418013254,0.6051026980082194,0.6662116448084513,0.5600621104240417
final_20260727-152943_oneoutput_augmented_spots_train_e2000_b10_lr0.0001_s1,?|Ti7Al_logtif.h5|291|291|107749,5,0.44765874147415163,0.4094483911991119,0.1150813952088356,0.48284759521484377,0.4660544753074646,0.6662886738777161,0.6129991412162781
final_20260727-152943_oneoutput_augmented_spots_train_e2000_b10_lr0.0001_s1,?|Al_deformed_LoG_logtif.h5|20|54|805566,20,0.5507907971739769,0.49340456873178484,0.2130784709006548,0.5733741283416748,0.5613513842225075,0.6688561737537384,0.5668320417404175
final_20260727-152943_oneoutput_augmented_spots_train_e2000_b10_lr0.0001_s1,?|Ti7Al_logtif.h5|317|317|115086,3,0.454038808743159,0.41540975371996564,0.11595611895124118,0.48761682709058124,0.4747702678044637,0.6690413355827332,0.6416485071182251
final_20260727-152943_oneoutput_augmented_spots_train_e2000_b10_lr0.0001_s1,?|Al_deformed_LoG_logtif.h5|17|51|763114,23,0.5867822468280792,0.5132366185602935,0.2485298980837283,0.5736467410688815,0.5609039884546528,0.6691261763158052,0.5543025255203247
final_20260727-152943_oneoutput_augmented_spots_train_e2000_b10_lr0.0001_s1,?|Iron_deformed_logtif.h5|56|56|220626,3,0.5576824049154917,0.44301801919937134,0.21813043455282846,0.6538543105125427,0.6024549206097921,0.6697759628295898,0.6241605281829834
final_20260727-152943_oneoutput_augmented_spots_train_e2000_b10_lr0.0001_s1,?|Al_deformed_LoG_logtif.h5|5|5|30687,25,0.5837432563304901,0.5020146584510803,0.24410351663827895,0.6101440715789795,0.5939423906803131,0.6698198628425598,0.5464027643203735
final_20260727-152943_oneoutput_augmented_spots_train_e2000_b10_lr0.0001_s1,?|Ti7Al_logtif.h5|593|593|265156,3,0.4551469286282857,0.39821455876032513,0.11448856815695763,0.4923854470252991,0.4842902918656667,0.6703291734059652,0.6186470270156861
final_20260727-152943_oneoutput_augmented_spots_train_e2000_b10_lr0.0001_s1,?|Iron_deformed_logtif.h5|167|447|1896154,3,0.47137988607088727,0.44631046056747437,0.13057007640600204,0.48477108279863995,0.4715240200360616,0.6704049110412598,0.6427447557449341
final_20260727-152943_oneoutput_augmented_spots_train_e2000_b10_lr0.0001_s1,?|Iron_deformed_logtif.h5|238|518|2313516,3,0.5666606426239014,0.49980191389719647,0.22529432053367296,0.6480689446131388,0.6018562614917755,0.6706831455230713,0.5284843564033508
final_20260727-152943_oneoutput_augmented_spots_train_e2000_b10_lr0.0001_s1,?|Iron_deformed_logtif.h5|96|376|1581320,3,0.5796151359875997,0.5236021180947622,0.2372897466023763,0.5681418279806772,0.5418975949287415,0.6711626648902893,0.624784255027771
final_20260727-152943_oneoutput_augmented_spots_train_e2000_b10_lr0.0001_s1,?|Iron_deformed_logtif.h5|161|441|1867701,4,0.5249591395258904,0.46185754239559174,0.18254226259887218,0.5829268991947174,0.5546581074595451,0.671208456158638,0.605860960483551
final_20260727-152943_oneoutput_augmented_spots_train_e2000_b10_lr0.0001_s1,?|Iron_deformed_logtif.h5|248|530|2345952,3,0.46468395988146466,0.4217158059279124,0.12209560970465343,0.4977370500564575,0.4828619559605916,0.6712941924730936,0.6425742030143737
final_20260727-152943_oneoutput_augmented_spots_train_e2000_b10_lr0.0001_s1,?|Iron_deformed_logtif.h5|241|241|1093313,4,0.52069341391325,0.45912985503673553,0.17675123922526836,0.5390831828117371,0.526563972234726,0.6719710975885391,0.5964703559875488
final_20260727-152943_oneoutput_augmented_spots_train_e2000_b10_lr0.0001_s1,?|Ti7Al_logtif.h5|431|1413|574457,3,0.4760717252890269,0.4535454909006755,0.13033353040615717,0.48801183700561523,0.47524456183115643,0.672869086265564,0.6645318746566773
final_20260727-152943_oneoutput_augmented_spots_train_e2000_b10_lr0.0001_s1,?|Iron_deformed_logtif.h5|39|319|1383099,3,0.5540000895659128,0.4828573366006215,0.20807439585526785,0.5762246946493784,0.5685907006263733,0.6729628642400106,0.6310174107551575
final_20260727-152943_oneoutput_augmented_spots_train_e2000_b10_lr0.0001_s1,?|Iron_deformed_logtif.h5|14|14|64651,3,0.5901813209056854,0.4935135245323181,0.24389337003231049,0.5549425085385641,0.5434851944446564,0.6731439828872681,0.603101110458374
final_20260727-152943_oneoutput_augmented_spots_train_e2000_b10_lr0.0001_s1,?|Ti7Al_logtif.h5|560|560|255019,3,0.3998968005180359,0.33506391445795697,0.05352525102595488,0.4976162413756053,0.48600926995277405,0.6731857657432556,0.6420234322547913
final_20260727-152943_oneoutput_augmented_spots_train_e2000_b10_lr0.0001_s1,?|Ti7Al_logtif.h5|306|1288|501063,4,0.4608624503016472,0.4277029186487198,0.11409410461783409,0.4919683113694191,0.47865667194128036,0.6733841747045517,0.6519861698150635
final_20260727-152943_oneoutput_augmented_spots_train_e2000_b10_lr0.0001_s1,?|Iron_deformed_logtif.h5|105|105|380792,4,0.46350497007369995,0.4326614886522293,0.11416978947818279,0.49317052215337753,0.48725709319114685,0.6746675968170166,0.6592241168022156
final_20260727-152943_oneoutput_augmented_spots_train_e2000_b10_lr0.0001_s1,?|Iron_deformed_logtif.h5|188|468|2024649,4,0.5499705150723457,0.47105319797992706,0.19615264609456062,0.5171500071883202,0.5056146085262299,0.6769089251756668,0.6015100538730621
final_20260727-152943_oneoutput_augmented_spots_train_e2000_b10_lr0.0001_s1,?|Iron_deformed_logtif.h5|129|129|446107,6,0.568114752570788,0.48234471678733826,0.21428638324141502,0.6003822833299637,0.5629028479258219,0.6769141654173533,0.5829055905342102
final_20260727-152943_oneoutput_augmented_spots_train_e2000_b10_lr0.0001_s1,?|Iron_deformed_logtif.h5|229|229|1011112,4,0.5335339829325676,0.462265782058239,0.17966469936072826,0.5817587748169899,0.5737425535917282,0.6769346445798874,0.5917687952518463
final_20260727-152943_oneoutput_augmented_spots_train_e2000_b10_lr0.0001_s1,?|Ti7Al_logtif.h5|903|1882|752818,3,0.4435436526934306,0.39328883091608685,0.08939700573682785,0.48272661368052167,0.47557995716730755,0.6770733197530111,0.6575852155685424
final_20260727-152943_oneoutput_augmented_spots_train_e2000_b10_lr0.0001_s1,?|Ti7Al_logtif.h5|951|951|378424,6,0.48663191000620526,0.42861032485961914,0.13219740490118662,0.5289507806301117,0.5058366805315018,0.6772172451019287,0.6132328510284424
final_20260727-152943_oneoutput_augmented_spots_train_e2000_b10_lr0.0001_s1,?|Ti7Al_logtif.h5|9|9|1561,4,0.4773239642381668,0.4578162804245949,0.12080527748912573,0.4828082025051117,0.47418733686208725,0.6782593429088593,0.6306162178516388
final_20260727-152943_oneoutput_augmented_spots_train_e2000_b10_lr0.0001_s1,?|Ti7Al_logtif.h5|278|1260|494692,3,0.4636135200659434,0.42331379652023315,0.10674717525641124,0.4723694622516632,0.47118617097536725,0.6784331798553467,0.6295824527740479
final_20260727-152943_oneoutput_augmented_spots_train_e2000_b10_lr0.0001_s1,?|Iron_deformed_logtif.h5|210|210|876585,5,0.5447880089282989,0.4999696373939514,0.18725532069802284,0.5565428555011749,0.5441172838211059,0.6787663221359252,0.5543286085128785
final_20260727-152943_oneoutput_augmented_spots_train_e2000_b10_lr0.0001_s1,?|Al_deformed_LoG_logtif.h5|5|39|481387,20,0.5915404409170151,0.5181116193532944,0.23277378231287002,0.6336262911558151,0.6068265467882157,0.6793833300471306,0.544796085357666
final_20260727-152943_oneoutput_augmented_spots_train_e2000_b10_lr0.0001_s1,?|Iron_deformed_logtif.h5|21|300|1307410,3,0.4900754392147064,0.42066992322603863,0.13129409650961557,0.4860822061697642,0.4774211645126343,0.6793906887372335,0.6470000505447387
final_20260727-152943_oneoutput_augmented_spots_train_e2000_b10_lr0.0001_s1,?|Al_deformed_LoG_logtif.h5|32|64|895895,23,0.5984245098155477,0.5162229984998703,0.23907400797242703,0.6319797013116919,0.6037786667761595,0.6796752434709797,0.5470982789993286
final_20260727-152943_oneoutput_augmented_spots_train_e2000_b10_lr0.0001_s1,?|Iron_deformed_logtif.h5|11|291|1277433,3,0.589995394150416,0.5337790250778198,0.23012653489907584,0.6010937094688416,0.5715102950731913,0.6799344420433044,0.5780694127082825
final_20260727-152943_oneoutput_augmented_spots_train_e2000_b10_lr0.0001_s1,?|Al_deformed_LoG_logtif.h5|10|10|167252,17,0.5747597147436703,0.5214301803532768,0.21429163305198445,0.5654717596138225,0.5540139271932489,0.6802340465433457,0.6075671434402465
final_20260727-152943_oneoutput_augmented_spots_train_e2000_b10_lr0.0001_s1,?|Al_deformed_LoG_logtif.h5|14|48|626060,26,0.5595699067299182,0.49002410012942094,0.19804445138344398,0.5639328200083512,0.5540378575141613,0.680762726526994,0.5839130878448486
final_20260727-152943_oneoutput_augmented_spots_train_e2000_b10_lr0.0001_s1,?|Iron_deformed_logtif.h5|197|197|812567,6,0.5271455198526382,0.47459201018015545,0.16434451999763647,0.5630678782860438,0.5467691024144491,0.6814005076885223,0.5545608699321747
final_20260727-152943_oneoutput_augmented_spots_train_e2000_b10_lr0.0001_s1,?|Iron_deformed_logtif.h5|196|476|2048948,3,0.46752559145291644,0.44019084175427753,0.10428838183482488,0.49839744965235394,0.4894748032093048,0.6816185911496481,0.6428854465484619
final_20260727-152943_oneoutput_augmented_spots_train_e2000_b10_lr0.0001_s1,?|Ti7Al_logtif.h5|331|331|117248,3,0.46466708183288574,0.43521848320961,0.09992895027001698,0.4888259669144948,0.4809572696685791,0.6823690533638,0.6685778260231018
final_20260727-152943_oneoutput_augmented_spots_train_e2000_b10_lr0.0001_s1,?|Iron_deformed_logtif.h5|0|0|1623,3,0.4907388885815938,0.4277885854244232,0.12584926436344782,0.4936842620372772,0.4870239595572154,0.6824447909990946,0.6621489524841309
final_20260727-152943_oneoutput_augmented_spots_train_e2000_b10_lr0.0001_s1,?|Al_deformed_LoG_logtif.h5|11|11|167555,19,0.5292680953678331,0.47945105558947515,0.16258887044693293,0.5548819444681469,0.5366255531185552,0.6833396052059374,0.602034616470337
final_20260727-152943_oneoutput_augmented_spots_train_e2000_b10_lr0.0001_s1,?|Iron_deformed_logtif.h5|33|313|1349905,6,0.560358797510465,0.48248597979545593,0.19282311697800955,0.5596193124850591,0.5488273104031881,0.6837678452332815,0.5932558476924896
final_20260727-152943_oneoutput_augmented_spots_train_e2000_b10_lr0.0001_s1,?|Iron_deformed_logtif.h5|273|273|1210178,4,0.5736841112375259,0.4825243353843689,0.20585253089666367,0.5643302351236343,0.5481026694178581,0.6839157789945602,0.6467162072658539
final_20260727-152943_oneoutput_augmented_spots_train_e2000_b10_lr0.0001_s1,?|Iron_deformed_logtif.h5|92|372|1572842,4,0.5977440774440765,0.5041212812066078,0.22980141639709473,0.6241343840956688,0.5635974183678627,0.6839713454246521,0.5832863032817841
final_20260727-152943_oneoutput_augmented_spots_train_e2000_b10_lr0.0001_s1,?|Ti7Al_logtif.h5|900|1881|752712,3,0.46877885858217877,0.44218265016873676,0.10048636297384898,0.492342750231425,0.48017484943072003,0.6841462453206381,0.665893828868866
final_20260727-152943_oneoutput_augmented_spots_train_e2000_b10_lr0.0001_s1,?|Iron_deformed_logtif.h5|198|478|2057750,4,0.596134714782238,0.5070950761437416,0.22731957212090492,0.5732867270708084,0.5603439658880234,0.6844075620174408,0.5757925391197205
final_20260727-152943_oneoutput_augmented_spots_train_e2000_b10_lr0.0001_s1,?|Al_deformed_LoG_logtif.h5|22|56|838484,30,0.6044370114803315,0.5262750109036763,0.23556431829929353,0.62844417989254,0.6083583782116572,0.6844363470872243,0.524874609708786
final_20260727-152943_oneoutput_augmented_spots_train_e2000_b10_lr0.0001_s1,?|Al_deformed_LoG_logtif.h5|12|12|167848,21,0.5377545896030608,0.48632054385684786,0.16876504463808878,0.5440994912669772,0.5349076021285284,0.6844947735468546,0.5796462297439575
final_20260727-152943_oneoutput_augmented_spots_train_e2000_b10_lr0.0001_s1,?|Iron_deformed_logtif.h5|101|101|361413,5,0.5573972582817077,0.5218785524368286,0.18793910145759582,0.5869352102279664,0.572714340686798,0.6847290515899658,0.5978201746940612
final_20260727-152943_oneoutput_augmented_spots_train_e2000_b10_lr0.0001_s1,?|Iron_deformed_logtif.h5|5|5|17872,5,0.5399278223514556,0.49591649174690244,0.1702672816812992,0.5723156571388245,0.5656626284122467,0.6848302721977234,0.6299414277076721
final_20260727-152943_oneoutput_augmented_spots_train_e2000_b10_lr0.0001_s1,?|Al_deformed_LoG_logtif.h5|12|46|607012,28,0.5976364772234645,0.5115830195801598,0.227496009852205,0.6234585312860352,0.593039662710258,0.6850702400718417,0.5511203408241272
final_20260727-152943_oneoutput_augmented_spots_train_e2000_b10_lr0.0001_s1,?|Al_deformed_LoG_logtif.h5|10|44|606472,28,0.6053304853183883,0.5278767783726964,0.2343682468469654,0.6128692818539483,0.5873834128890719,0.6854811321411814,0.5535069108009338
final_20260727-152943_oneoutput_augmented_spots_train_e2000_b10_lr0.0001_s1,?|Ti7Al_logtif.h5|592|1574|655769,3,0.4532252748807271,0.41555848717689514,0.08091083665688832,0.4943697452545166,0.4908113678296407,0.6861572265625,0.6671631693840027
final_20260727-152943_oneoutput_augmented_spots_train_e2000_b10_lr0.0001_s1,?|Iron_deformed_logtif.h5|167|167|658994,3,0.47109489639600116,0.4464530845483144,0.09853267669677734,0.48759837945302326,0.47520744800567627,0.6862811247507731,0.6558815002441406
final_20260727-152943_oneoutput_augmented_spots_train_e2000_b10_lr0.0001_s1,?|Al_deformed_LoG_logtif.h5|22|22|390231,24,0.6154137340684732,0.5425487967828909,0.24253402122606835,0.6325857453048229,0.6146386402348677,0.6864398618539175,0.5500641763210297
final_20260727-152943_oneoutput_augmented_spots_train_e2000_b10_lr0.0001_s1,?|Iron_deformed_logtif.h5|67|67|264081,3,0.5530908505121866,0.43840379516283673,0.17991197109222412,0.6938916345437368,0.6135876377423605,0.6865894595781962,0.6606604099273682
final_20260727-152943_oneoutput_augmented_spots_train_e2000_b10_lr0.0001_s1,?|Ti7Al_logtif.h5|725|1707|707156,3,0.47880170742670697,0.4593727191289266,0.10519710804025333,0.4846065938472748,0.4804055293401082,0.6868023077646891,0.6518176317214965
final_20260727-152943_oneoutput_augmented_spots_train_e2000_b10_lr0.0001_s1,?|Al_deformed_LoG_logtif.h5|33|67|896466,26,0.6086164311720774,0.5148490690268003,0.233313150703907,0.6632505804300308,0.6293156926448529,0.6876516388012812,0.51734858751297
final_20260727-152943_oneoutput_augmented_spots_train_e2000_b10_lr0.0001_s1,?|Ti7Al_logtif.h5|605|1587|664057,3,0.5122304757436117,0.44698330760002136,0.13611971338589987,0.49175406495730084,0.47704628109931946,0.6880553762118021,0.6607725143432617
final_20260727-152943_oneoutput_augmented_spots_train_e2000_b10_lr0.0001_s1,?|Al_big_grains_logtif.h5|4294|9239|295394,3,0.5303055544694265,0.47034714619318646,0.15348525842030844,0.5532243947188059,0.5428823828697205,0.6884101430575053,0.6497216939926147
final_20260727-152943_oneoutput_augmented_spots_train_e2000_b10_lr0.0001_s1,?|Iron_deformed_logtif.h5|178|458|1910882,4,0.586124487221241,0.5070264339447021,0.20921553298830986,0.6389191076159477,0.60504200309515,0.6884544789791107,0.6316646814346314
final_20260727-152943_oneoutput_augmented_spots_train_e2000_b10_lr0.0001_s1,?|Iron_deformed_logtif.h5|275|275|1215260,3,0.5202136238416036,0.42745229601860046,0.14311055590709051,0.6401163935661316,0.608151763677597,0.6885515252749125,0.6236718416213989
final_20260727-152943_oneoutput_augmented_spots_train_e2000_b10_lr0.0001_s1,?|Ti7Al_logtif.h5|244|1226|477357,3,0.4559561610221863,0.4211682379245758,0.07816018909215927,0.49834124247233075,0.48775993784268695,0.688897987206777,0.6758335351943969
final_20260727-152943_oneoutput_augmented_spots_train_e2000_b10_lr0.0001_s1,?|Iron_deformed_logtif.h5|274|274|1211311,3,0.5480205913384756,0.46649012962977093,0.1696501448750496,0.6193420191605886,0.6059190332889557,0.6891852418581644,0.5813721895217896
final_20260727-152943_oneoutput_augmented_spots_train_e2000_b10_lr0.0001_s1,?|Iron_deformed_logtif.h5|89|89|322664,5,0.5622660160064697,0.5304292798042297,0.1828703075647354,0.577611219882965,0.568122661113739,0.6896978497505188,0.605871319770813
final_20260727-152943_oneoutput_augmented_spots_train_e2000_b10_lr0.0001_s1,?|Iron_deformed_logtif.h5|257|537|2399113,3,0.5330873529116312,0.4274258812268575,0.15333076318105063,0.5510137677192688,0.5387844840685526,0.6898783047993978,0.6285018563270569
final_20260727-152943_oneoutput_augmented_spots_train_e2000_b10_lr0.0001_s1,?|Ti7Al_logtif.h5|561|1541|646447,3,0.4807823101679484,0.44046319524447125,0.10075124228994052,0.4787919521331787,0.46975000699361164,0.6900155544281006,0.6403424739837646
final_20260727-152943_oneoutput_augmented_spots_train_e2000_b10_lr0.0001_s1,?|Iron_deformed_logtif.h5|215|495|2158392,3,0.588762511809667,0.5365281303723654,0.20638036852081618,0.6162077983220419,0.5876170694828033,0.6911910772323608,0.5425841093063355
final_20260727-152943_oneoutput_augmented_spots_train_e2000_b10_lr0.0001_s1,?|Iron_deformed_logtif.h5|62|342|1492694,5,0.5675287306308746,0.4778756022453308,0.18472557365894318,0.6367055237293243,0.6026349902153015,0.6914015889167786,0.5845709204673767
final_20260727-152943_oneoutput_augmented_spots_train_e2000_b10_lr0.0001_s1,?|Iron_deformed_logtif.h5|127|407|1676778,4,0.5976029708981514,0.5095855444669724,0.21443598717451096,0.6658915802836418,0.6056690290570259,0.6915834695100784,0.6214300215244293
final_20260727-152943_oneoutput_augmented_spots_train_e2000_b10_lr0.0001_s1,?|Iron_deformed_logtif.h5|139|420|1763892,4,0.5744550749659538,0.5313401222229004,0.19073169399052858,0.5868566706776619,0.5749526247382164,0.6918616890907288,0.5624918401241302
final_20260727-152943_oneoutput_augmented_spots_train_e2000_b10_lr0.0001_s1,?|Iron_deformed_logtif.h5|152|152|607331,6,0.5243800928195318,0.4683729062477748,0.140289186189572,0.5617703447739283,0.5516823877890905,0.6920454601446787,0.6484520435333252
final_20260727-152943_oneoutput_augmented_spots_train_e2000_b10_lr0.0001_s1,?|Al_deformed_LoG_logtif.h5|11|45|606718,21,0.6001698488280887,0.535164109298161,0.21542342681260335,0.6052102971644628,0.5883440928799766,0.6923732161521912,0.5616203546524048
final_20260727-152943_oneoutput_augmented_spots_train_e2000_b10_lr0.0001_s1,?|Al_deformed_LoG_logtif.h5|15|15|275101,28,0.6299034506082535,0.547425603227956,0.24432995090527193,0.6461833108748708,0.6323527129633086,0.6927867489201682,0.5311245441436767
final_20260727-152943_oneoutput_augmented_spots_train_e2000_b10_lr0.0001_s1,?|Al_deformed_LoG_logtif.h5|32|32|445244,19,0.6039504251982036,0.505662456939095,0.2181295383917658,0.6485232240275333,0.6245076609285254,0.692910445363898,0.5501664757728577
final_20260727-152943_oneoutput_augmented_spots_train_e2000_b10_lr0.0001_s1,?|Iron_deformed_logtif.h5|190|190|785959,3,0.5800243516763052,0.5142130454381307,0.19239663084348044,0.6375896235307058,0.6019371946652731,0.6938138604164124,0.6063355326652526
final_20260727-152943_oneoutput_augmented_spots_train_e2000_b10_lr0.0001_s1,?|Iron_deformed_logtif.h5|136|136|495861,4,0.5587978884577751,0.49800703674554825,0.16985583119094372,0.591159388422966,0.5835201889276505,0.6944710165262222,0.5925135374069214
final_20260727-152943_oneoutput_augmented_spots_train_e2000_b10_lr0.0001_s1,?|Ti7Al_logtif.h5|674|1655|690234,3,0.4882987141609192,0.47723044951756793,0.09686443706353505,0.49763815601666767,0.49575727184613544,0.6957171559333801,0.6863635778427124
final_20260727-152943_oneoutput_augmented_spots_train_e2000_b10_lr0.0001_s1,?|Iron_deformed_logtif.h5|93|93|333088,3,0.5678214331467947,0.4900997181733449,0.17624984433253607,0.6301788985729218,0.6176605323950449,0.6957857807477316,0.5748473286628724
final_20260727-152943_oneoutput_augmented_spots_train_e2000_b10_lr0.0001_s1,?|Ti7Al_logtif.h5|579|579|259870,3,0.4760436415672302,0.4544462362925212,0.08415039380391438,0.49798988302548725,0.4961327314376831,0.6959466139475504,0.6919381618499756
final_20260727-152943_oneoutput_augmented_spots_train_e2000_b10_lr0.0001_s1,?|Iron_deformed_logtif.h5|181|461|1951519,3,0.6297524571418762,0.5123858650525411,0.23577336221933365,0.6845374604066213,0.6512485345204672,0.6969895561536154,0.5742073059082031
final_20260727-152943_oneoutput_augmented_spots_train_e2000_b10_lr0.0001_s1,?|Iron_deformed_logtif.h5|259|539|2410871,4,0.553183950483799,0.44841318577528,0.15762656927108765,0.6091156825423241,0.5918306261301041,0.6977786719799042,0.6384718656539917
final_20260727-152943_oneoutput_augmented_spots_train_e2000_b10_lr0.0001_s1,?|Al_deformed_LoG_logtif.h5|19|19|353769,17,0.6107538447660559,0.5361183759044198,0.2135746246751617,0.6013458616593305,0.591451446799671,0.698589612455929,0.5830670237541199
final_20260727-152943_oneoutput_augmented_spots_train_e2000_b10_lr0.0001_s1,?|IN718_twins_logtif.h5|569|1947|167097,3,0.6673418581485748,0.600395048658053,0.26982412735621136,0.6537826458613077,0.6504332522551218,0.6987588802973429,0.52089421749115
final_20260727-152943_oneoutput_augmented_spots_train_e2000_b10_lr0.0001_s1,?|Al_deformed_LoG_logtif.h5|24|58|878465,20,0.6336187496781349,0.5498121961951256,0.23488057516515254,0.6829684093594551,0.6570345878601074,0.6993690818548203,0.5163206160068512
final_20260727-152943_oneoutput_augmented_spots_train_e2000_b10_lr0.0001_s1,?|Iron_deformed_logtif.h5|162|442|1877566,3,0.4731748004754384,0.43521889050801593,0.07337157055735588,0.5013733009497324,0.4979476531346639,0.6999015808105469,0.6772745847702026
final_20260727-152943_oneoutput_augmented_spots_train_e2000_b10_lr0.0001_s1,?|Iron_deformed_logtif.h5|195|195|807221,3,0.5828661819299062,0.4790700674057007,0.18066486219565073,0.6499084532260895,0.619791716337204,0.7011006871859232,0.596114182472229
final_20260727-152943_oneoutput_augmented_spots_train_e2000_b10_lr0.0001_s1,?|Iron_deformed_logtif.h5|120|400|1655560,4,0.5749541148543358,0.48801345378160477,0.17256050929427147,0.6491349563002586,0.6110318452119827,0.7011967897415161,0.6438883423805237
final_20260727-152943_oneoutput_augmented_spots_train_e2000_b10_lr0.0001_s1,?|Ti7Al_logtif.h5|89|89|24821,3,0.5386871695518494,0.46451906363169354,0.13504886254668236,0.6074810226758321,0.5811315874258677,0.7018191417058309,0.6241828083992005
final_20260727-152943_oneoutput_augmented_spots_train_e2000_b10_lr0.0001_s1,?|Ti7Al_logtif.h5|936|1918|774149,3,0.4625113606452942,0.43081064025561017,0.05880757297078768,0.49763229489326477,0.4963291784127553,0.7018519043922424,0.6970052003860474
final_20260727-152943_oneoutput_augmented_spots_train_e2000_b10_lr0.0001_s1,?|Ti7Al_logtif.h5|785|1767|720185,3,0.49583619832992554,0.4292165736357371,0.09190534676114719,0.5037028888861338,0.4737207293510437,0.7019654313723246,0.633155107498169
final_20260727-152943_oneoutput_augmented_spots_train_e2000_b10_lr0.0001_s1,?|Iron_deformed_logtif.h5|123|403|1657222,3,0.48770556847254437,0.47608765959739685,0.08035671090086301,0.4972003797690074,0.49676769971847534,0.7036744356155396,0.681854510307312
final_20260727-152943_oneoutput_augmented_spots_train_e2000_b10_lr0.0001_s1,?|Ti7Al_logtif.h5|1|983|386483,3,0.46285711725552875,0.4340920050938924,0.0554634885241588,0.4979291260242462,0.4923080901304881,0.7036968270937601,0.6713724374771118
final_20260727-152943_oneoutput_augmented_spots_train_e2000_b10_lr0.0001_s1,?|Ti7Al_logtif.h5|765|1748|716846,3,0.4551892677942912,0.422280212243398,0.046917776887615524,0.4982709387938182,0.49718796213467914,0.7041357556978861,0.690528154373169
final_20260727-152943_oneoutput_augmented_spots_train_e2000_b10_lr0.0001_s1,?|Ti7Al_logtif.h5|278|278|106292,4,0.47615712136030197,0.45535507798194885,0.06562451180070639,0.4970551058650017,0.49466152489185333,0.7052663117647171,0.6718425810337066
final_20260727-152943_oneoutput_augmented_spots_train_e2000_b10_lr0.0001_s1,?|Iron_deformed_logtif.h5|274|554|2452789,4,0.5810128599405289,0.4851597025990486,0.1694068368524313,0.5865624845027924,0.5637417137622833,0.7058030217885971,0.5905430674552917
final_20260727-152943_oneoutput_augmented_spots_train_e2000_b10_lr0.0001_s1,?|Al_deformed_LoG_logtif.h5|0|0|14345,21,0.5167338379791805,0.4931704444544656,0.10498302926619847,0.5335179893743425,0.5256783877100263,0.7058754052434649,0.673631489276886
final_20260727-152943_oneoutput_augmented_spots_train_e2000_b10_lr0.0001_s1,?|Iron_deformed_logtif.h5|1|1|10546,5,0.5127715051174164,0.4587571442127228,0.09986635223031044,0.5051168978214264,0.4987990200519562,0.7064525842666626,0.6423183679580688
final_20260727-152943_oneoutput_augmented_spots_train_e2000_b10_lr0.0001_s1,?|Al_deformed_LoG_logtif.h5|17|17|318986,16,0.6072040647268295,0.5434714443981647,0.19027545442804694,0.6292947679758072,0.6161377672106028,0.7084643021225929,0.5768013596534729
final_20260727-152943_oneoutput_augmented_spots_train_e2000_b10_lr0.0001_s1,?|Al_deformed_LoG_logtif.h5|25|59|878905,16,0.6386179011315107,0.5577825251966715,0.220930939540267,0.6763005722314119,0.6497267484664917,0.7088434733450413,0.5536848902702332
final_20260727-152943_oneoutput_augmented_spots_train_e2000_b10_lr0.0001_s1,?|Iron_deformed_logtif.h5|255|535|2371626,5,0.5505034804344178,0.48733465671539306,0.1310058619827032,0.5821421623229981,0.5708386659622192,0.7097488164901733,0.6247177243232727
final_20260727-152943_oneoutput_augmented_spots_train_e2000_b10_lr0.0001_s1,?|Iron_deformed_logtif.h5|81|81|313835,4,0.5756939873099327,0.5345781296491623,0.1544790044426918,0.6062832325696945,0.6015048399567604,0.710607498884201,0.612027370929718
final_20260727-152943_oneoutput_augmented_spots_train_e2000_b10_lr0.0001_s1,?|Iron_deformed_logtif.h5|153|433|1857995,4,0.6113041117787361,0.4946645423769951,0.18991954438388348,0.6592301204800606,0.5996827855706215,0.7106922715902328,0.5902977108955383
final_20260727-152943_oneoutput_augmented_spots_train_e2000_b10_lr0.0001_s1,?|Iron_deformed_logtif.h5|248|248|1106248,3,0.5549936294555664,0.45805664857228595,0.13291002561648688,0.5708474020163218,0.5525982479254404,0.7110418478647867,0.6284246444702148
final_20260727-152943_oneoutput_augmented_spots_train_e2000_b10_lr0.0001_s1,?|Iron_deformed_logtif.h5|270|270|1208200,4,0.5733008831739426,0.5074534043669701,0.15114331245422363,0.6112886667251587,0.5796997547149658,0.7110787779092789,0.598519253730774
final_20260727-152943_oneoutput_augmented_spots_train_e2000_b10_lr0.0001_s1,?|Al_deformed_LoG_logtif.h5|3|3|20806,16,0.5678323283791542,0.5097813718020916,0.14519421057775617,0.5999504439532757,0.586366755887866,0.71131906285882,0.6209729909896851
final_20260727-152943_oneoutput_augmented_spots_train_e2000_b10_lr0.0001_s1,?|Iron_deformed_logtif.h5|17|297|1306370,4,0.6301877647638321,0.5452677011489868,0.20723208785057068,0.6336221918463707,0.6076110452413559,0.7114778310060501,0.5360984861850738
final_20260727-152943_oneoutput_augmented_spots_train_e2000_b10_lr0.0001_s1,?|Iron_deformed_logtif.h5|216|496|2201946,4,0.633923202753067,0.5099714398384094,0.2106502503156662,0.7596983462572098,0.7232120633125305,0.7116364687681198,0.5788206279277801
final_20260727-152943_oneoutput_augmented_spots_train_e2000_b10_lr0.0001_s1,?|Al_deformed_LoG_logtif.h5|26|26|441233,21,0.5356783015387399,0.5050657945019859,0.11186111048750934,0.5506277964228675,0.542269378900528,0.7119085902259463,0.6288790106773376
final_20260727-152943_oneoutput_augmented_spots_train_e2000_b10_lr0.0001_s1,?|Iron_deformed_logtif.h5|243|243|1093956,4,0.5777868777513504,0.4966130927205086,0.1530935252085328,0.6044982671737671,0.585251048207283,0.7123466730117798,0.6116896331310272
final_20260727-152943_oneoutput_augmented_spots_train_e2000_b10_lr0.0001_s1,?|Iron_deformed_logtif.h5|217|497|2202296,4,0.5466466471552849,0.4931785687804222,0.12175181321799755,0.546116054058075,0.5368293225765228,0.7124474048614502,0.6635310292243958
final_20260727-152943_oneoutput_augmented_spots_train_e2000_b10_lr0.0001_s1,?|Iron_deformed_logtif.h5|30|310|1320109,5,0.5031851351261138,0.4792440474033356,0.07509752810001373,0.49756133556365967,0.49686399102211,0.7140438079833984,0.6988962411880493
final_20260727-152943_oneoutput_augmented_spots_train_e2000_b10_lr0.0001_s1,?|Iron_deformed_logtif.h5|173|173|668050,4,0.6379860490560532,0.557558499276638,0.2082764022052288,0.6426284089684486,0.6341249048709869,0.714854821562767,0.5937340378761291
final_20260727-152943_oneoutput_augmented_spots_train_e2000_b10_lr0.0001_s1,?|Al_deformed_LoG_logtif.h5|29|29|444632,28,0.6403140702417919,0.5700344230447497,0.20805221796035767,0.6663614756294659,0.6528010826025691,0.716130929333823,0.5529251813888549
final_20260727-152943_oneoutput_augmented_spots_train_e2000_b10_lr0.0001_s1,?|Al_deformed_LoG_logtif.h5|25|25|428596,12,0.6238226865728697,0.528435563047727,0.19063275959342718,0.6554298251867294,0.6361460710565249,0.7165949642658234,0.6064909517765045
final_20260727-152943_oneoutput_augmented_spots_train_e2000_b10_lr0.0001_s1,?|Iron_deformed_logtif.h5|250|250|1106997,4,0.5968123078346252,0.5000423416495323,0.16187383979558945,0.5169899165630341,0.510779432952404,0.7174692302942276,0.6172839105129242
final_20260727-152943_oneoutput_augmented_spots_train_e2000_b10_lr0.0001_s1,?|Al_deformed_LoG_logtif.h5|27|27|443830,20,0.6325135737657547,0.5591124907135964,0.19754251278936863,0.6698041513562203,0.6542969599366188,0.717485535144806,0.5727262496948242
final_20260727-152943_oneoutput_augmented_spots_train_e2000_b10_lr0.0001_s1,?|IN718_twins_logtif.h5|885|885|73830,4,0.6261061877012253,0.5860689580440521,0.18456470780074596,0.6052437871694565,0.5999489203095436,0.7207707464694977,0.6437618792057037
final_20260727-152943_oneoutput_augmented_spots_train_e2000_b10_lr0.0001_s1,?|Al_segvol.h5|2597|2597|14315,3,0.6141159137090048,0.5310555299123129,0.17124828696250916,0.6214557488759359,0.6125163733959198,0.7214338382085165,0.6781423330307007
final_20260727-152943_oneoutput_augmented_spots_train_e2000_b10_lr0.0001_s1,?|Iron_deformed_logtif.h5|279|279|1239202,4,0.5737162381410599,0.5324229523539543,0.13020052574574947,0.5870745480060577,0.5840561762452126,0.7217578440904617,0.6171964943408966
final_20260727-152943_oneoutput_augmented_spots_train_e2000_b10_lr0.0001_s1,?|Iron_deformed_logtif.h5|187|467|2022761,4,0.6210277453064919,0.47791267931461334,0.17750942334532738,0.7065532207489014,0.6455715522170067,0.7217591553926468,0.6809153914451599
final_20260727-152943_oneoutput_augmented_spots_train_e2000_b10_lr0.0001_s1,?|Iron_deformed_logtif.h5|114|394|1643007,3,0.636941651503245,0.5474468866984049,0.19190885623296103,0.6670641203721365,0.6465591788291931,0.722516397635142,0.6212941646575928
final_20260727-152943_oneoutput_augmented_spots_train_e2000_b10_lr0.0001_s1,?|Iron_deformed_logtif.h5|13|293|1302579,4,0.6029200479388237,0.5076107904314995,0.15565072279423475,0.6391454115509987,0.6261254698038101,0.7236346751451492,0.6067740619182587
final_20260727-152943_oneoutput_augmented_spots_train_e2000_b10_lr0.0001_s1,?|IN718_twins_logtif.h5|1278|1278|108160,3,0.7499118248621622,0.6943587561448415,0.30060908695062,0.7130823135375977,0.7005169888337454,0.7246513366699219,0.5954805374145508
final_20260727-152943_oneoutput_augmented_spots_train_e2000_b10_lr0.0001_s1,?|Ti7Al_logtif.h5|800|1782|729836,3,0.49361570676167804,0.4874389668305715,0.04393641650676727,0.49626679221789044,0.4961072305838267,0.7248396476109823,0.709374189376831
final_20260727-152943_oneoutput_augmented_spots_train_e2000_b10_lr0.0001_s1,?|Iron_deformed_logtif.h5|278|278|1238536,5,0.6228305101394653,0.5675750494003295,0.1730246625840664,0.6524430572986603,0.6494343400001525,0.7249029278755188,0.6116398334503174
final_20260727-152943_oneoutput_augmented_spots_train_e2000_b10_lr0.0001_s1,?|Iron_deformed_logtif.h5|111|111|397455,4,0.5889668017625809,0.555542029440403,0.1374887339770794,0.604793943464756,0.5965790376067162,0.7257390320301056,0.6339713394641876
final_20260727-152943_oneoutput_augmented_spots_train_e2000_b10_lr0.0001_s1,?|Iron_deformed_logtif.h5|230|510|2253954,4,0.5061097592115402,0.473006047308445,0.054450095631182194,0.5125933140516281,0.5104826465249062,0.7258298248052597,0.698877876996994
final_20260727-152943_oneoutput_augmented_spots_train_e2000_b10_lr0.0001_s1,?|Iron_deformed_logtif.h5|23|23|70379,3,0.6825149257977804,0.5832750101884207,0.229845200975736,0.6942232549190521,0.6752968231836954,0.7263348698616028,0.5915333271026612
final_20260727-152943_oneoutput_augmented_spots_train_e2000_b10_lr0.0001_s1,?|Iron_deformed_logtif.h5|194|474|2027962,3,0.6052670876185099,0.5557006100813547,0.14862150947252908,0.6537513335545858,0.6319185694058737,0.7283227841059366,0.6143394231796264
final_20260727-152943_oneoutput_augmented_spots_train_e2000_b10_lr0.0001_s1,?|Al_deformed_LoG_logtif.h5|7|41|510550,15,0.6620564917723338,0.5756085296471913,0.20493784348169963,0.6942588965098063,0.6827723960081736,0.7285593152046204,0.5343933224678039
final_20260727-152943_oneoutput_augmented_spots_train_e2000_b10_lr0.0001_s1,?|Al_deformed_LoG_logtif.h5|4|4|23047,17,0.6338590383529663,0.5569828608456779,0.175487723420648,0.6686232002342448,0.6468211622799144,0.7291856513303869,0.5681956529617309
final_20260727-152943_oneoutput_augmented_spots_train_e2000_b10_lr0.0001_s1,?|Al_deformed_LoG_logtif.h5|14|14|188210,20,0.6510574609041214,0.5774977341294288,0.19088487587869168,0.6956260189414024,0.680042764544487,0.7300862967967987,0.5455843806266785
final_20260727-152943_oneoutput_augmented_spots_train_e2000_b10_lr0.0001_s1,?|Al_deformed_LoG_logtif.h5|16|16|316744,25,0.6127970957756043,0.5480752599239349,0.1498360189795494,0.6525879395008087,0.6334568250179291,0.7314805388450623,0.5944316387176514
final_20260727-152943_oneoutput_augmented_spots_train_e2000_b10_lr0.0001_s1,?|IN718_twins_logtif.h5|703|2081|178440,3,0.7425710558891296,0.6664615074793497,0.2775062173604965,0.6591389179229736,0.6575329303741455,0.7325324018796285,0.7224814772605896
final_20260727-152943_oneoutput_augmented_spots_train_e2000_b10_lr0.0001_s1,?|Al_deformed_LoG_logtif.h5|19|53|795248,19,0.6654519893621144,0.5904225785481302,0.19901710787886068,0.6820341097681146,0.672517191422613,0.73321743387925,0.5831562519073487
final_20260727-152943_oneoutput_augmented_spots_train_e2000_b10_lr0.0001_s1,?|Al_big_grains_logtif.h5|3202|3202|103431,3,0.5522273381551107,0.490422656138738,0.08498844876885414,0.5955803990364075,0.5900957485040029,0.7336194117863973,0.6535159587860108
final_20260727-152943_oneoutput_augmented_spots_train_e2000_b10_lr0.0001_s1,?|Iron_deformed_logtif.h5|275|555|2456737,5,0.6766598522663116,0.596481329202652,0.20787405967712402,0.7134889602661133,0.6938070893287659,0.7343928933143615,0.5892985820770263
final_20260727-152943_oneoutput_augmented_spots_train_e2000_b10_lr0.0001_s1,?|Iron_deformed_logtif.h5|123|123|415378,4,0.6283815652132034,0.5568592101335526,0.15878132730722427,0.7196435108780861,0.6719101741909981,0.7348001152276993,0.6136236369609833
final_20260727-152943_oneoutput_augmented_spots_train_e2000_b10_lr0.0001_s1,?|Iron_deformed_logtif.h5|27|307|1314638,3,0.6083434720834097,0.5593468844890594,0.13575899600982666,0.6493585010369619,0.6402167677879333,0.7362922231356303,0.6519867897033691
final_20260727-152943_oneoutput_augmented_spots_train_e2000_b10_lr0.0001_s1,?|Iron_deformed_logtif.h5|53|333|1458032,4,0.6285936683416367,0.48959556221961975,0.15442321076989174,0.667433887720108,0.6362384259700775,0.7370852380990982,0.6868331730365753
final_20260727-152943_oneoutput_augmented_spots_train_e2000_b10_lr0.0001_s1,?|Iron_deformed_logtif.h5|91|91|323387,3,0.6187598407268524,0.5350020229816437,0.1398979847629865,0.6551059285799662,0.635449210802714,0.7394309441248575,0.6213208436965942
final_20260727-152943_oneoutput_augmented_spots_train_e2000_b10_lr0.0001_s1,?|Iron_deformed_logtif.h5|246|526|2344537,5,0.6735320925712586,0.5896560788154602,0.19297418668866156,0.7431240141391754,0.709207421541214,0.7402789354324341,0.5649630188941955
final_20260727-152943_oneoutput_augmented_spots_train_e2000_b10_lr0.0001_s1,?|Ti7Al_logtif.h5|615|615|277544,3,0.5178771018981934,0.4953818420569102,0.03722833407421907,0.5003002186616262,0.4993554353713989,0.7403243780136108,0.7181268215179444
final_20260727-152943_oneoutput_augmented_spots_train_e2000_b10_lr0.0001_s1,?|Ti7Al_logtif.h5|134|1116|428768,3,0.5705485641956329,0.504232794046402,0.08684237052996953,0.6435134708881378,0.636358638604482,0.7418531179428101,0.6728923320770264
final_20260727-152943_oneoutput_augmented_spots_train_e2000_b10_lr0.0001_s1,?|IN718_twins_logtif.h5|1224|1224|103276,3,0.613662600517273,0.5810491045316061,0.12758351614077887,0.6082800626754761,0.608126312494278,0.7430395682652792,0.6975655317306518
final_20260727-152943_oneoutput_augmented_spots_train_e2000_b10_lr0.0001_s1,?|Iron_deformed_logtif.h5|166|166|647236,5,0.656105762720108,0.5815208911895752,0.16969674527645112,0.6566751837730408,0.6366690695285797,0.7432045102119446,0.5988153219223022
final_20260727-152943_oneoutput_augmented_spots_train_e2000_b10_lr0.0001_s1,?|Iron_deformed_logtif.h5|278|558|2479788,3,0.6759124100208282,0.5952372252941132,0.1893561581770579,0.6524155934651693,0.6468825936317444,0.7432781060536703,0.6527099967002868
final_20260727-152943_oneoutput_augmented_spots_train_e2000_b10_lr0.0001_s1,?|Iron_deformed_logtif.h5|174|174|668440,4,0.6430992186069489,0.5104517266154289,0.15574287250638008,0.6043267026543617,0.5790935978293419,0.7436781823635101,0.6952369630336761
final_20260727-152943_oneoutput_augmented_spots_train_e2000_b10_lr0.0001_s1,?|Iron_deformed_logtif.h5|81|362|1554017,4,0.6281264051795006,0.5481634736061096,0.13756111450493336,0.6737998202443123,0.6642782241106033,0.7452826350927353,0.6350081622600555
final_20260727-152943_oneoutput_augmented_spots_train_e2000_b10_lr0.0001_s1,?|Iron_deformed_logtif.h5|103|383|1609828,5,0.6954063177108765,0.6146276295185089,0.20425397604703904,0.7390091478824615,0.7199084401130676,0.7455761790275574,0.5248469948768616
final_20260727-152943_oneoutput_augmented_spots_train_e2000_b10_lr0.0001_s1,?|Al_deformed_LoG_logtif.h5|9|43|572797,19,0.6474061984764902,0.5732403868123105,0.1528350271676716,0.66631082170888,0.6635623056637613,0.7472855856544093,0.6230654835700988
final_20260727-152943_oneoutput_augmented_spots_train_e2000_b10_lr0.0001_s1,?|Iron_deformed_logtif.h5|191|471|2026221,3,0.6615532437960306,0.5481705864270529,0.16587912291288376,0.6468638678391775,0.6359831790129343,0.7478370865186056,0.6591811895370483
final_20260727-152943_oneoutput_augmented_spots_train_e2000_b10_lr0.0001_s1,?|Al_deformed_LoG_logtif.h5|6|40|510321,24,0.6891231698294481,0.6080748190482458,0.19305714328462878,0.7206371836364269,0.7150445232788721,0.7480330194036166,0.5624853134155273
final_20260727-152943_oneoutput_augmented_spots_train_e2000_b10_lr0.0001_s1,?|Iron_deformed_logtif.h5|2|2|12606,8,0.6373724564909935,0.5438901670277119,0.13879512390121818,0.6646045334637165,0.6550124958157539,0.7492886707186699,0.6285534083843232
final_20260727-152943_oneoutput_augmented_spots_train_e2000_b10_lr0.0001_s1,?|Iron_deformed_logtif.h5|95|95|333463,3,0.6463857293128967,0.507429043451945,0.14774954815705618,0.6810824473698934,0.6531539360682169,0.7493181029955546,0.6692249178886414
final_20260727-152943_oneoutput_augmented_spots_train_e2000_b10_lr0.0001_s1,?|Al_deformed_LoG_logtif.h5|15|49|716420,28,0.6832828010831561,0.6031772973281997,0.18193788081407547,0.6960772808109011,0.6884846591523716,0.750672459602356,0.6054384469985962
final_20260727-152943_oneoutput_augmented_spots_train_e2000_b10_lr0.0001_s1,?|Al_big_grains_logtif.h5|1987|6931|214006,3,0.6263671616713206,0.5931871831417084,0.12384977688392003,0.5773595968882242,0.5739672382672628,0.7512586712837219,0.7158897519111633
final_20260727-152943_oneoutput_augmented_spots_train_e2000_b10_lr0.0001_s1,?|Ti7Al_logtif.h5|273|273|104028,4,0.6314693242311478,0.559801310300827,0.12880344036966562,0.6378506496548653,0.6189802959561348,0.7513329386711121,0.6647556841373443
final_20260727-152943_oneoutput_augmented_spots_train_e2000_b10_lr0.0001_s1,?|Al_deformed_LoG_logtif.h5|0|34|461737,22,0.6371047998016531,0.5985028310255571,0.13407233035699886,0.6519663008776578,0.6439465297894045,0.7515162310817025,0.6438328504562378
final_20260727-152943_oneoutput_augmented_spots_train_e2000_b10_lr0.0001_s1,?|Al_segvol.h5|4499|4499|24632,3,0.714230994383494,0.6152919232845306,0.2085683842500051,0.6701420545578003,0.6648837526639303,0.7528313000996908,0.6803944349288941
final_20260727-152943_oneoutput_augmented_spots_train_e2000_b10_lr0.0001_s1,?|Iron_logtif.h5|1800|1800|157572,3,0.6418534417947134,0.5362292230129242,0.13422951102256775,0.6400320927302042,0.6379746993382772,0.7538119554519653,0.6340530514717102
final_20260727-152943_oneoutput_augmented_spots_train_e2000_b10_lr0.0001_s1,?|Al_deformed_LoG_logtif.h5|26|60|891702,23,0.6321601297544397,0.5824868782706882,0.1243631476941316,0.6562007976614911,0.6458256905493529,0.7538984884386477,0.6343488454818725
final_20260727-152943_oneoutput_augmented_spots_train_e2000_b10_lr0.0001_s1,?|Iron_deformed_logtif.h5|41|321|1394494,4,0.7257304191589355,0.6348269879817963,0.21501575596630573,0.7561168000102043,0.7317524775862694,0.7553573399782181,0.6029207527637481
final_20260727-152943_oneoutput_augmented_spots_train_e2000_b10_lr0.0001_s1,?|Iron_deformed_logtif.h5|37|317|1382409,4,0.6978722438216209,0.5943328887224197,0.18464262783527374,0.7421401366591454,0.6953872516751289,0.7566148042678833,0.6652937531471252
final_20260727-152943_oneoutput_augmented_spots_train_e2000_b10_lr0.0001_s1,?|Iron_deformed_logtif.h5|144|144|528465,3,0.5900698006153107,0.5430665214856466,0.07672205691536267,0.65428360303243,0.6381298204263052,0.7566738526026408,0.7024969577789306
final_20260727-152943_oneoutput_augmented_spots_train_e2000_b10_lr0.0001_s1,?|Iron_deformed_logtif.h5|127|127|436075,9,0.6833469006750319,0.6173307200272878,0.1643911993338002,0.7279766334427727,0.7133140332169003,0.7594778537750244,0.5836049437522888
final_20260727-152943_oneoutput_augmented_spots_train_e2000_b10_lr0.0001_s1,?|Iron_deformed_logtif.h5|192|472|2026576,3,0.6740075945854187,0.5839041471481323,0.1517289678255717,0.7129970292250315,0.7052133580048879,0.7611392935117086,0.6874864220619201
final_20260727-152943_oneoutput_augmented_spots_train_e2000_b10_lr0.0001_s1,?|Ti7Al_logtif.h5|39|39|12402,3,0.56930540005366,0.48428670565287274,0.03695455783357223,0.5676239828268687,0.5621000031630198,0.7661754290262858,0.7047999858856201
final_20260727-152943_oneoutput_augmented_spots_train_e2000_b10_lr0.0001_s1,?|Iron_deformed_logtif.h5|105|385|1622522,3,0.5902092953523,0.5315812130769094,0.05555339405934016,0.6509975492954254,0.6479427317778269,0.7673279444376627,0.700935447216034
final_20260727-152943_oneoutput_augmented_spots_train_e2000_b10_lr0.0001_s1,?|Iron_deformed_logtif.h5|263|263|1188628,3,0.6895355681578318,0.5991377731164297,0.15350787589947382,0.7350938419500986,0.7055814663569132,0.7680138349533081,0.6375901341438294
final_20260727-152943_oneoutput_augmented_spots_train_e2000_b10_lr0.0001_s1,?|Iron_deformed_logtif.h5|58|58|242737,3,0.6760131120681763,0.6134187976519266,0.13843787709871927,0.665451188882192,0.6636361678441366,0.7687876025835673,0.6418192863464356
final_20260727-152943_oneoutput_augmented_spots_train_e2000_b10_lr0.0001_s1,?|Ti7Al_logtif.h5|485|485|220991,3,0.5665794909000397,0.5022594233353933,0.022892382306357224,0.6446437835693359,0.6443596084912618,0.7718435525894165,0.7096704006195068
final_20260727-152943_oneoutput_augmented_spots_train_e2000_b10_lr0.0001_s1,?|Iron_deformed_logtif.h5|85|85|315186,5,0.6359096169471741,0.5843388795852661,0.08973793983459473,0.6849589347839355,0.6813610315322876,0.7730858206748963,0.6611097097396851
final_20260727-152943_oneoutput_augmented_spots_train_e2000_b10_lr0.0001_s1,?|IN718_twins_logtif.h5|343|1722|148837,3,0.7726380228996277,0.7096902430057526,0.2262780467669169,0.7683835029602051,0.7506245275338491,0.7731799880663554,0.6441596746444702
final_20260727-152943_oneoutput_augmented_spots_train_e2000_b10_lr0.0001_s1,?|Iron_deformed_logtif.h5|138|138|519077,4,0.7110193818807602,0.6310496181249619,0.1591049861162901,0.730659045279026,0.7238677889108658,0.7759571969509125,0.6471961557865142
final_20260727-152943_oneoutput_augmented_spots_train_e2000_b10_lr0.0001_s1,?|Iron_deformed_logtif.h5|102|382|1609497,3,0.7174427807331085,0.6428824365139008,0.16350673759977022,0.7386543353398641,0.7230560680230459,0.7769680420557658,0.6014496088027954
final_20260727-152943_oneoutput_augmented_spots_train_e2000_b10_lr0.0001_s1,?|Al_deformed_LoG_logtif.h5|16|50|760193,17,0.6916070387643927,0.6202643426025615,0.1333816947744173,0.7461564768763149,0.7242878219660591,0.7791126685983994,0.6066977024078369
final_20260727-152943_oneoutput_augmented_spots_train_e2000_b10_lr0.0001_s1,?|Iron_deformed_logtif.h5|87|87|316193,3,0.7077956597010294,0.6256985267003378,0.14802028983831406,0.7962114115556082,0.7772421638170878,0.7798876961072286,0.6158904433250427
final_20260727-152943_oneoutput_augmented_spots_train_e2000_b10_lr0.0001_s1,?|Al_deformed_LoG_logtif.h5|6|6|54274,27,0.7580866228651117,0.6635513062830325,0.1976060836955353,0.7901891469955444,0.7763551010025872,0.7802402686189722,0.5719712018966675
final_20260727-152943_oneoutput_augmented_spots_train_e2000_b10_lr0.0001_s1,?|Iron_deformed_logtif.h5|265|545|2432134,4,0.6556001827120781,0.5980786308646202,0.09301708731800318,0.7240733802318573,0.6858688965439796,0.7812915444374084,0.6896048486232758
final_20260727-152943_oneoutput_augmented_spots_train_e2000_b10_lr0.0001_s1,?|Al_deformed_LoG_logtif.h5|9|9|125856,30,0.7435351838668187,0.6611949235200882,0.1808262710769971,0.748426600297292,0.7439137001832327,0.7813544591267904,0.5805023550987244
final_20260727-152943_oneoutput_augmented_spots_train_e2000_b10_lr0.0001_s1,?|IN718_twins_logtif.h5|1066|2443|209241,3,0.7584108213583628,0.6941322187582651,0.19485037277142206,0.7767916520436605,0.7484078903992971,0.7817802031834921,0.6120648145675659
final_20260727-152943_oneoutput_augmented_spots_train_e2000_b10_lr0.0001_s1,?|Iron_deformed_logtif.h5|224|224|1002176,3,0.7455507318178812,0.6109288930892944,0.18092705806096396,0.7582875688870748,0.7481767535209656,0.7823118368784586,0.7567000389099121
final_20260727-152943_oneoutput_augmented_spots_train_e2000_b10_lr0.0001_s1,?|Iron_deformed_logtif.h5|61|61|251104,6,0.6555130183696747,0.5914976199467977,0.08792779222130775,0.713502566019694,0.7045691659053167,0.7837926149368286,0.6890943944454193
final_20260727-152943_oneoutput_augmented_spots_train_e2000_b10_lr0.0001_s1,?|IN718_twins_logtif.h5|692|692|58235,3,0.7802338004112244,0.7195238471031189,0.21101075410842896,0.750870406627655,0.7496682405471802,0.7846115231513977,0.7286873459815979
final_20260727-152943_oneoutput_augmented_spots_train_e2000_b10_lr0.0001_s1,?|IN718_twins_logtif.h5|518|1895|162872,3,0.8268287380536398,0.7605999112129211,0.2572055359681447,0.7123026450475057,0.712135930856069,0.7848115960756937,0.7364905595779419
final_20260727-152943_oneoutput_augmented_spots_train_e2000_b10_lr0.0001_s1,?|Iron_deformed_logtif.h5|117|397|1649342,3,0.639245609442393,0.614394078652064,0.069022369881471,0.6616855363051096,0.6589803397655487,0.7851116259892782,0.700993824005127
final_20260727-152943_oneoutput_augmented_spots_train_e2000_b10_lr0.0001_s1,?|Al_deformed_LoG_logtif.h5|8|42|510785,24,0.7361547860006491,0.6495626581211885,0.16545157957201204,0.7835605864723524,0.7648755932847658,0.7853516017397245,0.580745643377304
final_20260727-152943_oneoutput_augmented_spots_train_e2000_b10_lr0.0001_s1,?|Ti7Al_logtif.h5|907|907|360786,3,0.6344356338183085,0.48638848463694256,0.06221818116803964,0.7874921758969625,0.7501347064971924,0.7861087322235107,0.7060944557189941
final_20260727-152943_oneoutput_augmented_spots_train_e2000_b10_lr0.0001_s1,?|Iron_deformed_logtif.h5|102|102|368709,6,0.7180218547582626,0.6112459500630697,0.14446784431735674,0.7196494589249293,0.7120631237824758,0.786777009566625,0.6914699673652649
final_20260727-152943_oneoutput_augmented_spots_train_e2000_b10_lr0.0001_s1,?|Iron_deformed_logtif.h5|272|552|2450634,7,0.7503573724201748,0.6410202852317265,0.17289790617568151,0.8016472842012133,0.7620057335921696,0.788729727268219,0.651282525062561
final_20260727-152943_oneoutput_augmented_spots_train_e2000_b10_lr0.0001_s1,?|IN718_twins_logtif.h5|909|2288|195464,3,0.826431155204773,0.7540865838527679,0.24331886569658914,0.7654994328816732,0.7605680028597513,0.791556159655253,0.6894619941711426
final_20260727-152943_oneoutput_augmented_spots_train_e2000_b10_lr0.0001_s1,?|Al_deformed_LoG_logtif.h5|24|24|428139,22,0.768960402770476,0.6744967522946271,0.18464924056421628,0.7929350191896612,0.7748580317605626,0.7921555855057456,0.605074942111969
final_20260727-152943_oneoutput_augmented_spots_train_e2000_b10_lr0.0001_s1,?|Iron_deformed_logtif.h5|272|272|1208818,6,0.7180973390738169,0.6152629852294922,0.13231958324710527,0.7388558040062586,0.7297872453927994,0.7928888698418936,0.6423090100288391
final_20260727-152943_oneoutput_augmented_spots_train_e2000_b10_lr0.0001_s1,?|IN718_twins_logtif.h5|108|1486|128639,3,0.8446016510327657,0.7532268961270651,0.24995591243108115,0.809856096903483,0.8069352904955546,0.7973228693008423,0.7511279463768006
final_20260727-152943_oneoutput_augmented_spots_train_e2000_b10_lr0.0001_s1,?|IN718_twins_logtif.h5|929|929|76478,3,0.8213354547818502,0.7581839561462402,0.22210063536961874,0.7741968631744385,0.7740286787350973,0.7996174097061157,0.7171970129013061
final_20260727-152943_oneoutput_augmented_spots_train_e2000_b10_lr0.0001_s1,?|IN718_twins_logtif.h5|483|1861|159477,3,0.8218490282694498,0.7536709407965342,0.21379614621400833,0.8654274741808573,0.8249129255612692,0.8040264447530111,0.6758495807647705
final_20260727-152943_oneoutput_augmented_spots_train_e2000_b10_lr0.0001_s1,?|Iron_deformed_logtif.h5|61|341|1491473,3,0.7405885457992554,0.6740955213705698,0.11393275732795398,0.8273302614688873,0.7857748766740164,0.8133278886477152,0.6246332645416259
final_20260727-152943_oneoutput_augmented_spots_train_e2000_b10_lr0.0001_s1,?|Al_big_grains_logtif.h5|481|5423|169747,3,0.7561364074548086,0.6940352916717529,0.12393448501825333,0.7826105356216431,0.7763952910900116,0.8161009748776754,0.6684628486633301
final_20260727-152943_oneoutput_augmented_spots_train_e2000_b10_lr0.0001_s1,?|IN718_twins_logtif.h5|216|1595|136423,3,0.836020827293396,0.781588097413381,0.20367894570032755,0.7780871192614237,0.7779736518859863,0.8161709308624268,0.7425540208816528
final_20260727-152943_oneoutput_augmented_spots_train_e2000_b10_lr0.0001_s1,?|Al_big_grains_logtif.h5|1823|6767|209024,3,0.7732012470563253,0.6768312652905782,0.1346025069554647,0.7490550180276235,0.7458231250445048,0.8192993799845377,0.7255432367324829
final_20260727-152943_oneoutput_augmented_spots_train_e2000_b10_lr0.0001_s1,?|Al_deformed_LoG_logtif.h5|8|8|54671,22,0.8054865409027446,0.7187110063704577,0.1618598106909882,0.842348804528063,0.8283994062380358,0.8218133612112566,0.6361540734767914
final_20260727-152943_oneoutput_augmented_spots_train_e2000_b10_lr0.0001_s1,?|Iron_deformed_logtif.h5|55|55|220305,3,0.7452561060587565,0.6779599984486898,0.0856728379925092,0.8240629831949869,0.8119540015856425,0.8297916253407797,0.7072759747505188
final_20260727-152943_oneoutput_augmented_spots_train_e2000_b10_lr0.0001_s1,?|Iron_deformed_logtif.h5|131|411|1687350,7,0.8043955649648394,0.7136361088071551,0.14380233309098653,0.8443248953138079,0.8291062244347164,0.8302966185978481,0.7237964630126953
final_20260727-152943_oneoutput_augmented_spots_train_e2000_b10_lr0.0001_s1,?|IN718_twins_logtif.h5|1082|2459|210603,3,0.8128413558006287,0.7556529641151428,0.14558534075816473,0.7735178470611572,0.7734332283337911,0.8336280186971029,0.7745059490203857
final_20260727-152943_oneoutput_augmented_spots_train_e2000_b10_lr0.0001_s1,?|Iron_logtif.h5|3842|11538|1017745,3,0.8127664724985758,0.7038604418436686,0.14054353286822638,0.8956377704938253,0.8834568858146667,0.8361114859580994,0.7427522420883179
final_20260727-152943_oneoutput_augmented_spots_train_e2000_b10_lr0.0001_s1,?|IN718_twins_logtif.h5|612|612|50032,3,0.8441000382105509,0.7843648791313171,0.16052628308534622,0.8181663155555725,0.8168375492095947,0.8417869011561075,0.7886241674423218
final_20260727-152943_oneoutput_augmented_spots_train_e2000_b10_lr0.0001_s1,?|Iron_deformed_logtif.h5|34|34|111384,3,0.7868133982022604,0.6686271627744039,0.09758472939332326,0.934154212474823,0.8955307006835938,0.8446143269538879,0.7597614765167237
final_20260727-152943_oneoutput_augmented_spots_train_e2000_b10_lr0.0001_s1,?|Al_deformed_LoG_logtif.h5|7|7|54476,19,0.8428718290830913,0.7652102112770081,0.13944835475596942,0.8828303139460715,0.8784423125417609,0.8517117343450847,0.7266261100769043
final_20260727-152943_oneoutput_augmented_spots_train_e2000_b10_lr0.0001_s1,?|Iron_deformed_logtif.h5|73|73|294002,3,0.8029219309488932,0.7015527486801147,0.09425670653581619,0.7046195069948832,0.7009873787562052,0.8543325861295065,0.8055398464202881
final_20260727-152943_oneoutput_augmented_spots_train_e2000_b10_lr0.0001_s1,?|IN718_twins_logtif.h5|425|1801|157178,3,0.8839642008145651,0.8179069757461548,0.16834436853726706,0.8772931496302286,0.871690551439921,0.8578099012374878,0.8196364879608155
final_20260727-152943_oneoutput_augmented_spots_train_e2000_b10_lr0.0001_s1,?|Iron_deformed_logtif.h5|57|337|1461804,3,0.851916233698527,0.7545059124628702,0.11166902258992195,0.9196833372116089,0.905190904935201,0.8701236248016357,0.8126060009002686
final_20260727-152943_oneoutput_augmented_spots_train_e2000_b10_lr0.0001_s1,?|IN718_twins_logtif.h5|322|1698|147131,3,0.8856836756070455,0.8253052234649658,0.14507494866847992,0.9066359003384908,0.9062749743461609,0.8703043262163798,0.8146240234375
final_20260727-152943_oneoutput_augmented_spots_train_e2000_b10_lr0.0001_s1,?|IN718_twins_logtif.h5|333|333|29388,3,0.9246417085329691,0.8704695502916971,0.17580634852250418,0.8798365592956543,0.8796886006991068,0.8744176824887594,0.850355041027069
final_20260727-152943_oneoutput_augmented_spots_train_e2000_b10_lr0.0001_s1,?|IN718_twins_logtif.h5|813|2190|188254,3,0.9350095391273499,0.8916875720024109,0.1420836995045344,0.9148878852526346,0.9146064122517904,0.8964629173278809,0.8472833752632141
final_20260727-152943_oneoutput_augmented_spots_train_e2000_b10_lr0.0001_s1,?|IN718_twins_logtif.h5|183|1559|134525,3,0.9610483447710673,0.9276288946469625,0.1194440300265948,0.9468754529953003,0.9468707243601481,0.9208021561304728,0.8964895009994507
final_20260727-152943_oneoutput_augmented_spots_train_e2000_b10_lr0.0001_s1,?|IN718_twins_logtif.h5|1271|2649|226498,3,0.9775131940841675,0.9564526081085205,0.13217593108614287,0.9563528696695963,0.9563144246737162,0.9226686358451843,0.8991427779197693
final_20260727-152943_oneoutput_augmented_spots_train_e2000_b10_lr0.0001_s1,?|IN718_twins_logtif.h5|825|2202|189095,3,0.9834437568982443,0.9677201708157858,0.09606890256206195,0.9797497987747192,0.9797298709551493,0.9436874190966288,0.9259689450263977
